# File exported by ZBrush version 2022
# www.zbrush.com
#Vertex Count 6466
#UV Vertex Count 6537
#Face Count 6464
#Auto scale x=1.000000 y=1.000000 z=1.000000
#Auto offset x=-0.000000 y=-0.000000 z=-0.000000
mtllib DT_head.mtl
usemtl defaultMat
v -0.61429637 0.56031632 0.49096986
v -0.42747482 0.48208341 0.81339114
v -0.22816 0.51799482 0.92448598
v -0.00001688 0.52551585 0.94290214
v -0.27187082 0.76416701 0.80187475
v 0.00010692 0.79028785 0.8495171
v -0.30701223 1.00810778 0.61269259
v -0.54930412 0.88702821 0.46840339
v 0.00006557 1.05338668 0.6730563
v -0.4893139 0.6875385 0.67165178
v -0.62904965 0.31081819 0.51646375
v -0.64946425 0.14214387 0.44739714
v -0.63985872 -0.09677094 0.46871215
v -0.49910548 0.30787035 0.75461846
v -0.39159783 0.32047936 0.89702868
v -0.44299322 0.23321771 0.78750932
v -0.34719982 0.24385967 0.83342045
v -0.38881075 0.14076845 0.7645871
v -0.38501355 0.18086068 0.77555507
v -0.33162337 0.1968574 0.79706108
v -0.32636645 0.16414183 0.79954272
v -0.37256082 0.16204798 0.77993118
v -0.35913422 0.05032433 0.77470028
v -0.33981597 0.13246807 0.78685343
v 0.00004858 0.32302019 0.9800297
v 0.00119927 0.00588862 1.05791139
v 0.00114116 0.09075463 1.00453949
v -0.19116595 0.29236403 0.96874606
v -0.24507857 0.22610054 0.8430835
v -0.27093964 0.13471943 0.78377711
v -0.26488024 0.18653585 0.78546398
v -0.27666869 0.16124375 0.78919345
v -0.16194544 0.18231709 0.80771356
v -0.11307557 0.14154623 0.79465544
v -0.1913343 0.15406969 0.741445
v -0.25671058 0.06834599 0.78616398
v -0.14978647 0.10015058 0.75844973
v -0.07999242 0.14286209 0.90361917
v -0.0919346 0.21069446 0.90176296
v 0.00092692 0.15197365 0.97581654
v 0.00042484 0.21463766 0.96481466
v -0.10314057 0.06308049 0.89452749
v -0.35950428 -0.05541059 0.75175416
v -0.38978603 -0.23159122 0.77442318
v 0.00097816 -0.11066681 1.12341833
v 0.00163372 -0.25552439 1.15473568
v -0.10663627 -0.13182418 1.02466428
v -0.10449898 -0.03107371 0.96646249
v -0.14700394 -0.2709752 0.96213996
v -0.03982231 -0.2845329 1.02942764
v 0.04039084 -0.28323245 1.0223701
v -0.07505742 -0.26285752 1.05745911
v 0.00007595 -0.32673242 0.97211444
v 0.002344 -0.30269125 1.05115592
v 0.00024339 -0.48397779 1.00913655
v -0.16031161 -0.2131063 0.86906677
v -0.21459145 -0.01991166 0.77882278
v -0.21365198 -0.11322306 0.85243219
v -0.1193272 -0.33223342 0.87369972
v -0.26322433 -0.37085571 0.79915666
v -0.22613909 -0.44199657 0.83585912
v -0.05732419 -0.28767934 0.93000417
v 0.0002241 -0.37133973 0.98196488
v -0.10156335 -0.47762632 0.96438026
v -0.55459606 0.41653507 0.65380311
v -0.56282997 0.24549438 0.64337313
v -0.50223225 0.19407963 0.71089172
v -0.47487169 0.10226157 0.65891432
v -0.56905162 0.1445398 0.57973069
v -0.52273589 0.14980275 0.65014916
v -0.54728359 0.02594944 0.60847401
v -0.42603597 0.15622253 0.74122196
v -0.44240483 0.05980159 0.73471128
v -0.47943666 -0.04385393 0.6939125
v -0.5328086 -0.20439092 0.63700658
v -0.54534101 -0.46060723 0.51944655
v -0.69488209 0.7009685 0.28406691
v -0.77109056 0.45975279 0.1021192
v -0.76303201 0.80499833 0.04864757
v -0.82923424 0.52244031 -0.14514601
v -0.32025846 1.17279756 0.34172335
v -0.58552682 1.02410852 0.21617753
v -0.00004324 1.23011672 0.39353975
v -0.32726398 1.24297177 0.04349607
v -0.58108347 1.09100413 -0.03760008
v -0.00022658 1.31179273 0.07773248
v -0.6886416 0.39051586 0.32864543
v -0.73518979 0.15628817 0.22988632
v -0.6416521 -0.37941265 0.34693214
v -0.73212599 -0.09921282 0.20030061
v -0.72136586 -0.3469634 0.12892234
v -0.79706418 0.1547573 -0.06833595
v -1.02260518 0.08353865 -0.37079182
v -0.82276088 0.17016564 -0.33971527
v -0.97508424 -0.01383355 -0.35043996
v -0.95539623 -0.1566661 -0.33672121
v -0.87750268 0.06128311 -0.19062557
v -0.92962306 -0.048026 -0.23041883
v -0.86326873 -0.17719382 -0.22500184
v -0.7990731 -0.14451403 -0.0239076
v -0.76098692 -0.17571219 -0.13507318
v -0.84813386 -0.39258363 -0.10902399
v -0.77013659 -0.40040659 -0.02696012
v -0.87325483 -0.28287664 -0.14670254
v -0.90684795 -0.2787899 -0.2252392
v -0.88818842 -0.40943741 -0.24171851
v -0.7030906 -0.53090858 0.00071865
v -0.71697473 -0.38330236 -0.19144614
v 0.22823986 0.5180388 0.92443668
v 0.27198699 0.76415389 0.80182945
v 0.42769104 0.48208832 0.8131836
v 0.30705899 1.0080738 0.61269754
v 0.54931438 0.88695263 0.46841445
v 0.48938357 0.6874901 0.67159587
v 0.61431479 0.56028217 0.49110686
v 0.19121359 0.29234644 0.9687348
v 0.39173159 0.32048016 0.89698839
v 0.24505163 0.22607091 0.84306436
v 0.3472101 0.24376925 0.8333736
v 0.0801564 0.14284977 0.9029901
v 0.09207369 0.21070563 0.9015544
v 0.10325582 0.06313267 0.89409047
v 0.16195541 0.18231201 0.80766069
v 0.11310718 0.14156447 0.79459869
v 0.19133077 0.15408843 0.74151265
v 0.14974018 0.10021581 0.75840991
v 0.27104258 0.13475774 0.78363531
v 0.2646611 0.18651087 0.78538972
v 0.27662169 0.16128186 0.78917628
v 0.33163717 0.19618198 0.79627567
v 0.32639369 0.16407761 0.79953032
v 0.37267088 0.16206294 0.77986031
v 0.25670093 0.06842309 0.78617054
v 0.35919079 0.0503744 0.77468782
v 0.33999964 0.13251611 0.78681886
v 0.44305971 0.2331653 0.78747284
v 0.49920186 0.30781671 0.75451493
v 0.38896399 0.14088781 0.7643606
v 0.38499546 0.18073198 0.77549862
v 0.1066865 -0.13180235 1.02441716
v 0.10469525 -0.03100718 0.96606332
v 0.14615826 -0.27119144 0.96323901
v 0.07345672 -0.26282483 1.05334746
v 0.16038651 -0.21292495 0.86889684
v 0.21363809 -0.11293865 0.8522439
v 0.21444955 -0.01980688 0.77873992
v 0.35938829 -0.05536371 0.75172704
v 0.38973334 -0.23172147 0.77444291
v 0.05947122 -0.28894898 0.92766517
v 0.11943422 -0.33228614 0.87357223
v 0.10179866 -0.47772359 0.96417927
v 0.26319947 -0.37156751 0.79877644
v 0.22641605 -0.44343856 0.83601218
v 0.55469274 0.41651222 0.65361946
v 0.56271904 0.24533458 0.64342582
v 0.42585405 0.15603731 0.74115926
v 0.50205802 0.19369101 0.71093082
v 0.44254219 0.05984059 0.73467749
v 0.47480261 0.10212295 0.65898674
v 0.52245813 0.14950598 0.65022993
v 0.56882214 0.14436356 0.57998478
v 0.54719531 0.02589583 0.60856425
v 0.62904655 0.31092175 0.51657944
v 0.64932793 0.14257614 0.44763937
v 0.47937414 -0.04384798 0.69393914
v 0.53275632 -0.2043381 0.637106
v 0.63991195 -0.09617034 0.46869662
v 0.54497891 -0.46051511 0.51988327
v 0.32022392 1.17279982 0.34177148
v 0.5855413 1.02408015 0.21623845
v 0.69479382 0.70106345 0.28434628
v 0.3272497 1.24302303 0.04346399
v 0.58117121 1.09096193 -0.03748446
v 0.77083641 0.46052408 0.10326275
v 0.76298517 0.8050186 0.04889765
v 0.82911729 0.52298963 -0.14412713
v 0.68862378 0.39102292 0.32933136
v 0.64148736 -0.37871399 0.34725809
v 0.72142463 -0.34572944 0.12899012
v 0.8662734 -0.1767307 -0.22480413
v 0.77028244 -0.40049415 -0.02723281
v 0.7028535 -0.53107893 0.00102263
v 0.71780693 -0.38277468 -0.19036743
v 0.73500859 0.15747025 0.23053091
v 0.73239648 -0.09808684 0.19968028
v 0.79719549 0.15561504 -0.06825471
v 0.82289612 0.17016205 -0.3398039
v 1.02198779 0.08289609 -0.37327641
v 0.8826971 0.05583064 -0.19370271
v 0.93250012 -0.05544189 -0.23340968
v 0.97634822 -0.01393675 -0.35188713
v 0.95693987 -0.15766508 -0.33750176
v 0.80048275 -0.14515617 -0.02618457
v 0.76132094 -0.17915958 -0.14040377
v 0.84858208 -0.39397558 -0.11224717
v 0.87441235 -0.28610554 -0.14985141
v 0.9059261 -0.28371757 -0.2275702
v 0.88558232 -0.40773278 -0.24383974
v -0.15786132 -0.5423268 0.89335513
v -0.19989192 -0.61354339 0.83923125
v -0.1887782 -0.52691066 0.87185788
v -0.16286574 -0.57976847 0.87414699
v -0.1743763 -0.56306153 0.84947407
v -0.13164389 -0.69102454 0.85469627
v -0.10083945 -0.58214819 0.94615608
v -0.08503513 -0.54333996 0.94194865
v -0.08851772 -0.52428764 0.96224749
v 0.00008753 -0.58330124 0.97292673
v 0.0001475 -0.54419416 0.97038018
v 0.00018597 -0.52893829 0.98939323
v -0.11675462 -0.61922562 0.90971398
v -0.0000129 -0.62080907 0.93125653
v -0.00004142 -0.70678579 0.89858645
v 0.00011757 -0.83264958 0.9151234
v -0.34039735 -0.57310348 0.73189848
v -0.46096652 -0.52963495 0.65725457
v -0.33976593 -0.87131559 0.6654194
v -0.28517937 -0.59521359 0.76400089
v -0.24745319 -0.5922417 0.78104585
v -0.23817019 -0.66210138 0.79842901
v -0.27777388 -0.71856868 0.74861574
v -0.16030085 -0.80023872 0.8480677
v -0.17895244 -0.90769362 0.82594698
v 0.00020881 -0.96229946 0.86106324
v 0.00022127 -1.03130745 0.6961168
v -0.51568377 -0.74929863 0.42235773
v -0.63352155 -0.63946348 0.21981439
v -0.43897667 -0.96196824 0.25930973
v -0.24576973 -1.0578947 0.39230179
v -0.00032548 -1.14141309 0.45133078
v -0.57178795 -0.81949919 0.08534761
v -0.63610166 -0.63945025 -0.1329565
v -0.36929225 -1.12827336 0.0658269
v -0.5100823 -0.99125504 -0.05035473
v -0.52946567 -1.17358505 -0.19132471
v -0.37734729 -1.31191325 -0.08968861
v -0.20982167 -1.2420324 0.16161936
v -0.00072896 -1.29615914 0.20743078
v -0.20811979 -1.43813502 -0.00534086
v -0.97458446 -1.78824639 -0.26346504
v -0.67095488 -2.11774492 -0.01833961
v 0.00004127 -2.11757302 0.03283704
v -0.42582672 -1.51712882 -0.17720691
v -0.55282127 -1.70269894 -0.13259337
v -0.28596553 -1.80063748 -0.02055013
v -0.24108034 -1.63349664 -0.04097122
v -0.0004099 -1.50634503 0.03111544
v -0.00015438 -1.67697036 -0.01359223
v -0.65251398 -1.90899419 -0.08419258
v -0.32790607 -1.96084654 0.0041223
v -0.3745549 -2.11664271 0.01518725
v -0.00004315 -1.97368359 0.01668749
v -0.00009373 -1.82815814 -0.00710097
v 0.00001674 -2.10681653 -0.28288555
v 0.10112042 -0.58190196 0.94595694
v 0.0854658 -0.54306423 0.94192159
v 0.08888164 -0.52413541 0.96217501
v 0.15772748 -0.54304534 0.89285779
v 0.11686278 -0.61919111 0.90968716
v 0.20002512 -0.61413478 0.83915281
v 0.18885368 -0.52822458 0.87145954
v 0.16317512 -0.58016002 0.87405085
v 0.17381258 -0.56382203 0.84909713
v 0.13164153 -0.69115662 0.85462498
v 0.28521236 -0.59685736 0.76371532
v 0.24744725 -0.59402346 0.78082811
v 0.34052413 -0.57478284 0.73257708
v 0.23831656 -0.66181814 0.79830533
v 0.27753785 -0.71881657 0.74879247
v 0.16036015 -0.80050808 0.84804952
v 0.17857746 -0.90682584 0.8265233
v 0.33923834 -0.87157511 0.66617566
v 0.46063539 -0.53010517 0.65753644
v 0.2450973 -1.05810499 0.3931902
v 0.43825262 -0.96237605 0.26038166
v 0.51492047 -0.74947768 0.42367538
v 0.63299655 -0.63946968 0.22073164
v 0.57131826 -0.82002461 0.08603316
v 0.63555997 -0.64050358 -0.13301138
v 0.2093365 -1.24219882 0.16184352
v 0.36895886 -1.12838697 0.06601813
v 0.2080107 -1.43820416 -0.00523592
v 0.37739747 -1.31179881 -0.08968406
v 0.50991725 -0.99144923 -0.05021915
v 0.52956646 -1.1734004 -0.19138196
v 0.28591102 -1.80051982 -0.02054799
v 0.24104809 -1.63338303 -0.04096504
v 0.42593359 -1.51679754 -0.17729595
v 0.55286753 -1.70244741 -0.13273361
v 0.32789877 -1.96079254 0.00411087
v 0.37449693 -2.11663746 0.01504413
v 0.65250664 -1.90895223 -0.08420056
v 0.67095369 -2.11774134 -0.01835451
v 0.97458958 -1.78827631 -0.26345127
v -0.73856025 0.87830716 -0.19367028
v -0.79032206 0.59504038 -0.37594226
v -0.66411483 0.68020385 -0.60207217
v -0.54681628 1.11358332 -0.24476049
v -0.34861543 1.23141276 -0.28000369
v -0.63833296 0.9612469 -0.41894683
v 0.00057481 1.31060159 -0.31021341
v -0.39232003 1.06057548 -0.59499532
v 0.00130247 1.12438511 -0.67228925
v -0.39988955 0.76436823 -0.81067585
v -0.9596312 -0.13283348 -0.40405389
v -0.82761406 -0.10054248 -0.37070491
v -0.75758624 0.25316095 -0.52381092
v -0.71305573 -0.0812446 -0.53293126
v -0.6951012 -0.44066765 -0.41178521
v -0.60670578 0.33781403 -0.70402157
v -0.56491619 -0.00758908 -0.72608172
v -0.31528171 0.06395687 -0.89564776
v -0.55047875 -0.34392315 -0.71171951
v -0.29019549 -0.27874916 -0.88145601
v -0.00021094 -0.24956966 -0.93632292
v -0.3567422 0.41974329 -0.89194488
v 0.00081188 0.80542051 -0.9060139
v 0.00011221 0.45742815 -0.97893124
v -0.00009548 0.09500914 -0.95716804
v 0.34902325 1.23125493 -0.27944934
v 0.54701471 1.11352038 -0.2446275
v 0.63859218 0.96087259 -0.41881519
v 0.39535653 1.05822682 -0.59572374
v 0.39994728 0.76377922 -0.8108471
v 0.66402494 0.68005406 -0.60226577
v 0.73859989 0.87819945 -0.19347502
v 0.79038542 0.59522545 -0.37558814
v 0.82819706 -0.09985684 -0.37060263
v 0.7121917 -0.08041117 -0.53456234
v 0.6949737 -0.4413045 -0.41269147
v 0.31453558 0.06397633 -0.89592671
v 0.60623848 0.33802056 -0.70448106
v 0.56349885 -0.00734992 -0.72735852
v 0.2895714 -0.2789551 -0.8817138
v 0.54960078 -0.34401771 -0.71264439
v 0.95831352 -0.13250409 -0.40388128
v 0.75748813 0.25376126 -0.52388042
v 0.35650619 0.41979646 -0.89209729
v -0.69065678 -1.20915782 -0.48577508
v -1.00621676 -1.22452032 -0.81840527
v -0.71152854 -1.07608294 -0.66854757
v -0.6226595 -0.81384152 -0.23464241
v -0.66788137 -0.6630944 -0.46577635
v -0.64727002 -1.01288735 -0.34335354
v -0.64149367 -0.87796199 -0.54343634
v -0.53593379 -0.58453095 -0.72338169
v -0.55917364 -0.77971929 -0.78363364
v -0.29665389 -0.55466014 -0.92807453
v -0.0001223 -0.54416102 -0.97769528
v -0.32358953 -0.74601346 -0.97515618
v -0.00007611 -0.75704914 -1.02666854
v -0.60447365 -0.98030126 -0.87788975
v -1.21012926 -1.54596972 -0.53538107
v -0.77592909 -1.56199145 -0.34493437
v -0.94661188 -1.37405777 -0.56307512
v -0.82235312 -2.08216977 -0.28659024
v -0.94205725 -2.03619074 -0.61973577
v -0.5904628 -1.36416995 -0.3157567
v -0.4233345 -2.10651874 -0.28861266
v -0.46965515 -2.09500646 -0.65476608
v 0.00002853 -2.09475612 -0.66271078
v -0.80589211 -1.19164228 -1.09289479
v -0.35294702 -0.94413209 -1.05677413
v -0.00013592 -0.95214152 -1.10474109
v -0.42966973 -1.23240876 -1.25492322
v -0.00011117 -1.26920604 -1.27110016
v -1.23386931 -1.40183711 -0.95982974
v -0.939924 -2.04435539 -1.00040257
v -0.97438812 -1.4856534 -1.35415911
v -0.85708624 -2.00071787 -1.30894815
v -0.49049291 -2.08289337 -1.04041099
v 0.0000317 -2.08247113 -1.05386853
v -0.5064947 -1.62443161 -1.51762569
v -0.00006482 -1.67881608 -1.46896779
v -0.49678525 -2.06777358 -1.41715359
v 0.00003731 -2.05363464 -1.41400349
v 0.62252348 -0.81420636 -0.23458485
v 0.66788613 -0.66338431 -0.46555981
v 0.64725023 -1.0127753 -0.34341967
v 0.64150357 -0.8779568 -0.54335838
v 0.69067472 -1.20898652 -0.48589086
v 0.29685744 -0.55500781 -0.92810994
v 0.32370951 -0.74621719 -0.97522234
v 0.536246 -0.58467221 -0.72298795
v 0.55930984 -0.77976316 -0.78344279
v 0.71152329 -1.07605111 -0.6686117
v 0.60447317 -0.98031956 -0.87798035
v 1.00618934 -1.22450661 -0.81839484
v 0.59056913 -1.36381077 -0.31588041
v 0.42329454 -2.10651922 -0.28860467
v 0.46970143 -2.0950067 -0.65476393
v 0.77592122 -1.56186509 -0.34507197
v 0.94658428 -1.37406575 -0.56305778
v 1.21019935 -1.54592144 -0.53517097
v 0.82237464 -2.08213973 -0.28652173
v 0.94196832 -2.03631758 -0.61981976
v 0.35290598 -0.94422745 -1.05684065
v 0.42963209 -1.23241663 -1.25495421
v 0.80583006 -1.1916325 -1.09292757
v 0.4904744 -2.08289551 -1.04034543
v 0.50649648 -1.62443077 -1.51762723
v 0.49680259 -2.06774091 -1.41719317
v 1.23363614 -1.40233373 -0.95935761
v 0.93998968 -2.04427075 -1.00031983
v 0.9748891 -1.48542916 -1.35378074
v 0.85724657 -2.00027251 -1.30880487
v 0.00003147 -2.08864021 -0.85740733
v -0.23052322 -2.09480762 -0.66107761
v -0.48357728 -2.08902621 -0.84518307
v -0.24295552 -2.08252143 -1.0522443
v -0.23689293 -2.08875775 -0.85363191
v -0.25017267 -2.06282472 -1.42418444
v -0.00002342 -2.07648086 -1.24458932
v -0.49346217 -2.0768876 -1.231624
v -0.24559851 -2.07655596 -1.24215483
v -0.72081071 -2.09534049 -0.64414805
v -0.96542227 -2.02439069 -0.80436682
v -0.74563461 -2.08348703 -1.02155232
v -0.74284327 -2.08956384 -0.828094
v -0.89575779 -2.0338304 -1.19510984
v -0.72993356 -2.06187915 -1.37585187
v -0.73444628 -2.07744503 -1.21382999
v -0.00001207 -2.10073018 -0.47305584
v -0.21135635 -2.10675859 -0.2835679
v -0.44900146 -2.10080671 -0.47014755
v -0.22025474 -2.1006143 -0.47654211
v -0.63278603 -2.10626459 -0.29422727
v -0.89164537 -2.06011557 -0.44855788
v -0.6815629 -2.10093307 -0.46595323
v 0.00000119 -2.11293172 -0.09906049
v -0.19049517 -2.117949 0.02954839
v -0.39605635 -2.11204242 -0.11576504
v -0.20043991 -2.11276602 -0.10298723
v -0.5467152 -2.11524033 -0.00669499
v -0.73962515 -2.09537053 -0.13340683
v -0.58054798 -2.11115145 -0.13326136
v 0.00001365 -2.05222153 0.04067755
v -0.16482031 -1.97080886 0.01710822
v -0.34915971 -2.04587984 0.02805708
v -0.17723384 -2.05192828 0.04215753
v -0.4880597 -1.94169235 -0.03204096
v -0.67386174 -2.02126312 -0.04608752
v -0.5120961 -2.03314638 -0.00577291
v -0.93935954 -1.941123 -0.26465615
v -0.82279229 -1.85962081 -0.15919032
v -0.84276318 -1.99730944 -0.10352813
v -1.08349812 -1.79996585 -0.58758932
v -1.10668826 -1.68196296 -0.38076123
v -1.02477765 -1.87619626 -0.4192563
v -1.06782662 -1.72123646 -0.96965479
v -1.26120531 -1.43841302 -0.73847627
v -1.10416615 -1.73953521 -0.77573543
v -1.12616539 -1.42521643 -1.18242919
v -0.90137177 -1.76103663 -1.296754
v -0.99615073 -1.72922825 -1.15745878
v -0.76983285 -1.55617892 -1.50111937
v -0.50930047 -1.86589753 -1.48881554
v -0.74003422 -1.8238157 -1.41747081
v 0.00002163 -1.88771081 -1.46028685
v -0.24711562 -1.66363656 -1.49413001
v -0.25504693 -1.88415551 -1.47859513
v -0.478614 -1.41334998 -1.39585745
v -0.21621716 -1.25722491 -1.27386295
v -0.00009223 -1.47091889 -1.37680375
v -0.23649627 -1.45361435 -1.39262402
v -0.91996616 -1.31998276 -1.23572945
v -0.63211876 -1.20723271 -1.19444084
v -0.7171514 -1.36118137 -1.35010719
v -1.16008257 -1.29977917 -0.89148837
v -0.9371044 -1.19608926 -0.95804143
v -1.06924879 -1.29497325 -1.06839323
v -1.11460709 -1.44264662 -0.5712862
v -1.0068674 -1.2804321 -0.68231999
v -1.1735593 -1.33771693 -0.72794145
v -0.90122509 -1.65568327 -0.29601547
v -0.86353153 -1.47668898 -0.45897486
v -1.0147432 -1.56218743 -0.42858254
v -0.61220675 -1.80254042 -0.10693603
v -0.67275059 -1.63191711 -0.22769148
v -0.76667535 -1.73584544 -0.18619489
v -0.30742141 -1.88224899 -0.01127972
v -0.42219865 -1.76282072 -0.06656464
v -0.45867085 -1.85139417 -0.05036767
v -0.00011388 -1.90386188 0.00287926
v -0.14380358 -1.82011258 -0.00559308
v -0.15410034 -1.89842557 0.00248589
v -0.00012395 -1.75133371 -0.01405346
v -0.12552195 -1.66630828 -0.01325055
v -0.26361447 -1.71474945 -0.03177591
v -0.13393241 -1.74150681 -0.01232931
v -0.33591151 -1.58230137 -0.10816407
v -0.48157572 -1.61234545 -0.1707485
v -0.37863704 -1.67182064 -0.09085796
v -0.51509124 -1.44283235 -0.24060362
v -0.65858018 -1.46511006 -0.35596755
v -0.57445389 -1.54312384 -0.26284974
v -0.64900636 -1.28429126 -0.39910808
v -0.79321557 -1.29723429 -0.53552091
v -0.73174178 -1.38160789 -0.44645053
v -0.71453076 -1.13934385 -0.57472753
v -0.83557921 -1.14903628 -0.73660045
v -0.83465915 -1.21454644 -0.62885111
v -0.67661958 -1.02160453 -0.77187675
v -0.68657034 -1.08312237 -0.96767348
v -0.78587192 -1.10520267 -0.85490477
v -0.49957385 -0.95078915 -0.97946506
v -0.38124814 -1.08248829 -1.12669372
v -0.54967969 -1.07568872 -1.0605241
v -0.18048116 -0.94828075 -1.09538602
v -0.00015077 -1.09273529 -1.18093276
v -0.19456802 -1.09221661 -1.16381168
v -0.33713349 -0.83379471 -1.00686717
v -0.16556198 -0.74977934 -1.0238378
v -0.00010689 -0.84428656 -1.05186581
v -0.17275972 -0.8361864 -1.04994249
v -0.57485908 -0.87669289 -0.82462662
v -0.46282559 -0.75270241 -0.89719641
v -0.47672829 -0.84446787 -0.93051552
v -0.6148625 -0.82269895 -0.65783387
v -0.65765559 -0.98214757 -0.60365849
v -0.63042652 -0.92522531 -0.70978516
v -0.6580494 -1.11102759 -0.41190728
v -0.64929193 -0.94109952 -0.44114553
v -0.66623932 -1.04389286 -0.50677573
v -0.55915683 -1.26793396 -0.2519235
v -0.60619223 -1.09389138 -0.25438103
v -0.62345796 -1.18733716 -0.3240799
v -0.39377063 -1.4154334 -0.14602437
v -0.45435342 -1.24523651 -0.13749399
v -0.48001378 -1.34410166 -0.19476355
v -0.22435085 -1.54551589 -0.03410415
v -0.2951779 -1.37640214 -0.04440069
v -0.31036177 -1.4833641 -0.09018059
v -0.00026333 -1.59755408 -0.00049219
v -0.11158141 -1.48746216 0.02176088
v -0.11947089 -1.58617234 -0.00450626
v -0.00064547 -1.39792132 0.09423261
v -0.11391515 -1.27867353 0.19070985
v -0.19094133 -1.32494342 0.04651076
v -0.10634028 -1.3742361 0.08013194
v -0.28807967 -1.18497109 0.11290977
v -0.36011499 -1.21003365 -0.02680071
v -0.27336528 -1.26748943 0.00819229
v -0.51615113 -1.08273184 -0.12116145
v -0.44347947 -1.06629264 0.01450715
v -0.44367751 -1.15320086 -0.06557788
v -0.62881964 -0.91290772 -0.28699174
v -0.57474529 -0.90362149 -0.13407003
v -0.58229082 -0.99839502 -0.19403693
v -0.64737874 -0.76920527 -0.49786466
v -0.66656434 -0.73239958 -0.34373202
v -0.65613639 -0.83574432 -0.38806328
v -0.5453915 -0.68501955 -0.75081491
v -0.61821419 -0.61506658 -0.59273374
v -0.61170607 -0.7200734 -0.61981135
v -0.43539449 -0.56559479 -0.84938067
v -0.30777278 -0.65813219 -0.95110505
v -0.44668906 -0.66471248 -0.8734169
v -0.14779555 -0.54572087 -0.97372108
v -0.00005483 -0.66180479 -1.00128293
v -0.1558187 -0.65740037 -0.99965
v -0.00018956 -0.40427887 -0.95420664
v -0.28893858 -0.427062 -0.89749032
v -0.14499387 -0.25806102 -0.9233154
v -0.14361341 -0.41111949 -0.9423657
v -0.54044634 -0.47315004 -0.71166217
v -0.42856305 -0.307103 -0.81259381
v -0.42494386 -0.44678401 -0.82446706
v -0.64693796 -0.38435012 -0.58285325
v -0.67771679 -0.56086391 -0.43822154
v -0.63270771 -0.50817328 -0.57958382
v -0.62182945 -0.71690005 -0.18552069
v -0.65938997 -0.55545479 -0.25556254
v -0.66034364 -0.63432246 -0.30441197
v -0.52348148 -0.89711082 0.02019195
v -0.61229193 -0.72686362 -0.01889775
v -0.57577401 -0.80629062 -0.0775083
v -0.39229524 -1.04202055 0.16465927
v -0.51120775 -0.89643716 0.17585608
v -0.45446521 -0.97123551 0.09502067
v -0.21933899 -1.14254105 0.2732768
v -0.34477502 -1.00954639 0.33289781
v -0.30430761 -1.09057021 0.21904932
v -0.00057692 -1.18901693 0.31396022
v -0.14244192 -1.13117408 0.4410547
v -0.12184148 -1.19152629 0.3120124
v -0.28111913 -0.96855258 0.51337778
v -0.00003468 -1.08751452 0.57870107
v -0.1636639 -0.99505609 0.68263036
v -0.1579013 -1.05736601 0.56479579
v -0.46097803 -0.81775128 0.53769516
v -0.49611756 -0.87628889 0.34903568
v -0.40890216 -0.93335467 0.4440248
v -0.57427465 -0.69133573 0.32005271
v -0.61284899 -0.74402564 0.14773868
v -0.55637472 -0.81025624 0.24922172
v -0.67995101 -0.58828467 0.11080431
v -0.67597001 -0.58864677 -0.07036294
v -0.6564725 -0.66887742 0.03961321
v -0.70149773 -0.40193972 -0.28792622
v -0.71028864 -0.47303375 -0.10056689
v -0.68270057 -0.5082789 -0.18006661
v -0.70563149 -0.25625768 -0.4911791
v -0.65363329 -0.04801908 -0.62913572
v -0.55498194 -0.18283869 -0.71797496
v -0.65050762 -0.22416141 -0.60771864
v -0.7766003 -0.24996319 -0.32081317
v -0.75385904 -0.09498155 -0.43828374
v -0.72778064 -0.25287067 -0.38398227
v -0.30166026 -0.11313493 -0.88917642
v -0.4504556 0.0317197 -0.81815087
v -0.43678543 -0.14390309 -0.81445825
v -0.00017423 -0.08197612 -0.93538773
v -0.16091866 0.08677828 -0.94015431
v -0.15235452 -0.09088382 -0.93053835
v -0.33096116 0.24386328 -0.89425486
v -0.18703486 0.44886758 -0.95797818
v 0.00000442 0.27598139 -0.97570079
v -0.17252655 0.26872429 -0.95458561
v -0.58115291 0.1660362 -0.7228468
v -0.49581807 0.38090977 -0.79985559
v -0.46811643 0.20734588 -0.8136177
v -0.73436027 0.0870954 -0.54498046
v -0.69483929 0.2945649 -0.61115533
v -0.67056763 0.12417924 -0.6327542
v -0.8351022 0.02472123 -0.3630692
v -0.79590976 0.21633142 -0.43908888
v -0.77599346 0.05958857 -0.45529282
v -0.92407316 -0.12408971 -0.3998264
v -0.99417781 -0.00441025 -0.41984567
v -0.96597319 0.13503183 -0.38162899
v -0.95338273 0.01161866 -0.41880771
v -0.71552878 -0.45001497 0.06890463
v -0.74092704 -0.36110958 0.02410423
v -0.73211026 -0.43434652 -0.0982803
v -0.72775834 -0.43609049 -0.02965079
v -0.64300495 -0.51321411 0.28679755
v -0.68820148 -0.35560122 0.24245867
v -0.6915189 -0.47912919 0.18104575
v -0.53821712 -0.6091215 0.47534933
v -0.59168887 -0.41746512 0.43916618
v -0.58956909 -0.55755609 0.38350212
v -0.43839305 -0.69034057 0.65334856
v -0.50443828 -0.4985966 0.59063404
v -0.49023369 -0.66036951 0.56684517
v -0.00081591 -0.98878216 0.77386689
v -0.10845032 -0.94541919 0.84534573
v -0.23153387 -0.90025281 0.7687565
v -0.13415755 -0.96742898 0.76707565
v -0.17449255 -0.86297386 0.83886003
v -0.22412653 -0.76734459 0.79512572
v -0.31587931 -0.77538561 0.72771769
v -0.25508719 -0.83541578 0.79342454
v -0.32520651 -0.66294997 0.72440385
v -0.40071147 -0.55654656 0.70652282
v -0.37510585 -0.6790117 0.70169806
v 0.00037274 -0.8988893 0.90008658
v -0.08446429 -0.82352954 0.89644104
v -0.0922178 -0.88673901 0.88181883
v -0.00001615 -0.76725226 0.91483312
v -0.06768801 -0.70140773 0.87828326
v -0.14418698 -0.74140691 0.84776836
v -0.07938148 -0.7593733 0.89632594
v -0.19201156 -0.67681765 0.83047545
v -0.25586664 -0.68565452 0.77461564
v -0.20229673 -0.7150073 0.80476981
v -0.000038 -0.65599888 0.90027964
v -0.0602773 -0.6214894 0.92730212
v -0.12287102 -0.64964157 0.87949228
v -0.06252071 -0.65440809 0.89473474
v -0.1623736 -0.61411964 0.87703621
v -0.22058697 -0.63757491 0.81876277
v -0.17709553 -0.64237505 0.85376131
v -0.23985438 -0.61495763 0.79518073
v -0.2709589 -0.59806466 0.76992237
v -0.27650672 -0.64340829 0.76524508
v -0.26116615 -0.63046431 0.77734118
v -0.30672121 -0.5875926 0.75942856
v -0.29490846 -0.65313178 0.7499935
v -0.31522619 -0.46201789 0.76312768
v -0.25820338 -0.52295994 0.80886578
v -0.23949441 -0.40379545 0.81012594
v -0.28149116 -0.49116852 0.78598153
v -0.44013956 -0.37747663 0.70468837
v -0.33004337 -0.31165278 0.81120795
v -0.38325259 -0.42382124 0.75976109
v -0.21616408 -0.55626207 0.82415819
v -0.20983953 -0.48735281 0.85537034
v -0.23770026 -0.54540288 0.81673246
v -0.17752918 -0.37645521 0.85356777
v -0.14875717 -0.49913501 0.91775322
v -0.11383359 -0.41120207 0.92186975
v -0.16731561 -0.43708232 0.886096
v -0.05932177 -0.46999815 0.99795544
v 0.00023836 -0.41408345 0.99272996
v -0.06637507 -0.36100202 0.95106011
v -0.06510973 -0.40969896 0.9747284
v 0.00014094 -0.35422629 0.97652036
v -0.03668707 -0.3144539 0.96053445
v -0.09622555 -0.30312445 0.90696108
v -0.05547243 -0.33513656 0.94940185
v -0.2056165 -0.28780442 0.82559281
v -0.16867549 -0.27758047 0.85399216
v -0.19176593 -0.3255662 0.82295048
v -0.13181893 -0.29252851 0.94246393
v -0.16301757 -0.24900607 0.93260616
v -0.15478846 -0.28601688 0.92129713
v -0.20392824 -0.15854869 0.88315886
v -0.29229706 -0.16215558 0.82275617
v -0.265767 -0.23013787 0.85671049
v -0.10513159 -0.07799463 0.99355799
v -0.15273681 -0.06698782 0.90152752
v -0.13059791 -0.15478463 0.94229364
v -0.14373832 -0.10724245 0.92061495
v 0.00073512 -0.31035479 1.00404429
v -0.02406491 -0.29824769 1.04296243
v -0.04097904 -0.27527767 0.9846782
v -0.02693184 -0.30410215 0.99722588
v -0.05726817 -0.26235494 1.13429486
v -0.04433196 -0.28117203 1.04347217
v 0.0030532 -0.29503437 1.10802209
v -0.03521753 -0.29216975 1.09184682
v -0.11857947 -0.20080074 1.06489002
v 0.00087645 -0.17883136 1.15876722
v -0.07069749 -0.11302477 1.10577404
v -0.07328335 -0.18535371 1.1378678
v 0.00115863 -0.04803727 1.08917105
v -0.05957019 -0.00220491 1.03440594
v -0.0623861 -0.05463234 1.06551241
v -0.10513276 0.01579342 0.93703937
v 0.00118036 0.05166674 1.02781546
v -0.05846159 0.08700467 0.98364317
v -0.06013986 0.0461332 1.00745022
v -0.15848182 0.01704119 0.82837104
v -0.21222889 -0.06650044 0.8146165
v -0.15594276 -0.02295354 0.87109613
v 0.00107589 0.12288641 0.98837459
v -0.04795673 0.14998798 0.95950675
v -0.0872264 0.11072446 0.90392291
v -0.05304712 0.12040038 0.96979296
v -0.13087941 0.0799565 0.81380873
v -0.10141702 0.13886436 0.83949345
v -0.12208233 0.12403261 0.77245837
v -0.10652114 0.11102911 0.83076584
v -0.19964087 0.08294004 0.76762431
v -0.23589107 0.02639066 0.78214335
v -0.16930341 0.04492693 0.77701133
v 0.00067186 0.18171481 0.96455687
v -0.05090415 0.21363306 0.94761836
v -0.08154773 0.17431096 0.90104866
v -0.04625973 0.18001316 0.95030134
v -0.1311188 0.19695526 0.85370576
v -0.12933957 0.16143976 0.79114127
v -0.10913293 0.1653359 0.84236401
v -0.12761218 0.24261784 0.92982649
v 0.00021217 0.25740206 0.97633594
v -0.08677225 0.31824719 0.97014045
v -0.06604769 0.2562552 0.95704799
v -0.2249155 0.25006401 0.89903199
v -0.20135301 0.20174729 0.83011472
v -0.17128929 0.22365114 0.88049793
v -0.20448221 0.40547975 0.950486
v -0.00000713 0.41393491 0.97317344
v -0.11533734 0.52525371 0.94463026
v -0.10141523 0.41086462 0.96607393
v -0.33290118 0.50311148 0.8761655
v -0.40578112 0.3947201 0.86621433
v -0.30263918 0.31267249 0.94473034
v -0.30460929 0.4004665 0.90706634
v -0.36122977 0.28001421 0.86166906
v -0.29450342 0.24152302 0.84295427
v -0.29192349 0.27089315 0.88934809
v -0.1403684 0.78335171 0.83658558
v -0.24627424 0.63441598 0.86024397
v 0.00007246 0.65225398 0.89871084
v -0.12687705 0.64852219 0.89105463
v -0.4590255 0.58223003 0.75196975
v -0.38906556 0.73220664 0.74534672
v -0.35802516 0.61293357 0.81379586
v -0.53055506 0.35568901 0.71661287
v -0.4562754 0.31900763 0.82829666
v -0.50278854 0.45399007 0.73697429
v -0.47898501 0.37957838 0.79508173
v -0.57944142 0.48582619 0.57709324
v -0.56392335 0.62977671 0.5840677
v -0.53358638 0.53945857 0.66898727
v -0.47135675 0.26918572 0.77573698
v -0.39791891 0.24198469 0.81545597
v -0.42296859 0.27887043 0.82312482
v -0.31051364 0.05690661 0.78607791
v -0.36042633 0.00010381 0.76542604
v -0.28869748 -0.04119791 0.76635533
v -0.30145797 0.01020446 0.78070688
v -0.37707594 -0.12505634 0.77188235
v -0.29234802 -0.09945339 0.79337501
v -0.47128891 -0.22489838 0.70196449
v -0.53182619 -0.32030928 0.56989324
v -0.48183935 -0.34841361 0.63409727
v -0.42506083 -0.05645834 0.72915434
v -0.51619935 -0.11279396 0.68273776
v -0.4541178 -0.12881201 0.7342385
v -0.63899415 -0.24377377 0.40464958
v -0.58778166 -0.16537493 0.56340378
v -0.5880596 -0.28209245 0.49713358
v -0.52216088 -0.01696212 0.6519249
v -0.59609472 -0.02309763 0.56416052
v -0.56542891 -0.07906074 0.62267255
v -0.40364205 0.05103495 0.75861054
v -0.45120045 0.01259926 0.70501464
v -0.4099237 0.00175284 0.73739075
v -0.467397 0.07680545 0.69926226
v -0.50403237 0.06646727 0.63118183
v -0.48293128 0.03338411 0.66751152
v -0.72530311 -0.22672943 0.17340254
v -0.76290488 -0.11668302 0.07224288
v -0.77928459 -0.28250324 -0.0206275
v -0.74938452 -0.24704355 0.05829795
v -0.84303057 -0.1709904 -0.08925707
v -0.84496945 -0.290481 -0.09799113
v -0.8174225 -0.41679602 -0.07443386
v -0.82357621 -0.30454513 -0.06482017
v -0.68732661 -0.09474947 0.32797199
v -0.68568629 -0.22593334 0.29314869
v -0.5539776 0.083687 0.57579201
v -0.60680657 0.14128647 0.52298361
v -0.65474659 0.03551212 0.45064452
v -0.60379391 0.05722218 0.52790379
v -0.69045913 0.14920787 0.34783282
v -0.73903191 0.02908458 0.21339798
v -0.69537442 0.03104034 0.33953294
v -0.5016784 0.1295342 0.65079271
v -0.54183858 0.1475998 0.62310254
v -0.52241176 0.10781495 0.61493367
v -0.5297299 0.22188501 0.68032515
v -0.47641021 0.21712486 0.74961233
v -0.53829455 0.282352 0.6951707
v -0.50383383 0.25120806 0.72395843
v -0.51598608 0.17106145 0.67373275
v -0.57303321 0.19880133 0.60377597
v -0.54217457 0.18666316 0.64456886
v -0.60005563 0.27463036 0.59040963
v -0.59663111 0.37084084 0.5792883
v -0.57325482 0.32165083 0.64872127
v -0.6560232 0.35060796 0.42789691
v -0.65538734 0.48371386 0.40565601
v -0.62078326 0.42590332 0.49685099
v -0.64378941 0.23400777 0.47026589
v -0.60922461 0.21424144 0.54664146
v -0.71649253 0.27899488 0.26831406
v -0.68012493 0.2570005 0.37742272
v -0.79956042 0.00124356 -0.0364628
v -0.7730782 0.15836915 0.0926911
v -0.77681869 0.01879092 0.07882159
v -0.78986221 0.31506797 0.00831853
v -0.72830253 0.42685252 0.21960331
v -0.75562781 0.29749289 0.14419364
v -0.85488736 0.09851216 -0.15546451
v -0.84086203 -0.04913976 -0.14538027
v -0.84390801 -0.0252427 -0.09603731
v -0.81285697 -0.18596364 -0.18305325
v -0.86529111 -0.22718454 -0.16692514
v -0.86460328 -0.33513009 -0.13020038
v -0.85848182 -0.25771394 -0.12374372
v -0.90184521 0.00764083 -0.21025399
v -0.90760457 -0.10889369 -0.21958477
v -0.84146124 -0.07661265 -0.2007651
v -0.9012326 -0.33212781 -0.23113639
v -0.92365825 -0.22264573 -0.28854352
v -0.98885613 -0.14947553 -0.37565475
v -0.93036413 -0.27696174 -0.34222087
v -0.95106303 -0.25034341 -0.32199516
v -0.97492647 -0.0770788 -0.35088533
v -1.00989902 0.03772774 -0.35547494
v -1.02454066 -0.0414405 -0.38540345
v -0.82103389 0.19861993 -0.21315629
v -0.94420951 0.11086085 -0.27981138
v -0.95206701 0.16507074 -0.24380594
v -0.9646824 -0.02912264 -0.29022324
v -0.95738446 0.06241388 -0.29072615
v -0.82531708 0.35517647 -0.25732395
v -0.82390606 0.55739837 -0.26331919
v -0.77951896 0.42625007 -0.46211668
v -0.81192684 0.3878766 -0.36418542
v -0.80624753 0.49042004 -0.02157541
v -0.81660717 0.33503505 -0.12794438
v -0.64059948 0.51080155 -0.66719955
v -0.73719739 0.63614767 -0.48778033
v -0.72295284 0.46804621 -0.56312239
v -0.55405736 0.72496169 -0.71314573
v -0.38106212 0.59291988 -0.8632428
v -0.52885848 0.55309444 -0.7694596
v -0.21164195 0.79547178 -0.88461244
v 0.00037956 0.63421452 -0.95733565
v -0.20128975 0.62452065 -0.93769758
v -0.40627041 0.92583721 -0.72333586
v -0.20729264 1.10755705 -0.6524803
v 0.00127548 0.97824132 -0.81900972
v -0.21412611 0.96156567 -0.79200875
v -0.66279792 0.83259975 -0.51487857
v -0.54148012 1.01281809 -0.51674193
v -0.56107813 0.88382792 -0.6293472
v -0.77917009 0.74728757 -0.28446742
v -0.69731533 0.91545939 -0.30929923
v -0.73111331 0.78698986 -0.39935883
v -0.76157683 0.84309333 -0.07381655
v -0.80862408 0.67189478 -0.04282854
v -0.80622988 0.70940238 -0.16526724
v -0.7360444 0.5883857 0.19269555
v -0.73636525 0.75794237 0.1690531
v -0.7802326 0.63184624 0.07749622
v -0.65388965 0.63373196 0.39288443
v -0.693084 0.53861659 0.30311185
v -0.52146375 0.79229873 0.57836365
v -0.63851922 0.80232805 0.37969788
v -0.59920537 0.71943223 0.48673766
v -0.57427895 0.96707761 0.34673294
v -0.69218677 0.9253897 0.13725177
v -0.67454206 0.87297022 0.26258805
v -0.58926761 1.06476128 0.08855271
v -0.67285782 0.99289268 -0.10924784
v -0.69102329 0.96277558 0.01245326
v -0.56457084 1.10748648 -0.1568551
v -0.5899899 1.05575323 -0.31927323
v -0.64073205 1.02158951 -0.22356694
v -0.47458452 1.16888141 -0.2595483
v -0.36817428 1.16239035 -0.44252491
v -0.5028727 1.10699498 -0.38802161
v -0.18358533 1.28541874 -0.29943296
v 0.00117526 1.24639952 -0.50282168
v -0.1927434 1.21783042 -0.48435977
v -0.33487114 1.25222384 -0.11552684
v -0.46595847 1.17575514 0.01126409
v -0.46580272 1.18555665 -0.12697023
v -0.00012233 1.32779383 -0.1084362
v -0.1707589 1.29485869 0.06738601
v -0.17629426 1.3044486 -0.10941976
v -0.32107472 1.21288752 0.19388802
v -0.45959579 1.10578 0.2846789
v -0.46331876 1.14751327 0.1484148
v -0.31596741 1.10344803 0.48385313
v -0.43743377 0.95580381 0.54764896
v -0.45316001 1.04375588 0.421451
v -0.29338225 0.89312881 0.72147125
v -0.41541221 0.84920859 0.65674036
v 0.00011312 0.927118 0.77462023
v -0.15862926 1.04080653 0.65617501
v -0.15157333 0.91832637 0.76046568
v 0.00001353 1.1520369 0.53921234
v -0.16446414 1.21537959 0.37949901
v -0.16183213 1.13847434 0.52379328
v -0.00014814 1.28329646 0.24135944
v -0.16704647 1.26676213 0.22816516
v -0.93006575 -0.16048796 -0.25303912
v -0.94976067 -0.1055289 -0.28134819
v -0.88908004 -0.28409507 -0.17726749
v -0.90801173 -0.20992317 -0.21357241
v -0.86149376 -0.43682453 -0.1535
v -0.87622416 -0.36117211 -0.16403104
v -0.11693622 -0.26041686 1.00760793
v -0.14837735 -0.21759565 0.9907189
v -0.81101816 -0.38756829 -0.21361044
v -0.78335589 -0.43413037 -0.13934582
v -0.85552555 -0.26251301 -0.32258364
v -0.06705719 -0.23907208 0.97338205
v -0.05319897 -0.5835514 0.96667528
v -0.11041083 -0.59884178 0.93541628
v 0.0000242 -0.60373246 0.96475505
v -0.05848593 -0.60275101 0.95708131
v 0.00012305 -0.56066405 0.97211289
v -0.04001297 -0.54290175 0.96348691
v -0.0923872 -0.56120491 0.94544655
v -0.04632353 -0.56068021 0.96621358
v -0.13943767 -0.57975077 0.90892505
v -0.17773294 -0.59176158 0.85911279
v -0.14968384 -0.59434551 0.89889061
v -0.13469107 -0.55400389 0.89916586
v -0.16906221 -0.57066416 0.85567188
v -0.13628506 -0.56456172 0.90277236
v -0.04516755 -0.52545231 0.98266708
v 0.0002117 -0.51773607 0.99658215
v -0.0934538 -0.51010501 0.96994864
v -0.05012193 -0.50801539 0.99162232
v -0.08511015 -0.5346533 0.95165383
v 0.00016181 -0.53670382 0.98120689
v -0.04145286 -0.53471666 0.97332048
v -0.13037556 -0.53177171 0.92641228
v -0.16993926 -0.53979677 0.88408988
v -0.13534691 -0.52237147 0.92811924
v -0.16802375 -0.55334961 0.86995589
v -0.13143116 -0.54517167 0.91143089
v -0.21165391 -0.57602506 0.80907833
v -0.19271385 -0.55679267 0.84196305
v -0.20377205 -0.59049445 0.82254523
v -0.22597934 0.17154282 0.7649703
v -0.17634445 0.170511 0.768996
v -0.25784903 0.20416235 0.80793458
v -0.21581842 0.18938066 0.78823912
v -0.23070642 0.14142713 0.7579872
v -0.2679373 0.10809323 0.79439044
v -0.17198786 0.12954574 0.74778938
v -0.21856078 0.12108912 0.77543693
v -0.30710372 0.13027292 0.79035955
v -0.35327264 0.10018707 0.78921753
v -0.31334438 0.1011043 0.79931247
v -0.36728367 0.13782958 0.77614301
v -0.41765287 0.109231 0.75900775
v -0.38838318 0.103284 0.77624619
v -0.40376424 0.14648741 0.75520998
v -0.45653349 0.13028405 0.70067054
v -0.43946108 0.1173815 0.73516231
v -0.36152362 0.19179946 0.78599977
v -0.33577323 0.22005593 0.80246645
v -0.40201607 0.21096746 0.77101433
v -0.37116065 0.21814154 0.78899461
v -0.40336012 0.17091013 0.76141947
v -0.45449411 0.17933733 0.71282112
v -0.42810881 0.19732412 0.74561703
v -0.29981464 0.19326461 0.79814076
v -0.29781159 0.21659433 0.80998617
v -0.14493405 0.15097379 0.75362783
v -0.47852909 0.15435673 0.68030244
v -0.29630389 0.16232127 0.79692053
v -0.26997074 0.17148064 0.78662645
v -0.32708787 0.17943041 0.79974997
v -0.29676425 0.17671801 0.79771691
v -0.35577541 0.1645922 0.79049766
v -0.37726217 0.16761012 0.77755481
v -0.35686156 0.17629522 0.79052341
v -0.37879318 0.15403702 0.77413404
v -0.33029466 0.14876771 0.79559594
v -0.35894051 0.15233859 0.78624051
v -0.27083948 0.15018627 0.78438693
v -0.29872995 0.14682553 0.79408073
v 0.24293288 -2.08252191 -1.05222678
v 0.48365873 -2.08902597 -0.84518283
v 0.23045896 -2.09480881 -0.66103184
v 0.23685638 -2.0887587 -0.85360747
v 0.4931949 -2.07690286 -1.23113358
v 0.25019064 -2.06280303 -1.42420244
v 0.2456375 -2.07655692 -1.24212443
v 0.74567174 -2.08349299 -1.02137291
v 0.96544146 -2.02436184 -0.80439198
v 0.7209264 -2.09533953 -0.64418315
v 0.74300313 -2.08956432 -0.82809519
v 0.72998118 -2.0616312 -1.376037
v 0.89590269 -2.03365278 -1.19491422
v 0.73450005 -2.07746958 -1.21304535
v 0.44903317 -2.10080528 -0.47019583
v 0.21135412 -2.1067574 -0.28360337
v 0.22021862 -2.10061383 -0.47655707
v 0.8915379 -2.0602498 -0.44868451
v 0.63281315 -2.1062653 -0.29420536
v 0.68159347 -2.10093092 -0.46602273
v 0.39603924 -2.11203861 -0.11587307
v 0.1905141 -2.11794233 0.02940642
v 0.20042842 -2.11276269 -0.10308312
v 0.73970019 -2.0953257 -0.13335549
v 0.54673022 -2.11523914 -0.00673165
v 0.58059263 -2.11115169 -0.13324476
v 0.34914827 -2.04579806 0.02802989
v 0.16471536 -1.97075915 0.01709684
v 0.177227 -2.05185413 0.04213004
v 0.67384326 -2.02126622 -0.04608125
v 0.48806759 -1.94165575 -0.03204849
v 0.51209968 -2.03313064 -0.00577881
v 0.82283395 -1.85965013 -0.15919181
v 0.93934273 -1.94114947 -0.26464378
v 0.84274816 -1.99730241 -0.10351772
v 1.1065905 -1.68192756 -0.38066017
v 1.08345508 -1.80004334 -0.58751928
v 1.02474236 -1.87623906 -0.41920712
v 1.2611289 -1.4385308 -0.73829323
v 1.06779372 -1.72156596 -0.96941417
v 1.10415601 -1.73958396 -0.77565556
v 0.90156304 -1.76117181 -1.29649424
v 1.1261543 -1.42541933 -1.18220186
v 0.99621421 -1.72952735 -1.15714085
v 0.5093007 -1.8658626 -1.48882591
v 0.7699688 -1.55610513 -1.50107407
v 0.74008005 -1.82359838 -1.41748786
v 0.24704642 -1.66364967 -1.49412393
v 0.25499016 -1.88418471 -1.47858452
v 0.21604466 -1.25728535 -1.27390813
v 0.4785839 -1.41340971 -1.39590239
v 0.23638553 -1.45359158 -1.39260113
v 0.63209086 -1.20724904 -1.19448661
v 0.91992175 -1.32001078 -1.23579609
v 0.71709555 -1.36120271 -1.35014045
v 0.93697422 -1.19601476 -0.95799934
v 1.16003775 -1.29974949 -0.89130723
v 1.06896972 -1.29479813 -1.06829047
v 1.00683534 -1.28041803 -0.68231451
v 1.114452 -1.44273209 -0.57116264
v 1.17353737 -1.33773875 -0.72787469
v 0.86350548 -1.47662198 -0.45901566
v 0.90129143 -1.65569853 -0.29603466
v 1.01472234 -1.56223106 -0.42853131
v 0.67276197 -1.63173782 -0.22787359
v 0.61225575 -1.80239784 -0.10698197
v 0.76675087 -1.73580062 -0.18623648
v 0.42222455 -1.76261246 -0.06662266
v 0.30735808 -1.8821665 -0.01128184
v 0.45871537 -1.85128772 -0.05039479
v 0.1436762 -1.82005727 -0.00559627
v 0.153963 -1.89839291 0.00248388
v 0.26349294 -1.71456909 -0.03177816
v 0.12529389 -1.66626882 -0.01323591
v 0.13377368 -1.74145734 -0.01233385
v 0.48161584 -1.61201083 -0.17096832
v 0.33594861 -1.58207285 -0.10824491
v 0.37865909 -1.67158317 -0.09097718
v 0.65863871 -1.46478378 -0.35614424
v 0.51523065 -1.44243872 -0.24070766
v 0.57450151 -1.54277038 -0.26305842
v 0.79323911 -1.2971121 -0.53561198
v 0.64908158 -1.2839905 -0.39927038
v 0.73178148 -1.38137984 -0.44659495
v 0.83560395 -1.1490302 -0.73666399
v 0.71453785 -1.13927078 -0.57481914
v 0.83466774 -1.21450591 -0.62890195
v 0.68654608 -1.08312106 -0.96773737
v 0.67662221 -1.0215981 -0.77193117
v 0.78586733 -1.10520076 -0.85496258
v 0.38114124 -1.08258354 -1.12680995
v 0.49957776 -0.95087498 -0.97956025
v 0.54968857 -1.07574534 -1.0606122
v 0.18029417 -0.94836121 -1.09545052
v 0.19433894 -1.09225726 -1.1638807
v 0.16549688 -0.74991977 -1.02391302
v 0.33715993 -0.83395761 -1.00695264
v 0.17263749 -0.83627736 -1.05000329
v 0.46307617 -0.75285005 -0.8971014
v 0.57493758 -0.87674731 -0.82459121
v 0.47680249 -0.84458303 -0.93056112
v 0.65764522 -0.98210513 -0.60367661
v 0.61492949 -0.82268804 -0.65762645
v 0.63043832 -0.92522847 -0.70978194
v 0.64927178 -0.94104713 -0.44117334
v 0.65806335 -1.11088883 -0.41201838
v 0.66623389 -1.04382562 -0.50686293
v 0.60627043 -1.09371733 -0.2544727
v 0.55931556 -1.267627 -0.25201666
v 0.62355589 -1.18706035 -0.32417461
v 0.45442754 -1.24511301 -0.13753265
v 0.39389824 -1.41518437 -0.14605324
v 0.48017919 -1.34379184 -0.19482027
v 0.29516807 -1.37639153 -0.04433972
v 0.2242822 -1.54551148 -0.03404547
v 0.31043574 -1.48320734 -0.09019402
v 0.1110315 -1.48760783 0.02189385
v 0.11909916 -1.58620703 -0.00445275
v 0.19071 -1.32512712 0.04664538
v 0.11281641 -1.27870249 0.19083041
v 0.10557331 -1.37450099 0.08041632
v 0.36000955 -1.21003317 -0.02674125
v 0.2877388 -1.18512034 0.11315216
v 0.27326321 -1.26754176 0.00825287
v 0.44324609 -1.06643343 0.01470185
v 0.51611989 -1.08273303 -0.12114857
v 0.44360825 -1.15319895 -0.0655236
v 0.57459342 -0.90390479 -0.13398373
v 0.62875324 -0.91294699 -0.28699752
v 0.58227455 -0.99839747 -0.19406375
v 0.66645199 -0.73273623 -0.34365487
v 0.64740097 -0.76930159 -0.4976356
v 0.65607607 -0.83583712 -0.38798317
v 0.61842149 -0.61522728 -0.59238016
v 0.54567074 -0.68505406 -0.75035023
v 0.61189609 -0.72009301 -0.61937761
v 0.30804374 -0.65837562 -0.95111584
v 0.43571695 -0.56582301 -0.8492257
v 0.44710415 -0.66485345 -0.87318968
v 0.14768578 -0.54594916 -0.97381132
v 0.15582869 -0.65757226 -0.99973791
v 0.14452269 -0.25823587 -0.92341989
v 0.2887378 -0.42743867 -0.8976472
v 0.14328125 -0.41138595 -0.94251406
v 0.42771625 -0.30726307 -0.813142
v 0.54028654 -0.4733856 -0.71185314
v 0.42477884 -0.44708386 -0.82464271
v 0.67765665 -0.56148606 -0.43844258
v 0.64629012 -0.38466092 -0.58386105
v 0.63256228 -0.50850766 -0.57976687
v 0.65921545 -0.55645918 -0.25584137
v 0.62165808 -0.71770137 -0.1855365
v 0.66034191 -0.63503634 -0.30460348
v 0.61175346 -0.72769326 -0.01857347
v 0.52309656 -0.89749974 0.02059186
v 0.5755341 -0.80693262 -0.07728161
v 0.51062631 -0.89686954 0.17680726
v 0.3915407 -1.04225194 0.16523243
v 0.45403564 -0.97164857 0.0955984
v 0.34372362 -1.0096507 0.3339082
v 0.21868208 -1.14278936 0.27384695
v 0.30349168 -1.09066677 0.21957571
v 0.14181068 -1.13136816 0.44152221
v 0.1208403 -1.19153618 0.31223106
v 0.16384442 -0.99503797 0.68230873
v 0.280436 -0.96862 0.51434725
v 0.15762807 -1.05735838 0.56523072
v 0.49531292 -0.87660485 0.35033011
v 0.46002355 -0.81776255 0.53880709
v 0.40786394 -0.93345958 0.44523388
v 0.61227059 -0.74438476 0.14860782
v 0.57353586 -0.69140994 0.32125803
v 0.55560392 -0.81049996 0.25039207
v 0.67532974 -0.58939129 -0.07026545
v 0.67973011 -0.5884487 0.11135222
v 0.65599393 -0.66957294 0.04005584
v 0.70997846 -0.47304806 -0.1001265
v 0.7014023 -0.40226972 -0.28815677
v 0.68229967 -0.50885629 -0.17986419
v 0.55360215 -0.18273128 -0.71927797
v 0.65228551 -0.04746667 -0.63095897
v 0.70516604 -0.25600934 -0.49289879
v 0.64919894 -0.22400777 -0.60944056
v 0.75317388 -0.0943117 -0.43891817
v 0.77797299 -0.24989874 -0.32061651
v 0.72765785 -0.25254812 -0.38479781
v 0.44934138 0.03183715 -0.81897634
v 0.30086025 -0.11325238 -0.88946831
v 0.4356302 -0.14388126 -0.81517988
v 0.1604966 0.0868812 -0.94022411
v 0.15186984 -0.0909684 -0.93058824
v 0.18714343 0.44882321 -0.95797056
v 0.33047613 0.24396114 -0.89449089
v 0.17237895 0.26877325 -0.95462578
v 0.49539151 0.38103941 -0.8002178
v 0.58021754 0.16635778 -0.72369366
v 0.46732032 0.20751638 -0.81415307
v 0.69453889 0.29493406 -0.61153137
v 0.73375141 0.08785931 -0.54579329
v 0.66974991 0.12476903 -0.63372319
v 0.79588455 0.21691286 -0.43889004
v 0.83650869 0.02760961 -0.36220216
v 0.77521508 0.06014898 -0.4554089
v 0.96676236 0.13271103 -0.3827663
v 0.99030613 -0.00449844 -0.42075416
v 0.92556124 -0.12434957 -0.40001645
v 0.95432072 0.01136209 -0.41894987
v 0.73228734 -0.43386021 -0.09784998
v 0.7410832 -0.36017543 0.0237568
v 0.71549773 -0.44937858 0.0692838
v 0.72750228 -0.43545088 -0.02921672
v 0.68809044 -0.35455852 0.24265953
v 0.64261096 -0.51278132 0.28748971
v 0.69132012 -0.47860491 0.18154895
v 0.59143519 -0.41710102 0.43960997
v 0.53758013 -0.6091122 0.47627475
v 0.58906406 -0.55735641 0.38441422
v 0.50404226 -0.49865728 0.59097552
v 0.43786343 -0.6906864 0.6538881
v 0.48931026 -0.6603617 0.56748169
v 0.23150034 -0.8999924 0.76893425
v 0.10876461 -0.9405834 0.84982228
v 0.13577012 -0.9667254 0.76881152
v 0.31546556 -0.77575767 0.72812169
v 0.22403176 -0.76773387 0.79533749
v 0.17447929 -0.86307424 0.8388201
v 0.25479027 -0.83564162 0.79360264
v 0.40033501 -0.55781108 0.70652145
v 0.32520484 -0.66314584 0.72462666
v 0.37462639 -0.67966759 0.70181232
v 0.08464279 -0.8236202 0.8963533
v 0.09247804 -0.88679248 0.88168191
v 0.14424215 -0.74166232 0.8477841
v 0.06767021 -0.70147234 0.87833184
v 0.07940362 -0.75949227 0.89635288
v 0.25586545 -0.6854133 0.77465713
v 0.19197525 -0.67697727 0.8303228
v 0.20217816 -0.71531796 0.80470377
v 0.12288283 -0.64969551 0.87942314
v 0.060323 -0.62145882 0.9273774
v 0.06249233 -0.65441489 0.89472639
v 0.22061888 -0.63798707 0.81868809
v 0.16244506 -0.61426621 0.87690836
v 0.17705085 -0.64261341 0.85366863
v 0.27697473 -0.64314693 0.7649905
v 0.2710222 -0.60001283 0.76995194
v 0.2402758 -0.61610323 0.79519146
v 0.26148736 -0.63105315 0.77717149
v 0.3066433 -0.58888524 0.75919121
v 0.29512146 -0.65260309 0.75002938
v 0.23984386 -0.40490368 0.8104313
v 0.25786361 -0.52566778 0.80872368
v 0.31495022 -0.46297466 0.76252186
v 0.28165298 -0.49313396 0.78660732
v 0.32995677 -0.31217277 0.81123608
v 0.44005346 -0.37772864 0.70485317
v 0.383188 -0.42441511 0.75976616
v 0.20997481 -0.48906928 0.85533922
v 0.21565643 -0.5579403 0.82293182
v 0.23706713 -0.54787135 0.8158313
v 0.11402562 -0.41140812 0.92176413
v 0.14900983 -0.4998326 0.91760903
v 0.17789074 -0.37718191 0.85364639
v 0.16758072 -0.4379501 0.88616138
v 0.06661795 -0.36095947 0.95075196
v 0.05969104 -0.46987396 0.99778604
v 0.06545665 -0.40967074 0.9744361
v 0.0966077 -0.3030835 0.90679848
v 0.03689429 -0.31382748 0.96043998
v 0.05546948 -0.33469516 0.94917285
v 0.16873203 -0.27704241 0.85334074
v 0.2059158 -0.28807258 0.82545226
v 0.19221551 -0.32594934 0.8227632
v 0.16290068 -0.24904228 0.93277019
v 0.13199897 -0.29217064 0.94253581
v 0.15464203 -0.28574937 0.92133486
v 0.29227396 -0.16206729 0.82273584
v 0.20410685 -0.15833516 0.88303184
v 0.26584255 -0.23017902 0.85665035
v 0.13053092 -0.15461346 0.94252318
v 0.15271119 -0.06669563 0.90146833
v 0.1052374 -0.0779625 0.99328422
v 0.14372925 -0.10704089 0.92066979
v 0.0410638 -0.27483472 0.97848695
v 0.02715409 -0.2968592 1.03877592
v 0.02853306 -0.30306464 0.99600333
v 0.0457942 -0.27904123 1.04179811
v 0.05826278 -0.26495876 1.13034749
v 0.03609086 -0.29201552 1.08459353
v 0.07168245 -0.1132297 1.10477745
v 0.11893981 -0.20151762 1.06430363
v 0.07436057 -0.18604371 1.13695442
v 0.06064524 -0.00267356 1.0330758
v 0.06342162 -0.05501171 1.06432724
v 0.05961667 0.08665728 0.98241341
v 0.10534834 0.0158445 0.9365307
v 0.06137928 0.04573427 1.00620853
v 0.21209479 -0.06627063 0.8145219
v 0.15841777 0.01722613 0.82833761
v 0.15589681 -0.02267073 0.87100684
v 0.08741384 0.11071737 0.9032827
v 0.04902406 0.1498802 0.95860433
v 0.05418876 0.12019395 0.96865779
v 0.12207994 0.12408111 0.77241194
v 0.10149408 0.13886918 0.83934068
v 0.13083706 0.08007147 0.81372827
v 0.10653795 0.11109848 0.83062636
v 0.23584571 0.02646844 0.78221213
v 0.19961133 0.08301123 0.76762104
v 0.16922608 0.04501843 0.77700787
v 0.08174485 0.17430412 0.90062964
v 0.05142994 0.21367245 0.9472571
v 0.04711425 0.17997884 0.94974213
v 0.12935663 0.16144745 0.79109108
v 0.13116337 0.19693258 0.85361975
v 0.10922648 0.16530421 0.84225159
v 0.08686311 0.31822451 0.97013402
v 0.12771958 0.24259194 0.92977374
v 0.06633194 0.25625622 0.95697939
v 0.20135253 0.20172855 0.83008259
v 0.22494113 0.25005635 0.89901453
v 0.17130662 0.22363501 0.88045513
v 0.1153327 0.52527165 0.94462406
v 0.20454356 0.40549969 0.95046931
v 0.10141933 0.41087701 0.96607315
v 0.30273631 0.31268823 0.9447183
v 0.40590569 0.39473626 0.86603337
v 0.33303833 0.50312548 0.87606304
v 0.30471676 0.40050229 0.90698564
v 0.29446339 0.24146232 0.84291189
v 0.36131131 0.27997222 0.86168158
v 0.29196921 0.27086821 0.88934677
v 0.24633748 0.63442838 0.86021304
v 0.14054083 0.78333503 0.8365547
v 0.12699163 0.64853131 0.89103162
v 0.38916084 0.73219579 0.74527597
v 0.45919102 0.58223086 0.75180071
v 0.35815134 0.61293983 0.81371253
v 0.50295561 0.45394572 0.73672103
v 0.45638456 0.31898987 0.82816529
v 0.53065753 0.35562419 0.71645873
v 0.47908961 0.37958121 0.7948994
v 0.56394773 0.62971162 0.58400714
v 0.57952064 0.48580142 0.57702231
v 0.53374832 0.53942412 0.66868913
v 0.39808821 0.24200913 0.8154692
v 0.47140055 0.2691127 0.77568042
v 0.42308229 0.27882468 0.82310032
v 0.28858292 -0.04113887 0.76630032
v 0.3604466 0.0001388 0.76554274
v 0.31054461 0.05696656 0.78608393
v 0.30143174 0.01025996 0.7807874
v 0.37696534 -0.125026 0.77188408
v 0.29222878 -0.09934603 0.79330939
v 0.53169447 -0.3202154 0.5700913
v 0.47120374 -0.22492815 0.70203137
v 0.48169487 -0.34843757 0.63424849
v 0.51613724 -0.11273913 0.68277454
v 0.42495662 -0.05642853 0.72916132
v 0.45402452 -0.12880012 0.73428177
v 0.58781957 -0.16511517 0.56343299
v 0.63904583 -0.24304962 0.40469583
v 0.58804988 -0.28173714 0.49728736
v 0.5960198 -0.02292573 0.56421387
v 0.52210289 -0.01696719 0.65196538
v 0.56538409 -0.0789392 0.62269717
v 0.45125746 0.01258195 0.70505929
v 0.40374532 0.05106053 0.75860661
v 0.41002073 0.00174844 0.73752474
v 0.50400728 0.06632183 0.63123053
v 0.46742683 0.07684731 0.69918388
v 0.48293113 0.03331261 0.66753435
v 0.78078371 -0.28313347 -0.02257738
v 0.76334327 -0.11612982 0.07094546
v 0.72550219 -0.22544616 0.17294977
v 0.7498148 -0.24631492 0.05729829
v 0.81792396 -0.41760504 -0.07686182
v 0.8456375 -0.29211354 -0.10129737
v 0.84434753 -0.172945 -0.09544613
v 0.82438373 -0.30585691 -0.06777554
v 0.68746793 -0.09373104 0.3277131
v 0.68577122 -0.22481101 0.29299873
v 0.65467721 0.03604523 0.45068538
v 0.60665255 0.14136093 0.52319467
v 0.5537979 0.08355145 0.57593393
v 0.60363817 0.05736871 0.52800273
v 0.73908615 0.03023437 0.21331171
v 0.69023531 0.15010073 0.34822627
v 0.69534671 0.03204441 0.33958795
v 0.54161489 0.14728158 0.62328684
v 0.5014553 0.12928494 0.65080368
v 0.52219384 0.10757088 0.61497372
v 0.53829652 0.28223761 0.69512665
v 0.47633165 0.21690134 0.74957639
v 0.52960431 0.2216206 0.68039447
v 0.50379818 0.2510485 0.72394746
v 0.57282483 0.19860164 0.60398739
v 0.51577055 0.17074424 0.6738342
v 0.54202473 0.18632717 0.64476776
v 0.59668117 0.37083777 0.57924193
v 0.60002505 0.27456128 0.59046554
v 0.57331466 0.32157728 0.64861983
v 0.65540212 0.48388999 0.40607669
v 0.65606796 0.35092538 0.42825484
v 0.62086236 0.42599582 0.49698302
v 0.64371007 0.23428851 0.47051197
v 0.60913693 0.21422463 0.54682475
v 0.71641826 0.2798911 0.26919922
v 0.68008607 0.25762325 0.37791919
v 0.77294534 0.15953597 0.09339304
v 0.80038738 0.00108052 -0.03807847
v 0.77695077 0.01954159 0.07833177
v 0.7281295 0.42751798 0.22059989
v 0.78971159 0.31615555 0.00956281
v 0.7554959 0.2985171 0.1453074
v 0.84072244 -0.05189186 -0.15313147
v 0.85447609 0.09656135 -0.1582901
v 0.8464477 -0.02744242 -0.09933996
v 0.86481744 -0.33775448 -0.13358931
v 0.86881363 -0.22759874 -0.16936962
v 0.81600475 -0.18659994 -0.18492966
v 0.85999906 -0.25854682 -0.12649992
v 0.91036772 -0.1145651 -0.22351624
v 0.91044551 -0.00326595 -0.21844291
v 0.84493631 -0.08323961 -0.20997035
v 0.9314928 -0.27650266 -0.34251305
v 0.9883486 -0.15024946 -0.37703484
v 0.92286664 -0.22571972 -0.29132106
v 0.9015659 -0.33442133 -0.23333685
v 0.95178353 -0.25166052 -0.32369512
v 1.01186382 0.03707034 -0.35603085
v 0.97599047 -0.07743956 -0.3518531
v 1.02432739 -0.04219687 -0.38707387
v 0.9450311 0.10969492 -0.28258597
v 0.82067465 0.20128624 -0.21308441
v 0.95137339 0.16695706 -0.24292771
v 0.96498996 -0.03001036 -0.29240831
v 0.95882105 0.05978573 -0.29465681
v 0.77960491 0.42665427 -0.46182391
v 0.82392603 0.5577538 -0.26262903
v 0.82543242 0.35605821 -0.25633776
v 0.81207174 0.38845783 -0.36348834
v 0.80603575 0.49109008 -0.02044593
v 0.81662142 0.33614385 -0.12674106
v 0.73720687 0.63617318 -0.48773595
v 0.64039099 0.51081991 -0.6674757
v 0.72288149 0.46819859 -0.56324595
v 0.38090819 0.5928381 -0.86336952
v 0.55390888 0.72448009 -0.71344703
v 0.52856338 0.55304569 -0.76973569
v 0.21255384 0.79494541 -0.88453817
v 0.20162242 0.62438809 -0.93764686
v 0.20959302 1.10642027 -0.65285432
v 0.40695512 0.92486023 -0.72359681
v 0.21582615 0.9605174 -0.79203128
v 0.54210883 1.01216745 -0.5168116
v 0.6628887 0.8322584 -0.51490533
v 0.56129169 0.88306969 -0.62958347
v 0.69739943 0.9153068 -0.30910372
v 0.77919071 0.74729663 -0.2841849
v 0.73116684 0.78684312 -0.39925378
v 0.80849355 0.67208653 -0.04224698
v 0.76158112 0.84305495 -0.07362134
v 0.80619746 0.70951807 -0.16481289
v 0.73626488 0.75804293 0.16932499
v 0.73581326 0.5887711 0.19345505
v 0.77999383 0.63217794 0.07821852
v 0.65380328 0.63368493 0.39325076
v 0.69298583 0.53893327 0.3037582
v 0.6385132 0.80224061 0.37970203
v 0.52148813 0.79223692 0.5783506
v 0.59918505 0.71933567 0.48676887
v 0.69222211 0.92532944 0.13731205
v 0.57431298 0.96703165 0.34672817
v 0.67453968 0.87290322 0.26264122
v 0.67292386 0.99281853 -0.10909871
v 0.58933681 1.06469905 0.08861423
v 0.6910839 0.962695 0.01251296
v 0.59025859 1.0555818 -0.31916672
v 0.56472504 1.10745918 -0.15670996
v 0.64088761 1.0214653 -0.22341199
v 0.3684245 1.16226363 -0.4423151
v 0.47484412 1.16870701 -0.2593519
v 0.50384372 1.10642075 -0.38767197
v 0.18407622 1.28536117 -0.29945123
v 0.19412846 1.21742582 -0.48423451
v 0.46601077 1.17575418 0.01128596
v 0.33491897 1.25224447 -0.11558693
v 0.46588209 1.18555045 -0.12690141
v 0.17049671 1.29497015 0.06736588
v 0.1761624 1.30458581 -0.10940916
v 0.45962277 1.10575127 0.28471922
v 0.32105809 1.21291506 0.19386589
v 0.46337792 1.14748728 0.14842626
v 0.43742433 0.95572942 0.54771947
v 0.31597304 1.10341429 0.48389822
v 0.4531373 1.04370868 0.42155134
v 0.29349756 0.89309763 0.72142994
v 0.41547378 0.84910327 0.6567437
v 0.15875655 1.04076254 0.65617585
v 0.15175576 0.91828966 0.76044023
v 0.16440014 1.21539473 0.37949454
v 0.16187267 1.13844406 0.52382212
v 0.16684646 1.26682925 0.22813709
v 0.93086123 -0.16144485 -0.25471642
v 0.9495818 -0.10722666 -0.28278008
v 0.88941037 -0.28913983 -0.18011963
v 0.91010332 -0.2111641 -0.21570615
v 0.86136484 -0.43645733 -0.15553125
v 0.87663334 -0.36422142 -0.16648268
v 0.11615546 -0.26105204 1.00677835
v 0.14847794 -0.21813686 0.9905315
v 0.82034903 -0.39341446 -0.21617841
v 0.78797149 -0.43676668 -0.13944469
v 0.86160975 -0.26548627 -0.325073
v 0.08665328 -0.26109156 0.97624385
v 0.11064747 -0.59867274 0.93534994
v 0.05342771 -0.5833618 0.9666484
v 0.05863118 -0.60263454 0.95713889
v 0.09259833 -0.56079584 0.94497466
v 0.04032668 -0.54257333 0.96336209
v 0.04656668 -0.56033188 0.96602106
v 0.17802006 -0.5922864 0.85906088
v 0.13968128 -0.57971662 0.90861243
v 0.14989626 -0.59435218 0.89868462
v 0.16935175 -0.57168591 0.85594129
v 0.13491649 -0.55401653 0.8989796
v 0.13651661 -0.56444668 0.90239483
v 0.09374092 -0.51000982 0.96980571
v 0.04552668 -0.52528274 0.98266565
v 0.05049135 -0.50789499 0.9915567
v 0.08551453 -0.53448635 0.95164871
v 0.0418267 -0.53456461 0.973405
v 0.16990736 -0.54068589 0.88352167
v 0.13058728 -0.53195238 0.92613297
v 0.13555447 -0.52273726 0.92784029
v 0.16760005 -0.55413484 0.86940681
v 0.1315647 -0.54534244 0.91116744
v 0.2111563 -0.57731199 0.80868119
v 0.19236882 -0.55788523 0.84106129
v 0.20451043 -0.59166115 0.82298678
v 0.25773888 0.20405301 0.80788302
v 0.17633111 0.17050977 0.76900118
v 0.2258314 0.1714818 0.76507574
v 0.21568426 0.18937526 0.78819268
v 0.17198398 0.12954849 0.74777871
v 0.26797154 0.10822951 0.79441803
v 0.23074227 0.14157871 0.75792747
v 0.21860058 0.121218 0.77543538
v 0.35342568 0.10031302 0.78923702
v 0.30724808 0.13046689 0.79044371
v 0.31346216 0.10121123 0.79933232
v 0.41773894 0.1095776 0.75905007
v 0.36754599 0.13790985 0.77602815
v 0.38860651 0.10347455 0.77627444
v 0.45637577 0.1301826 0.70061188
v 0.4037342 0.14657966 0.75505256
v 0.43935453 0.11778196 0.73522102
v 0.40207514 0.21091994 0.77093768
v 0.33575955 0.2197424 0.80253666
v 0.36154472 0.1914477 0.78597986
v 0.37128755 0.21813747 0.7889375
v 0.45425584 0.1789067 0.71287685
v 0.4031454 0.17070151 0.76133245
v 0.42801791 0.19691412 0.74573481
v 0.29963684 0.1929585 0.79788887
v 0.29768389 0.2162414 0.81005477
v 0.14493894 0.15097607 0.75362896
v 0.47796133 0.15436975 0.6798923
v 0.32701417 0.17908157 0.7997899
v 0.26978713 0.17154012 0.78652983
v 0.29629153 0.16228237 0.79691046
v 0.29655945 0.17655116 0.79767036
v 0.3772929 0.16752547 0.77752423
v 0.35589188 0.16466929 0.79044669
v 0.35688528 0.17621241 0.79051053
v 0.33044004 0.14877668 0.7955752
v 0.37898197 0.15407022 0.77401328
v 0.35914397 0.15241318 0.78614825
v 0.27089825 0.15028521 0.7844333
v 0.2988432 0.14689198 0.79412454
v 0.39079695 0.15845568 0.76650291
v 0.24520352 0.16170136 0.77133721
v -0.24525614 0.16157531 0.77136123
v -0.39074471 0.15852347 0.76655411
v 0.00001053 -2.08555674 -0.9556269
v -0.11806209 -2.08865737 -0.85688978
v -0.24014857 -2.08562207 -0.95352017
v -0.12113496 -2.08245372 -1.05445802
v -0.11825265 -2.08562874 -0.95327025
v 0.00002469 -2.09171557 -0.75953853
v -0.11470794 -2.09476709 -0.66234594
v -0.23415865 -2.09178876 -0.75716692
v -0.11653842 -2.09173131 -0.75903993
v -0.34841036 -2.09489131 -0.65838271
v -0.47752547 -2.092036 -0.74925136
v -0.35976499 -2.08882784 -0.85149455
v -0.35422688 -2.09187769 -0.75435704
v -0.48787945 -2.08597278 -0.94236207
v -0.36501517 -2.08266544 -1.04768586
v -0.36267089 -2.08574223 -0.94967496
v -0.3738234 -2.06652641 -1.42543864
v -0.24772936 -2.07366085 -1.33435678
v -0.36857923 -2.07667708 -1.23831987
v -0.49604308 -2.0739851 -1.3239566
v -0.37142336 -2.0737667 -1.33094406
v -0.12534889 -2.05716419 -1.41834712
v 0.00003883 -2.07356572 -1.33736228
v -0.12285366 -2.07649421 -1.24412548
v -0.12387408 -2.07358694 -1.33667624
v 0.00003619 -2.07942438 -1.15085291
v -0.24403373 -2.0794866 -1.1489098
v -0.12196921 -2.07943487 -1.15053892
v -0.49160462 -2.07983493 -1.13779664
v -0.3666512 -2.07961797 -1.14471769
v -0.61156582 -2.0892682 -0.83729004
v -0.74583327 -2.08657026 -0.92334866
v -0.61916351 -2.08319282 -1.03093719
v -0.6165483 -2.08626318 -0.9331119
v -0.59381693 -2.09513664 -0.6505801
v -0.73443132 -2.09248828 -0.73501288
v -0.60404795 -2.09222507 -0.74322998
v -0.84796273 -2.09569382 -0.63318407
v -0.95936262 -2.02641844 -0.71036231
v -0.87007278 -2.08991885 -0.81691205
v -0.86437273 -2.09286069 -0.723383
v -0.95915526 -2.03199005 -0.90058487
v -0.84667766 -2.08384013 -1.01033961
v -0.86188966 -2.0869081 -0.91263669
v -0.91818952 -2.04275369 -1.10169017
v -0.81661701 -2.07778 -1.20314621
v -0.74271565 -2.08035945 -1.12111079
v -0.83365905 -2.08072519 -1.10943174
v -0.87324899 -2.02170157 -1.26883649
v -0.81543469 -2.04429864 -1.35006153
v -0.72743862 -2.07486152 -1.29604995
v -0.80784547 -2.0751841 -1.28569936
v -0.62040752 -2.06477403 -1.3994739
v -0.61963093 -2.07712984 -1.22388243
v -0.61950403 -2.07435846 -1.31205642
v -0.61991858 -2.08009219 -1.12956512
v -0.22580406 -2.09777593 -0.56661379
v -0.33478584 -2.10078382 -0.47097003
v -0.46012041 -2.0979247 -0.56182348
v -0.34163934 -2.09784364 -0.56441962
v 0.00002264 -2.09775376 -0.56735873
v -0.11009269 -2.10072088 -0.47330078
v -0.11244475 -2.09775757 -0.56724482
v 0.00001859 -2.10377788 -0.37725064
v -0.10936158 -2.10695123 -0.27839702
v -0.216589 -2.10374736 -0.37768471
v -0.10765644 -2.10374832 -0.37800088
v -0.31734255 -2.10665941 -0.28553271
v -0.4366481 -2.10367012 -0.37911564
v -0.32603207 -2.10370802 -0.37845078
v -0.70246958 -2.09815931 -0.55442619
v -0.79608321 -2.10116624 -0.45867183
v -0.91854548 -2.04882621 -0.53230559
v -0.8222109 -2.09844017 -0.54574316
v -0.56547331 -2.10084295 -0.46884846
v -0.58084774 -2.09800934 -0.55913358
v -0.52915567 -2.10637307 -0.29190135
v -0.65839743 -2.10363793 -0.37923684
v -0.54805272 -2.10363078 -0.37984418
v -0.7341299 -2.10628366 -0.29306313
v -0.86015945 -2.07134676 -0.3652983
v -0.76730686 -2.1037805 -0.37454351
v -0.20601613 -2.10979056 -0.19036059
v -0.29911232 -2.11245989 -0.10825511
v -0.40951585 -2.10933637 -0.19942182
v -0.30818373 -2.10959601 -0.19409111
v 0.0000188 -2.10991358 -0.1885225
v -0.10049334 -2.11290478 -0.09996002
v -0.10311082 -2.10988426 -0.18895691
v 0.00004294 -2.11560154 -0.02253748
v -0.09566635 -2.11787962 0.03227054
v -0.19519174 -2.11558246 -0.02731373
v -0.0979963 -2.115664 -0.02367382
v -0.28356707 -2.11735463 0.02381847
v -0.38394585 -2.11451411 -0.0427717
v -0.29074823 -2.11512708 -0.03358835
v -0.60593694 -2.10879039 -0.21139423
v -0.66737133 -2.11100578 -0.13483081
v -0.78104364 -2.09051775 -0.20962353
v -0.69894635 -2.10868644 -0.21361939
v -0.49042481 -2.11156821 -0.12517537
v -0.50947183 -2.10904479 -0.20567911
v -0.46235546 -2.11583924 0.00373373
v -0.56246608 -2.11350798 -0.05614867
v -0.47382751 -2.11384606 -0.05456237
v -0.62080246 -2.11483812 -0.01531491
v -0.70004224 -2.10398435 -0.0646087
v -0.64198303 -2.11310792 -0.06009995
v -0.18542647 -2.1008687 0.06073124
v -0.26426339 -2.04984331 0.03803442
v -0.36416751 -2.09346151 0.04374759
v -0.2760896 -2.09812426 0.05522338
v 0.00004393 -2.10042834 0.05930162
v -0.08890604 -2.05238747 0.04175766
v -0.09304846 -2.10101532 0.06061711
v -0.00004215 -2.01104283 0.02679157
v -0.08247724 -1.97301244 0.01721633
v -0.17060484 -2.0096414 0.02786009
v -0.08548691 -2.01083016 0.02760263
v -0.24676889 -1.96679937 0.01350998
v -0.33790463 -2.002563 0.01489844
v -0.25498589 -2.00696826 0.02425853
v -0.52983605 -2.07957577 0.00889113
v -0.59229582 -2.0271101 -0.02545806
v -0.67854142 -2.07825064 -0.02254362
v -0.60679388 -2.07794642 -0.0077015
v -0.43151682 -2.04009509 0.01287683
v -0.44900098 -2.08755159 0.02777468
v -0.4080185 -1.95259988 -0.01135639
v -0.49986013 -1.98781514 -0.01969147
v -0.41913163 -1.99613237 -0.00016801
v -0.56926518 -1.9274733 -0.05627851
v -0.66451162 -1.96325779 -0.06733962
v -0.58144438 -1.97743463 -0.0420045
v -0.97340649 -1.86779606 -0.25510013
v -0.89576888 -1.9740448 -0.18305113
v -0.83658063 -1.92557525 -0.13526767
v -0.90275842 -1.82772028 -0.20898656
v -0.91672354 -1.89847838 -0.18006436
v -0.89256769 -2.01798629 -0.27448049
v -0.79918557 -2.05878067 -0.12084686
v -0.84816777 -2.03985142 -0.19795037
v -0.75750899 -2.01154327 -0.07098765
v -0.74992948 -2.08449673 -0.04496395
v -0.7377969 -1.88618111 -0.11781804
v -0.75054258 -1.94564366 -0.09793871
v -1.1486535 -1.66487181 -0.56429058
v -1.0582515 -1.8377825 -0.50122565
v -1.06814479 -1.77314901 -0.40255039
v -1.1615386 -1.61590457 -0.45222476
v -1.11383533 -1.72038924 -0.4787569
v -1.01234924 -1.9289385 -0.60621154
v -0.96327531 -1.97467064 -0.43568813
v -0.98965376 -1.95060098 -0.519288
v -0.98196595 -1.91017735 -0.34126105
v -0.93249648 -1.99664533 -0.35412895
v -1.04456138 -1.74062264 -0.32018092
v -1.02340245 -1.82520389 -0.32951092
v -1.13747274 -1.55211162 -0.95980006
v -1.09270811 -1.72629189 -0.87161082
v -1.17412281 -1.57895267 -0.75832718
v -1.25794673 -1.41402769 -0.84753114
v -1.16428482 -1.56065106 -0.85838156
v -1.00727248 -1.89348888 -0.98446464
v -1.03484249 -1.89512217 -0.79057419
v -1.02718043 -1.89155459 -0.88559222
v -1.10084545 -1.76481103 -0.68020612
v -1.02922773 -1.90898096 -0.69706082
v -1.2380985 -1.48246967 -0.63391453
v -1.16868257 -1.61431741 -0.65862977
v -1.1871922 -1.40752005 -1.07464015
v -1.05502748 -1.57074821 -1.15827858
v -1.03511357 -1.72236335 -1.06672394
v -1.10107624 -1.55601167 -1.06123387
v -1.0584228 -1.45434939 -1.27307939
v -0.93285554 -1.61270463 -1.31277465
v -0.95204854 -1.74133956 -1.23332762
v -0.99929797 -1.58984386 -1.2410916
v -0.87439417 -1.90363752 -1.30206728
v -0.94605171 -1.89477813 -1.1748811
v -0.91155946 -1.89602136 -1.24714052
v -0.97882765 -1.89453756 -1.08397996
v -0.88802039 -1.51946449 -1.44974613
v -0.7519741 -1.69113361 -1.44195389
v -0.83023828 -1.78997838 -1.36095333
v -0.84819501 -1.64863026 -1.38109898
v -0.63959258 -1.59289026 -1.52008271
v -0.51181513 -1.75026059 -1.51407051
v -0.6307553 -1.84890019 -1.46250712
v -0.63829791 -1.72448134 -1.4902178
v -0.50454753 -1.96998739 -1.46010375
v -0.73308014 -1.95402872 -1.40258073
v -0.62558913 -1.96593785 -1.43684995
v -0.81840515 -1.92663157 -1.35610818
v -0.00001117 -1.78891515 -1.48116457
v -0.12677808 -1.88697159 -1.46637225
v -0.25330442 -1.7802608 -1.49450659
v -0.12290597 -1.67456805 -1.47754371
v -0.1255517 -1.78653812 -1.48452007
v -0.00000097 -1.9757688 -1.43971467
v -0.25396281 -1.97536313 -1.45725655
v -0.12694621 -1.97617089 -1.44602131
v -0.38397684 -1.87669634 -1.48875355
v -0.37947243 -1.97292816 -1.46450591
v -0.37534445 -1.64769399 -1.50815522
v -0.38318166 -1.76849746 -1.50863754
v -0.49695536 -1.51495337 -1.45928371
v -0.35626888 -1.43564152 -1.39853322
v -0.24324323 -1.55704939 -1.44531214
v -0.36808431 -1.53900218 -1.45531737
v -0.45516246 -1.31869494 -1.32740569
v -0.32357025 -1.2454772 -1.2690916
v -0.227058 -1.35259366 -1.33512842
v -0.34091588 -1.33683073 -1.33620929
v -0.10831685 -1.26582443 -1.27283954
v -0.00009564 -1.36840701 -1.32473146
v -0.1180875 -1.46617353 -1.38241124
v -0.11353646 -1.36396336 -1.3287642
v -0.00007181 -1.57433962 -1.4250257
v -0.12120463 -1.56956791 -1.43198788
v -0.74686813 -1.45015418 -1.42617166
v -0.60131657 -1.38789618 -1.38144695
v -0.62465912 -1.48370587 -1.45217526
v -0.96060138 -1.39092087 -1.31165039
v -0.82441467 -1.33825552 -1.30127418
v -0.86021888 -1.41850042 -1.37912821
v -0.86662155 -1.25399875 -1.16292846
v -0.72345697 -1.19786 -1.14892435
v -0.67812824 -1.28131234 -1.27232039
v -0.7776466 -1.26576232 -1.22412431
v -0.53336024 -1.21921467 -1.22986757
v -0.56885498 -1.29963862 -1.30656182
v -1.10768461 -1.34155571 -1.13145506
v -1.00256097 -1.30560839 -1.15652537
v -1.04073071 -1.36377501 -1.22659063
v -1.21580064 -1.33097028 -0.92952275
v -1.1227169 -1.29282939 -0.9772787
v -1.16938769 -1.33115541 -1.03102397
v -1.09074103 -1.2649331 -0.8565393
v -0.98008602 -1.20760762 -0.88713479
v -1.00859391 -1.24564409 -1.01259553
v -1.05846798 -1.25209331 -0.9322285
v -0.87870419 -1.19085204 -1.02802908
v -0.94494044 -1.24693989 -1.09085547
v -1.24291777 -1.36554205 -0.73177117
v -1.17529702 -1.31221282 -0.81066298
v -1.24010455 -1.34016001 -0.83071154
v -1.18150842 -1.48011529 -0.55060446
v -1.15180075 -1.38176572 -0.6463195
v -1.22102463 -1.4133377 -0.63675344
v -1.03457391 -1.40817809 -0.57378411
v -0.98209017 -1.32313621 -0.61912405
v -1.09749233 -1.31082606 -0.7106539
v -1.0733248 -1.35270166 -0.63950574
v -1.01537311 -1.24795925 -0.74997603
v -1.10316491 -1.28279185 -0.78414654
v -0.94563585 -1.71779131 -0.28295272
v -0.95904046 -1.61099422 -0.3596372
v -1.07309293 -1.6130445 -0.4046382
v -1.00970888 -1.66910338 -0.34197762
v -0.84324264 -1.60422551 -0.31741356
v -0.82079762 -1.52194929 -0.40316131
v -0.94221228 -1.52034902 -0.44872835
v -0.89412993 -1.56491911 -0.38236483
v -0.905851 -1.4268378 -0.51151859
v -1.06797397 -1.506289 -0.50026059
v -0.98885774 -1.46730244 -0.51227027
v -1.13192343 -1.54920208 -0.47386339
v -0.79925471 -1.79627299 -0.17478254
v -0.83811903 -1.69744205 -0.23786072
v -0.87612944 -1.76002442 -0.22600893
v -0.63490933 -1.855201 -0.09690266
v -0.69025063 -1.77111697 -0.1428775
v -0.71768337 -1.82794117 -0.13204817
v -0.58467358 -1.7514081 -0.11769893
v -0.61459398 -1.66748917 -0.17601276
v -0.72393858 -1.67987704 -0.20212836
v -0.65555715 -1.71686327 -0.15589615
v -0.72679168 -1.59753453 -0.28535085
v -0.78750807 -1.64219713 -0.25648832
v -0.47436362 -1.89611053 -0.04207215
v -0.53485864 -1.82937252 -0.07662657
v -0.55372524 -1.87790703 -0.06750533
v -0.31776562 -1.92100358 -0.00443758
v -0.38312009 -1.86887574 -0.02801305
v -0.39604616 -1.91021275 -0.02048051
v -0.29682543 -1.84267759 -0.01642536
v -0.35481748 -1.78485584 -0.04052032
v -0.44130057 -1.80728304 -0.05815678
v -0.36942154 -1.82763791 -0.03448283
v -0.48834931 -1.73504662 -0.0969053
v -0.51306021 -1.7817918 -0.08575519
v -0.15935137 -1.93449831 0.00878632
v -0.23096931 -1.89180445 -0.00137169
v -0.23881144 -1.92896747 0.00504815
v -0.00006797 -1.93872427 0.00899084
v -0.07713712 -1.90243446 0.00300651
v -0.07972051 -1.93770825 0.00922354
v -0.0000916 -1.86674416 -0.00249907
v -0.07202154 -1.82592701 -0.006337
v -0.14896212 -1.85998392 -0.00193442
v -0.07455911 -1.86487841 -0.00198754
v -0.21535982 -1.81174635 -0.00905282
v -0.22323246 -1.85274505 -0.00574161
v -0.13874545 -1.78040814 -0.00920943
v -0.19991096 -1.73005855 -0.01696001
v -0.27478203 -1.75717568 -0.02535746
v -0.20752871 -1.77031934 -0.01279596
v -0.00009646 -1.78921282 -0.01116451
v -0.06721165 -1.74877536 -0.01317688
v -0.06954374 -1.78707337 -0.01027384
v -0.00014689 -1.71388495 -0.01506868
v -0.06329801 -1.67420756 -0.01294831
v -0.1294671 -1.70364928 -0.01385926
v -0.06506626 -1.71120739 -0.01423113
v -0.18553786 -1.65282106 -0.02120102
v -0.25212389 -1.6739825 -0.03784959
v -0.19249273 -1.69124853 -0.02016273
v -0.32305645 -1.69549334 -0.05743474
v -0.40111574 -1.71724617 -0.07722354
v -0.33928057 -1.74000239 -0.04775081
v -0.29086566 -1.60970139 -0.07138396
v -0.35627239 -1.62746417 -0.10304772
v -0.30654493 -1.65259301 -0.06669662
v -0.38007569 -1.55143582 -0.14473597
v -0.45040938 -1.5656476 -0.17955413
v -0.43130636 -1.64379549 -0.12889778
v -0.40348488 -1.5984596 -0.14174805
v -0.51740288 -1.65686476 -0.15237055
v -0.46071681 -1.68893706 -0.11175154
v -0.52927613 -1.57861435 -0.21576999
v -0.61995393 -1.58912277 -0.2529439
v -0.57047951 -1.6232028 -0.19991938
v -0.47170797 -1.48061978 -0.20776324
v -0.54004859 -1.49322032 -0.25684192
v -0.4963667 -1.53021669 -0.21723622
v -0.55468577 -1.40388214 -0.27679744
v -0.61898982 -1.4145528 -0.34015354
v -0.61754524 -1.50533819 -0.31008493
v -0.58111977 -1.45469737 -0.29807254
v -0.71114116 -1.51545274 -0.35965442
v -0.66666764 -1.55393672 -0.30751687
v -0.79224705 -1.42949974 -0.45745533
v -0.76393044 -1.3397535 -0.4912942
v -0.86512196 -1.33713209 -0.55032897
v -0.82989245 -1.38407278 -0.50428533
v -0.69679313 -1.42337203 -0.40120655
v -0.75291568 -1.47338879 -0.40921041
v -0.62191718 -1.32388341 -0.35664603
v -0.68332314 -1.33326661 -0.4269109
v -0.65308982 -1.37374138 -0.38319134
v -0.67179948 -1.24596822 -0.4421868
v -0.73392659 -1.25467526 -0.51449704
v -0.71023476 -1.2936927 -0.47073602
v -0.91578275 -1.24800622 -0.65354138
v -0.84107077 -1.17912602 -0.68103575
v -0.9183768 -1.18497312 -0.77695047
v -0.92433786 -1.2126491 -0.71379429
v -0.81779354 -1.25466048 -0.58055317
v -0.89499747 -1.2904644 -0.59901231
v -0.70537477 -1.17371499 -0.53002965
v -0.76638752 -1.17905044 -0.60331827
v -0.75336289 -1.21612107 -0.55833029
v -0.71675807 -1.10667121 -0.62053072
v -0.76556587 -1.11406266 -0.70114678
v -0.77075445 -1.14481759 -0.6507312
v -0.81738644 -1.12432241 -0.79522061
v -0.86035203 -1.14876985 -0.90549022
v -0.8974545 -1.16423177 -0.84106391
v -0.69848209 -1.04757678 -0.71918237
v -0.72342246 -1.06450152 -0.81000036
v -0.75002962 -1.08701324 -0.75472617
v -0.64529758 -0.99896293 -0.82515734
v -0.63794279 -1.0329715 -0.91658741
v -0.74173051 -1.09175658 -0.91310781
v -0.68546658 -1.0469743 -0.86439675
v -0.74379438 -1.13469672 -1.02733874
v -0.80806374 -1.13860249 -0.96850669
v -0.58802384 -1.14087474 -1.12155604
v -0.4686737 -1.0774765 -1.09708583
v -0.4039475 -1.15576779 -1.18380916
v -0.49876767 -1.14768374 -1.15670299
v -0.62237149 -1.07797014 -1.01711952
v -0.67004597 -1.13607525 -1.0785979
v -0.55621558 -0.96389502 -0.92975968
v -0.52004712 -1.01063513 -1.01404094
v -0.58305716 -1.02047205 -0.96680671
v -0.43111687 -0.94479656 -1.02249693
v -0.36446362 -1.01085341 -1.08656704
v -0.44664648 -1.00783777 -1.0547769
v -0.20491848 -1.17070651 -1.21375441
v -0.09790376 -1.09357023 -1.17477107
v -0.00012432 -1.17585337 -1.2226324
v -0.1028849 -1.17502641 -1.21992552
v -0.28931853 -1.08811152 -1.1486597
v -0.3055599 -1.16393661 -1.20256698
v -0.26838028 -0.9460358 -1.08033549
v -0.18635855 -1.0180546 -1.12521922
v -0.27696514 -1.01503896 -1.10960435
v -0.0907529 -0.95094656 -1.10273361
v -0.00014142 -1.0182749 -1.14211118
v -0.09385987 -1.01920187 -1.13596391
v -0.34371328 -0.88546758 -1.0290476
v -0.25714683 -0.83371955 -1.03290844
v -0.17614096 -0.88730579 -1.06945955
v -0.26195067 -0.88537019 -1.05397892
v -0.33068752 -0.78840941 -0.98880362
v -0.24643763 -0.74701285 -1.00451934
v -0.16943763 -0.79228693 -1.03556835
v -0.25219753 -0.78927189 -1.01691675
v -0.08293857 -0.75394272 -1.02976763
v -0.00009524 -0.80018222 -1.03820443
v -0.08650708 -0.84088134 -1.05473423
v -0.0848473 -0.79685294 -1.04123139
v -0.00011224 -0.89434438 -1.07263779
v -0.08837297 -0.89142555 -1.07423245
v -0.41104385 -0.83684736 -0.9728409
v -0.46962064 -0.79748308 -0.91180372
v -0.39617583 -0.74764883 -0.93929612
v -0.40372154 -0.79083567 -0.95386427
v -0.48615694 -0.8956955 -0.95279705
v -0.41917291 -0.88823533 -0.99489659
v -0.58692389 -0.92704814 -0.84961414
v -0.53086108 -0.85834068 -0.87979167
v -0.5413869 -0.90960663 -0.90289592
v -0.56759154 -0.82724517 -0.80317646
v -0.51750397 -0.76363927 -0.84445995
v -0.52412968 -0.81010294 -0.86046308
v -0.63239586 -0.84905648 -0.59896713
v -0.61955827 -0.874749 -0.68249708
v -0.64705628 -0.95329904 -0.65525579
v -0.64485907 -0.93116694 -0.57232862
v -0.63490235 -0.9022994 -0.62580496
v -0.5905438 -0.79959833 -0.72010833
v -0.6075778 -0.89935576 -0.76707965
v -0.59866559 -0.84913867 -0.74253344
v -0.64749681 -0.97425526 -0.73912471
v -0.62249863 -0.94865012 -0.79442966
v -0.67654079 -1.03145873 -0.63596046
v -0.66556066 -1.00213289 -0.68618118
v -0.6817047 -1.09397566 -0.54202491
v -0.66403204 -1.01233482 -0.5546056
v -0.68175345 -1.06198835 -0.58821243
v -0.66595959 -1.16074407 -0.44984093
v -0.66421645 -1.07673001 -0.45940461
v -0.676297 -1.12687206 -0.49602952
v -0.65422499 -1.06193625 -0.37613517
v -0.6506688 -0.97568887 -0.39210712
v -0.65670412 -0.99250197 -0.47240954
v -0.6578508 -1.02598905 -0.42412862
v -0.64641904 -0.90861678 -0.49115377
v -0.65226882 -0.96106874 -0.52152842
v -0.57209193 -1.31507897 -0.28492534
v -0.59392887 -1.22770679 -0.28591209
v -0.63051599 -1.23503053 -0.36316591
v -0.60383379 -1.27475607 -0.32264652
v -0.54486918 -1.22095203 -0.22095497
v -0.56870305 -1.13455939 -0.220494
v -0.61691552 -1.14082288 -0.28737735
v -0.58311682 -1.18142569 -0.25141042
v -0.63296282 -1.05259096 -0.29630485
v -0.64511758 -1.14796292 -0.36636322
v -0.64118921 -1.10049045 -0.32963854
v -0.65113425 -1.19671869 -0.4058007
v -0.40709194 -1.46716249 -0.1657605
v -0.43717286 -1.38018918 -0.17026917
v -0.49606344 -1.39352417 -0.21914617
v -0.45246738 -1.43095862 -0.19167618
v -0.38483917 -1.36328613 -0.11924721
v -0.41609048 -1.27881324 -0.11327336
v -0.46594166 -1.29424488 -0.16757227
v -0.42530641 -1.32892084 -0.14347684
v -0.49195671 -1.21041822 -0.16353058
v -0.5210973 -1.30693018 -0.22151988
v -0.50588506 -1.25855076 -0.19320811
v -0.53631812 -1.35495591 -0.25010106
v -0.35136544 -1.44983458 -0.11934221
v -0.30330094 -1.43049085 -0.06827582
v -0.33711192 -1.3445183 -0.06650051
v -0.34425613 -1.39725089 -0.09388593
v -0.32051992 -1.53430271 -0.10412314
v -0.36268135 -1.50175654 -0.13718055
v -0.23176631 -1.59124684 -0.03993772
v -0.26906812 -1.51564264 -0.06085018
v -0.27820295 -1.56441235 -0.0697912
v -0.21696165 -1.49431479 -0.02243833
v -0.25230726 -1.40760016 -0.02393889
v -0.26129353 -1.46296823 -0.04427101
v -0.00021449 -1.63901805 -0.00908005
v -0.06088451 -1.59491062 -0.00132076
v -0.12228879 -1.62787973 -0.01028059
v -0.06198196 -1.63620722 -0.00896311
v -0.00032854 -1.55340433 0.01297256
v -0.05764936 -1.50109446 0.02869367
v -0.11613161 -1.53979802 0.0054655
v -0.05942666 -1.54999983 0.01091566
v -0.16152022 -1.46614587 0.01041304
v -0.17447915 -1.56991159 -0.01448536
v -0.16883872 -1.52114927 -0.00514185
v -0.1795957 -1.61308682 -0.01942307
v -0.00052017 -1.45369803 0.05698421
v -0.05709402 -1.39080953 0.09014541
v -0.10801082 -1.43124675 0.04635475
v -0.05678644 -1.44734621 0.05427847
v -0.00071153 -1.34458243 0.14456266
v -0.05706499 -1.27994358 0.19253727
v -0.11009711 -1.32684636 0.13235576
v -0.0568786 -1.33519196 0.13703143
v -0.16487363 -1.26381826 0.17933905
v -0.20452211 -1.28921735 0.10639713
v -0.14955307 -1.3514285 0.06457831
v -0.15951135 -1.31191694 0.12244129
v -0.19863966 -1.38046658 0.01659352
v -0.15464647 -1.40813839 0.03329855
v -0.23208391 -1.29682719 0.02778946
v -0.28246283 -1.31994724 -0.02232776
v -0.24104403 -1.35072803 -0.00211246
v -0.25052806 -1.21566903 0.13895954
v -0.28550031 -1.23194348 0.06406262
v -0.24565123 -1.26192235 0.08630459
v -0.32795047 -1.15555286 0.08870333
v -0.36737904 -1.17183601 0.02189177
v -0.31620606 -1.23792707 -0.00995053
v -0.32581302 -1.20101118 0.0424842
v -0.36446899 -1.25800025 -0.06401452
v -0.32381045 -1.28886365 -0.04322918
v -0.51220119 -1.03742981 -0.08533275
v -0.48112803 -1.12009894 -0.09110897
v -0.4445419 -1.11054933 -0.02446535
v -0.47717148 -1.03057777 -0.01585589
v -0.4797188 -1.07600855 -0.0525772
v -0.51837402 -1.12700223 -0.15893675
v -0.44414475 -1.19672787 -0.10581127
v -0.4816448 -1.16330599 -0.13084878
v -0.40261223 -1.18230104 -0.04487352
v -0.40454816 -1.22765195 -0.08432379
v -0.4075841 -1.09863865 0.04139798
v -0.4070312 -1.14212048 -0.00002276
v -0.6248455 -0.86317902 -0.26046052
v -0.60674917 -0.95454996 -0.23932428
v -0.57371348 -0.95042967 -0.16508376
v -0.60043859 -0.85830867 -0.18292067
v -0.60145443 -0.90617388 -0.21115009
v -0.63747263 -0.96297985 -0.31393766
v -0.59185314 -1.04597532 -0.22469034
v -0.61947709 -1.00362598 -0.26674917
v -0.55111408 -1.04196953 -0.15480668
v -0.55611926 -1.08765339 -0.18951812
v -0.54285329 -0.94833868 -0.08997164
v -0.54349589 -0.9950248 -0.12288923
v -0.65741699 -0.71559435 -0.48084127
v -0.65443903 -0.80054915 -0.4416857
v -0.66257649 -0.78363394 -0.36507841
v -0.6756398 -0.69578123 -0.4038043
v -0.6655187 -0.74746203 -0.42193517
v -0.64579862 -0.82343649 -0.51882982
v -0.65068918 -0.88856053 -0.41318112
v -0.65050059 -0.85464686 -0.46459442
v -0.64745098 -0.87338507 -0.33624234
v -0.64686322 -0.92464876 -0.36311966
v -0.64615786 -0.77174294 -0.28758513
v -0.64754813 -0.82242035 -0.3111605
v -0.53964507 -0.63607424 -0.7360261
v -0.58001178 -0.70121353 -0.68360924
v -0.61355668 -0.66789448 -0.60476499
v -0.57862967 -0.59803724 -0.65694642
v -0.57785469 -0.65048605 -0.6687203
v -0.55188977 -0.73218077 -0.76638656
v -0.61321258 -0.77095389 -0.63742291
v -0.58421516 -0.75022184 -0.7004559
v -0.63381767 -0.74262553 -0.557419
v -0.63390761 -0.79543983 -0.57662552
v -0.64843446 -0.63645893 -0.52878397
v -0.64045143 -0.6893596 -0.54189765
v -0.50262916 -0.67244076 -0.81699907
v -0.45482406 -0.70891571 -0.88513064
v -0.51025199 -0.71789503 -0.83036911
v -0.49035218 -0.5737046 -0.79042154
v -0.44024857 -0.61746871 -0.86118316
v -0.49599903 -0.62477624 -0.80339968
v -0.36868616 -0.55987674 -0.89355087
v -0.3014492 -0.60922998 -0.9397155
v -0.37971398 -0.66045868 -0.91623491
v -0.37328851 -0.61297518 -0.90471851
v -0.31560167 -0.70333266 -0.96292835
v -0.38783818 -0.70468294 -0.9275223
v -0.1609347 -0.70537823 -1.01241362
v -0.0778363 -0.65954226 -1.00510203
v -0.00006154 -0.71137166 -1.01480221
v -0.08050946 -0.70860213 -1.01836741
v -0.23278489 -0.65727639 -0.97958725
v -0.23975394 -0.70372635 -0.99240368
v -0.22248545 -0.54976421 -0.95507001
v -0.15130375 -0.60452544 -0.98676258
v -0.22696562 -0.60641479 -0.96749907
v -0.07345878 -0.54383117 -0.9801023
v -0.00006996 -0.60638183 -0.98846787
v -0.07539139 -0.60497194 -0.99187356
v -0.00021553 -0.32798072 -0.94632291
v -0.07153745 -0.40584424 -0.95339947
v -0.14367568 -0.33621877 -0.93060255
v -0.07246299 -0.25177586 -0.93442112
v -0.07177084 -0.33004742 -0.94350749
v -0.00016422 -0.4765886 -0.96536076
v -0.14517946 -0.48112899 -0.95818251
v -0.07217678 -0.477373 -0.96617758
v -0.29153662 -0.49402049 -0.9114474
v -0.21686302 -0.41850826 -0.92363303
v -0.21876631 -0.48726669 -0.93825769
v -0.2892138 -0.35494327 -0.88887286
v -0.21789453 -0.26723739 -0.90553695
v -0.21680055 -0.34459456 -0.91326469
v -0.35845422 -0.43639329 -0.86478215
v -0.42503944 -0.37987834 -0.8158732
v -0.36059606 -0.29182162 -0.85058504
v -0.35873553 -0.36656734 -0.85624504
v -0.4285565 -0.50896859 -0.83545947
v -0.36244306 -0.50104963 -0.87831914
v -0.53606283 -0.53041219 -0.71513104
v -0.48560732 -0.45916923 -0.77233916
v -0.48615419 -0.51860094 -0.77955031
v -0.5462358 -0.41200405 -0.71093392
v -0.49267104 -0.32497403 -0.76669603
v -0.48771107 -0.39522361 -0.76717698
v -0.67880857 -0.4092684 -0.50691616
v -0.64079374 -0.45015579 -0.57861387
v -0.66214054 -0.53152298 -0.50890338
v -0.68292152 -0.50750058 -0.42540308
v -0.66834098 -0.47481247 -0.50274831
v -0.60282927 -0.36302331 -0.65077191
v -0.59068977 -0.48909229 -0.64739531
v -0.59877204 -0.4297463 -0.64835673
v -0.62493103 -0.5623418 -0.58437103
v -0.58296674 -0.54456359 -0.64977449
v -0.67477178 -0.61200022 -0.451783
v -0.6555323 -0.58443379 -0.51778096
v -0.67858111 -0.59626728 -0.3694795
v -0.65911954 -0.59144991 -0.28249463
v -0.67686867 -0.50800621 -0.32494702
v -0.67718857 -0.54930269 -0.35093638
v -0.66467273 -0.6820513 -0.32407796
v -0.67977476 -0.64538985 -0.3865607
v -0.62101316 -0.76428574 -0.21002428
v -0.64182961 -0.67469608 -0.24332302
v -0.64267349 -0.72160762 -0.26576584
v -0.62604999 -0.67445945 -0.16001014
v -0.64819526 -0.5982033 -0.19221252
v -0.64366024 -0.63311612 -0.21918173
v -0.59908098 -0.76075899 -0.13055193
v -0.58938634 -0.76263159 -0.04802354
v -0.62444007 -0.68178474 -0.07505157
v -0.60638779 -0.71716314 -0.10354437
v -0.5754804 -0.85534095 -0.10484229
v -0.60146713 -0.80958002 -0.15555807
v -0.51481574 -0.94446265 -0.01427146
v -0.55223208 -0.85325563 -0.02601575
v -0.54591542 -0.90083748 -0.05730259
v -0.54496514 -0.85560947 0.05390137
v -0.59512025 -0.77390974 0.03509948
v -0.57037758 -0.81032586 0.00550223
v -0.37902426 -1.08666157 0.11498197
v -0.42781159 -1.01005649 0.13225355
v -0.45042607 -1.02222645 0.05672605
v -0.41523018 -1.05566024 0.08674296
v -0.41237905 -1.00055575 0.21274675
v -0.47617888 -0.92956131 0.2179235
v -0.47542583 -0.92824113 0.1354012
v -0.44502177 -0.96514821 0.1747547
v -0.54308587 -0.86004233 0.13175655
v -0.48725163 -0.93441188 0.05847558
v -0.51121771 -0.89387017 0.09596999
v -0.48283916 -0.98486995 0.02320007
v -0.34977603 -1.06786477 0.19291545
v -0.31782922 -1.04497683 0.27460926
v -0.39627403 -0.99032157 0.2987627
v -0.36804956 -1.02607393 0.24609103
v -0.29541322 -1.13819766 0.16527357
v -0.33975753 -1.11481916 0.14163243
v -0.21413949 -1.19244813 0.21672992
v -0.26018118 -1.11415612 0.24529349
v -0.25473418 -1.16513574 0.19131098
v -0.22795993 -1.09535443 0.33159279
v -0.29333353 -1.0297805 0.36349543
v -0.27144086 -1.06746423 0.30306893
v -0.00068924 -1.23551034 0.2619301
v -0.06074883 -1.1889981 0.31271347
v -0.11652784 -1.227072 0.24873761
v -0.05866109 -1.22522819 0.25083214
v -0.00044131 -1.16282939 0.3817408
v -0.07460828 -1.15185415 0.45340439
v -0.13211818 -1.16276407 0.37810006
v -0.06700412 -1.17082047 0.38364997
v -0.19721092 -1.09301984 0.41841334
v -0.17549598 -1.17250001 0.29805979
v -0.18556626 -1.13204515 0.35925784
v -0.16819435 -1.21433103 0.23655237
v -0.30836814 -0.92602664 0.58115279
v -0.22026512 -1.00832319 0.54072266
v -0.16428007 -1.02169168 0.62683826
v -0.23490987 -0.93601054 0.66475641
v -0.23430749 -0.96900665 0.60551726
v -0.26369673 -1.01700449 0.45264631
v -0.15194758 -1.09747326 0.50333893
v -0.20967951 -1.05376076 0.47898843
v -0.00019074 -1.11708927 0.51601451
v -0.08479116 -1.09533321 0.58225894
v -0.08055286 -1.12606477 0.51852554
v 0.00010417 -1.05532169 0.63985806
v -0.0844893 -1.02929294 0.69524967
v -0.08617389 -1.05950021 0.64236843
v -0.34570464 -0.94713199 0.48174145
v -0.37493512 -0.97330707 0.38899561
v -0.31806868 -0.9909439 0.42274385
v -0.42263799 -0.85050481 0.60018557
v -0.44203281 -0.88503879 0.49733713
v -0.38670083 -0.91008168 0.54726141
v -0.49055618 -0.78331065 0.47869581
v -0.50754499 -0.81585913 0.38727605
v -0.45969378 -0.90960675 0.39872333
v -0.4776051 -0.85032653 0.44163769
v -0.47105437 -0.92405253 0.30551651
v -0.42591685 -0.95077598 0.34897863
v -0.54381942 -0.71887463 0.36997687
v -0.56548607 -0.75419467 0.28431054
v -0.52720058 -0.84258419 0.29900208
v -0.53576892 -0.78389799 0.334791
v -0.60430151 -0.66471338 0.27056857
v -0.62450021 -0.69578361 0.18315689
v -0.58495223 -0.77788823 0.19925023
v -0.59532088 -0.72477603 0.23448739
v -0.59602552 -0.78452771 0.11572095
v -0.54015058 -0.85845154 0.21363481
v -0.56873583 -0.8226974 0.16562141
v -0.50880712 -0.89257866 0.26018163
v -0.65990817 -0.61477166 0.16629156
v -0.67051714 -0.63298815 0.07420784
v -0.63748979 -0.70766359 0.09412293
v -0.65075165 -0.66581022 0.12940913
v -0.69328165 -0.55971097 0.05498134
v -0.69257891 -0.56231951 -0.03552736
v -0.66833984 -0.6285839 -0.01515446
v -0.68315607 -0.59771251 0.01902621
v -0.65368682 -0.61202573 -0.10287173
v -0.63586646 -0.69777596 0.00915589
v -0.64710903 -0.65427774 -0.046145
v -0.61894959 -0.7421568 0.06321314
v -0.7097634 -0.39246162 -0.23871891
v -0.69071042 -0.46123534 -0.23469062
v -0.69823062 -0.49016013 -0.13946844
v -0.71043264 -0.43876749 -0.14674539
v -0.70388394 -0.44798001 -0.18928128
v -0.69407659 -0.41708782 -0.34374633
v -0.66720044 -0.52848297 -0.22027643
v -0.6776967 -0.47924202 -0.28282165
v -0.67903167 -0.54937177 -0.12551519
v -0.66027516 -0.57153213 -0.16106914
v -0.70916909 -0.50258284 -0.05134426
v -0.69774079 -0.52737397 -0.08857405
v -0.70169359 -0.34387883 -0.45653164
v -0.68392223 -0.2436092 -0.54963356
v -0.65141546 -0.30825763 -0.59480553
v -0.68455642 -0.32987493 -0.52680891
v -0.70836865 -0.16824908 -0.5162239
v -0.68574601 -0.06645729 -0.58074349
v -0.64980083 -0.13628901 -0.61953526
v -0.68269532 -0.15487547 -0.56761205
v -0.61361962 -0.02806224 -0.67844462
v -0.56200784 -0.09598808 -0.7258678
v -0.60513216 -0.20318406 -0.66295027
v -0.61009061 -0.11621051 -0.67346018
v -0.55092871 -0.26656714 -0.7122032
v -0.60425561 -0.28668886 -0.65593439
v -0.71328884 -0.32991799 -0.33873137
v -0.71652227 -0.25773116 -0.43473431
v -0.7076658 -0.3404662 -0.39399305
v -0.74584925 -0.31774109 -0.26511707
v -0.74501574 -0.24797689 -0.34261599
v -0.72301644 -0.32114762 -0.29211875
v -0.80495661 -0.17799079 -0.36105182
v -0.78128576 -0.097408 -0.39785373
v -0.7444067 -0.17488874 -0.41829851
v -0.76688617 -0.17392784 -0.37997037
v -0.73433923 -0.09017292 -0.48448836
v -0.7253589 -0.17363087 -0.46445995
v -0.30864173 -0.02546741 -0.89373552
v -0.37095633 -0.12749688 -0.85448432
v -0.44466817 -0.05693962 -0.81902474
v -0.3859722 0.04889715 -0.86087435
v -0.37913191 -0.04022901 -0.86002171
v -0.29446637 -0.19804287 -0.88220053
v -0.43099466 -0.22778634 -0.81101703
v -0.36413431 -0.21172234 -0.8497582
v -0.49872675 -0.16273815 -0.76900774
v -0.49333477 -0.24658872 -0.76448047
v -0.50969725 0.01255804 -0.77217286
v -0.50601279 -0.07581235 -0.77428346
v -0.00013523 0.00596372 -0.94329243
v -0.07606945 -0.08443386 -0.93587988
v -0.15607875 -0.00280921 -0.93227547
v -0.08109832 0.09291151 -0.95279926
v -0.07829493 0.00356624 -0.94076603
v -0.00018812 -0.16760951 -0.93362379
v -0.14841538 -0.17629271 -0.92626953
v -0.07412349 -0.1699443 -0.9340192
v -0.22814768 -0.1006621 -0.91458129
v -0.22221387 -0.18585673 -0.90815353
v -0.23942339 0.07683634 -0.92130106
v -0.23349376 -0.01276213 -0.91733384
v -0.32223951 0.15411348 -0.89544171
v -0.2542783 0.25829985 -0.92843377
v -0.16648928 0.17753098 -0.94920456
v -0.24628761 0.16754122 -0.92576146
v -0.3429194 0.33237332 -0.8943206
v -0.27531376 0.43636474 -0.93013596
v -0.17946885 0.35938221 -0.95781725
v -0.26435646 0.34796622 -0.93103385
v -0.0946195 0.45559343 -0.97408139
v 0.0000559 0.36711761 -0.97899699
v -0.08721873 0.27436742 -0.97021424
v -0.09080547 0.3654533 -0.9737392
v -0.00004469 0.1850297 -0.96981346
v -0.08416236 0.1832588 -0.96434193
v -0.40236574 0.22660182 -0.85577201
v -0.48065444 0.29442423 -0.80784118
v -0.43020638 0.40111833 -0.84759968
v -0.41492894 0.31431177 -0.85246223
v -0.45817357 0.11991257 -0.81684887
v -0.3932445 0.13805812 -0.85905641
v -0.57021069 0.07979378 -0.7242282
v -0.52792948 0.18695913 -0.76908075
v -0.51684111 0.10018991 -0.77073746
v -0.59352278 0.25192955 -0.71648371
v -0.55423373 0.35951751 -0.75117313
v -0.54023772 0.27338221 -0.76235711
v -0.62911409 0.14508156 -0.67777943
v -0.68274945 0.20930284 -0.62652123
v -0.65379202 0.31617468 -0.65742915
v -0.64120543 0.23056854 -0.67120534
v -0.66001051 0.03880463 -0.6329965
v -0.61849272 0.05923517 -0.67863076
v -0.7226327 0.00372569 -0.54235756
v -0.70524555 0.1043687 -0.58886295
v -0.69377386 0.01972607 -0.58776122
v -0.74560171 0.16988562 -0.53962713
v -0.72926873 0.27331334 -0.56667488
v -0.71740961 0.18867115 -0.58266758
v -0.75786507 0.07265471 -0.50065159
v -0.78782904 0.13678629 -0.45389843
v -0.77991312 0.23461197 -0.48186463
v -0.76931482 0.15308259 -0.49700033
v -0.7641052 -0.01687534 -0.44985035
v -0.74592107 -0.00806912 -0.49668669
v -0.83763039 -0.03174343 -0.36860004
v -0.79572308 0.04525453 -0.40777885
v -0.78955423 -0.02355083 -0.40304178
v -0.82761585 0.08433521 -0.36032447
v -0.80808728 0.19689163 -0.39303186
v -0.80296355 0.11788822 -0.40836513
v -0.90319556 0.01272073 -0.37842544
v -0.96118402 0.07313669 -0.4070672
v -0.88368004 0.11606416 -0.33648783
v -0.89674913 0.0649599 -0.36182922
v -0.88216519 -0.11237679 -0.37887373
v -0.94194585 -0.05429795 -0.41691264
v -0.89903235 -0.04482652 -0.38329738
v -0.94484049 -0.12697531 -0.40595135
v -0.97994315 -0.06636647 -0.41975244
v -0.98449772 0.00526589 -0.42098739
v -0.9672454 -0.05799214 -0.42218214
v -1.00451695 0.04646637 -0.40465599
v -1.00963985 0.10841894 -0.37994444
v -0.99516505 0.05930247 -0.40525978
v -0.71842652 -0.45677408 -0.0634194
v -0.72828614 -0.43477326 -0.06774234
v -0.72815603 -0.41314429 -0.13601656
v -0.71958845 -0.43992909 -0.10564115
v -0.71047627 -0.49347177 0.03599427
v -0.72404617 -0.44048517 0.01627302
v -0.71740853 -0.47404745 -0.01597486
v -0.71884053 -0.40113699 0.09991638
v -0.73079454 -0.35097459 0.07215781
v -0.73631638 -0.40507662 -0.00006422
v -0.72877889 -0.39982208 0.04565796
v -0.75545114 -0.37927883 -0.00898078
v -0.7507739 -0.43204087 -0.05777627
v -0.74658912 -0.4194535 -0.03322655
v -0.68794995 -0.53626519 0.14674113
v -0.70605039 -0.46352598 0.12492288
v -0.70086401 -0.51453518 0.09071771
v -0.64082557 -0.57783168 0.2548705
v -0.66974645 -0.49543106 0.2353439
v -0.66709655 -0.55697649 0.20183718
v -0.64273947 -0.44670498 0.31729003
v -0.66599178 -0.36565926 0.29602873
v -0.6906706 -0.41845291 0.21312938
v -0.66831064 -0.43120193 0.26651871
v -0.70802116 -0.34916281 0.18683707
v -0.70765399 -0.40801492 0.15726475
v -0.52685833 -0.68045198 0.45131722
v -0.56286746 -0.58274853 0.4294275
v -0.58320033 -0.62542581 0.35347798
v -0.55350726 -0.65168237 0.40153357
v -0.54571139 -0.53512072 0.497727
v -0.56746053 -0.43912783 0.48049715
v -0.59229868 -0.48770794 0.41172239
v -0.56835115 -0.51130729 0.45555782
v -0.61624211 -0.39696121 0.39458057
v -0.61617535 -0.53396195 0.33622747
v -0.61718529 -0.46575531 0.36581268
v -0.61210739 -0.60049349 0.30492156
v -0.41146826 -0.77635264 0.6647405
v -0.46432387 -0.68000227 0.61142391
v -0.47902792 -0.74235725 0.55919206
v -0.44894817 -0.76809078 0.61543685
v -0.45139408 -0.6085996 0.64627784
v -0.48485821 -0.51471114 0.6252008
v -0.50071317 -0.57866555 0.57618057
v -0.47668138 -0.59548747 0.6120935
v -0.52507376 -0.48064118 0.55604529
v -0.51451712 -0.63580906 0.52131587
v -0.52333086 -0.55804032 0.53784161
v -0.5035029 -0.71163821 0.50405985
v -0.14987549 -0.97652924 0.72720545
v -0.19367435 -0.93879163 0.76548045
v -0.26810738 -0.88489377 0.72317034
v -0.21412959 -0.92852598 0.71576386
v -0.00012222 -1.01065874 0.74069368
v -0.06857213 -0.98352885 0.7709921
v -0.07735056 -1.00314998 0.73701828
v -0.00048389 -0.98089385 0.81685763
v -0.05678087 -0.95914626 0.85626196
v -0.12100193 -0.96287655 0.80937618
v -0.0622709 -0.97683912 0.812289
v -0.15175937 -0.92411387 0.83542513
v -0.2024393 -0.90785068 0.80590933
v -0.17142008 -0.93801534 0.80783855
v -0.25209131 -0.86890912 0.78089153
v -0.28895738 -0.81161654 0.76266366
v -0.33572334 -0.81548917 0.71333104
v -0.29570677 -0.85189789 0.7497217
v -0.17828826 -0.88944786 0.83216053
v -0.21507065 -0.85084682 0.81687706
v -0.2149008 -0.8804152 0.81022769
v -0.16818124 -0.83241224 0.84479016
v -0.19467446 -0.78540802 0.82298207
v -0.24127757 -0.79993325 0.79517382
v -0.2067189 -0.81813466 0.82124316
v -0.24977803 -0.74461853 0.76740437
v -0.29481706 -0.7433142 0.73764896
v -0.26764822 -0.77553874 0.76283234
v -0.35003325 -0.7300024 0.71439617
v -0.40800389 -0.68819826 0.68420386
v -0.37900349 -0.75704151 0.69695681
v -0.30581438 -0.69197017 0.73475539
v -0.34679859 -0.66983908 0.71213376
v -0.32435113 -0.70778256 0.72357291
v -0.33830842 -0.62559801 0.72739076
v -0.36629515 -0.56468915 0.71561741
v -0.39265465 -0.62241339 0.69866132
v -0.3639172 -0.62480324 0.7149074
v -0.43219289 -0.5442546 0.68618887
v -0.42405623 -0.61755657 0.67751371
v -0.09901141 -0.91665953 0.86895179
v -0.13395987 -0.87504917 0.861153
v -0.14059528 -0.90168285 0.85082703
v 0.00048874 -0.93338459 0.88854962
v -0.04698112 -0.89533031 0.89504814
v -0.05152099 -0.92928046 0.88358789
v 0.00020916 -0.86566746 0.90872407
v -0.04258785 -0.83006364 0.909195
v -0.08763514 -0.85571742 0.89067882
v -0.04427148 -0.86277639 0.90327996
v -0.12397623 -0.81337183 0.87437117
v -0.12872728 -0.8452866 0.86942523
v 0.00003439 -0.79988348 0.91694682
v -0.04068459 -0.76505821 0.91098272
v -0.08250286 -0.79135417 0.89908605
v -0.04172695 -0.79767185 0.91220104
v -0.00003812 -0.73598408 0.90871071
v -0.03504612 -0.70507192 0.89306187
v -0.07427216 -0.72913372 0.88839542
v -0.03833904 -0.73400223 0.90382802
v -0.09978087 -0.69653201 0.86563372
v -0.13671793 -0.71506524 0.84791386
v -0.11314145 -0.75139039 0.87230438
v -0.10540563 -0.7232669 0.86596834
v -0.15211786 -0.76970869 0.84847986
v -0.11919337 -0.78164285 0.87523168
v -0.21156728 -0.73916631 0.79877674
v -0.23052053 -0.70016825 0.78901177
v -0.26488527 -0.6998896 0.76030951
v -0.23792694 -0.7198885 0.77663958
v -0.17398321 -0.72917372 0.82520425
v -0.18325588 -0.75578743 0.82334679
v -0.16300191 -0.68460828 0.84373855
v -0.19738559 -0.69490784 0.81725722
v -0.16748218 -0.70546442 0.83182072
v -0.21709933 -0.66924208 0.81487828
v -0.24701744 -0.67365735 0.78730362
v -0.22453875 -0.68419903 0.80271714
v -0.06390283 -0.67541128 0.88008576
v -0.09336708 -0.65240246 0.88860201
v -0.12764594 -0.66980642 0.8671841
v -0.096367 -0.67315334 0.8752191
v -0.0000378 -0.6788178 0.88988196
v -0.03130491 -0.65559238 0.8985812
v -0.0319928 -0.67777931 0.88628757
v -0.0000262 -0.63529712 0.91347551
v -0.03029668 -0.62103021 0.93056297
v -0.06092943 -0.6349771 0.90926665
v -0.03061738 -0.63561463 0.9129014
v -0.08970733 -0.62124204 0.92102873
v -0.11891666 -0.63210928 0.89331561
v -0.09078719 -0.63402563 0.90318584
v -0.18495178 -0.65922015 0.84244275
v -0.19953341 -0.63948386 0.83696222
v -0.22951044 -0.65002262 0.80884683
v -0.20873333 -0.65428173 0.82632386
v -0.15096487 -0.64619272 0.86780196
v -0.15750928 -0.66500741 0.856247
v -0.14065766 -0.61643803 0.89422267
v -0.16926765 -0.62701189 0.8650273
v -0.14532075 -0.62977016 0.88060897
v -0.18098858 -0.61304938 0.85824418
v -0.21077956 -0.62531244 0.82863628
v -0.19018563 -0.62552171 0.84749329
v -0.24215522 -0.63515824 0.7971943
v -0.26886224 -0.63716763 0.77130103
v -0.25732219 -0.65392267 0.78139746
v -0.24979311 -0.64483541 0.78954613
v -0.22111763 -0.61478066 0.81749105
v -0.25207299 -0.62351393 0.78450036
v -0.23304179 -0.62534076 0.80610442
v -0.2510474 -0.60787093 0.78035086
v -0.26099988 -0.5966714 0.77476608
v -0.27482 -0.61966109 0.76768225
v -0.2645421 -0.61487042 0.77314209
v -0.27821335 -0.59730172 0.76643121
v -0.28905943 -0.62513059 0.75781601
v -0.28256237 -0.62302768 0.76264178
v -0.30861228 -0.6577602 0.73821932
v -0.30356797 -0.62574589 0.74669951
v -0.32252866 -0.58109259 0.74924075
v -0.31734967 -0.62555807 0.73754483
v -0.27774745 -0.67059218 0.76015079
v -0.29113686 -0.68022733 0.74745744
v -0.28462669 -0.64855998 0.75853133
v -0.26626831 -0.66212606 0.77181386
v -0.29380619 -0.59201097 0.76238066
v -0.29524624 -0.62583756 0.75306725
v -0.29071128 -0.41890299 0.78260761
v -0.2943781 -0.47563257 0.76928889
v -0.26272302 -0.44726172 0.79940521
v -0.24703423 -0.38799172 0.79914152
v -0.27309754 -0.43331769 0.78678709
v -0.33020576 -0.51275759 0.74017703
v -0.29783645 -0.5413174 0.77513456
v -0.31205415 -0.52677029 0.75699311
v -0.27055659 -0.56254637 0.78638958
v -0.26989275 -0.50762242 0.80009889
v -0.28331404 -0.55367469 0.7843135
v -0.24419558 -0.48032665 0.82290101
v -0.23290963 -0.42243814 0.82406216
v -0.25344833 -0.4632422 0.81243121
v -0.41657295 -0.30647233 0.73586791
v -0.41466346 -0.39903774 0.73718422
v -0.35936638 -0.36673203 0.78799039
v -0.35865569 -0.27496445 0.7947759
v -0.3895052 -0.33382317 0.76671588
v -0.45857423 -0.45196184 0.67977732
v -0.39851841 -0.48726263 0.73142653
v -0.43072763 -0.46961242 0.70994305
v -0.34835231 -0.44621148 0.76757741
v -0.3638682 -0.50156724 0.73983627
v -0.29563155 -0.34606608 0.81478673
v -0.3229137 -0.39778587 0.79191607
v -0.25300371 -0.57219868 0.78698337
v -0.24744926 -0.53562104 0.81380355
v -0.26086112 -0.56826525 0.78593504
v -0.23301459 -0.5741046 0.79813456
v -0.22764319 -0.55223131 0.81952905
v -0.24437347 -0.57434189 0.79086685
v -0.20336957 -0.54066515 0.8493126
v -0.20000599 -0.5098176 0.86461865
v -0.22547589 -0.5158528 0.83838617
v -0.21488876 -0.53036481 0.84410733
v -0.21847803 -0.46365258 0.84579002
v -0.2351703 -0.49848684 0.83148735
v -0.15121704 -0.3506312 0.85874617
v -0.17289163 -0.40593841 0.87002402
v -0.14019964 -0.42055881 0.90160673
v -0.11765727 -0.37422052 0.89791065
v -0.14538596 -0.38540321 0.88068002
v -0.20329177 -0.40740087 0.84693002
v -0.19061026 -0.46072736 0.8711915
v -0.19798669 -0.43233194 0.85902249
v -0.17078489 -0.51351881 0.8943808
v -0.15868237 -0.47106236 0.90367502
v -0.18132177 -0.49021089 0.8841108
v -0.12414123 -0.4870342 0.94212377
v -0.10690579 -0.44727399 0.94476151
v -0.13198065 -0.45676696 0.92356813
v -0.0899477 -0.40860793 0.94805955
v -0.06710667 -0.38288149 0.96134758
v -0.0887269 -0.34764385 0.91224157
v -0.09170486 -0.37632337 0.92758303
v -0.08123266 -0.47040191 0.98306012
v -0.06198057 -0.43965193 0.98770701
v -0.08516541 -0.44134461 0.96741908
v -0.03121631 -0.47870782 1.00522887
v 0.00025265 -0.44810482 1.00316822
v -0.03524352 -0.41223329 0.99024963
v -0.03334929 -0.44481736 0.99859172
v 0.00023196 -0.38825526 0.98646229
v -0.03713292 -0.36912384 0.97727805
v -0.03700631 -0.38707315 0.98322767
v -0.0621593 -0.34622138 0.94772744
v -0.07087888 -0.31707051 0.91938799
v -0.10982576 -0.31149026 0.89269721
v -0.08011937 -0.32856825 0.91131496
v 0.00018143 -0.36195311 0.97904628
v -0.03118482 -0.34941703 0.97177845
v -0.03505778 -0.35821464 0.9738729
v 0.00008767 -0.34201821 0.9730547
v -0.01931527 -0.32450839 0.96909934
v -0.04667592 -0.32453033 0.95334297
v -0.02583757 -0.33811962 0.9692924
v -0.04852411 -0.30060246 0.94705665
v -0.07707826 -0.29551881 0.91388154
v -0.06062557 -0.30835104 0.9317168
v -0.18496514 -0.24870002 0.84302061
v -0.19391934 -0.30954095 0.81965172
v -0.17525759 -0.2973507 0.83081561
v -0.17058438 -0.25265401 0.85766983
v -0.17567698 -0.27673986 0.83129763
v -0.23229301 -0.32624355 0.81083613
v -0.2140643 -0.36082509 0.81713706
v -0.2189064 -0.34495744 0.80960512
v -0.18362484 -0.34830826 0.83593052
v -0.20755505 -0.38345301 0.83250176
v -0.15351547 -0.30285868 0.85777223
v -0.16295658 -0.32081601 0.83787149
v -0.16785103 -0.27802315 0.89137035
v -0.16283837 -0.26809701 0.92382836
v -0.16232875 -0.22537288 0.90369719
v -0.17035928 -0.25217557 0.89323651
v -0.13482819 -0.3005217 0.918522
v -0.15030917 -0.30082783 0.89214986
v -0.090373 -0.28661698 0.92095118
v -0.14282427 -0.29150241 0.93255257
v -0.11872431 -0.29842585 0.92816644
v -0.14393922 -0.28036099 0.9521631
v -0.15524308 -0.26490953 0.94992756
v -0.15216282 -0.27870851 0.93883401
v -0.2373933 -0.26387167 0.85761696
v -0.29790693 -0.26776492 0.83432179
v -0.26525816 -0.30338549 0.83803975
v -0.18487805 -0.18228316 0.88579553
v -0.23511178 -0.19265881 0.87159299
v -0.21306115 -0.22228826 0.87444549
v -0.21154776 -0.1362698 0.86968451
v -0.25130727 -0.13699117 0.83689761
v -0.2817066 -0.19585661 0.8377909
v -0.24602749 -0.16477973 0.85511529
v -0.33776387 -0.19182701 0.80671626
v -0.32061332 -0.23084051 0.81811916
v -0.10581804 -0.10331685 1.00835084
v -0.12309019 -0.09123113 0.95537507
v -0.13203498 -0.12879651 0.92625784
v -0.11997085 -0.1408378 0.98284858
v -0.11922413 -0.11453195 0.96660733
v -0.10415885 -0.05442654 0.97959733
v -0.12798565 -0.04777783 0.9328646
v -0.14974559 -0.08738879 0.91241008
v -0.12594379 -0.06952096 0.94456195
v -0.17804776 -0.0906315 0.87153905
v -0.17137697 -0.1295503 0.89599883
v -0.17686833 -0.11050605 0.88550967
v -0.14025443 -0.17558516 0.8998413
v -0.15334948 -0.15075251 0.89591324
v -0.03028618 -0.30754241 0.97625845
v -0.03713414 -0.2921496 0.99078452
v -0.04351883 -0.27660828 0.95718014
v -0.04043505 -0.29527363 0.96812564
v 0.00025292 -0.31523159 0.98379886
v -0.01268625 -0.30931931 1.00210499
v -0.01506476 -0.3140006 0.98154074
v 0.0015108 -0.30699211 1.0265938
v -0.00950853 -0.30223503 1.04973268
v -0.02457454 -0.30146873 1.01967287
v -0.0105524 -0.306088 1.02495634
v -0.03603238 -0.28978475 1.03306639
v -0.04109234 -0.28036308 1.00850975
v -0.03628324 -0.29072707 1.01228082
v -0.02865278 -0.2574391 1.15174126
v -0.04546306 -0.28225466 1.11591517
v -0.01595213 -0.29459196 1.10565984
v 0.00250531 -0.27993071 1.1345011
v -0.02185073 -0.28058832 1.13179397
v -0.07323495 -0.26643553 1.09769964
v -0.0502398 -0.27777522 1.05218982
v -0.04554663 -0.28466248 1.06402337
v -0.05645877 -0.27942591 1.08031046
v -0.04258115 -0.28254374 1.04055666
v -0.02744082 -0.29533797 1.06688332
v -0.03919245 -0.28716516 1.04976618
v 0.00290006 -0.29952359 1.0786066
v -0.01125469 -0.29875457 1.07685411
v -0.1136471 -0.1636877 1.04552352
v -0.09792621 -0.19228436 1.10438537
v -0.0733634 -0.14839206 1.12409329
v -0.09243516 -0.12211792 1.06860411
v -0.09667617 -0.15549863 1.08758628
v -0.10531411 -0.24069772 1.06852281
v -0.06956969 -0.22752858 1.14366161
v -0.09197615 -0.23487852 1.1083846
v 0.00107492 -0.21918149 1.16663026
v -0.03878714 -0.18025468 1.15640044
v -0.03618061 -0.2214632 1.16332483
v 0.00089571 -0.14494703 1.14232194
v -0.03614485 -0.11018477 1.12177813
v -0.03806008 -0.14477555 1.14137816
v 0.00108308 -0.07878758 1.10539877
v -0.03233366 -0.04892578 1.08461368
v -0.06630875 -0.08260125 1.08525729
v -0.03395325 -0.07878918 1.1023755
v 0.00120436 -0.01951747 1.07406711
v -0.03083561 0.00489871 1.05364632
v -0.06047979 -0.0277955 1.04917419
v -0.03153864 -0.02080186 1.06909585
v -0.08144506 -0.01599987 1.00136172
v -0.08423725 -0.06601391 1.03148508
v -0.08141461 -0.04093424 1.01518261
v -0.08863668 -0.09250491 1.05002403
v -0.10463008 0.03869451 0.91880852
v -0.08367099 0.03302699 0.97468382
v -0.05963238 0.06754719 0.99442589
v -0.08144359 0.07721275 0.94776159
v -0.08300404 0.05559604 0.95981681
v -0.10501014 -0.00755441 0.95261746
v -0.05997329 0.02272538 1.02082252
v -0.08312867 0.0090608 0.98861914
v 0.00119561 0.0295239 1.04221463
v -0.03025575 0.05129979 1.02428197
v -0.03046723 0.02897909 1.03857147
v 0.00117009 0.07201331 1.01495063
v -0.02944574 0.09059739 1.0009278
v -0.03000613 0.07195321 1.01165473
v -0.13275389 0.03840996 0.85947328
v -0.1569774 -0.00151388 0.85160511
v -0.1301593 -0.00258577 0.9030894
v -0.130832 0.01941651 0.88382607
v -0.18041354 -0.00549591 0.79569059
v -0.21187843 -0.04312194 0.79549604
v -0.17912241 -0.04679058 0.83763063
v -0.17905083 -0.0254626 0.8171662
v -0.21339146 -0.08991096 0.83394187
v -0.15465757 -0.04523863 0.88777077
v -0.17874246 -0.06906779 0.85577362
v -0.12904201 -0.02540992 0.91908776
v 0.00111233 0.10763472 0.99605339
v -0.02690837 0.12269373 0.984878
v -0.05604799 0.10442885 0.97571992
v -0.02832519 0.10729611 0.9921472
v 0.00100268 0.13741378 0.98165828
v -0.02412333 0.1516468 0.97229909
v -0.05024565 0.13535967 0.96456331
v -0.02542226 0.13724313 0.97838485
v -0.06756822 0.14679743 0.93577897
v -0.0827087 0.12736779 0.90446949
v -0.07302727 0.11537771 0.94073247
v -0.06989439 0.13153959 0.93857085
v -0.0931225 0.09108677 0.9010781
v -0.07726057 0.09739492 0.94278186
v -0.13903953 0.08834323 0.78030514
v -0.11563291 0.0955474 0.8239209
v -0.11589478 0.11593602 0.79879915
v -0.13349221 0.11243951 0.763978
v -0.12621767 0.10315612 0.79046928
v -0.11751807 0.07104002 0.84909409
v -0.09803146 0.10925211 0.86622828
v -0.10429818 0.09088592 0.8602069
v -0.09194796 0.1400033 0.87076026
v -0.10215955 0.12546978 0.83605098
v -0.09403203 0.1252893 0.86948579
v -0.10826821 0.1397672 0.81244945
v -0.11545261 0.13429509 0.78390562
v -0.10948564 0.12817476 0.80673533
v -0.14902411 0.06275042 0.79707872
v -0.16185028 0.03143699 0.8014549
v -0.1405339 0.05235347 0.82914596
v -0.172945 0.09098666 0.76123857
v -0.18457731 0.06275615 0.76739263
v -0.1579971 0.07357274 0.77084553
v -0.22814682 0.07533438 0.7770583
v -0.24737979 0.04795075 0.78658014
v -0.20095568 0.03455414 0.77183687
v -0.21573422 0.05530953 0.77575838
v -0.22275489 0.00335519 0.76889282
v -0.18678464 0.01360014 0.77624058
v -0.04658031 0.16479493 0.9546653
v -0.06700871 0.17752394 0.93002563
v -0.07984806 0.15829904 0.90238606
v -0.0666947 0.16201984 0.93289476
v 0.00081272 0.16672703 0.97009444
v -0.02295426 0.18134987 0.96120333
v -0.02330461 0.16632148 0.96653902
v 0.00054055 0.19768206 0.96162396
v -0.02605325 0.21431762 0.96102678
v -0.04739414 0.19616995 0.94748705
v -0.02366397 0.19736725 0.95858788
v -0.07302331 0.21233402 0.92723959
v -0.08508429 0.19178097 0.90007197
v -0.06868086 0.19409097 0.92757499
v -0.11068277 0.20573584 0.87623769
v -0.11789855 0.18069128 0.84611475
v -0.09547641 0.17007921 0.87114179
v -0.10077917 0.1874662 0.87185591
v -0.14958167 0.18845157 0.83288961
v -0.14468316 0.1717102 0.79723793
v -0.12105087 0.16290627 0.81633377
v -0.13437667 0.17478667 0.82344377
v -0.11796578 0.1506159 0.79087179
v -0.10376578 0.15178985 0.84096598
v -0.11197918 0.15134282 0.81399571
v -0.09224022 0.15466429 0.87093722
v -0.15476495 0.25806134 0.95470237
v -0.09784812 0.25215369 0.94374579
v -0.07670245 0.28381794 0.9645577
v -0.13459591 0.30883032 0.97306525
v -0.11680512 0.27518302 0.96054399
v -0.10668791 0.22743991 0.91196221
v -0.05666762 0.2337069 0.9498614
v -0.08276885 0.2315828 0.93251353
v 0.00030673 0.2335868 0.97106844
v -0.03326593 0.25776219 0.96827381
v -0.02946315 0.23364566 0.96532642
v 0.00011102 0.28712445 0.97938114
v -0.04271001 0.321758 0.97531437
v -0.03795884 0.28657037 0.97239416
v -0.21289473 0.26256963 0.93666452
v -0.19611325 0.23740838 0.89240068
v -0.15183797 0.23265765 0.90736395
v -0.17937609 0.24674002 0.92568033
v -0.23491543 0.23791451 0.86950439
v -0.22288008 0.21357575 0.83829391
v -0.18776191 0.21258789 0.85623318
v -0.21004313 0.22547638 0.86480069
v -0.18057064 0.19282722 0.81933981
v -0.14931069 0.2109844 0.86604583
v -0.16730459 0.20141935 0.84424924
v -0.12857461 0.22038105 0.88903456
v -0.21712391 0.46154308 0.94442665
v -0.15313379 0.40829205 0.96236419
v -0.1086367 0.4662013 0.9598239
v -0.17257441 0.52276444 0.93871885
v -0.16343858 0.46475505 0.95730388
v -0.19590413 0.35102853 0.95824235
v -0.09444818 0.3610875 0.96828484
v -0.14425757 0.35577774 0.96562063
v -0.00000144 0.36537393 0.97783976
v -0.0506017 0.41300299 0.97030699
v -0.04678186 0.36418196 0.97369468
v -0.00003522 0.46767735 0.96112245
v -0.05754708 0.52510494 0.94256377
v -0.05417629 0.46692481 0.95944285
v -0.25458273 0.40309104 0.92987972
v -0.30354034 0.35485497 0.93428778
v -0.25163644 0.30434796 0.96074694
v -0.24953368 0.3518109 0.94748461
v -0.28181684 0.51152986 0.90331834
v -0.31741869 0.45075511 0.89373004
v -0.26917275 0.4571537 0.92340868
v -0.38201287 0.49337011 0.84645003
v -0.4134033 0.43616893 0.83835959
v -0.35628083 0.3980554 0.8881517
v -0.36551612 0.44350647 0.86540812
v -0.40014961 0.35532334 0.88916587
v -0.34910386 0.3182789 0.9228627
v -0.35479635 0.35628199 0.91571903
v -0.29595977 0.28658464 0.92140477
v -0.25743916 0.26139891 0.89757812
v -0.25343489 0.27631664 0.93373632
v -0.37493848 0.29790449 0.88179194
v -0.32698059 0.27688887 0.87700575
v -0.33643758 0.29456493 0.90294265
v -0.35331589 0.2608127 0.84788525
v -0.32067629 0.24391503 0.8389101
v -0.29209178 0.25573194 0.86522954
v -0.32260331 0.25963568 0.85772621
v -0.26903179 0.23576481 0.84449344
v -0.26259294 0.24854609 0.86916488
v -0.07081675 0.78840631 0.84595996
v -0.13357961 0.71509856 0.86508631
v -0.06390027 0.65147632 0.89709943
v 0.00009493 0.72074908 0.87649411
v -0.06739419 0.71932482 0.87351709
v -0.20759898 0.77518892 0.82169359
v -0.25861132 0.69832032 0.83177936
v -0.18785747 0.64274442 0.87861293
v -0.19751665 0.70805513 0.85098511
v -0.23639494 0.57418584 0.89141029
v -0.12101315 0.5854243 0.9184522
v -0.17972317 0.58096188 0.90816968
v 0.00002109 0.5865693 0.9194923
v -0.06067973 0.58640712 0.91981834
v -0.47275108 0.6341179 0.71258366
v -0.41062408 0.59890753 0.78509336
v -0.3724069 0.67156893 0.77993965
v -0.44094803 0.71110129 0.70937287
v -0.4241819 0.65396714 0.74737775
v -0.44376322 0.53122192 0.78569817
v -0.34580954 0.55701267 0.84748107
v -0.39712399 0.54531139 0.81901305
v -0.30295294 0.6245917 0.83870685
v -0.2929888 0.56748092 0.87371391
v -0.33269691 0.75005114 0.77679759
v -0.31695792 0.68627041 0.80820727
v -0.5430637 0.38493216 0.68747377
v -0.50578612 0.36865547 0.75481754
v -0.49009767 0.41517037 0.76732665
v -0.53050941 0.43626567 0.69503575
v -0.51828122 0.40109902 0.726978
v -0.51657223 0.32964912 0.73987382
v -0.47787362 0.31531989 0.789595
v -0.467096 0.3474133 0.81573456
v -0.49158158 0.34009963 0.77578407
v -0.42698034 0.32106915 0.86426806
v -0.44692891 0.38841834 0.83413785
v -0.43835035 0.35241976 0.85559427
v -0.4683853 0.46919181 0.77702367
v -0.45610505 0.42716258 0.80620205
v -0.59594875 0.52285665 0.53549128
v -0.55760914 0.51345068 0.62189418
v -0.54801726 0.58428609 0.62815415
v -0.58974367 0.59594124 0.53649801
v -0.57315588 0.55445396 0.5809642
v -0.56463784 0.45000234 0.61591607
v -0.51662689 0.49547943 0.70416921
v -0.54184395 0.47360631 0.65910285
v -0.50091284 0.56258976 0.71331346
v -0.48397994 0.51468664 0.7470169
v -0.53133976 0.66064727 0.63017368
v -0.51505935 0.61115098 0.67312878
v -0.48461988 0.2880401 0.76625508
v -0.44981148 0.27449595 0.8010829
v -0.44018274 0.29659158 0.82879453
v -0.46508926 0.29322004 0.79815787
v -0.45795524 0.25086548 0.78334975
v -0.42113861 0.23891295 0.80212199
v -0.4101898 0.25983628 0.82030779
v -0.43524262 0.25652769 0.80247902
v -0.37336355 0.24297851 0.82637065
v -0.39364621 0.2803651 0.84405338
v -0.38298931 0.26080739 0.83603292
v -0.40874803 0.29952794 0.85558438
v -0.26970762 0.01798295 0.78466302
v -0.29319477 -0.01321744 0.76529526
v -0.25221678 -0.03088154 0.7725842
v -0.25924998 -0.00521661 0.77061671
v -0.28439372 0.06206479 0.78860545
v -0.30716556 0.03374957 0.78539413
v -0.27817216 0.04040126 0.78859126
v -0.33546331 0.05295539 0.78135007
v -0.36166507 0.02492109 0.77394264
v -0.33171376 0.00407799 0.77421551
v -0.33504125 0.02838958 0.78082674
v -0.35624754 -0.02476068 0.7485429
v -0.32443854 -0.04975009 0.7592684
v -0.32545048 -0.02010053 0.75747668
v -0.29503974 -0.13003331 0.80891722
v -0.33483651 -0.1142589 0.7839303
v -0.38640567 -0.16906921 0.77860105
v -0.34063971 -0.15119952 0.79689157
v -0.25111815 -0.08336819 0.80172991
v -0.25250929 -0.10987004 0.81930279
v -0.28923517 -0.06981622 0.77804493
v -0.25039926 -0.05669913 0.78564852
v -0.36680322 -0.08841597 0.76036256
v -0.32831123 -0.08084103 0.7700203
v -0.43546357 -0.2294577 0.73487633
v -0.47331455 -0.28239756 0.6668443
v -0.46154287 -0.36143571 0.66927355
v -0.44484567 -0.29190665 0.70093327
v -0.50302088 -0.21682179 0.66960364
v -0.53119331 -0.25894066 0.60270083
v -0.50577873 -0.33538404 0.60199493
v -0.50250875 -0.27237266 0.63494402
v -0.53663998 -0.38793778 0.54164159
v -0.49572953 -0.42113679 0.60951507
v -0.51403015 -0.40529105 0.57518219
v -0.47909107 -0.43626898 0.6452316
v -0.46558934 -0.17394262 0.72514951
v -0.4870443 -0.12297146 0.70998364
v -0.52882516 -0.1557282 0.66527748
v -0.49890983 -0.16714943 0.69605034
v -0.41732898 -0.12973736 0.755423
v -0.42806869 -0.17539292 0.75299882
v -0.39342895 -0.05764424 0.74229484
v -0.43892926 -0.09036201 0.73239386
v -0.40392959 -0.0916308 0.74783748
v -0.45368737 -0.05184133 0.71268236
v -0.49846357 -0.07590884 0.69097453
v -0.47080642 -0.08493804 0.71368569
v -0.63944202 -0.17464456 0.43441489
v -0.61466687 -0.26156988 0.45371276
v -0.5883556 -0.22033356 0.52941644
v -0.61264902 -0.13713659 0.52082741
v -0.61504101 -0.19632089 0.48564475
v -0.63868409 -0.31156045 0.37520164
v -0.58892548 -0.34830117 0.4668951
v -0.6146093 -0.3286499 0.42339187
v -0.55955869 -0.30210986 0.53535127
v -0.56182569 -0.36848238 0.50580722
v -0.56113183 -0.18749558 0.60190093
v -0.56015455 -0.24159109 0.56806767
v -0.5803647 -0.11850132 0.59582424
v -0.58355909 -0.05433672 0.59175932
v -0.61852699 -0.05409958 0.52654838
v -0.60143137 -0.0908382 0.55893725
v -0.54191964 -0.09836167 0.652956
v -0.55565512 -0.13978748 0.63146793
v -0.50300574 -0.03215492 0.67409819
v -0.54449677 -0.04572518 0.6408047
v -0.52354115 -0.06287291 0.66678667
v -0.53723102 0.0023788 0.62973648
v -0.57267332 0.00323082 0.59139072
v -0.56121957 -0.02382369 0.61514425
v -0.41320177 -0.0257902 0.72640067
v -0.43159344 0.00604623 0.72172939
v -0.46212932 -0.01489729 0.69634354
v -0.43880274 -0.02184968 0.71240431
v -0.38666573 -0.00062118 0.75283324
v -0.38545531 -0.02671533 0.73810875
v -0.38184726 0.04959819 0.76722329
v -0.40925353 0.02575971 0.75135016
v -0.3866167 0.02394569 0.7642011
v -0.42397883 0.05450401 0.74783796
v -0.44804847 0.03655822 0.72056448
v -0.42986431 0.03000253 0.73684322
v -0.49988055 0.00865166 0.65822958
v -0.49528753 0.04848535 0.64883941
v -0.52295005 0.0464448 0.61960929
v -0.51339799 0.02574347 0.63836014
v -0.46864596 0.02157607 0.68700259
v -0.48290911 -0.00476761 0.67829418
v -0.45670893 0.06728208 0.71796786
v -0.47469714 0.0564422 0.68290901
v -0.46248477 0.04547974 0.70195531
v -0.47256454 0.08847189 0.67854577
v -0.48890259 0.08552043 0.64476871
v -0.48230561 0.06970946 0.66263973
v -0.72317028 -0.28833076 0.15368147
v -0.73748356 -0.23404109 0.11313723
v -0.74504452 -0.30741456 0.04350028
v -0.73348158 -0.29488667 0.09514178
v -0.728428 -0.16338999 0.18892684
v -0.7491377 -0.10629337 0.13525548
v -0.75568944 -0.18286348 0.06709119
v -0.74257892 -0.17086288 0.12589305
v -0.78026574 -0.13018105 0.01869459
v -0.78808015 -0.21545881 -0.0210531
v -0.76311051 -0.26431188 0.01356804
v -0.77296739 -0.19896975 0.01906584
v -0.77469605 -0.34374851 -0.02140943
v -0.75638216 -0.32469651 0.00332648
v -0.80841469 -0.29806599 -0.04049211
v -0.82103806 -0.36621668 -0.0649309
v -0.7930547 -0.41512331 -0.04655761
v -0.80026227 -0.35998898 -0.04205606
v -0.82257658 -0.15852554 -0.0569464
v -0.82093375 -0.23767019 -0.07310584
v -0.80860847 -0.2296063 -0.05150692
v -0.79646986 -0.16940568 -0.10731704
v -0.80680817 -0.23727238 -0.11189132
v -0.83444309 -0.30179554 -0.08394855
v -0.81148678 -0.23916842 -0.09173502
v -0.8481298 -0.34799167 -0.09799796
v -0.83559876 -0.40848043 -0.09589902
v -0.83746349 -0.36170584 -0.083157
v -0.66562247 -0.09586078 0.39355254
v -0.68545383 -0.16002988 0.31332993
v -0.66182208 -0.23194713 0.35026782
v -0.66190475 -0.16385373 0.37486234
v -0.71028858 -0.0955433 0.264236
v -0.70744949 -0.22418202 0.23388238
v -0.70834338 -0.15988013 0.25143101
v -0.68667513 -0.29132983 0.26919734
v -0.7073031 -0.28754988 0.21227726
v -0.66360539 -0.29927477 0.32384446
v -0.60365396 0.0152249 0.5436297
v -0.63101244 0.04474274 0.49418395
v -0.65112167 -0.02410692 0.4578576
v -0.62792372 -0.00626988 0.50623971
v -0.55196178 0.05362734 0.58963835
v -0.5765739 0.07047882 0.55375576
v -0.57770383 0.03539837 0.57090199
v -0.56271785 0.11456372 0.57520067
v -0.58664268 0.14276985 0.55319714
v -0.60526114 0.09998297 0.52153217
v -0.58279424 0.10710898 0.55055838
v -0.62853628 0.14091579 0.48822489
v -0.65322202 0.09066944 0.44646647
v -0.63017475 0.09418408 0.48780852
v -0.67553347 0.03162305 0.39818209
v -0.69167596 -0.03103839 0.33584412
v -0.67208874 -0.03033305 0.39899691
v -0.66938072 0.14518207 0.40017697
v -0.69523912 0.09123736 0.34258005
v -0.67415607 0.09007012 0.39749214
v -0.71271097 0.15325029 0.29086273
v -0.73904454 0.09293158 0.21977321
v -0.71781909 0.03077607 0.27797529
v -0.71774476 0.0926519 0.28322976
v -0.73600852 -0.03500499 0.20785167
v -0.71322125 -0.0319318 0.27217268
v -0.53647041 0.09606431 0.59628254
v -0.53525221 0.12702804 0.61843919
v -0.55444824 0.14608845 0.60316824
v -0.54652452 0.12147174 0.59735143
v -0.51103174 0.08696255 0.6178205
v -0.52851718 0.07038282 0.6033926
v -0.48881909 0.11552251 0.65346521
v -0.51276522 0.11784465 0.63481491
v -0.49620345 0.10327091 0.63282454
v -0.51463037 0.1410477 0.65074574
v -0.53108912 0.14892295 0.63954013
v -0.52417433 0.1336289 0.63576829
v -0.5446341 0.23363068 0.66267585
v -0.51797461 0.23762594 0.70116537
v -0.51998996 0.26664477 0.7104789
v -0.55210989 0.26542589 0.66783541
v -0.53417176 0.25126376 0.68570953
v -0.51576483 0.20900499 0.69639974
v -0.49019745 0.20594528 0.73000222
v -0.49119165 0.23430497 0.7383421
v -0.50442379 0.22241842 0.71664476
v -0.46103873 0.22637081 0.76920974
v -0.48851916 0.26178652 0.74911421
v -0.47567355 0.24395564 0.76071459
v -0.52090698 0.29642513 0.72440111
v -0.50300365 0.2791368 0.73708808
v -0.54418796 0.16740582 0.63203501
v -0.55623197 0.19265757 0.62552869
v -0.57226103 0.17278255 0.58926188
v -0.55713588 0.17005719 0.6123349
v -0.52045112 0.159061 0.65956002
v -0.52956032 0.17982804 0.66104149
v -0.53238403 0.16432736 0.64814573
v -0.51020503 0.18270123 0.69135987
v -0.53657513 0.20517091 0.66036278
v -0.52350074 0.19497723 0.67711442
v -0.5687192 0.2235026 0.62114381
v -0.55093497 0.21434071 0.64168155
v -0.6150214 0.29212051 0.55553191
v -0.58925145 0.2998597 0.61833357
v -0.58525341 0.34542334 0.61601537
v -0.61462587 0.3429341 0.5462194
v -0.60262101 0.32072186 0.58441823
v -0.58255636 0.25893586 0.61989116
v -0.55719 0.30028984 0.67521476
v -0.57246941 0.28110611 0.64653307
v -0.55381965 0.34011533 0.681616
v -0.53799581 0.3164339 0.70604652
v -0.57664787 0.39505708 0.61517614
v -0.56499218 0.36655545 0.6502223
v -0.67201936 0.37088805 0.37974384
v -0.63911074 0.39054361 0.46042418
v -0.63719672 0.45488911 0.45249512
v -0.67269426 0.43960315 0.36559417
v -0.6553114 0.41531759 0.41434735
v -0.64101743 0.33031967 0.47319704
v -0.60678994 0.39758855 0.53886783
v -0.62517136 0.36619269 0.50419855
v -0.60081219 0.45710733 0.53569245
v -0.58641076 0.42507898 0.57600927
v -0.63620293 0.5233426 0.44750928
v -0.61733716 0.49010992 0.49277883
v -0.60652792 0.24602468 0.56630891
v -0.59183502 0.20578017 0.57804024
v -0.58852911 0.23382906 0.59670591
v -0.63829189 0.27443528 0.49085956
v -0.62567871 0.22372205 0.51026696
v -0.62226551 0.25973534 0.53053623
v -0.64701801 0.18989753 0.45553633
v -0.60740953 0.17958363 0.53106898
v -0.62663137 0.18418854 0.49555075
v -0.59027403 0.17559775 0.56290751
v -0.70354175 0.33665686 0.29613104
v -0.69860094 0.26844638 0.32485297
v -0.67053556 0.30591225 0.40037605
v -0.68736463 0.32172462 0.35004916
v -0.72700649 0.21855111 0.2459073
v -0.68533128 0.20456321 0.35930582
v -0.70583784 0.21204792 0.30454367
v -0.66203308 0.24529911 0.42601621
v -0.6660065 0.19691731 0.40983888
v -0.65419429 0.28995823 0.44736304
v -0.79772406 0.07395282 -0.0468598
v -0.78615361 0.01105052 0.01455231
v -0.77838784 0.08824932 0.082938
v -0.78657603 0.15750956 0.01788491
v -0.78671366 0.08335341 0.01274528
v -0.80214184 -0.07182443 -0.02937855
v -0.77066397 -0.0495238 0.07594343
v -0.78358143 -0.06001471 0.01658086
v -0.76096922 0.02490039 0.14690683
v -0.75632983 -0.04108114 0.14181342
v -0.7554273 0.15791159 0.1638446
v -0.76069575 0.09134537 0.15311753
v -0.78201085 0.38882416 0.05454763
v -0.77299976 0.30595633 0.07665909
v -0.74362897 0.36399802 0.18043513
v -0.74918687 0.44372093 0.161578
v -0.76284623 0.37661513 0.11824434
v -0.7941119 0.23919351 -0.03259619
v -0.7650032 0.2284986 0.11357445
v -0.7816329 0.2326812 0.04098297
v -0.73572796 0.28855249 0.20820832
v -0.74648541 0.22391575 0.1823197
v -0.70801508 0.40914166 0.27547466
v -0.72303867 0.35069727 0.23986034
v -0.85758173 0.12062773 -0.10392389
v -0.85145366 0.04100387 -0.11339383
v -0.81786692 -0.01108432 -0.07468672
v -0.83294791 0.05897168 -0.08268699
v -0.86552351 0.07856222 -0.18227642
v -0.86435568 0.00988866 -0.15151554
v -0.84466809 -0.03676822 -0.1204997
v -0.84950095 0.02738646 -0.14188882
v -0.80733192 -0.1131725 -0.14085772
v -0.83176022 -0.09489186 -0.08700949
v -0.80394446 -0.09109274 -0.10803714
v -0.82500952 -0.08412634 -0.06377711
v -0.85371696 -0.27439433 -0.10949239
v -0.85920918 -0.30077129 -0.1252394
v -0.85718607 -0.36873981 -0.11898984
v -0.85607928 -0.32697868 -0.11141748
v -0.7819783 -0.18642064 -0.16655047
v -0.82806259 -0.22615656 -0.14993929
v -0.81416499 -0.23121224 -0.13121099
v -0.83776038 -0.18234051 -0.20469255
v -0.85402554 -0.21077376 -0.20405533
v -0.86204344 -0.23983824 -0.14215952
v -0.83866512 -0.22038199 -0.17778582
v -0.8755899 -0.2559387 -0.14665956
v -0.868142 -0.30412602 -0.14090021
v -0.86625981 -0.27475681 -0.1346637
v -0.89056944 0.03682343 -0.19922669
v -0.88691794 -0.0371598 -0.17906884
v -0.83995425 -0.06323043 -0.17518423
v -0.87659335 -0.01326252 -0.16304843
v -0.91673952 -0.02422025 -0.22122477
v -0.92398864 -0.07493265 -0.22353689
v -0.86930698 -0.09579665 -0.21165511
v -0.90306049 -0.05937599 -0.19969947
v -0.88496589 -0.1417707 -0.22237207
v -0.83807337 -0.1340247 -0.18667963
v -0.84941452 -0.1379804 -0.22008507
v -0.82326602 -0.1269191 -0.16149537
v -0.90282911 -0.36775475 -0.23207272
v -0.91969955 -0.2937062 -0.28120857
v -0.95076346 -0.2670941 -0.33466023
v -0.91737169 -0.35473677 -0.29936525
v -0.92933291 -0.3223665 -0.28588977
v -0.90233027 -0.30084642 -0.22871245
v -0.91832137 -0.25393053 -0.25148853
v -0.93690341 -0.236128 -0.31163078
v -0.91522699 -0.27075472 -0.27196833
v -0.93676728 -0.19128175 -0.31909564
v -0.98117423 -0.15376928 -0.35525816
v -0.97055393 -0.20213727 -0.35418179
v -0.96268063 -0.19754168 -0.33782333
v -0.98082542 -0.14325738 -0.39553389
v -0.94023078 -0.20124423 -0.3760105
v -0.96237278 -0.20552384 -0.37046769
v -1.01591682 -0.02215269 -0.4084208
v -1.02698028 0.00382451 -0.37338176
v -1.0247364 0.06045975 -0.35929718
v -1.02287542 0.02696768 -0.3927496
v -1.0092237 -0.09474958 -0.3861905
v -1.00215745 -0.08128257 -0.40941333
v -0.96790564 -0.11752622 -0.3466604
v -1.00609123 -0.05966433 -0.3643603
v -0.99660724 -0.10657019 -0.36323595
v -0.97743684 -0.03989812 -0.35136771
v -0.98737776 0.01031114 -0.3569661
v -1.00196754 -0.01872191 -0.36344805
v -0.80909699 0.18842007 -0.14479298
v -0.88213306 0.18117465 -0.2327511
v -0.91458243 0.13795879 -0.18427227
v -0.87166482 0.17138174 -0.15348495
v -0.82581341 0.19666159 -0.27720099
v -0.96653533 0.17238648 -0.3195773
v -0.8792389 0.15532788 -0.29597976
v -0.97851908 0.10478046 -0.32885593
v -0.96078735 0.13096994 -0.26352444
v -0.99763745 0.13165 -0.32002186
v -0.92459249 0.09501052 -0.22094784
v -0.91825145 0.11218667 -0.21300886
v -0.96972852 0.06102404 -0.34064844
v -0.9473049 0.09161128 -0.2880508
v -0.9734956 0.08518238 -0.33755323
v -0.96784013 -0.01825044 -0.32913237
v -0.96740019 0.01787748 -0.28997153
v -0.96796178 0.02267918 -0.33575442
v -0.94593137 -0.04091704 -0.25369116
v -0.93891269 0.041682 -0.23891252
v -0.94438046 0.00099291 -0.24814792
v -0.9328795 0.07372725 -0.22930833
v -0.80231457 0.30074477 -0.40648782
v -0.79857325 0.40663459 -0.41303384
v -0.76953458 0.33909869 -0.49718946
v -0.78836602 0.31957441 -0.45197376
v -0.82057374 0.27175468 -0.30262804
v -0.82106745 0.36997732 -0.31329235
v -0.81300872 0.28313484 -0.35747918
v -0.82992798 0.4402574 -0.20180526
v -0.83034324 0.53961551 -0.2051028
v -0.82004892 0.47429814 -0.31472739
v -0.82819104 0.45657905 -0.25977277
v -0.81006187 0.57572078 -0.31987983
v -0.78660047 0.51209926 -0.42066168
v -0.8062126 0.49270588 -0.36782059
v -0.81695818 0.26257875 -0.17440357
v -0.82352501 0.34402465 -0.19514358
v -0.82251489 0.27003756 -0.24153457
v -0.80527097 0.32516789 -0.0597281
v -0.80628997 0.2521018 -0.10397562
v -0.79019117 0.47514718 0.04077871
v -0.81425112 0.41310116 -0.07543627
v -0.79954153 0.40095347 -0.01019152
v -0.82020264 0.50606763 -0.08377839
v -0.82505673 0.42591369 -0.13988116
v -0.65491551 0.59687203 -0.63852071
v -0.6852144 0.48933613 -0.61500412
v -0.73255699 0.5535953 -0.52801919
v -0.70411419 0.65791344 -0.54481178
v -0.6975066 0.57515877 -0.58339899
v -0.62332743 0.42409533 -0.68815183
v -0.70915567 0.38107064 -0.59050458
v -0.66934573 0.40260508 -0.63916355
v -0.7543351 0.44693347 -0.51225817
v -0.74283391 0.35973984 -0.5432828
v -0.76562857 0.61526089 -0.43173512
v -0.76173174 0.53250002 -0.47382921
v -0.58919662 0.53213334 -0.71916872
v -0.51233208 0.46689194 -0.78736269
v -0.57136535 0.44560429 -0.73752731
v -0.61430949 0.70268249 -0.65820097
v -0.54327011 0.63966453 -0.74484884
v -0.60391342 0.61842513 -0.6925373
v -0.48229593 0.7457292 -0.76461356
v -0.39149367 0.67903482 -0.84026271
v -0.45926654 0.5735448 -0.81767541
v -0.47200164 0.65998709 -0.79425716
v -0.36950534 0.50653606 -0.88114941
v -0.44528508 0.48732361 -0.83597976
v -0.30929237 0.78130602 -0.85153025
v -0.20729965 0.71030813 -0.91583013
v -0.29522797 0.61076122 -0.90583527
v -0.30352625 0.69661486 -0.8832885
v -0.10697634 0.80329877 -0.90176266
v 0.00057009 0.71971958 -0.93580174
v -0.10160072 0.63201928 -0.95343244
v -0.10465343 0.71766662 -0.93180668
v 0.00020186 0.54656875 -0.97193801
v -0.19442892 0.53719198 -0.95157724
v -0.09828022 0.54453557 -0.96759456
v -0.28567865 0.52392542 -0.9216184
v -0.213711 0.87994152 -0.84305489
v -0.10868903 0.97501009 -0.81376975
v 0.00103642 0.89243799 -0.8669098
v -0.10820193 0.8899942 -0.86245316
v -0.40489292 0.84746831 -0.77177453
v -0.31298279 0.94341188 -0.75946366
v -0.31224733 0.86408549 -0.80987066
v -0.40259593 0.99705141 -0.66400182
v -0.30329409 1.08450162 -0.62695699
v -0.21257086 1.03776502 -0.72830361
v -0.31089702 1.01729202 -0.69828897
v -0.10451303 1.12053084 -0.66737866
v 0.00132236 1.05581271 -0.75397956
v -0.10781969 1.05217397 -0.7485376
v -0.56023806 0.80699104 -0.67454731
v -0.49053722 0.90677523 -0.68055427
v -0.48884695 0.82891482 -0.72702056
v -0.66634231 0.75895208 -0.55989539
v -0.61745113 0.85824513 -0.57301873
v -0.61868912 0.78302276 -0.61790603
v -0.65380758 0.90055131 -0.46792265
v -0.59692835 0.9878599 -0.47019025
v -0.55436915 0.95238697 -0.57594513
v -0.61058956 0.92707806 -0.52366071
v -0.47260719 1.036417 -0.55834531
v -0.48475828 0.97567707 -0.62330442
v -0.73699212 0.71407276 -0.44423213
v -0.69989204 0.80879122 -0.45677253
v -0.70468193 0.73581284 -0.50163358
v -0.78867626 0.67381179 -0.33037337
v -0.7576369 0.76686686 -0.34239897
v -0.76502037 0.69367939 -0.38759371
v -0.76214474 0.81517136 -0.23863031
v -0.72011131 0.89640963 -0.25224775
v -0.71741884 0.854083 -0.35415232
v -0.74207323 0.83415401 -0.29692438
v -0.67047387 0.93678653 -0.3649708
v -0.68845766 0.87603712 -0.41112637
v -0.76539427 0.82474339 -0.01264284
v -0.78749746 0.77838647 -0.1189752
v -0.8111009 0.69076836 -0.10419678
v -0.78885012 0.74013376 0.00355849
v -0.79157328 0.75968915 -0.05774552
v -0.75261026 0.86075186 -0.13413786
v -0.7955994 0.7281602 -0.22539289
v -0.77760785 0.79675972 -0.17928208
v -0.81871956 0.63578343 -0.21324867
v -0.80698591 0.65450173 -0.27229076
v -0.82207024 0.59953516 -0.09207475
v -0.82389569 0.61751562 -0.15307939
v -0.79564732 0.56336861 0.02954732
v -0.79751724 0.6522606 0.01782567
v -0.81101942 0.58142423 -0.03123123
v -0.75526905 0.52636444 0.14801873
v -0.75903374 0.61076659 0.13580168
v -0.77749013 0.54520189 0.0897049
v -0.71585148 0.64621424 0.23758347
v -0.71665614 0.73085123 0.22740261
v -0.75970363 0.69634127 0.12318499
v -0.73819178 0.67223042 0.18093189
v -0.75278616 0.78272819 0.10943599
v -0.77771806 0.71908068 0.06407257
v -0.63355875 0.59748226 0.44335514
v -0.67484206 0.58768934 0.34738719
v -0.67368382 0.51164829 0.35567313
v -0.65516001 0.5560311 0.39885321
v -0.67407548 0.66841334 0.33954194
v -0.71375376 0.56433773 0.24854151
v -0.6946873 0.61789012 0.29326286
v -0.7109611 0.4851323 0.26053783
v -0.73218572 0.50634145 0.20486559
v -0.69129335 0.4628697 0.31431481
v -0.62801837 0.67773789 0.43909525
v -0.61919134 0.76215469 0.43472001
v -0.67030775 0.75342345 0.33197376
v -0.64909303 0.71670645 0.38678693
v -0.58084499 0.67503303 0.53668439
v -0.60794937 0.63724094 0.48899814
v -0.50669121 0.74100434 0.62780892
v -0.56552171 0.75827306 0.53467333
v -0.54896676 0.71023488 0.58452719
v -0.53493142 0.84081435 0.52459543
v -0.59855836 0.84734964 0.42582085
v -0.58214336 0.80414015 0.48173949
v -0.56332624 0.92977386 0.40929237
v -0.62912434 0.92319113 0.30641749
v -0.65769434 0.83955496 0.32230174
v -0.61509341 0.88748395 0.36752411
v -0.58140915 0.99834585 0.28168216
v -0.64315813 0.97799289 0.17837093
v -0.6862241 0.90162289 0.20045469
v -0.63822913 0.95317077 0.24273583
v -0.73097026 0.86687922 0.09346237
v -0.70929372 0.81721365 0.21616777
v -0.72304856 0.84391009 0.1552677
v -0.69110715 0.78700435 0.27513998
v -0.72976464 0.90462029 -0.02983011
v -0.68388479 0.97838223 -0.04889378
v -0.70897012 0.93766224 -0.1503642
v -0.72155368 0.92133009 -0.09057237
v -0.69392651 0.94545304 0.0745764
v -0.73320221 0.88679897 0.03170456
v -0.5882557 1.04602849 0.15198881
v -0.64412331 1.01650059 0.05230018
v -0.64527636 0.99886059 0.11498171
v -0.58681023 1.0796175 0.02524416
v -0.62972658 1.04350209 -0.07103448
v -0.63866192 1.03103411 -0.00988673
v -0.57341867 1.10020279 -0.09894038
v -0.60453057 1.06578517 -0.18621021
v -0.65842902 1.0070635 -0.16785329
v -0.61831647 1.05493974 -0.13038826
v -0.55484837 1.11192059 -0.20831355
v -0.564785 1.09018504 -0.27549979
v -0.61861407 1.03703129 -0.27464005
v -0.58750546 1.07613277 -0.23594354
v -0.61643397 1.01333308 -0.36858233
v -0.6720792 0.97167295 -0.26539921
v -0.64714974 0.99085116 -0.31889963
v -0.69253844 0.95428115 -0.20900191
v -0.52317571 1.06454277 -0.45334702
v -0.44016963 1.13450408 -0.41685274
v -0.37994438 1.11490917 -0.52073276
v -0.45631441 1.08932912 -0.48878666
v -0.55213111 1.07968103 -0.35626849
v -0.57632708 1.03890001 -0.41349902
v -0.51895773 1.1373465 -0.25068178
v -0.48583132 1.14218354 -0.32346707
v -0.53150129 1.11320817 -0.30229309
v -0.4168384 1.20044088 -0.26965281
v -0.357786 1.20264959 -0.36274725
v -0.42720601 1.1725794 -0.34383171
v -0.19925057 1.1677165 -0.5703969
v -0.09698765 1.23744678 -0.49735966
v 0.0014044 1.18834531 -0.58818334
v -0.09988091 1.18326664 -0.58374661
v -0.28464695 1.19208741 -0.46628308
v -0.29301995 1.14208865 -0.54868161
v -0.27143079 1.26262784 -0.29060441
v -0.18787874 1.25762295 -0.39409127
v -0.2778044 1.23339724 -0.38019409
v -0.09158951 1.30114495 -0.30683851
v 0.00090842 1.28583514 -0.4092237
v -0.09399884 1.27550399 -0.40447655
v -0.3312878 1.25209951 -0.0350308
v -0.40421387 1.22050964 -0.12029023
v -0.46569177 1.18315386 -0.05819767
v -0.39913058 1.21123325 0.02876103
v -0.40163451 1.21935141 -0.04535878
v -0.34042513 1.24586975 -0.1969518
v -0.46839827 1.18246066 -0.19409419
v -0.40914022 1.21546196 -0.1949674
v -0.51896858 1.14774453 -0.13793063
v -0.51648467 1.14738917 -0.19659465
v -0.52690243 1.13572287 -0.01034988
v -0.52297204 1.14339256 -0.07531802
v -0.00021483 1.32284903 -0.01201388
v -0.08914524 1.32112479 -0.10813988
v -0.17348614 1.30295014 -0.01913723
v -0.0865118 1.30832231 0.07499283
v -0.08798731 1.31726479 -0.01404777
v 0.00015145 1.32504963 -0.20911259
v -0.17954345 1.29969024 -0.20292362
v -0.09027954 1.31675469 -0.20664764
v -0.25863251 1.28086984 -0.11190485
v -0.26364901 1.27428484 -0.19961941
v -0.25101912 1.27151024 0.05646994
v -0.25514027 1.28110897 -0.02627073
v -0.3201113 1.19454491 0.26775962
v -0.39374265 1.18163991 0.17258466
v -0.46099251 1.12778031 0.21614456
v -0.39194619 1.14152979 0.31503185
v -0.3923383 1.16312778 0.24362087
v -0.32354787 1.22907424 0.11942411
v -0.46525859 1.16382944 0.08019574
v -0.39619299 1.19797813 0.10116538
v -0.52861124 1.10830974 0.12048597
v -0.5291146 1.12435352 0.05515314
v -0.52414697 1.06661236 0.25160825
v -0.52641189 1.08879506 0.18560814
v -0.31137853 1.05761265 0.5496127
v -0.38718381 1.0768063 0.45516884
v -0.44622352 1.00250518 0.48635032
v -0.37524607 0.98496705 0.58312642
v -0.38117092 1.03277182 0.52033907
v -0.31946003 1.14324152 0.41472873
v -0.45772159 1.07859861 0.3538798
v -0.39102578 1.11378908 0.38647738
v -0.51543676 1.00707805 0.3851155
v -0.52115756 1.04004156 0.31877437
v -0.49518048 0.92288768 0.50891023
v -0.50690931 0.96802753 0.4490292
v -0.46979278 0.82172215 0.61787957
v -0.42668288 0.90407967 0.60423988
v -0.48213815 0.87348657 0.56480741
v -0.40368959 0.79193836 0.70469337
v -0.45672375 0.76756906 0.66669613
v -0.28355324 0.82951539 0.76513195
v -0.35776257 0.87410116 0.69307345
v -0.3465937 0.81328469 0.73878961
v -0.30132263 0.95325571 0.6705628
v -0.36750939 0.93187081 0.64108902
v -0.14644688 0.85146439 0.8017764
v -0.2242117 0.90754616 0.74348449
v -0.21663224 0.84213215 0.78603559
v 0.00014877 0.85920584 0.81501728
v -0.07641486 0.92488592 0.77101695
v -0.07386589 0.85724079 0.8115946
v 0.00011969 0.99341094 0.72883564
v -0.08008351 1.04997062 0.66851228
v -0.15592458 0.98280805 0.71300756
v -0.07866499 0.99077475 0.72479802
v -0.23453149 1.02666437 0.63719594
v -0.23033961 0.97000724 0.69432497
v -0.24037654 1.12374985 0.50672346
v -0.16338644 1.18053436 0.4531238
v -0.24425821 1.19811666 0.36358195
v -0.2430827 1.16545236 0.43704769
v -0.16025506 1.09179008 0.59182894
v -0.23743268 1.07722938 0.57358801
v 0.00001529 1.10543155 0.60846972
v -0.08144319 1.14811408 0.53491765
v -0.08079411 1.10146105 0.60380107
v -0.00000709 1.19360792 0.46727708
v -0.0827665 1.22595405 0.38968807
v -0.08212331 1.18984234 0.4633468
v -0.00009226 1.26069998 0.31859192
v -0.0843584 1.27914154 0.23778565
v -0.16561806 1.24399912 0.30455979
v -0.083521 1.25594198 0.3146646
v -0.00019066 1.29927551 0.16152469
v -0.16848404 1.28256142 0.14932104
v -0.08539231 1.29662215 0.15847791
v -0.24572661 1.24239265 0.21278575
v -0.24776266 1.25820493 0.13573865
v -0.24471299 1.22279512 0.28854033
v -0.93328744 -0.11053654 -0.2463155
v -0.94053417 -0.13535952 -0.27003428
v -0.9017176 -0.16505229 -0.22334052
v -0.9190523 -0.13977235 -0.23589673
v -0.95801377 -0.07055389 -0.28718116
v -0.94344902 -0.0778253 -0.25201368
v -0.95903176 -0.09338261 -0.31986787
v -0.96652108 -0.05656927 -0.32417798
v -0.9396134 -0.15852506 -0.29721358
v -0.94929814 -0.12782204 -0.3119986
v -0.92646741 -0.21383617 -0.24885819
v -0.91839438 -0.18335454 -0.23417271
v -0.93331277 -0.18584601 -0.27478796
v -0.89986372 -0.28155374 -0.20141649
v -0.90025246 -0.24324545 -0.19046042
v -0.91415083 -0.24497267 -0.22068986
v -0.87991678 -0.28478118 -0.15804261
v -0.88048523 -0.219997 -0.19230093
v -0.88683587 -0.24688862 -0.16489259
v -0.88469904 -0.19240438 -0.21459941
v -0.88866812 -0.35398933 -0.19114895
v -0.88439667 -0.32195723 -0.16977277
v -0.89167857 -0.31693118 -0.19519712
v -0.86654764 -0.43384176 -0.19241733
v -0.87129086 -0.40184116 -0.15742886
v -0.88722658 -0.3942461 -0.18753638
v -0.85309076 -0.42082542 -0.12795643
v -0.86770957 -0.35594558 -0.14402231
v -0.86112505 -0.39360272 -0.13560298
v -0.87552517 -0.31853002 -0.15185771
v -0.15587772 -0.23068115 0.9562692
v -0.14246115 -0.18377529 0.96791154
v -0.15142944 -0.20214161 0.93183153
v -0.13636122 -0.26777571 0.98247182
v -0.13795369 -0.2487827 1.0047785
v -0.15031166 -0.25544461 0.97397327
v -0.09219819 -0.25615122 1.03165924
v -0.13610468 -0.20840659 1.02781033
v -0.12006708 -0.24310366 1.03527617
v -0.12958024 -0.1718588 1.00637567
v -0.80291074 -0.44795325 -0.09931264
v -0.74886208 -0.42950955 -0.12030499
v -0.76825016 -0.44050198 -0.07974049
v -0.81806379 -0.44248619 -0.15299728
v -0.8356719 -0.44202348 -0.11626552
v -0.83655357 -0.39546448 -0.22597919
v -0.79420697 -0.41890662 -0.17056597
v -0.81662166 -0.42126184 -0.18376274
v -0.7657935 -0.37466833 -0.20486624
v -0.75233042 -0.40789455 -0.15803535
v -0.82411408 -0.32555332 -0.26684427
v -0.81499493 -0.25704309 -0.31776502
v -0.78310221 -0.32089385 -0.26296523
v -0.89199733 -0.27239927 -0.33789172
v -0.86075472 -0.34064683 -0.28508776
v -0.89435946 -0.19529168 -0.36991378
v -0.92128258 -0.1985529 -0.37662896
v -0.85050523 -0.18663291 -0.36079785
v -0.0488512 -0.25969323 1.00791025
v -0.0411539 -0.2533386 0.97384506
v -0.04384833 -0.27079254 1.00739705
v -0.10789916 -0.26536727 0.99823772
v -0.07364853 -0.25659507 1.02343595
v -0.09412459 -0.27476766 0.95322424
v -0.12798327 -0.27753362 0.97386097
v -0.04819633 -0.2471573 0.92899692
v -0.02709763 -0.58361637 0.97156101
v -0.05608072 -0.59287715 0.96343302
v -0.02979518 -0.60383766 0.96319508
v 0.00005897 -0.59288746 0.9701997
v -0.02857922 -0.59318727 0.96893668
v -0.07786735 -0.58331596 0.95859938
v -0.10544943 -0.59022557 0.94207918
v -0.08565194 -0.60138368 0.94820475
v -0.08189492 -0.5920673 0.95475399
v -0.11436538 -0.60856002 0.92464667
v -0.0599647 -0.61279034 0.9453786
v -0.08841739 -0.61137914 0.93718349
v 0.00001053 -0.61478179 0.95229399
v -0.03040844 -0.61433321 0.95082032
v -0.05009899 -0.57300961 0.96797597
v -0.06916302 -0.56052386 0.95819711
v -0.09674358 -0.57275885 0.94757318
v -0.07382562 -0.57310783 0.96034342
v 0.00011186 -0.57248777 0.97369176
v -0.02322018 -0.56107741 0.97057747
v -0.02537905 -0.57289576 0.97225987
v 0.00013164 -0.5510503 0.97036409
v -0.0199489 -0.54386735 0.96858638
v -0.04263319 -0.55044144 0.96359694
v -0.02144203 -0.55105489 0.96877789
v -0.06113522 -0.54183214 0.95499914
v -0.08750818 -0.55024433 0.94126439
v -0.06399224 -0.54935234 0.95461988
v -0.12165458 -0.58032929 0.92892468
v -0.14372795 -0.5867387 0.90587246
v -0.13147105 -0.59624266 0.91803884
v -0.12618753 -0.58808207 0.92515683
v -0.15367914 -0.57978832 0.88904345
v -0.1689431 -0.58420491 0.86778807
v -0.16489897 -0.59277176 0.87886279
v -0.15815824 -0.58564251 0.88627219
v -0.18844991 -0.60194706 0.84965783
v -0.1559733 -0.60346382 0.88887536
v -0.1723703 -0.60210007 0.86899566
v -0.13638298 -0.60564005 0.90747177
v -0.11120596 -0.54690867 0.92278534
v -0.13575904 -0.5581876 0.8991695
v -0.114655 -0.56162828 0.92513525
v -0.11215782 -0.55206257 0.92165488
v -0.1553519 -0.55876469 0.87334632
v -0.17256166 -0.56668889 0.84839147
v -0.15362185 -0.56715488 0.87840521
v -0.15471908 -0.56192117 0.87342381
v -0.16547541 -0.57552927 0.8656823
v -0.13726198 -0.57245546 0.90719848
v -0.15272054 -0.57388883 0.88512378
v -0.1181484 -0.57160693 0.9288609
v -0.06712938 -0.52329623 0.9740554
v -0.04729523 -0.51811081 0.98675811
v -0.07287282 -0.50607109 0.98341649
v -0.09074516 -0.51817137 0.96633637
v -0.06977914 -0.51590973 0.97837996
v -0.02234319 -0.52758777 0.98704075
v 0.00019334 -0.52391046 0.99292433
v -0.02490976 -0.51432007 0.99507975
v -0.0233751 -0.52198201 0.99100095
v 0.00023505 -0.5072354 1.00166487
v -0.05433765 -0.49343195 0.99742895
v -0.02762301 -0.50223332 1.00027179
v -0.09687414 -0.49818649 0.97190851
v -0.07664157 -0.49202451 0.98749786
v -0.04320383 -0.53063309 0.97822904
v -0.02049612 -0.53575199 0.97845614
v 0.00017572 -0.53313821 0.98570215
v -0.02141048 -0.53200477 0.98310434
v -0.08668174 -0.52967762 0.95731455
v -0.06271471 -0.53362733 0.96477252
v -0.06479056 -0.52907306 0.96973657
v -0.08463118 -0.53937465 0.94628715
v -0.04015623 -0.5384376 0.96805989
v -0.06134134 -0.5377196 0.95962584
v 0.0001552 -0.5400238 0.97583121
v -0.01984084 -0.53934866 0.97327262
v -0.14704766 -0.53791904 0.90726548
v -0.13190031 -0.52700913 0.92871701
v -0.1544587 -0.53129762 0.90569144
v -0.16298613 -0.54140782 0.88947582
v -0.14935122 -0.5342468 0.90826922
v -0.10983566 -0.52713429 0.94573426
v -0.11395747 -0.51568555 0.95076113
v -0.11129435 -0.52189195 0.94905275
v -0.1407631 -0.51524907 0.92543733
v -0.11796641 -0.50604224 0.9504404
v -0.17830957 -0.5362069 0.87810939
v -0.16152252 -0.5263369 0.90133279
v -0.13064231 -0.53788334 0.9202305
v -0.10888936 -0.53838706 0.9330368
v -0.10927869 -0.53263998 0.94022691
v -0.16263714 -0.54711639 0.88333171
v -0.15082083 -0.55065757 0.88905543
v -0.14827738 -0.54381609 0.89997124
v -0.17226792 -0.55915522 0.85747683
v -0.13260737 -0.55117517 0.90320968
v -0.15333341 -0.55606991 0.87896448
v -0.10948742 -0.54382181 0.92638862
v -0.18105794 -0.55511546 0.85445511
v -0.20302765 -0.56647855 0.82252186
v -0.19188571 -0.56802725 0.82808971
v -0.18757903 -0.56212306 0.83875364
v -0.18239103 -0.54772859 0.86273443
v -0.17326951 -0.54796981 0.87167453
v -0.20402205 -0.55738025 0.83155345
v -0.19212804 -0.54594385 0.85524082
v -0.23071755 -0.58482742 0.79245388
v -0.21863599 -0.57103186 0.80864948
v -0.18478503 -0.57854563 0.83691489
v -0.1911585 -0.59035182 0.83999651
v -0.1771319 -0.58088547 0.85106402
v -0.21074375 -0.5857976 0.80906122
v -0.18972614 -0.57410723 0.82628256
v -0.22355373 -0.60306459 0.8091849
v -0.23310418 -0.59779745 0.79374969
v -0.20650309 -0.60263633 0.82935625
v -0.24565361 0.17988087 0.7769131
v -0.22141826 0.17229625 0.7827323
v -0.23696163 0.19726343 0.79947906
v -0.2628577 0.19039443 0.79904574
v -0.24252691 0.18185958 0.79166263
v -0.20737454 0.16298633 0.75094068
v -0.18473495 0.15720544 0.76116442
v -0.1948333 0.17986264 0.77819311
v -0.20140071 0.16415084 0.77210563
v -0.16841632 0.18023717 0.78204345
v -0.20875017 0.20017693 0.80350512
v -0.18806722 0.18989633 0.7930516
v -0.25080573 0.22119437 0.81843888
v -0.22928102 0.21152773 0.81234377
v -0.20897974 0.1455605 0.74115437
v -0.22483947 0.13433104 0.77055043
v -0.19366926 0.12502361 0.76102888
v -0.17900812 0.13950824 0.74766677
v -0.20048867 0.13518151 0.75300532
v -0.25156131 0.13810928 0.77328616
v -0.2705011 0.1253328 0.79393476
v -0.2440603 0.11479495 0.78570824
v -0.24827364 0.13083356 0.78531467
v -0.26357391 0.08857558 0.7890774
v -0.21069555 0.10303404 0.77172261
v -0.23735453 0.09557607 0.78112262
v -0.16321598 0.11666379 0.7513507
v -0.18531903 0.10986623 0.76201587
v -0.28946542 0.13125345 0.78849035
v -0.31163984 0.11971284 0.79953408
v -0.29113522 0.10349109 0.79907846
v -0.29147595 0.12136288 0.79821687
v -0.32399231 0.13084784 0.78990298
v -0.34819579 0.1208702 0.79389661
v -0.33406588 0.10024332 0.79532653
v -0.33075422 0.11986444 0.7980597
v -0.35588717 0.07599964 0.77861821
v -0.31264743 0.07966481 0.79125249
v -0.33492022 0.07744707 0.78551232
v -0.28879737 0.08321764 0.79290998
v -0.35419079 0.1351781 0.7821514
v -0.37944474 0.12552376 0.78326952
v -0.37124577 0.10121214 0.78263253
v -0.36431044 0.12299587 0.78892934
v -0.37877255 0.13907739 0.7693879
v -0.40487557 0.1311834 0.76956939
v -0.40406698 0.1060481 0.76839661
v -0.39341616 0.12842737 0.77692955
v -0.43053188 0.08433327 0.74606478
v -0.39527556 0.07745597 0.7644816
v -0.41372621 0.0803497 0.75632828
v -0.37596398 0.07585857 0.77169245
v -0.39667049 0.1435399 0.75995457
v -0.42285361 0.13664819 0.75307273
v -0.42936551 0.11287336 0.74853009
v -0.41404709 0.13372829 0.76199978
v -0.41156339 0.15071269 0.74860644
v -0.44334843 0.14404384 0.72339469
v -0.44639524 0.12274599 0.71752458
v -0.43142733 0.13992585 0.74015533
v -0.46396812 0.11727412 0.67732185
v -0.45636874 0.09663158 0.71677589
v -0.46084463 0.10548903 0.69640904
v -0.44541662 0.08956711 0.73330909
v -0.37415814 0.18643809 0.78100782
v -0.36773648 0.19777086 0.79500263
v -0.38742399 0.21493895 0.78113865
v -0.39498686 0.1890268 0.7813059
v -0.38183841 0.1938454 0.78825861
v -0.34725731 0.19576239 0.79138642
v -0.33537375 0.20239822 0.80514001
v -0.3539755 0.21984571 0.79620623
v -0.35231185 0.20082791 0.80082768
v -0.34043741 0.23302058 0.8140034
v -0.38363739 0.2291294 0.80231553
v -0.36235582 0.23172584 0.80872643
v -0.42307633 0.2198655 0.7822355
v -0.40400275 0.22559481 0.79336226
v -0.41229641 0.16542741 0.75217217
v -0.41890242 0.1763968 0.76404863
v -0.44157725 0.18810878 0.7309516
v -0.44379168 0.16229124 0.73334729
v -0.43066024 0.16949066 0.75170689
v -0.39476856 0.1759285 0.76910662
v -0.41514536 0.20511564 0.75901538
v -0.4075354 0.18302652 0.77374196
v -0.45521569 0.20258587 0.75267392
v -0.44002151 0.21246203 0.76840049
v -0.48139065 0.18132279 0.71700996
v -0.46860742 0.19229678 0.73465782
v -0.31569001 0.19565729 0.79960513
v -0.30058014 0.19956919 0.8079257
v -0.31686711 0.21923507 0.80698752
v -0.3179616 0.20197737 0.80749005
v -0.283174 0.19042126 0.79273307
v -0.2782503 0.21125491 0.8111059
v -0.28236666 0.19630181 0.80453598
v -0.29597261 0.23154553 0.82136869
v -0.27340784 0.22802586 0.82123518
v -0.31822669 0.23293119 0.81862694
v -0.13651196 0.15733631 0.76905423
v -0.13150003 0.13721813 0.75696307
v -0.12335421 0.14529898 0.77109342
v -0.16028352 0.16143126 0.75975084
v -0.15143139 0.16907531 0.77347844
v -0.15690852 0.13986174 0.7468037
v -0.17043307 0.14925847 0.75267756
v -0.14445976 0.12634159 0.74845469
v -0.46682408 0.16745644 0.69571638
v -0.46502926 0.14252407 0.68667173
v -0.45698437 0.1524195 0.71072107
v -0.49969723 0.1608868 0.68125492
v -0.49239516 0.17017032 0.69964104
v -0.48999187 0.14187534 0.66535961
v -0.50647676 0.15093824 0.66478812
v -0.47701129 0.12971256 0.6694411
v -0.31061142 0.16324167 0.79952865
v -0.29653683 0.16964106 0.79764354
v -0.31141421 0.1785957 0.80008316
v -0.32623305 0.17186886 0.80022013
v -0.3107011 0.17104594 0.80019235
v -0.28448018 0.16157254 0.79277962
v -0.27381685 0.1653856 0.78827184
v -0.28309124 0.17425566 0.79304277
v -0.28427746 0.16779394 0.79337012
v -0.26614484 0.17892609 0.78446096
v -0.29742619 0.18484816 0.79717433
v -0.28202527 0.18186803 0.79215645
v -0.32890069 0.1883943 0.79820048
v -0.31285998 0.18726441 0.79920923
v -0.36627647 0.16327782 0.78419995
v -0.35567653 0.17048518 0.79102212
v -0.36831232 0.17223714 0.78379905
v -0.37464073 0.16400799 0.77884548
v -0.36664283 0.16748979 0.78448677
v -0.34205988 0.1647939 0.79616493
v -0.34280061 0.17874562 0.79626911
v -0.34183105 0.17186093 0.79670989
v -0.35936883 0.18389432 0.7888453
v -0.34493592 0.18725708 0.79436492
v -0.38035118 0.17321948 0.77613413
v -0.37111774 0.17883423 0.78241467
v -0.35675287 0.15843287 0.7889316
v -0.34557762 0.15063455 0.79204553
v -0.32761555 0.15609997 0.79792046
v -0.34322074 0.15745575 0.79463738
v -0.3752045 0.15894053 0.77761119
v -0.37001261 0.15330904 0.77980238
v -0.36744639 0.15867003 0.78266507
v -0.38299882 0.14884662 0.76988625
v -0.36252951 0.14599688 0.78215777
v -0.3738113 0.14763373 0.77573579
v -0.33455035 0.14112806 0.79208511
v -0.34937605 0.14357572 0.78797245
v -0.29685536 0.15420615 0.795565
v -0.28437316 0.14758658 0.78982621
v -0.27362409 0.15654918 0.78690671
v -0.28417125 0.15449279 0.79128569
v -0.31422942 0.1473851 0.79625654
v -0.31165233 0.15491299 0.79810285
v -0.30206701 0.13912069 0.79279494
v -0.318486 0.13954418 0.79380893
v -0.26956102 0.14294643 0.78257685
v -0.28586882 0.14020519 0.78890013
v 0.12114182 -2.08245372 -1.05444693
v 0.24014197 -2.08562278 -0.95349115
v 0.11802378 -2.08865833 -0.8568595
v 0.11824028 -2.08563017 -0.95322215
v 0.36502218 -2.0826652 -1.04770016
v 0.48795568 -2.08597135 -0.94240212
v 0.3597728 -2.08882927 -0.8514471
v 0.36265832 -2.08574175 -0.94968932
v 0.47757056 -2.09203648 -0.74923229
v 0.34845081 -2.09489178 -0.65837609
v 0.23413117 -2.09178876 -0.75716435
v 0.35419097 -2.09187769 -0.75434207
v 0.11473332 -2.09476709 -0.66234576
v 0.11651397 -2.09173226 -0.75902009
v 0.49562352 -2.07399749 -1.32354569
v 0.36858454 -2.07667779 -1.2382996
v 0.24779304 -2.07366013 -1.33436799
v 0.37389493 -2.06654739 -1.42541658
v 0.37137788 -2.07376813 -1.33090364
v 0.49154868 -2.07983946 -1.13764905
v 0.2439786 -2.07948637 -1.14891028
v 0.36666587 -2.07961797 -1.14470684
v 0.1228367 -2.07649397 -1.24413847
v 0.12191798 -2.0794332 -1.1505897
v 0.12532755 -2.05716347 -1.41834604
v 0.12384368 -2.07358598 -1.33670246
v 0.61912721 -2.08319568 -1.03083241
v 0.74606192 -2.08657169 -0.92330968
v 0.61176687 -2.08926796 -0.83730661
v 0.61661118 -2.08626508 -0.93305492
v 0.8469817 -2.0838437 -1.01022529
v 0.95922321 -2.03187608 -0.90058904
v 0.87019693 -2.08991766 -0.81695795
v 0.86225527 -2.08690834 -0.9126333
v 0.95932328 -2.02648353 -0.71044623
v 0.84782439 -2.09568977 -0.63330614
v 0.73455655 -2.09248757 -0.73503351
v 0.86435544 -2.09285783 -0.72348868
v 0.59396207 -2.09513735 -0.65055692
v 0.60419291 -2.09222626 -0.74319285
v 0.74270111 -2.08037591 -1.12058472
v 0.81714135 -2.07778859 -1.20287656
v 0.9182834 -2.04266333 -1.1015253
v 0.83399373 -2.08073258 -1.10918831
v 0.61906969 -2.07716703 -1.22270357
v 0.61975979 -2.08010339 -1.12922728
v 0.62027573 -2.06461572 -1.39965355
v 0.72764539 -2.07486271 -1.2959932
v 0.61876082 -2.07438564 -1.31120502
v 0.81572699 -2.04382848 -1.34992861
v 0.87343549 -2.02139639 -1.26862049
v 0.80833619 -2.07518172 -1.2857691
v 0.46011567 -2.09792399 -0.56184476
v 0.33477476 -2.1007843 -0.47096821
v 0.22579844 -2.09777593 -0.56660729
v 0.34161716 -2.09784293 -0.56443738
v 0.43660956 -2.10366845 -0.37916266
v 0.31737941 -2.10665941 -0.28553649
v 0.21655142 -2.10374832 -0.37766674
v 0.32600852 -2.1037085 -0.3784326
v 0.10935469 -2.10695099 -0.27839952
v 0.11008019 -2.10071945 -0.47334599
v 0.10761695 -2.10374736 -0.37803238
v 0.112436 -2.09775686 -0.5672636
v 0.9184724 -2.04893636 -0.53243333
v 0.79602891 -2.10116219 -0.45878371
v 0.70252233 -2.0981574 -0.55448818
v 0.82214695 -2.09843444 -0.54591751
v 0.86009985 -2.07140493 -0.36534422
v 0.73414039 -2.10628676 -0.2929492
v 0.65839177 -2.10363602 -0.37928476
v 0.76733756 -2.1037805 -0.37453511
v 0.52913302 -2.10637307 -0.29190194
v 0.56553679 -2.10084104 -0.4689055
v 0.54806274 -2.10363006 -0.37988141
v 0.58093285 -2.09800958 -0.55912572
v 0.40951716 -2.1093347 -0.19946757
v 0.29910957 -2.1124556 -0.10837414
v 0.20606553 -2.10978961 -0.19039191
v 0.30813944 -2.10959482 -0.19412802
v 0.38390553 -2.114506 -0.04301746
v 0.28357461 -2.11734747 0.0236472
v 0.19520996 -2.11557459 -0.02750612
v 0.2907114 -2.11511755 -0.03385337
v 0.09575334 -2.11787724 0.0321993
v 0.10058362 -2.11290264 -0.10002608
v 0.09804907 -2.11565995 -0.02378238
v 0.10310149 -2.10988497 -0.18893459
v 0.78110331 -2.09046173 -0.20951378
v 0.66743731 -2.11101055 -0.13464908
v 0.60597193 -2.10879135 -0.21135753
v 0.6990863 -2.10868907 -0.21352267
v 0.70008379 -2.10397553 -0.06458885
v 0.62079584 -2.11483717 -0.0153194
v 0.5624215 -2.11350679 -0.05620165
v 0.64197415 -2.11310911 -0.06005692
v 0.46234372 -2.11583495 0.0036138
v 0.49041137 -2.1115663 -0.12523737
v 0.4737572 -2.11384248 -0.05466964
v 0.50944477 -2.10904336 -0.20571517
v 0.36413979 -2.09340691 0.04373064
v 0.26426315 -2.04975223 0.0380015
v 0.18545739 -2.1008408 0.06072019
v 0.27610129 -2.09807753 0.05520469
v 0.33787474 -2.00251841 0.01488941
v 0.24672493 -1.96674561 0.01349974
v 0.17058284 -2.00957489 0.02783978
v 0.25491845 -2.00692296 0.02424852
v 0.08241499 -1.97298479 0.01720832
v 0.08892356 -2.05233979 0.04174018
v 0.08545448 -2.01080083 0.0275933
v 0.09313909 -2.10099029 0.06060895
v 0.67851328 -2.07827067 -0.02252925
v 0.59232264 -2.02708411 -0.02547323
v 0.52981513 -2.07957696 0.00889641
v 0.60680937 -2.07797217 -0.00769383
v 0.66452205 -1.96322143 -0.06735443
v 0.5693053 -1.9274342 -0.05629567
v 0.49988937 -1.98779892 -0.01970147
v 0.58145582 -1.9773823 -0.04202276
v 0.40802395 -1.95254313 -0.01136944
v 0.43150252 -2.04003405 0.01285696
v 0.41912689 -1.99605977 -0.00018791
v 0.44898352 -2.08752083 0.02776584
v 0.90281224 -1.82774472 -0.20899942
v 0.83665132 -1.92554521 -0.13530553
v 0.89576953 -1.97404408 -0.18305139
v 0.97340369 -1.86779642 -0.25508788
v 0.91674232 -1.89850616 -0.18005828
v 0.73787117 -1.88615763 -0.11784651
v 0.75755256 -2.01151609 -0.0710107
v 0.75055056 -1.94562065 -0.09794871
v 0.79916435 -2.05879521 -0.12084619
v 0.74996006 -2.08450412 -0.04499221
v 0.89255273 -2.01799869 -0.27446913
v 0.84819537 -2.03981995 -0.19792641
v 1.16154182 -1.61586904 -0.4520373
v 1.0680933 -1.77316677 -0.40243086
v 1.05822467 -1.83782064 -0.50116491
v 1.14866268 -1.66484022 -0.56417346
v 1.11381983 -1.72034657 -0.47859942
v 1.04448223 -1.74062728 -0.32012301
v 0.98193389 -1.91020357 -0.34121367
v 1.02340006 -1.82517993 -0.32945659
v 0.9631809 -1.97479796 -0.43570721
v 0.93241226 -1.9967488 -0.35412225
v 1.01227355 -1.92906689 -0.60623019
v 0.98954993 -1.9507581 -0.51931136
v 1.25771808 -1.41440928 -0.84721052
v 1.17406821 -1.57913422 -0.75813293
v 1.09268319 -1.72647583 -0.87142407
v 1.13735508 -1.5525819 -0.95945501
v 1.1642301 -1.56091845 -0.85807728
v 1.23815965 -1.48245155 -0.63370829
v 1.10080528 -1.76490342 -0.68014246
v 1.16868877 -1.61431717 -0.65853107
v 1.03481364 -1.89518439 -0.7905699
v 1.02917671 -1.90907847 -0.69709861
v 1.00726199 -1.89363181 -0.98430371
v 1.02715051 -1.89165878 -0.88550239
v 1.03509783 -1.72271978 -1.06646788
v 1.05503082 -1.5711025 -1.15790438
v 1.18709194 -1.40785872 -1.07430112
v 1.10099101 -1.55643594 -1.06087768
v 0.94613355 -1.8948543 -1.17463564
v 0.97885429 -1.89467525 -1.08376455
v 0.87457865 -1.90343642 -1.30186104
v 0.952205 -1.74153649 -1.2329998
v 0.91168916 -1.89605581 -1.24689471
v 0.93325406 -1.61360693 -1.31193614
v 1.0584197 -1.45457077 -1.27266693
v 0.9994533 -1.59021306 -1.24060881
v 0.83039641 -1.7899034 -1.36083602
v 0.75207549 -1.69099319 -1.4419347
v 0.88831073 -1.5197891 -1.44934392
v 0.84830611 -1.6490755 -1.38084924
v 0.73312133 -1.95379781 -1.40258836
v 0.81859922 -1.92622053 -1.35597801
v 0.50454914 -1.96997618 -1.46010661
v 0.63078528 -1.84867095 -1.4625535
v 0.6256107 -1.9657464 -1.43688786
v 0.51181024 -1.75020384 -1.51408243
v 0.63964945 -1.59285414 -1.52006995
v 0.63829261 -1.72428798 -1.49027121
v 0.12284958 -1.67456698 -1.477535
v 0.25325802 -1.78027176 -1.49450075
v 0.12678322 -1.88701391 -1.4663639
v 0.12553332 -1.78654527 -1.48451817
v 0.37531432 -1.64769029 -1.50815069
v 0.38401511 -1.87673389 -1.48874652
v 0.38316217 -1.76850283 -1.50863575
v 0.25394019 -1.97536802 -1.45725357
v 0.37951508 -1.97290945 -1.46451199
v 0.1269745 -1.9761883 -1.44601965
v 0.24316094 -1.55708563 -1.4453181
v 0.35623291 -1.43568933 -1.39856386
v 0.49696308 -1.51497387 -1.45930063
v 0.36803987 -1.53897082 -1.45529949
v 0.11792844 -1.46616351 -1.38238823
v 0.12111049 -1.56958818 -1.43198931
v 0.10808032 -1.26585555 -1.27285206
v 0.22689633 -1.35262298 -1.33513653
v 0.11336757 -1.36394345 -1.32873928
v 0.32346305 -1.24547576 -1.26910877
v 0.45510861 -1.31873107 -1.32744538
v 0.34080779 -1.33685648 -1.33623111
v 0.60134518 -1.38787353 -1.38143491
v 0.7469663 -1.45016229 -1.42617189
v 0.62466645 -1.4837203 -1.45218956
v 0.53332436 -1.21926498 -1.22994816
v 0.67814707 -1.28134131 -1.27235865
v 0.56888824 -1.29969537 -1.30662405
v 0.72345888 -1.19785499 -1.14892649
v 0.86649906 -1.25396573 -1.16295146
v 0.82440203 -1.33830714 -1.30134296
v 0.77761828 -1.26578676 -1.2241739
v 0.96073973 -1.39106762 -1.31176793
v 0.86039495 -1.41860342 -1.37918627
v 1.00234711 -1.30552256 -1.1565423
v 1.10746085 -1.34144401 -1.13144648
v 1.04073226 -1.36386227 -1.22672665
v 0.87863767 -1.19080972 -1.02799964
v 1.00839495 -1.2455089 -1.01247394
v 0.94474613 -1.24684321 -1.09083282
v 0.98001027 -1.20756602 -0.88708615
v 1.0906527 -1.26489043 -0.85648328
v 1.12250185 -1.29267585 -0.97707909
v 1.05836224 -1.2520219 -0.93210542
v 1.21590614 -1.33098697 -0.92926824
v 1.16933155 -1.33107614 -1.03086555
v 1.17530155 -1.31224215 -0.81051045
v 1.24291563 -1.36560106 -0.73162442
v 1.24020397 -1.34022629 -0.83052176
v 1.01533591 -1.24793601 -0.74998033
v 1.09741163 -1.31082952 -0.7105776
v 1.10309672 -1.28276372 -0.78412509
v 0.98207491 -1.32312309 -0.61912751
v 1.03439509 -1.40822267 -0.57368296
v 1.15169966 -1.38180089 -0.64622956
v 1.07322049 -1.35272598 -0.63942587
v 1.1813761 -1.4802221 -0.55047667
v 1.22092831 -1.41341388 -0.63661682
v 1.07299053 -1.61305964 -0.40459281
v 0.95908427 -1.61102342 -0.35963067
v 0.94565755 -1.71782755 -0.28294476
v 1.00967931 -1.66910457 -0.34196221
v 1.06786847 -1.5063523 -0.50017243
v 1.13175654 -1.54927098 -0.47377151
v 0.9058066 -1.42678463 -0.51153588
v 0.94222599 -1.52037441 -0.44870606
v 0.98873531 -1.46735751 -0.51218557
v 0.82083022 -1.52185678 -0.40325975
v 0.8432542 -1.60417044 -0.31747797
v 0.89417481 -1.56489265 -0.38241285
v 0.83823287 -1.69741702 -0.23792389
v 0.79930084 -1.79625582 -0.17480103
v 0.87616908 -1.76004183 -0.22601719
v 0.72681319 -1.59737873 -0.28554314
v 0.7239905 -1.67979025 -0.20219734
v 0.78756886 -1.64214229 -0.25655666
v 0.61460745 -1.66725266 -0.17618919
v 0.58473724 -1.75122964 -0.11777234
v 0.69031965 -1.77102673 -0.14292167
v 0.6555981 -1.7167077 -0.15597643
v 0.63496899 -1.85513329 -0.0969308
v 0.71773207 -1.82790184 -0.13207016
v 0.53492027 -1.82923793 -0.07666767
v 0.47436258 -1.89603841 -0.04208311
v 0.55372715 -1.87786245 -0.06750795
v 0.48837974 -1.73480927 -0.09699595
v 0.44130349 -1.80712771 -0.05818558
v 0.51306778 -1.78161847 -0.08579654
v 0.3548417 -1.78468179 -0.04055579
v 0.29679137 -1.84256684 -0.01643013
v 0.38314798 -1.86877989 -0.02803307
v 0.36940133 -1.82750749 -0.03449543
v 0.31777158 -1.92094695 -0.00444792
v 0.39606162 -1.91014802 -0.02049405
v 0.23089252 -1.89174675 -0.00137337
v 0.1592118 -1.93447339 0.00878281
v 0.23875014 -1.92891633 0.00504196
v 0.21526822 -1.81166207 -0.00904966
v 0.14883346 -1.85993552 -0.0019369
v 0.22313827 -1.85266137 -0.0057397
v 0.07180701 -1.82590377 -0.00634311
v 0.07695872 -1.90241754 0.00300254
v 0.07438866 -1.8648715 -0.0019912
v 0.07959932 -1.93769443 0.00921898
v 0.27476608 -1.75705301 -0.02537087
v 0.19981381 -1.72998273 -0.0169537
v 0.13861322 -1.78034257 -0.00921557
v 0.20742711 -1.77024221 -0.01279111
v 0.25211826 -1.6738497 -0.03787053
v 0.18542958 -1.65274167 -0.02117309
v 0.12928485 -1.70361948 -0.01385358
v 0.1923848 -1.69118881 -0.02014598
v 0.06299843 -1.6741935 -0.01294823
v 0.06699988 -1.74874746 -0.01318318
v 0.0648171 -1.71119773 -0.01423178
v 0.06936857 -1.78704237 -0.0102771
v 0.40116557 -1.71701109 -0.07732551
v 0.32307323 -1.69530892 -0.05750237
v 0.33926925 -1.73983264 -0.04778605
v 0.51741951 -1.65662121 -0.15254034
v 0.43135127 -1.64350271 -0.12908381
v 0.46074113 -1.6886661 -0.11189655
v 0.45047375 -1.56528079 -0.17971031
v 0.3801769 -1.55112493 -0.14485666
v 0.35628634 -1.62724125 -0.10314941
v 0.40350866 -1.59815096 -0.14189469
v 0.29088366 -1.60951459 -0.07143166
v 0.3065674 -1.65242087 -0.06676118
v 0.61997664 -1.58885991 -0.25319448
v 0.52930802 -1.57827913 -0.21597898
v 0.57047689 -1.62294864 -0.20013359
v 0.71117037 -1.51523733 -0.35981819
v 0.61760217 -1.50501656 -0.31026539
v 0.66666424 -1.55368053 -0.30772376
v 0.61908125 -1.41421735 -0.34031194
v 0.55482542 -1.40349829 -0.27692547
v 0.54013782 -1.49283123 -0.25698447
v 0.58120423 -1.45431149 -0.29821428
v 0.47183734 -1.4802668 -0.20785415
v 0.49646085 -1.52985429 -0.21738433
v 0.8651281 -1.33705055 -0.55038398
v 0.76395523 -1.33958232 -0.49140638
v 0.79228872 -1.42935502 -0.45756521
v 0.82990801 -1.383978 -0.50434929
v 0.73395514 -1.25451171 -0.51462149
v 0.67182916 -1.2457205 -0.44231402
v 0.68336957 -1.33298862 -0.42706522
v 0.71026754 -1.2934767 -0.47087287
v 0.62200987 -1.3235166 -0.35679614
v 0.6968463 -1.42310893 -0.40136337
v 0.65315353 -1.37342655 -0.38334637
v 0.75291878 -1.47321081 -0.40932357
v 0.91838234 -1.18497133 -0.77697199
v 0.84107643 -1.17909467 -0.68109142
v 0.9158104 -1.24798464 -0.65358704
v 0.9242981 -1.2126013 -0.7138431
v 0.76555198 -1.11402463 -0.70121991
v 0.7167589 -1.10662329 -0.62060928
v 0.76639407 -1.17897498 -0.60340529
v 0.77077943 -1.14477837 -0.65082508
v 0.7053771 -1.1735773 -0.53013652
v 0.81779962 -1.25457763 -0.58062392
v 0.75339424 -1.21602678 -0.55843031
v 0.89501971 -1.29042112 -0.59905976
v 0.86031544 -1.14875757 -0.90553969
v 0.81738472 -1.12431311 -0.79528033
v 0.89740455 -1.16420555 -0.84103691
v 0.74377918 -1.13471233 -1.02740025
v 0.74169713 -1.09174168 -0.91315221
v 0.8080616 -1.13860404 -0.96852523
v 0.63794112 -1.03297972 -0.91666978
v 0.64529943 -0.99897235 -0.82524782
v 0.72340852 -1.06448662 -0.81004196
v 0.68544513 -1.04696023 -0.86446225
v 0.69847887 -1.04755938 -0.71923989
v 0.75001972 -1.08698761 -0.75480681
v 0.40384584 -1.1558423 -1.18392372
v 0.46864038 -1.07755136 -1.09718585
v 0.58803701 -1.14091718 -1.12162995
v 0.49873051 -1.14773917 -1.15679967
v 0.36438661 -1.01096725 -1.086663
v 0.43107873 -0.94490867 -1.02260351
v 0.52004832 -1.01070344 -1.01413631
v 0.44660085 -1.0079298 -1.0548743
v 0.55624657 -0.96395039 -0.92982804
v 0.62234413 -1.07800209 -1.01722896
v 0.58306211 -1.02051091 -0.96690619
v 0.6700294 -1.13610923 -1.07868289
v 0.09769057 -1.09359312 -1.17481279
v 0.20471401 -1.17076981 -1.21382558
v 0.10262391 -1.17504358 -1.21995163
v 0.09051659 -0.95099324 -1.10277092
v 0.18616764 -1.01814305 -1.12529742
v 0.09364879 -1.01925766 -1.13602161
v 0.26825419 -0.94612366 -1.08040499
v 0.28918224 -1.08819139 -1.14875257
v 0.27683186 -1.0151447 -1.1096915
v 0.3054625 -1.16399526 -1.20264673
v 0.17597189 -0.88740158 -1.06952679
v 0.25707665 -0.83385556 -1.03299582
v 0.34369432 -0.88561934 -1.02914369
v 0.26186707 -0.88547837 -1.05405473
v 0.08629193 -0.84094911 -1.05475807
v 0.08816234 -0.89146262 -1.07424974
v 0.08278476 -0.75403618 -1.0297985
v 0.16932399 -0.79241573 -1.03564357
v 0.08466173 -0.7969225 -1.04125499
v 0.24646356 -0.74717319 -1.00460279
v 0.33072656 -0.78856563 -0.98888844
v 0.2522034 -0.7894324 -1.01700258
v 0.39640104 -0.74782156 -0.93928152
v 0.46976262 -0.79763174 -0.91180366
v 0.41109353 -0.83698189 -0.97291141
v 0.40384867 -0.791004 -0.95391023
v 0.51770138 -0.76372301 -0.84429419
v 0.56769615 -0.82731324 -0.8030917
v 0.5309596 -0.85844564 -0.87979227
v 0.52425694 -0.81018251 -0.8604002
v 0.58695954 -0.92708426 -0.84965372
v 0.48618945 -0.89578914 -0.95286691
v 0.54142642 -0.90966522 -0.90294605
v 0.4191809 -0.88837832 -0.99499267
v 0.64485329 -0.93113029 -0.57229483
v 0.64705181 -0.95327472 -0.65526336
v 0.61957836 -0.87473273 -0.68242013
v 0.63242346 -0.84903925 -0.59884423
v 0.63490426 -0.90225994 -0.62574559
v 0.67652386 -1.03140401 -0.63602465
v 0.6474964 -0.97424262 -0.73916316
v 0.66554689 -1.0020982 -0.68620598
v 0.60760301 -0.89935594 -0.76705783
v 0.62251031 -0.9486562 -0.79447215
v 0.59063404 -0.79959559 -0.71988672
v 0.59871208 -0.84913915 -0.7424339
v 0.66402614 -1.01230323 -0.55465114
v 0.68169546 -1.09389257 -0.54209214
v 0.68174803 -1.06193804 -0.5882861
v 0.6464132 -0.9085983 -0.4911355
v 0.65669125 -0.9924466 -0.47247794
v 0.65225935 -0.96103477 -0.52155399
v 0.65064066 -0.97562128 -0.3921532
v 0.65421992 -1.06179153 -0.37620201
v 0.66421365 -1.07663023 -0.45949047
v 0.65783542 -1.02590596 -0.42420536
v 0.66598689 -1.16056752 -0.44998177
v 0.67630159 -1.1267538 -0.49613714
v 0.63061356 -1.23474776 -0.36331206
v 0.59407746 -1.22740244 -0.28602311
v 0.57223928 -1.31470596 -0.28503081
v 0.60396623 -1.27442169 -0.32277783
v 0.64517396 -1.14773654 -0.36648175
v 0.65118634 -1.19648444 -0.40592908
v 0.6329801 -1.05247724 -0.29639017
v 0.6170063 -1.14058125 -0.28746506
v 0.64123046 -1.10030281 -0.3297429
v 0.56879717 -1.13441205 -0.22055815
v 0.54500168 -1.22070848 -0.22102433
v 0.58325672 -1.18118143 -0.25150489
v 0.49624246 -1.39318096 -0.2192367
v 0.43732044 -1.37990737 -0.17030762
v 0.40723487 -1.46684825 -0.16582004
v 0.4526329 -1.43062782 -0.19174496
v 0.52128672 -1.30662667 -0.22162197
v 0.53646743 -1.3545953 -0.25018465
v 0.49204853 -1.21022975 -0.16357405
v 0.4660657 -1.29401397 -0.16761003
v 0.50602555 -1.25830686 -0.19327563
v 0.41614535 -1.27867424 -0.11327603
v 0.38490974 -1.36310493 -0.119235
v 0.42541384 -1.32870888 -0.14349511
v 0.33712217 -1.34448087 -0.06646728
v 0.30333671 -1.4304049 -0.06824886
v 0.3514668 -1.44963991 -0.11936836
v 0.34432977 -1.39710319 -0.09388101
v 0.25228229 -1.40761184 -0.02386205
v 0.21685832 -1.49434256 -0.02235111
v 0.26911291 -1.51552939 -0.06084888
v 0.2612912 -1.46294915 -0.04422856
v 0.23171128 -1.5911746 -0.0398995
v 0.32059425 -1.53410232 -0.10417739
v 0.27823793 -1.5642575 -0.06981355
v 0.36280331 -1.50149273 -0.13725462
v 0.12200998 -1.62788081 -0.01025182
v 0.06042513 -1.59491431 -0.00129897
v 0.06161263 -1.63622081 -0.00896019
v 0.17428953 -1.56992924 -0.01441233
v 0.17946051 -1.61304915 -0.01937606
v 0.1612021 -1.46624887 0.01056357
v 0.11567251 -1.53987765 0.00554902
v 0.16859379 -1.52124285 -0.00504496
v 0.05690057 -1.50118875 0.0287807
v 0.05883982 -1.55004012 0.01096629
v 0.10736015 -1.4314543 0.04655653
v 0.05597892 -1.39101886 0.09033589
v 0.05585024 -1.44748377 0.05442254
v 0.19847735 -1.38057756 0.01674953
v 0.149109 -1.35166585 0.06482703
v 0.15427574 -1.40830266 0.03350593
v 0.2041511 -1.2893877 0.10655114
v 0.16414089 -1.26404511 0.17956714
v 0.10909009 -1.32695686 0.13251495
v 0.15885333 -1.31212198 0.12262256
v 0.05574018 -1.28002524 0.19271057
v 0.05563071 -1.33535289 0.13723103
v 0.28244206 -1.31995868 -0.02223822
v 0.23193395 -1.29694068 0.02788881
v 0.24098038 -1.35084366 -0.00200314
v 0.36443591 -1.25796008 -0.06397189
v 0.31606945 -1.23798239 -0.00991514
v 0.32378459 -1.28886795 -0.04316876
v 0.36716803 -1.17191457 0.02197744
v 0.3275744 -1.15568792 0.08890628
v 0.28528562 -1.23206603 0.06419295
v 0.32562279 -1.20107615 0.04259245
v 0.25017598 -1.21584928 0.13918517
v 0.24541887 -1.26205539 0.08640015
v 0.47698444 -1.03073203 -0.01568247
v 0.44439655 -1.11061215 -0.02436639
v 0.48109516 -1.12008857 -0.09108743
v 0.51211965 -1.03751111 -0.0852684
v 0.47961923 -1.07605552 -0.05249374
v 0.4072991 -1.09875595 0.0416303
v 0.4025287 -1.18230092 -0.04483421
v 0.4068546 -1.14219176 0.00006815
v 0.44416171 -1.19667041 -0.10582245
v 0.40456163 -1.22760081 -0.08432943
v 0.51841849 -1.12690627 -0.15896488
v 0.48167148 -1.16320884 -0.13085103
v 0.60031616 -0.85863399 -0.1828597
v 0.57364666 -0.95055443 -0.16504855
v 0.60670256 -0.95460784 -0.23932795
v 0.62473058 -0.86337906 -0.26043292
v 0.60138231 -0.90632075 -0.21113538
v 0.54270768 -0.94855153 -0.08985837
v 0.55109512 -1.04198658 -0.1548212
v 0.54341989 -0.99512988 -0.12283094
v 0.59188133 -1.04588818 -0.22474704
v 0.55617249 -1.08753454 -0.18955603
v 0.63743239 -0.96293944 -0.31397131
v 0.61945724 -1.00354743 -0.26678729
v 0.67556291 -0.69607937 -0.40369138
v 0.6624732 -0.78383213 -0.36493998
v 0.65442013 -0.80062693 -0.44152796
v 0.65745025 -0.71574729 -0.48056152
v 0.66546768 -0.7476654 -0.4217517
v 0.64603328 -0.77208823 -0.28754791
v 0.64737302 -0.87344384 -0.33621898
v 0.6474266 -0.82260763 -0.31110584
v 0.65065693 -0.88855886 -0.41313904
v 0.64681816 -0.92463111 -0.36311632
v 0.64580684 -0.82343632 -0.5186876
v 0.65048354 -0.85466384 -0.46452981
v 0.57890969 -0.59819299 -0.65656155
v 0.61379945 -0.66800808 -0.60431748
v 0.58024942 -0.70123004 -0.68317222
v 0.53997534 -0.63616561 -0.73554062
v 0.57814294 -0.65053719 -0.6682654
v 0.64851784 -0.63666689 -0.52851939
v 0.63390594 -0.74266952 -0.55707907
v 0.64055889 -0.6894871 -0.54155975
v 0.61333864 -0.77097421 -0.63713407
v 0.6339643 -0.79546642 -0.57639658
v 0.5521118 -0.73223984 -0.7660194
v 0.58438533 -0.7502461 -0.7001096
v 0.45516496 -0.70903766 -0.88495332
v 0.50298667 -0.6725291 -0.81663203
v 0.51053124 -0.71797263 -0.83009004
v 0.3158198 -0.70355087 -0.96296042
v 0.38006404 -0.6606667 -0.91616112
v 0.38813263 -0.70486521 -0.92747443
v 0.3016904 -0.60951924 -0.93972605
v 0.36894112 -0.56015408 -0.89352196
v 0.44070303 -0.61766469 -0.86093348
v 0.37368437 -0.61321562 -0.90461289
v 0.49067482 -0.57385742 -0.79010099
v 0.49640017 -0.6248964 -0.8029834
v 0.07775691 -0.65961748 -1.00513482
v 0.16090768 -0.70553499 -1.01250219
v 0.08041117 -0.70869749 -1.01840317
v 0.07328169 -0.54395842 -0.9801349
v 0.1512719 -0.60473179 -0.98685544
v 0.07529862 -0.60506463 -0.99190527
v 0.22256286 -0.55009752 -0.95515692
v 0.23292645 -0.65749251 -0.97966373
v 0.22709497 -0.60666859 -0.96756953
v 0.2398853 -0.70392429 -0.99248445
v 0.07200988 -0.25185877 -0.93446922
v 0.14326913 -0.33645063 -0.93073189
v 0.07116456 -0.40597957 -0.95345866
v 0.07132857 -0.33020553 -0.94357836
v 0.21737322 -0.26748698 -0.9057039
v 0.28874769 -0.35525581 -0.88910734
v 0.21658888 -0.41887944 -0.92379659
v 0.21637138 -0.34492087 -0.9134432
v 0.29158276 -0.4944041 -0.91156333
v 0.14495681 -0.48137795 -0.95830053
v 0.21867561 -0.48761194 -0.93839532
v 0.07187434 -0.47751134 -0.96621948
v 0.35988473 -0.29198509 -0.85095512
v 0.42453107 -0.38012439 -0.81624978
v 0.35828504 -0.43676921 -0.86494261
v 0.35826554 -0.36686274 -0.85653388
v 0.49178421 -0.32503983 -0.76742684
v 0.54569912 -0.41219866 -0.71146297
v 0.48546826 -0.4593977 -0.77251863
v 0.48715978 -0.39540642 -0.76766681
v 0.53622931 -0.53058177 -0.71495449
v 0.4287242 -0.50926035 -0.83546048
v 0.48631775 -0.51883143 -0.7794584
v 0.36254206 -0.50142592 -0.87841904
v 0.68276071 -0.50820046 -0.4259462
v 0.6620385 -0.5320239 -0.50909227
v 0.64043408 -0.45052343 -0.57921451
v 0.67834621 -0.40968689 -0.50793993
v 0.66807907 -0.47534316 -0.50334382
v 0.67475068 -0.61244118 -0.45171964
v 0.62498271 -0.56257593 -0.58425176
v 0.65553295 -0.58478444 -0.5177024
v 0.5905345 -0.48930802 -0.64756292
v 0.58308571 -0.54475635 -0.64961761
v 0.60201233 -0.36322006 -0.65177017
v 0.59831601 -0.42999517 -0.64890676
v 0.67683166 -0.50882691 -0.32546824
v 0.65908259 -0.59235256 -0.28279826
v 0.67858535 -0.59688293 -0.36970347
v 0.6771959 -0.55010914 -0.35135647
v 0.64786726 -0.59926015 -0.19241374
v 0.6257292 -0.67546409 -0.16005189
v 0.6417092 -0.6755144 -0.24343276
v 0.64350158 -0.63413536 -0.21938139
v 0.6208595 -0.76485168 -0.20997613
v 0.66460305 -0.68254846 -0.32413074
v 0.64255648 -0.72217994 -0.26579397
v 0.6797226 -0.64585113 -0.38661393
v 0.62386834 -0.68272626 -0.07492746
v 0.58898592 -0.76342237 -0.04774798
v 0.5988807 -0.76151657 -0.13045994
v 0.6060059 -0.71804958 -0.10346256
v 0.5946592 -0.77456301 0.03563005
v 0.54451668 -0.85611224 0.05441435
v 0.5519433 -0.85377281 -0.02570605
v 0.56998086 -0.81097215 0.00593811
v 0.51455682 -0.94475972 -0.01398688
v 0.5753175 -0.85578614 -0.10469495
v 0.54570388 -0.9012053 -0.0571019
v 0.60134452 -0.81009626 -0.15546505
v 0.45007133 -1.02246415 0.05709124
v 0.42729017 -1.01045072 0.13288544
v 0.37852248 -1.08684229 0.11538954
v 0.41477635 -1.0558772 0.08712065
v 0.48678779 -0.9347167 0.05892605
v 0.48253816 -0.98515319 0.02351846
v 0.54255384 -0.86048209 0.13256946
v 0.47488623 -0.92864739 0.13616782
v 0.51066672 -0.89427053 0.09660471
v 0.47550717 -0.92997533 0.21893954
v 0.41163116 -1.00090944 0.21362672
v 0.44446101 -0.96563416 0.17558784
v 0.39535415 -0.99055361 0.29979831
v 0.31687575 -1.04508733 0.27540299
v 0.34896069 -1.06793642 0.19345299
v 0.36705744 -1.02618193 0.24683527
v 0.29247358 -1.02992057 0.36444404
v 0.22729356 -1.09566414 0.33234062
v 0.25945666 -1.11429703 0.24585814
v 0.27062687 -1.06763267 0.30385395
v 0.21352075 -1.19261026 0.21709075
v 0.29483553 -1.13828456 0.16565391
v 0.2542321 -1.1652919 0.19170703
v 0.33917522 -1.11490988 0.14198626
v 0.11547267 -1.22704553 0.24889881
v 0.05961928 -1.18863284 0.31261691
v 0.05735228 -1.22498023 0.25078854
v 0.17471014 -1.17274999 0.29848295
v 0.16739817 -1.21447718 0.23685233
v 0.19658234 -1.09326314 0.41908544
v 0.1312866 -1.1629312 0.37843397
v 0.1848367 -1.13237965 0.35984939
v 0.07393714 -1.15172088 0.45352551
v 0.06607044 -1.17054557 0.38368061
v 0.23478771 -0.93586999 0.66504764
v 0.1641882 -1.02156746 0.62718772
v 0.21981202 -1.0083152 0.54144918
v 0.30767017 -0.92604166 0.58197295
v 0.23396678 -0.96904397 0.60615634
v 0.08481889 -1.02922487 0.69511961
v 0.08462967 -1.09523713 0.5824244
v 0.08627969 -1.05934929 0.64248305
v 0.15147233 -1.09758126 0.50384736
v 0.08014226 -1.12596857 0.51873695
v 0.26295206 -1.01712989 0.45358258
v 0.20910181 -1.05383956 0.47973036
v 0.37383571 -0.97336071 0.3901394
v 0.34471419 -0.94709527 0.4828031
v 0.31712231 -0.99101597 0.4238519
v 0.47025832 -0.92441338 0.30671069
v 0.45879492 -0.90990996 0.40004441
v 0.42500254 -0.95103603 0.35017365
v 0.50673556 -0.81612676 0.38863086
v 0.48969519 -0.78345727 0.47992646
v 0.44110867 -0.88524657 0.49858686
v 0.47677022 -0.85057038 0.44301831
v 0.42171073 -0.85049855 0.60108488
v 0.38572457 -0.90999162 0.54826492
v 0.52638554 -0.84284132 0.30026078
v 0.56466704 -0.75434649 0.28551629
v 0.54304337 -0.71898645 0.37128299
v 0.5349037 -0.78405439 0.33612579
v 0.53951019 -0.85884827 0.21471402
v 0.50808256 -0.8929072 0.26133999
v 0.59551036 -0.78500109 0.11652804
v 0.58425003 -0.77817004 0.20030328
v 0.56813782 -0.82307219 0.16657538
v 0.62389171 -0.69601243 0.18411535
v 0.6036635 -0.66473656 0.27165824
v 0.59460514 -0.7249239 0.23556035
v 0.63697207 -0.70821869 0.09479371
v 0.67019325 -0.63346791 0.07471662
v 0.65952909 -0.61486935 0.16706332
v 0.65029615 -0.66617977 0.13017223
v 0.63529294 -0.69856983 0.00954957
v 0.6184467 -0.74279242 0.06382181
v 0.65300017 -0.61295157 -0.10285016
v 0.66783279 -0.62934786 -0.01493795
v 0.64646869 -0.65516132 -0.04597146
v 0.69215875 -0.56282645 -0.03532042
v 0.69310408 -0.55992794 0.05538609
v 0.68285834 -0.59822821 0.01934709
v 0.71052223 -0.43848443 -0.14609076
v 0.69794005 -0.49049055 -0.13915987
v 0.69044119 -0.46167737 -0.23458792
v 0.70988589 -0.3925054 -0.2384005
v 0.70381623 -0.44819602 -0.18895694
v 0.70878076 -0.50261545 -0.0509838
v 0.67845761 -0.55007332 -0.12537866
v 0.69720542 -0.52778601 -0.08831557
v 0.66681671 -0.52924591 -0.22034242
v 0.65969681 -0.57242929 -0.16112667
v 0.69400644 -0.41760808 -0.34446218
v 0.67745053 -0.47989651 -0.2830531
v 0.65045613 -0.30837926 -0.59622001
v 0.68304514 -0.24342794 -0.5514186
v 0.7014442 -0.34409582 -0.45795428
v 0.68391281 -0.33002919 -0.52826726
v 0.54976421 -0.26655757 -0.71336144
v 0.60372883 -0.20304212 -0.66448092
v 0.6030659 -0.28669771 -0.65721631
v 0.5605309 -0.09580677 -0.72723209
v 0.61215108 -0.02769406 -0.68001639
v 0.64842224 -0.13589048 -0.62147629
v 0.60860192 -0.11596648 -0.67520952
v 0.68463444 -0.06571928 -0.58253669
v 0.70762962 -0.1676319 -0.5179966
v 0.68159198 -0.15432302 -0.56949442
v 0.71630322 -0.25747975 -0.43610328
v 0.71327191 -0.3298951 -0.3392727
v 0.70759689 -0.34063494 -0.39510157
v 0.73376792 -0.08937164 -0.48579844
v 0.74404394 -0.17436285 -0.41911372
v 0.72492045 -0.17307622 -0.46585255
v 0.78082919 -0.09675072 -0.3977158
v 0.80570435 -0.17769736 -0.36094367
v 0.74509638 -0.24756382 -0.34272402
v 0.76674991 -0.17334742 -0.38017171
v 0.74744939 -0.31762015 -0.26445931
v 0.72311937 -0.32083973 -0.29188588
v 0.38505667 0.04896538 -0.86140471
v 0.44347125 -0.05691065 -0.81979119
v 0.36998447 -0.1275558 -0.85497582
v 0.3078269 -0.02553659 -0.89401263
v 0.37812882 -0.04023518 -0.8605417
v 0.50842112 0.01280277 -0.77320629
v 0.49739381 -0.16266469 -0.7700265
v 0.50463688 -0.07569717 -0.77533179
v 0.42996513 -0.22783748 -0.81167316
v 0.49221232 -0.24658003 -0.76539284
v 0.29376128 -0.19820177 -0.88245576
v 0.3632597 -0.21182853 -0.85019123
v 0.08078486 0.0929679 -0.95282656
v 0.15559913 -0.00278573 -0.93233072
v 0.0756798 -0.0844919 -0.93587768
v 0.07791812 0.00356549 -0.94078242
v 0.2388708 0.07691202 -0.92144238
v 0.22748942 -0.10078133 -0.91473358
v 0.23289687 -0.01279437 -0.91746401
v 0.14793811 -0.17642976 -0.92633485
v 0.22163115 -0.18602348 -0.90829658
v 0.07367403 -0.1700274 -0.93402481
v 0.1662288 0.17756749 -0.94925779
v 0.2539533 0.25834304 -0.9285584
v 0.32164347 0.15413129 -0.8956967
v 0.24588309 0.16762745 -0.92589461
v 0.08717401 0.27438199 -0.9702211
v 0.08400438 0.18330511 -0.96436023
v 0.09482782 0.45555552 -0.97406745
v 0.17944844 0.35940504 -0.95783287
v 0.09086307 0.36548087 -0.97373938
v 0.27520692 0.43639144 -0.93020081
v 0.34258076 0.33243459 -0.89451038
v 0.26419621 0.34801542 -0.9311105
v 0.42987129 0.40114152 -0.84785032
v 0.48006185 0.29457536 -0.8082714
v 0.40171447 0.22676003 -0.85614889
v 0.41447085 0.31446954 -0.85275602
v 0.55378699 0.35966548 -0.75158202
v 0.59285128 0.25220301 -0.71710151
v 0.52708107 0.18720293 -0.76976794
v 0.53956782 0.2736172 -0.76289814
v 0.56901729 0.08012136 -0.72528827
v 0.45722925 0.12008573 -0.81752032
v 0.51573842 0.10042132 -0.7716313
v 0.3924593 0.13811297 -0.85950493
v 0.65338808 0.31645077 -0.65787172
v 0.68221312 0.20977889 -0.62715506
v 0.6281619 0.14550626 -0.67873257
v 0.64054256 0.23092888 -0.67187547
v 0.72909069 0.27381324 -0.56690806
v 0.74524164 0.17059439 -0.54002785
v 0.7045688 0.10510501 -0.58980256
v 0.71700078 0.18925857 -0.58322507
v 0.72183585 0.00459265 -0.54364752
v 0.65884941 0.03943988 -0.63440752
v 0.69280159 0.02049167 -0.5891819
v 0.61719524 0.05966862 -0.67990434
v 0.77983921 0.23519541 -0.48176816
v 0.78742265 0.13728623 -0.4539079
v 0.75714922 0.07336866 -0.50117182
v 0.76884406 0.15368124 -0.49718931
v 0.80819439 0.19737871 -0.39277786
v 0.82688152 0.08520788 -0.36220052
v 0.79571491 0.0459108 -0.40760582
v 0.80293154 0.11831972 -0.40836063
v 0.83853882 -0.03053352 -0.36860734
v 0.76327425 -0.01618633 -0.45020192
v 0.78928655 -0.02294819 -0.40288239
v 0.74523121 -0.00724506 -0.49766117
v 0.88414484 0.11379903 -0.33713081
v 0.96424478 0.0712235 -0.40748751
v 0.90582454 0.01435151 -0.37925922
v 0.90056192 0.06490779 -0.36477428
v 1.0082339 0.1071593 -0.3819502
v 1.00062584 0.04621264 -0.40651601
v 0.98193442 0.00527039 -0.42162132
v 0.99245733 0.05818193 -0.40628185
v 0.97706377 -0.06622275 -0.42003274
v 0.94641488 -0.1276572 -0.40562832
v 0.94197481 -0.05414778 -0.41667318
v 0.96537172 -0.0575685 -0.42219317
v 0.88319551 -0.11200882 -0.37879377
v 0.89979255 -0.04416404 -0.3823356
v 0.72594648 -0.41283816 -0.13596276
v 0.72807335 -0.43397027 -0.06732905
v 0.71792644 -0.45643535 -0.06289402
v 0.71981054 -0.4392355 -0.10485187
v 0.75082606 -0.43198201 -0.05825541
v 0.75609087 -0.37850707 -0.00981892
v 0.73627644 -0.40419745 0.00010957
v 0.74684119 -0.41891351 -0.03347355
v 0.73089307 -0.34980887 0.07214317
v 0.71885657 -0.4001244 0.10022525
v 0.72396528 -0.43979769 0.01672299
v 0.72877019 -0.39883092 0.04598478
v 0.71035921 -0.49323993 0.03638697
v 0.71714568 -0.47368636 -0.01553633
v 0.7059859 -0.4629257 0.12534888
v 0.68776893 -0.53609126 0.14733101
v 0.70077258 -0.51436674 0.09116133
v 0.70798265 -0.34796804 0.18699196
v 0.69048821 -0.41761344 0.21349744
v 0.70758444 -0.4070822 0.15758565
v 0.66587686 -0.36476102 0.29630142
v 0.64244782 -0.44609949 0.31782907
v 0.66942799 -0.49498298 0.2359157
v 0.66806489 -0.43051323 0.26691857
v 0.64036887 -0.57763212 0.25572654
v 0.66676527 -0.55680078 0.20257996
v 0.58257657 -0.62533301 0.35456529
v 0.56231838 -0.58264082 0.43037179
v 0.52616035 -0.68053853 0.45248922
v 0.5528441 -0.65166914 0.40267944
v 0.6157217 -0.53368812 0.33703845
v 0.61156368 -0.60032415 0.30590334
v 0.6160503 -0.39645883 0.3949368
v 0.59193903 -0.48742055 0.41237565
v 0.6168639 -0.46529534 0.36641678
v 0.56715321 -0.43891251 0.48095318
v 0.54523122 -0.53505277 0.49841794
v 0.5679323 -0.51113015 0.45626521
v 0.47792422 -0.74227404 0.56001371
v 0.46355396 -0.68011134 0.61198228
v 0.41073948 -0.77649134 0.66526526
v 0.44794595 -0.76803654 0.61610108
v 0.51375043 -0.63576477 0.52212619
v 0.50261324 -0.71164935 0.50510752
v 0.52466243 -0.48060345 0.5564655
v 0.50008517 -0.57873076 0.57665807
v 0.52275532 -0.55803781 0.53845018
v 0.48449733 -0.51487171 0.62549936
v 0.45099094 -0.60916268 0.64672511
v 0.47608569 -0.59564286 0.61251884
v 0.26738897 -0.88521051 0.72319233
v 0.19499163 -0.93754851 0.76606082
v 0.1511909 -0.97614526 0.72654062
v 0.21501356 -0.92768698 0.71631366
v 0.20239636 -0.90710306 0.80641537
v 0.15142935 -0.92168074 0.83692437
v 0.12251783 -0.9600752 0.81494426
v 0.17231741 -0.93573814 0.80982577
v 0.05710263 -0.95675814 0.8595919
v 0.06815294 -0.9832825 0.77218705
v 0.06239639 -0.97544646 0.81747436
v 0.077367 -1.00372839 0.73627108
v 0.33528655 -0.81577289 0.71389091
v 0.28868913 -0.81195139 0.76311105
v 0.25179964 -0.86891782 0.78106582
v 0.29535812 -0.85210293 0.75014895
v 0.29444783 -0.74369502 0.73788505
v 0.24959242 -0.74501097 0.7676537
v 0.24109916 -0.80029934 0.79542475
v 0.26748269 -0.77592158 0.76326203
v 0.19465147 -0.78575396 0.82304275
v 0.16823431 -0.8326171 0.84473764
v 0.21492458 -0.85096782 0.81688749
v 0.20663243 -0.81840068 0.82129478
v 0.17802731 -0.8892799 0.83230662
v 0.21473363 -0.88030099 0.81028538
v 0.40751186 -0.68879103 0.6845442
v 0.34963914 -0.73040884 0.71479344
v 0.37841007 -0.75737124 0.69737792
v 0.431932 -0.54517233 0.68642431
v 0.39241597 -0.62341588 0.69910711
v 0.42377144 -0.61846047 0.67798191
v 0.3658941 -0.56623661 0.71554791
v 0.33825725 -0.62626081 0.72742891
v 0.34651696 -0.67036873 0.71228766
v 0.36378088 -0.6257742 0.71527123
v 0.30566367 -0.69209647 0.73493921
v 0.32408037 -0.70813667 0.72389459
v 0.13401652 -0.87519943 0.86107361
v 0.09879876 -0.91539859 0.86953568
v 0.14013817 -0.90115708 0.85121178
v 0.12409001 -0.81354969 0.87429249
v 0.08793494 -0.85581415 0.89053434
v 0.12891593 -0.84542167 0.8692764
v 0.04279428 -0.83008849 0.9091326
v 0.04754289 -0.89531385 0.89492553
v 0.04466094 -0.86279082 0.90316999
v 0.05203217 -0.92808097 0.88394188
v 0.08257057 -0.79146713 0.89905691
v 0.04064716 -0.76511019 0.91098433
v 0.04176134 -0.79772472 0.91217631
v 0.1521852 -0.7699809 0.8484891
v 0.11321254 -0.75156456 0.87233859
v 0.11927337 -0.78183209 0.87521547
v 0.13674278 -0.71525931 0.84791308
v 0.09980224 -0.69663721 0.86563378
v 0.0742689 -0.72924429 0.88846248
v 0.10545355 -0.72341477 0.86602658
v 0.03497256 -0.70511192 0.89309883
v 0.03826605 -0.73405766 0.90385836
v 0.26473543 -0.69988966 0.76040041
v 0.23040157 -0.70029497 0.78894066
v 0.21149571 -0.73952829 0.79885578
v 0.237761 -0.72016584 0.77669477
v 0.24714073 -0.67327219 0.78723377
v 0.2171259 -0.66921079 0.81477242
v 0.19726264 -0.69510895 0.81709855
v 0.22452396 -0.68418854 0.8026185
v 0.16296201 -0.68477094 0.8435958
v 0.17397598 -0.72946244 0.82520204
v 0.16744594 -0.70568609 0.83169931
v 0.1832571 -0.7561264 0.8233807
v 0.12764693 -0.66988933 0.86709767
v 0.09337232 -0.65242064 0.88856428
v 0.06387171 -0.67545211 0.88008296
v 0.09635321 -0.67321431 0.8751775
v 0.11895739 -0.63212084 0.89325857
v 0.08980825 -0.62119936 0.92107635
v 0.06092517 -0.634952 0.90928083
v 0.09082283 -0.63400477 0.90317392
v 0.03028968 -0.62102043 0.93061697
v 0.03123799 -0.65559631 0.89858955
v 0.03056844 -0.63560026 0.91291499
v 0.03192004 -0.67780125 0.88630384
v 0.2295905 -0.65007108 0.80872869
v 0.19950069 -0.63983178 0.8368994
v 0.18492038 -0.65939599 0.84232002
v 0.20874424 -0.65441376 0.82622295
v 0.21082587 -0.62592637 0.82857781
v 0.18107342 -0.61338621 0.85814738
v 0.1692418 -0.6272549 0.86494088
v 0.19017222 -0.62596166 0.84744578
v 0.14074809 -0.61646741 0.89413178
v 0.15095409 -0.64631748 0.86770367
v 0.14533054 -0.62986105 0.8805179
v 0.15749068 -0.66514623 0.85612863
v 0.25755041 -0.65354287 0.78121638
v 0.26926952 -0.63733249 0.77103704
v 0.24231998 -0.63563567 0.79705315
v 0.24999277 -0.64488065 0.78935068
v 0.28957149 -0.62548315 0.75752461
v 0.27827516 -0.59915769 0.76634806
v 0.27520221 -0.62059271 0.76749968
v 0.2830294 -0.62366664 0.76236909
v 0.26093652 -0.59859818 0.77468043
v 0.25150165 -0.60917598 0.78038477
v 0.25239151 -0.62442839 0.78445601
v 0.26488909 -0.61603403 0.77310383
v 0.2213664 -0.6157087 0.81745678
v 0.23321554 -0.62612617 0.80602216
v 0.32251673 -0.58247304 0.74948257
v 0.30397975 -0.62581133 0.74658852
v 0.3087337 -0.65750294 0.73833465
v 0.31759312 -0.62579888 0.73755061
v 0.29376158 -0.59342277 0.76193159
v 0.28499996 -0.64805084 0.75840342
v 0.29573923 -0.62596869 0.75284081
v 0.27780816 -0.67005181 0.76026737
v 0.26642996 -0.66153764 0.77178287
v 0.29111021 -0.67998111 0.74760955
v 0.24738402 -0.38885179 0.79923784
v 0.26299276 -0.44867423 0.79982793
v 0.29455921 -0.47700017 0.76959973
v 0.29055097 -0.41968262 0.78213542
v 0.27339407 -0.43432191 0.78695005
v 0.23324714 -0.42370787 0.82432389
v 0.24433092 -0.48238173 0.8230431
v 0.26989868 -0.51009506 0.80051159
v 0.25364154 -0.46498727 0.81271082
v 0.26984456 -0.56496316 0.78526091
v 0.29784911 -0.5435664 0.77562594
v 0.28284898 -0.55612909 0.78394812
v 0.33002191 -0.51438295 0.74014246
v 0.31235656 -0.52866286 0.75783461
v 0.35857614 -0.27526822 0.79482644
v 0.35919645 -0.36746895 0.78803378
v 0.41459167 -0.39949616 0.73735547
v 0.41650086 -0.3066965 0.73593896
v 0.38943171 -0.33427149 0.76683414
v 0.29552692 -0.34667989 0.81453484
v 0.34824505 -0.44690886 0.76727879
v 0.32271042 -0.39849624 0.79162389
v 0.39831405 -0.4882681 0.73143649
v 0.3633857 -0.50284284 0.73929083
v 0.45841547 -0.4522942 0.67998236
v 0.43056064 -0.47020173 0.71012932
v 0.24697051 -0.53830713 0.81327897
v 0.25240337 -0.57454782 0.78598547
v 0.26012 -0.57059139 0.78462928
v 0.21867875 -0.46526718 0.84584742
v 0.2253606 -0.51813626 0.83813059
v 0.23519857 -0.50076705 0.8314827
v 0.20010073 -0.51144099 0.86441457
v 0.20313608 -0.5422526 0.84857881
v 0.22699928 -0.55435478 0.81843388
v 0.21471312 -0.53237575 0.84360474
v 0.23258799 -0.57598388 0.79713475
v 0.24381732 -0.57656687 0.78999173
v 0.1178105 -0.37442493 0.89783829
v 0.14043054 -0.42103368 0.90160846
v 0.17317853 -0.40672835 0.87011569
v 0.15145413 -0.35098955 0.85873383
v 0.14560933 -0.38586306 0.8806917
v 0.10712792 -0.4474447 0.94460129
v 0.12439763 -0.48737794 0.9419763
v 0.15890961 -0.47194859 0.9036802
v 0.13222773 -0.45720651 0.92351681
v 0.1710008 -0.51454645 0.8941456
v 0.190832 -0.46204614 0.87123882
v 0.18153239 -0.49149248 0.88405048
v 0.20364348 -0.40848025 0.84707564
v 0.19825492 -0.43355262 0.85910654
v 0.08888962 -0.34768211 0.91204941
v 0.06741585 -0.38286152 0.96103471
v 0.09018058 -0.4086695 0.94781714
v 0.09189686 -0.37638273 0.92737901
v 0.03752308 -0.36906355 0.97713345
v 0.03568226 -0.41219505 0.99016904
v 0.03744097 -0.3870421 0.98310697
v 0.03168242 -0.47858938 1.0051645
v 0.06233982 -0.43959015 0.98748368
v 0.03380999 -0.44474476 0.99851197
v 0.0814992 -0.47037228 0.98283147
v 0.08542151 -0.44137769 0.96715819
v 0.10995661 -0.31139147 0.89245706
v 0.07099071 -0.31677687 0.9191448
v 0.06232629 -0.34607911 0.94744402
v 0.08024461 -0.32851547 0.91109973
v 0.0780876 -0.29533174 0.91344559
v 0.04917021 -0.30023473 0.94602727
v 0.04661759 -0.32383978 0.95319229
v 0.06087355 -0.30783546 0.93123495
v 0.01949701 -0.32410845 0.96909254
v 0.03135359 -0.34909826 0.97161287
v 0.02591071 -0.33768796 0.96914547
v 0.03538259 -0.35807594 0.97371453
v 0.17048069 -0.25218817 0.85710477
v 0.17578588 -0.29726371 0.83050966
v 0.1943535 -0.30978429 0.81938493
v 0.18528969 -0.2487944 0.84304475
v 0.17620587 -0.27657064 0.83089345
v 0.15363863 -0.30251932 0.85732495
v 0.18401961 -0.34890472 0.83591836
v 0.16332505 -0.32097441 0.83771878
v 0.21440675 -0.36165016 0.81720304
v 0.20794078 -0.3844223 0.83265739
v 0.23248423 -0.32674005 0.81058162
v 0.2193017 -0.34554722 0.80948698
v 0.16216458 -0.2252217 0.90370822
v 0.16267956 -0.26793628 0.92406034
v 0.16786238 -0.27757597 0.89101177
v 0.17023967 -0.25181782 0.89299118
v 0.15490336 -0.26499295 0.95060533
v 0.14333266 -0.28015923 0.95320648
v 0.14248587 -0.29129704 0.93270158
v 0.15175332 -0.27855926 0.93956077
v 0.09544073 -0.28955817 0.92403769
v 0.13475422 -0.30021807 0.9181174
v 0.11929769 -0.29842153 0.92765414
v 0.150293 -0.30039644 0.89171439
v 0.29790616 -0.26805567 0.83430016
v 0.23763182 -0.26401054 0.85752368
v 0.26535886 -0.30373218 0.8378216
v 0.33772352 -0.19185301 0.80673271
v 0.28170427 -0.19582495 0.83777737
v 0.32056587 -0.23098605 0.81815344
v 0.2512786 -0.13679486 0.83680498
v 0.21160414 -0.13601768 0.86951321
v 0.2352947 -0.19258563 0.87147432
v 0.24605868 -0.16460269 0.85501027
v 0.18513134 -0.18215666 0.88581985
v 0.21329908 -0.22231441 0.87442129
v 0.11995746 -0.14075644 0.98286527
v 0.13202051 -0.12866041 0.92634874
v 0.1230846 -0.09108847 0.95537978
v 0.10588505 -0.1032931 1.00810539
v 0.11922705 -0.11440722 0.96663487
v 0.14017151 -0.17540507 0.89995473
v 0.1714473 -0.12930496 0.89593577
v 0.15349344 -0.15055638 0.89591503
v 0.17800793 -0.09031279 0.87139284
v 0.14973396 -0.08714346 0.91239219
v 0.17685236 -0.11021448 0.88537275
v 0.12801969 -0.04757672 0.93272554
v 0.10431453 -0.05438689 0.97926193
v 0.12596479 -0.06934755 0.94448345
v 0.04496742 -0.2775222 0.95181524
v 0.03779671 -0.2917557 0.98715472
v 0.03111654 -0.30695077 0.97590607
v 0.04115658 -0.29486033 0.96582043
v 0.04115774 -0.27840638 1.00113976
v 0.03703085 -0.28858226 1.02715277
v 0.02714446 -0.30005973 1.01717925
v 0.03689194 -0.2900283 1.00720894
v 0.01412857 -0.30167856 1.04762482
v 0.01457701 -0.30894258 1.00179195
v 0.01392169 -0.30546918 1.0238806
v 0.01582562 -0.31373041 0.98159927
v 0.02061565 -0.2948032 1.10184788
v 0.04593785 -0.28437784 1.10937964
v 0.03135054 -0.25926151 1.14990937
v 0.0256105 -0.28226071 1.12854492
v 0.02967931 -0.29414993 1.06087148
v 0.0161876 -0.29829546 1.07372057
v 0.04352552 -0.28023347 1.03521037
v 0.04443426 -0.28397718 1.05706059
v 0.03989224 -0.28585466 1.04369258
v 0.05064697 -0.27543792 1.04640007
v 0.07198201 -0.26815834 1.0927366
v 0.05377795 -0.28019851 1.07303047
v 0.09269871 -0.12225911 1.06781673
v 0.07432956 -0.14860355 1.12318325
v 0.09849803 -0.19304586 1.10351395
v 0.11378521 -0.16382393 1.04524493
v 0.09701281 -0.15572585 1.08685135
v 0.0379486 -0.11015483 1.12143671
v 0.04045632 -0.18061301 1.15612626
v 0.03973616 -0.14477853 1.14111304
v 0.07090517 -0.2293151 1.14200604
v 0.03819732 -0.22256508 1.1626712
v 0.10501711 -0.24202078 1.06653022
v 0.09228362 -0.23660889 1.10619306
v 0.06734884 -0.08285979 1.08423042
v 0.03428357 -0.04908682 1.08395695
v 0.03584941 -0.07882817 1.10192203
v 0.08464812 -0.06620483 1.03068387
v 0.08896514 -0.09268489 1.04922866
v 0.08197499 -0.01621386 1.00045049
v 0.06149904 -0.02825482 1.0478549
v 0.08188661 -0.04112555 1.01432812
v 0.03286939 0.0046769 1.05293524
v 0.03357132 -0.02100483 1.06839501
v 0.08194825 0.07700403 0.94673389
v 0.06080932 0.0671648 0.993209
v 0.08420733 0.03278423 0.97367095
v 0.10479763 0.03873554 0.91830998
v 0.08354085 0.05535355 0.95879429
v 0.03148606 0.0905246 1.00038182
v 0.03234798 0.05115345 1.02369451
v 0.03208627 0.07184598 1.01109421
v 0.06115125 0.02229078 1.01956999
v 0.03255239 0.02880352 1.03792715
v 0.10521788 -0.00750137 0.95216178
v 0.08369864 0.00883093 0.98764801
v 0.13019269 -0.00237097 0.90289932
v 0.1569135 -0.00127631 0.85154986
v 0.13274551 0.03856279 0.85932457
v 0.13083589 0.01960049 0.88363736
v 0.15462158 -0.04495475 0.88769429
v 0.12908063 -0.02518898 0.91889953
v 0.21330976 -0.08963996 0.83379131
v 0.17905166 -0.04652435 0.83754527
v 0.17868776 -0.06875313 0.85564738
v 0.21173259 -0.04294807 0.7954092
v 0.18031194 -0.00532356 0.79568195
v 0.17896083 -0.02523604 0.8171159
v 0.05717773 0.10415359 0.9745177
v 0.02878809 0.12263326 0.98431372
v 0.03029563 0.10723147 0.9915921
v 0.0932821 0.09109328 0.90049934
v 0.07351182 0.11522575 0.93967163
v 0.07774508 0.09720805 0.94171243
v 0.0828784 0.1273525 0.90379011
v 0.06806119 0.14671716 0.93486839
v 0.05135977 0.13520793 0.96353232
v 0.07037235 0.13142953 0.93756586
v 0.02575205 0.15159268 0.97177761
v 0.02719427 0.13718757 0.97782427
v 0.13348227 0.11250387 0.76394051
v 0.11588857 0.1159942 0.79873555
v 0.11562959 0.09564589 0.823803
v 0.13897484 0.08842638 0.78025925
v 0.12618565 0.10323426 0.79041016
v 0.11546175 0.13432553 0.78386193
v 0.1083235 0.13977804 0.81237191
v 0.10220252 0.12550722 0.83588242
v 0.10950698 0.12821376 0.80665493
v 0.09206483 0.14001202 0.87043601
v 0.09809225 0.10931522 0.865897
v 0.094128 0.12531803 0.86912685
v 0.117539 0.07116364 0.84891891
v 0.1043442 0.09098274 0.85995268
v 0.1617926 0.03157719 0.80144989
v 0.14896348 0.06286723 0.79704123
v 0.14050686 0.05249463 0.82904964
v 0.22265791 0.00344097 0.76895344
v 0.20088994 0.03463143 0.7718535
v 0.18668559 0.01371175 0.77624052
v 0.24735198 0.04802734 0.78659117
v 0.22812846 0.07541377 0.77705788
v 0.18451863 0.06283508 0.76737695
v 0.21569471 0.05538089 0.77574741
v 0.1729045 0.09104394 0.76120346
v 0.15793089 0.0736593 0.77079933
v 0.08003672 0.15828645 0.9018386
v 0.06741276 0.17749711 0.92939043
v 0.04756937 0.16471979 0.95393484
v 0.06714779 0.16195268 0.93211156
v 0.08526001 0.19178848 0.89976453
v 0.07331103 0.21236987 0.92692238
v 0.04807898 0.19617234 0.94704228
v 0.06903359 0.19410464 0.92710638
v 0.02678467 0.21435129 0.96078413
v 0.02414805 0.18132683 0.96081543
v 0.02461079 0.19737078 0.95829993
v 0.02471212 0.16627518 0.96606546
v 0.09559988 0.1700586 0.87089985
v 0.11796809 0.18065513 0.84601265
v 0.11075527 0.20572428 0.87610304
v 0.10088886 0.18743684 0.87168031
v 0.10386753 0.15176168 0.84081715
v 0.09236796 0.15465943 0.87065738
v 0.11799637 0.1506221 0.79081821
v 0.12110486 0.16288419 0.81628197
v 0.11205375 0.15133111 0.81393295
v 0.14469051 0.17172126 0.79718524
v 0.14961192 0.18845395 0.83283311
v 0.13440145 0.1747891 0.82338595
v 0.13467255 0.30882951 0.97307372
v 0.07688114 0.28380858 0.96451461
v 0.0980193 0.25213685 0.94367831
v 0.15485402 0.25804883 0.95467788
v 0.11692207 0.27516275 0.96055954
v 0.04281748 0.32175532 0.97530639
v 0.03361289 0.2577894 0.96812897
v 0.03816978 0.28656116 0.97235041
v 0.05705781 0.2337446 0.94962751
v 0.03000098 0.23367892 0.96509861
v 0.10682171 0.2274495 0.91184628
v 0.08301334 0.23158486 0.93236023
v 0.15189413 0.23264895 0.90729594
v 0.19614034 0.2373967 0.89236545
v 0.21292291 0.26256316 0.93664431
v 0.17940884 0.24673035 0.92563664
v 0.14934015 0.21097706 0.86598628
v 0.1286284 0.22038045 0.88894778
v 0.1805775 0.19280766 0.81930118
v 0.18776924 0.21257358 0.85621732
v 0.1673282 0.20140242 0.84421038
v 0.22287236 0.21355962 0.83827877
v 0.23490589 0.23790004 0.86950409
v 0.2100497 0.22546227 0.86478573
v 0.17262345 0.52277535 0.93870353
v 0.10861497 0.46621224 0.95982128
v 0.15315555 0.40829604 0.96236139
v 0.21720756 0.4615561 0.94439578
v 0.16346815 0.46476799 0.95729655
v 0.05752737 0.5251075 0.94256228
v 0.05055492 0.41301196 0.97031021
v 0.05411626 0.46692815 0.95944368
v 0.0944699 0.36108571 0.96828395
v 0.04679807 0.36416432 0.97369438
v 0.19597055 0.35105854 0.95821976
v 0.14428934 0.35578081 0.9656167
v 0.25172689 0.30437549 0.96073198
v 0.30364754 0.35489407 0.9342156
v 0.25467935 0.40311226 0.92983669
v 0.24961108 0.35183319 0.94744521
v 0.34921118 0.31828808 0.92284685
v 0.40027493 0.35536518 0.88902866
v 0.35640803 0.39809662 0.88799148
v 0.35489431 0.35631522 0.91561263
v 0.41360682 0.43617978 0.83818674
v 0.38220349 0.49341145 0.84630048
v 0.31756234 0.45080184 0.89364528
v 0.36568644 0.44355925 0.86529076
v 0.28195399 0.51155453 0.90323483
v 0.26926514 0.45719796 0.92335748
v 0.25746899 0.26139146 0.89757996
v 0.2960467 0.28658035 0.92141902
v 0.2534933 0.27631601 0.93372845
v 0.26898354 0.23571799 0.8444603
v 0.29209667 0.25568795 0.86521965
v 0.26259061 0.24852132 0.86916077
v 0.32065317 0.24382695 0.83885008
v 0.3533658 0.26074394 0.84787762
v 0.3270497 0.27685022 0.87700963
v 0.32262769 0.25956222 0.85769915
v 0.37507095 0.29785084 0.88180828
v 0.3365626 0.29454207 0.90296435
v 0.06402038 0.65145325 0.89709949
v 0.13372103 0.71509105 0.86506021
v 0.07101386 0.78841006 0.84593612
v 0.0675758 0.71933841 0.87349474
v 0.12105768 0.58546245 0.91842925
v 0.06071526 0.58641123 0.9198172
v 0.23647262 0.57419747 0.89137059
v 0.18792754 0.64273607 0.8785941
v 0.17976355 0.58097457 0.90814876
v 0.25873974 0.69833672 0.83172005
v 0.20774486 0.77517437 0.82165283
v 0.19762599 0.70802164 0.85096275
v 0.44102904 0.71105641 0.70931655
v 0.37253046 0.67154669 0.77986276
v 0.41079688 0.59889942 0.78496086
v 0.47287127 0.63410228 0.71246838
v 0.42432311 0.65395659 0.74726426
v 0.33280938 0.75005191 0.77673143
v 0.30306798 0.62458658 0.83865022
v 0.31708186 0.68628406 0.80813646
v 0.3459557 0.55702412 0.84737062
v 0.29308685 0.56748819 0.87365621
v 0.44397234 0.53122854 0.78548806
v 0.3972907 0.54532259 0.81887656
v 0.53064316 0.43622577 0.69478952
v 0.49021908 0.41514515 0.76712793
v 0.50588566 0.36862781 0.75462955
v 0.54316765 0.38486856 0.68728774
v 0.51841938 0.40105459 0.72674351
v 0.46863484 0.46919274 0.77672177
v 0.44705495 0.38843897 0.83394104
v 0.45626309 0.42715236 0.80597651
v 0.42713511 0.32106375 0.86418801
v 0.46719759 0.34740063 0.81557625
v 0.43846243 0.35242044 0.85545194
v 0.47796002 0.31529092 0.78947281
v 0.51666134 0.3296144 0.73975467
v 0.49170109 0.34006705 0.77564013
v 0.58978158 0.59590166 0.53647804
v 0.54808628 0.58425152 0.62801808
v 0.55770731 0.51339882 0.62170904
v 0.59601497 0.52284783 0.53549403
v 0.57323217 0.5544117 0.58084273
v 0.53142678 0.66063195 0.63004016
v 0.5011143 0.56257605 0.7130528
v 0.51519525 0.61112463 0.67294603
v 0.51679611 0.4954589 0.70389318
v 0.48422697 0.51469284 0.74671322
v 0.56472206 0.44998857 0.61577558
v 0.54194742 0.47357967 0.65890002
v 0.44032552 0.29653048 0.82875472
v 0.44990068 0.27444627 0.8010568
v 0.48468115 0.28797704 0.76616334
v 0.46518772 0.29317143 0.79805564
v 0.39373278 0.28032133 0.84406083
v 0.40888026 0.29946717 0.85558295
v 0.37347289 0.24293813 0.8263697
v 0.41031038 0.25982412 0.82027483
v 0.38307967 0.26075384 0.83601731
v 0.42129433 0.23891939 0.8021112
v 0.4580006 0.25079059 0.7832992
v 0.43532615 0.25649851 0.8024491
v 0.2520672 -0.03078798 0.77250051
v 0.29314348 -0.01316849 0.76544445
v 0.26967254 0.018048 0.7847346
v 0.25917741 -0.00516625 0.77075356
v 0.32431578 -0.04968854 0.75921988
v 0.35619974 -0.02472734 0.74863189
v 0.33169111 0.00412924 0.7743135
v 0.32540515 -0.02004721 0.75759524
v 0.36168122 0.02497156 0.7739709
v 0.33550757 0.05300706 0.78134948
v 0.30716356 0.03380322 0.78541111
v 0.33504807 0.02843066 0.78084152
v 0.28441119 0.06213935 0.78861677
v 0.27816218 0.04046152 0.78860789
v 0.38631615 -0.16907878 0.77864629
v 0.33472839 -0.11419368 0.78389769
v 0.29497715 -0.12990784 0.80886536
v 0.3405644 -0.15114772 0.7968977
v 0.3666816 -0.0883853 0.76034629
v 0.28909027 -0.06973151 0.77795112
v 0.32817396 -0.0807894 0.76996713
v 0.25099226 -0.08319942 0.80164217
v 0.25024193 -0.05657661 0.78554761
v 0.25241392 -0.10965099 0.81920778
v 0.46140602 -0.36154982 0.66945362
v 0.4732052 -0.28244298 0.6669408
v 0.43538445 -0.22953289 0.73491704
v 0.44476166 -0.29200065 0.70100414
v 0.49550241 -0.42116129 0.60973972
v 0.4788829 -0.43638783 0.64547127
v 0.5364083 -0.38780096 0.54192519
v 0.50562524 -0.33536115 0.6021645
v 0.51378184 -0.40523099 0.57543218
v 0.53112959 -0.25887844 0.60281938
v 0.50296682 -0.21680812 0.66967344
v 0.50241076 -0.27236583 0.63505941
v 0.52877354 -0.15568825 0.66533279
v 0.48696816 -0.12292993 0.71002584
v 0.46550685 -0.17395584 0.72520619
v 0.49883708 -0.16713327 0.69611567
v 0.49839058 -0.07588325 0.69100683
v 0.45361578 -0.05181791 0.71269398
v 0.43881478 -0.09035328 0.73241937
v 0.47071567 -0.08492812 0.7137165
v 0.39331883 -0.05761592 0.74229055
v 0.41723117 -0.12973393 0.75545489
v 0.40379869 -0.0915949 0.74784535
v 0.4279741 -0.17541872 0.75305646
v 0.61269652 -0.13678549 0.52081191
v 0.5883789 -0.2200212 0.52951884
v 0.61468815 -0.26102462 0.4538486
v 0.63952481 -0.17400193 0.43439212
v 0.6151036 -0.19585451 0.48568478
v 0.56112593 -0.18734629 0.60198354
v 0.5594787 -0.30193135 0.53554409
v 0.56014967 -0.24142676 0.56816303
v 0.58879196 -0.3479062 0.46717903
v 0.56164348 -0.36828786 0.50607258
v 0.63862144 -0.31082218 0.37539595
v 0.61452823 -0.32809984 0.42363169
v 0.61850261 -0.0537759 0.52654576
v 0.58349138 -0.05417043 0.59180486
v 0.58033925 -0.11832235 0.59586703
v 0.60141909 -0.0905766 0.55893629
v 0.57252776 0.0032897 0.59152507
v 0.53714793 0.00236993 0.62981146
v 0.54441332 -0.0456769 0.64086425
v 0.56111466 -0.02377564 0.61524087
v 0.50295209 -0.0321522 0.6741271
v 0.54186642 -0.098292 0.65298819
v 0.5234574 -0.06282352 0.6668322
v 0.55563157 -0.13966144 0.6315068
v 0.46212071 -0.01490748 0.69636333
v 0.43166995 0.00604614 0.72181743
v 0.41316661 -0.02575562 0.7264226
v 0.43878278 -0.02184277 0.71242433
v 0.44813501 0.0365305 0.72056394
v 0.42412227 0.05452581 0.74782544
v 0.40935728 0.02577688 0.75142532
v 0.42999282 0.02999648 0.73690694
v 0.38192531 0.04964241 0.76720941
v 0.38673058 -0.00060647 0.75297856
v 0.38667473 0.02396889 0.76424467
v 0.38542497 -0.02667384 0.73814719
v 0.522942 0.04633758 0.61965251
v 0.49528855 0.04837788 0.64887267
v 0.49987626 0.00860327 0.65825557
v 0.51339763 0.02565907 0.63840138
v 0.48887866 0.08536412 0.64481288
v 0.47254535 0.08845812 0.67852193
v 0.47471135 0.05639578 0.68289935
v 0.48230689 0.06962326 0.66265207
v 0.45680987 0.06732513 0.71789956
v 0.46866777 0.02154608 0.68702197
v 0.4625234 0.04545346 0.70193666
v 0.48289921 -0.00478639 0.67831581
v 0.74534654 -0.30658519 0.04280642
v 0.73772299 -0.23290903 0.11245594
v 0.72326695 -0.28700688 0.15350043
v 0.73365855 -0.2936857 0.09479416
v 0.77577889 -0.34393042 -0.02230068
v 0.76371169 -0.26419642 0.0120336
v 0.75700968 -0.32426154 0.00223392
v 0.78926461 -0.21612423 -0.02360052
v 0.78096205 -0.13017453 0.0169572
v 0.75619095 -0.18225114 0.06579767
v 0.77381902 -0.1989699 0.01734125
v 0.74944979 -0.1053761 0.1343337
v 0.72868919 -0.16220709 0.18832826
v 0.74287563 -0.16987557 0.12496913
v 0.79284292 -0.41598895 -0.04765076
v 0.82257968 -0.36769208 -0.06704448
v 0.8104161 -0.29924336 -0.04292682
v 0.80136394 -0.36112424 -0.04391157
v 0.8362419 -0.4093506 -0.09881809
v 0.8491503 -0.34979003 -0.10114854
v 0.83515012 -0.30325296 -0.08694101
v 0.83856833 -0.36327385 -0.0859695
v 0.80892777 -0.23851808 -0.114703
v 0.79848188 -0.17088711 -0.10680882
v 0.81917065 -0.23904717 -0.07539418
v 0.81178981 -0.24105384 -0.09373847
v 0.82498806 -0.15966929 -0.05959805
v 0.81157445 -0.23080049 -0.05320875
v 0.66187518 -0.23102638 0.35023433
v 0.68559771 -0.15892267 0.31306245
v 0.66574484 -0.09503825 0.39341846
v 0.66201531 -0.16297908 0.37476873
v 0.68667215 -0.29020682 0.26923018
v 0.66356533 -0.29828697 0.32394364
v 0.70758843 -0.22290228 0.23361454
v 0.70734053 -0.28628051 0.21224056
v 0.71047812 -0.09438206 0.26384699
v 0.70854014 -0.15865783 0.25102549
v 0.65110355 -0.02352822 0.45782411
v 0.6308828 0.04507768 0.49425891
v 0.60353666 0.01539281 0.54372012
v 0.62785065 -0.00593079 0.50627267
v 0.6530655 0.0911791 0.44662836
v 0.62839162 0.14113885 0.48843815
v 0.60511028 0.10009398 0.52170401
v 0.63002955 0.09447351 0.48796957
v 0.58644682 0.14270082 0.55344456
v 0.56249564 0.11439389 0.57540738
v 0.57640665 0.07045328 0.55391717
v 0.58259868 0.10705788 0.55076575
v 0.55185735 0.05354679 0.58976942
v 0.57755327 0.03542776 0.57104653
v 0.69175785 -0.03003902 0.33569082
v 0.67546749 0.03236609 0.39824602
v 0.67213022 -0.02953838 0.39891853
v 0.73620259 -0.03388101 0.20742522
v 0.7178635 0.03192827 0.27796655
v 0.71335703 -0.0307884 0.27191099
v 0.73895287 0.09411476 0.22006884
v 0.71248942 0.15433935 0.29134485
v 0.69505816 0.09223054 0.34280565
v 0.71759164 0.09378249 0.28346151
v 0.66919553 0.1458536 0.4004718
v 0.67398309 0.09080187 0.39767381
v 0.55422049 0.14581713 0.60338872
v 0.53498864 0.12674453 0.61857807
v 0.53627586 0.09584895 0.59635192
v 0.54628312 0.12123476 0.59751492
v 0.53084319 0.14859394 0.63968992
v 0.51433485 0.14078544 0.6507613
v 0.51251882 0.11759444 0.63479882
v 0.52392375 0.1333224 0.6358565
v 0.48862174 0.11532349 0.65349751
v 0.51096928 0.08675413 0.61788177
v 0.49603682 0.10306397 0.63279956
v 0.52848428 0.07021139 0.60348564
v 0.55206084 0.26529032 0.66783422
v 0.51995742 0.26651415 0.71045982
v 0.51788485 0.23741117 0.70119363
v 0.54450184 0.23342256 0.66275304
v 0.53408962 0.25108298 0.68571704
v 0.52096247 0.2963525 0.7243275
v 0.48852354 0.26167663 0.74907183
v 0.50303643 0.27904385 0.73702824
v 0.46103179 0.22625845 0.7691642
v 0.49113741 0.23411418 0.73834562
v 0.47565934 0.24383501 0.76068818
v 0.49004697 0.20560111 0.72999787
v 0.51563847 0.2086834 0.69649463
v 0.50433045 0.22213833 0.71667683
v 0.57202702 0.17257908 0.5895152
v 0.55603808 0.19238814 0.62573266
v 0.54398608 0.16707658 0.63225179
v 0.55691897 0.16977238 0.61255496
v 0.56854713 0.22332496 0.6212902
v 0.53642207 0.20487214 0.66049921
v 0.55075752 0.21408326 0.64182591
v 0.51001083 0.18234151 0.69144767
v 0.52940493 0.17947867 0.66122067
v 0.52334845 0.19463835 0.67723578
v 0.52017855 0.15877524 0.65962714
v 0.53217452 0.16398234 0.64832156
v 0.61464303 0.3429771 0.54626816
v 0.58531224 0.34537953 0.61592149
v 0.58926218 0.29979509 0.61831718
v 0.61500948 0.29213225 0.55559235
v 0.60263669 0.32071009 0.58441412
v 0.57673317 0.39502081 0.61503529
v 0.55391663 0.34004578 0.68145573
v 0.56507766 0.36649268 0.65007543
v 0.55724018 0.30019307 0.67512792
v 0.53807658 0.31636616 0.70592737
v 0.58247816 0.25883042 0.61997008
v 0.57246136 0.28101012 0.64651179
v 0.67270344 0.43994674 0.36614728
v 0.63724112 0.45505806 0.45280394
v 0.63917416 0.3907504 0.46069955
v 0.67206114 0.37131255 0.3802663
v 0.65536123 0.41560071 0.41478687
v 0.63623184 0.52339804 0.44775167
v 0.60088592 0.45712745 0.53572249
v 0.61739504 0.49015367 0.49291962
v 0.60685455 0.39762622 0.53888714
v 0.58648592 0.42506706 0.57594299
v 0.64102435 0.33055529 0.47342577
v 0.62521952 0.36629951 0.50432556
v 0.59167528 0.2056791 0.5782414
v 0.60645973 0.24599665 0.56644529
v 0.5884124 0.23372128 0.59684097
v 0.6072784 0.17958676 0.53129625
v 0.59010303 0.17551267 0.56315314
v 0.6468845 0.19023361 0.45581373
v 0.62560957 0.22384128 0.51046967
v 0.62651932 0.18434082 0.49576664
v 0.63824665 0.27460128 0.49106019
v 0.62221962 0.25980103 0.53067475
v 0.67052322 0.30639809 0.40085485
v 0.69858115 0.26925385 0.32554975
v 0.70349055 0.33737313 0.29695275
v 0.68737912 0.32232683 0.35066607
v 0.66195964 0.24574197 0.42637178
v 0.65416032 0.29029071 0.44766899
v 0.68520659 0.20533929 0.35980171
v 0.6658746 0.19748671 0.41021606
v 0.72684556 0.21961611 0.24673351
v 0.70570349 0.21298754 0.30519205
v 0.78663808 0.15854397 0.018324
v 0.77836686 0.08924599 0.08306463
v 0.78638744 0.01136755 0.01350516
v 0.79821193 0.07425045 -0.04784106
v 0.78684181 0.08406051 0.01237546
v 0.75526195 0.15913905 0.16453322
v 0.76106089 0.02592717 0.14671093
v 0.76062196 0.09251707 0.15337416
v 0.77095431 -0.04890907 0.07491669
v 0.75658637 -0.04014875 0.1411672
v 0.80337142 -0.07232074 -0.03134141
v 0.78405451 -0.05992145 0.01509888
v 0.7489466 0.44447085 0.16266125
v 0.7434659 0.36485102 0.18153585
v 0.77283781 0.30706369 0.07788024
v 0.7818048 0.38977953 0.05582047
v 0.76264411 0.37753155 0.11945743
v 0.70792365 0.40974223 0.27632224
v 0.73560738 0.28952297 0.20924097
v 0.72294312 0.35146734 0.24079039
v 0.76485991 0.22968109 0.11455828
v 0.74632883 0.22505347 0.18326023
v 0.7941401 0.24033287 -0.03163278
v 0.78152167 0.23378656 0.04194613
v 0.81957387 -0.01183652 -0.07656829
v 0.84971708 0.03951871 -0.11765857
v 0.86115664 0.12145336 -0.10464335
v 0.83520251 0.05866657 -0.08377268
v 0.82429367 -0.09488116 -0.09363489
v 0.82668286 -0.08463585 -0.0667677
v 0.80936282 -0.11648727 -0.14536513
v 0.84356892 -0.03932852 -0.1259634
v 0.8043366 -0.09593571 -0.11651227
v 0.86950826 0.00396038 -0.15583969
v 0.86752986 0.0770952 -0.1836318
v 0.85230797 0.0245887 -0.14419065
v 0.85737836 -0.37061917 -0.12238653
v 0.86043101 -0.30300274 -0.12875698
v 0.85442251 -0.2760666 -0.11329381
v 0.85718697 -0.32899776 -0.11466243
v 0.86957287 -0.30722796 -0.14392854
v 0.87764209 -0.25803887 -0.14976352
v 0.86529254 -0.24005389 -0.14397676
v 0.86770534 -0.27692782 -0.13803589
v 0.85733115 -0.21001942 -0.20545744
v 0.83939045 -0.18313242 -0.20764261
v 0.82930028 -0.22570748 -0.15207187
v 0.84103077 -0.22083416 -0.18005546
v 0.78648448 -0.18785506 -0.16887049
v 0.8173604 -0.23116399 -0.13329023
v 0.83947134 -0.06769189 -0.18439889
v 0.89361763 -0.04839652 -0.18931914
v 0.89788055 0.02770211 -0.206716
v 0.88338661 -0.02245815 -0.17076312
v 0.83905893 -0.13618998 -0.19205416
v 0.82608962 -0.12978664 -0.165972
v 0.8883962 -0.14406183 -0.22218184
v 0.8772071 -0.10422314 -0.21294148
v 0.85254317 -0.14064155 -0.22262756
v 0.92575842 -0.08245938 -0.22772812
v 0.92350971 -0.03402592 -0.22651147
v 0.90878438 -0.0700481 -0.20718622
v 0.91660392 -0.35366582 -0.30054447
v 0.95009738 -0.2673738 -0.33617553
v 0.92123895 -0.29558569 -0.28288701
v 0.90380656 -0.36875513 -0.23404157
v 0.9304465 -0.32341307 -0.28779801
v 0.94062978 -0.20095606 -0.37587404
v 0.97896212 -0.14338135 -0.39612445
v 0.97028034 -0.20294883 -0.35566774
v 0.96099209 -0.20543064 -0.37102267
v 0.98180776 -0.15462428 -0.35648158
v 0.93797409 -0.19305987 -0.32084688
v 0.93900096 -0.23818956 -0.31272441
v 0.96385353 -0.19879646 -0.33911943
v 0.91720765 -0.2582145 -0.25361388
v 0.90214073 -0.30496427 -0.23124137
v 0.91520381 -0.27381902 -0.27418988
v 1.02561128 0.05977695 -0.36083361
v 1.02754914 0.00332465 -0.37489482
v 1.01402401 -0.02281904 -0.41000297
v 1.02174162 0.02634749 -0.39437729
v 0.98933512 0.01005142 -0.35769546
v 0.97852551 -0.04007698 -0.35265904
v 1.00752365 -0.06026736 -0.36505028
v 1.00384843 -0.01905143 -0.36389794
v 0.96913212 -0.11810352 -0.34730714
v 1.00874829 -0.09560228 -0.38759979
v 0.99740827 -0.10729421 -0.36418688
v 1.00020825 -0.08187066 -0.4104422
v 0.91312992 0.13576479 -0.18543484
v 0.85640925 0.17115688 -0.23566494
v 0.80903405 0.18956466 -0.14421513
v 0.86744135 0.17202165 -0.15231153
v 0.92807626 0.09146639 -0.22491727
v 0.9616189 0.13100348 -0.26588359
v 0.92012 0.11063846 -0.21525436
v 0.97964751 0.10398632 -0.33025559
v 0.96611017 0.17300082 -0.32144245
v 0.99890124 0.13275024 -0.32227554
v 0.82572275 0.19805838 -0.27767798
v 0.87048435 0.14995628 -0.29665467
v 0.94876521 0.08924363 -0.29138985
v 0.97143101 0.06006605 -0.3421818
v 0.97467845 0.08384133 -0.3387967
v 0.94444954 0.03486914 -0.24524024
v 0.9380598 0.06777467 -0.23491735
v 0.94741207 -0.04462341 -0.25580748
v 0.96753644 0.016227 -0.29367989
v 0.94791996 -0.00423592 -0.25293287
v 0.96809965 -0.0183558 -0.33120948
v 0.96896946 0.02234555 -0.33788883
v 0.76957172 0.33959338 -0.49706089
v 0.79870814 0.40715041 -0.41250127
v 0.80244338 0.30141052 -0.40597766
v 0.78845405 0.32013121 -0.45162937
v 0.7866767 0.51237005 -0.4203245
v 0.81012332 0.57598185 -0.31935793
v 0.82013553 0.47477319 -0.31395036
v 0.80629456 0.49309077 -0.36729157
v 0.83029741 0.54003703 -0.20426565
v 0.82991719 0.44097498 -0.2007548
v 0.82121783 0.3706983 -0.31246227
v 0.82823652 0.45719963 -0.25885367
v 0.82076507 0.27256137 -0.30193153
v 0.81317347 0.28381732 -0.35687965
v 0.82360041 0.34502524 -0.19400681
v 0.81718969 0.26374828 -0.17346213
v 0.82272893 0.27099752 -0.24080331
v 0.82000821 0.50670671 -0.08270042
v 0.81409722 0.41403371 -0.07414579
v 0.8249762 0.42673087 -0.13866767
v 0.789958 0.47589096 0.04195002
v 0.8051967 0.32631287 -0.05848567
v 0.79935479 0.40187251 -0.0088823
v 0.80645757 0.25332444 -0.10297258
v 0.70409023 0.65781593 -0.54489392
v 0.7325409 0.55365985 -0.52804887
v 0.68507838 0.48947754 -0.6152088
v 0.65476107 0.59678077 -0.63876396
v 0.69743233 0.5751819 -0.58353579
v 0.76567208 0.61534988 -0.43155565
v 0.75434619 0.44718548 -0.51220953
v 0.76176124 0.53268754 -0.47369787
v 0.70902955 0.38137835 -0.59069013
v 0.74280196 0.36014697 -0.54332935
v 0.62300068 0.4242157 -0.68851786
v 0.6691271 0.40274408 -0.63944739
v 0.51199096 0.46693208 -0.78767323
v 0.58893221 0.53212308 -0.71946865
v 0.57100969 0.44567051 -0.73788934
v 0.36927485 0.50651282 -0.88130837
v 0.45899307 0.57344889 -0.81790506
v 0.4449673 0.48734551 -0.83622646
v 0.39138683 0.67867249 -0.84041667
v 0.48218786 0.74515646 -0.76487875
v 0.54301434 0.63943183 -0.74513709
v 0.47177025 0.65972381 -0.79449141
v 0.61417162 0.70239138 -0.65847098
v 0.60370904 0.61831778 -0.69280314
v 0.2952626 0.61061203 -0.9058609
v 0.20787628 0.71001076 -0.91575759
v 0.30973362 0.78066611 -0.85157281
v 0.30371132 0.69632369 -0.88328111
v 0.19460053 0.53716385 -0.95155382
v 0.28561916 0.52389502 -0.92167037
v 0.1022572 0.63195461 -0.95338583
v 0.09865019 0.54446905 -0.96757173
v 0.10835702 0.8030368 -0.90170735
v 0.10559177 0.71751415 -0.93175721
v 0.11093583 0.9744234 -0.81374794
v 0.21502779 0.87910699 -0.84302043
v 0.11002995 0.8895384 -0.86243677
v 0.10687209 1.12008309 -0.66750055
v 0.21429733 1.03650939 -0.72871315
v 0.11009179 1.0515896 -0.74870544
v 0.30639684 1.08258497 -0.62744593
v 0.40389946 0.99570512 -0.6644414
v 0.31416174 0.94224226 -0.75967335
v 0.31245529 1.01566028 -0.69895702
v 0.40519189 0.84660595 -0.77202314
v 0.31301298 0.86316698 -0.809991
v 0.49086254 0.90591388 -0.68085229
v 0.56023675 0.80632424 -0.6748445
v 0.48892995 0.82811093 -0.72731316
v 0.47410687 1.03513121 -0.55860489
v 0.55477619 0.95172387 -0.57607424
v 0.48543849 0.9748246 -0.62352836
v 0.59730696 0.98740559 -0.47010538
v 0.65399098 0.90013951 -0.46788463
v 0.61763316 0.85764557 -0.57312029
v 0.61088246 0.92647945 -0.52370566
v 0.66634064 0.75864756 -0.56004345
v 0.6186971 0.7825272 -0.61813139
v 0.69994819 0.80858379 -0.45673656
v 0.73701673 0.71402961 -0.44415241
v 0.70468092 0.73563522 -0.50170499
v 0.67059838 0.93655979 -0.36485925
v 0.71748662 0.85390275 -0.35402548
v 0.68854659 0.87579876 -0.41105979
v 0.72017824 0.89625275 -0.25207468
v 0.76216161 0.81513339 -0.2383756
v 0.75768083 0.7668069 -0.34218457
v 0.74211704 0.83402639 -0.2967585
v 0.78871899 0.67389619 -0.33004456
v 0.76507288 0.6936624 -0.38739886
v 0.78874957 0.74025434 0.00395613
v 0.81102854 0.6909365 -0.10366323
v 0.78747129 0.77842485 -0.11865213
v 0.76537388 0.82475346 -0.01243809
v 0.79151487 0.75977271 -0.05736855
v 0.82192611 0.59987407 -0.09128432
v 0.8186866 0.63602304 -0.21266965
v 0.8238151 0.61783134 -0.15235234
v 0.79559123 0.7282387 -0.22503474
v 0.80699712 0.65467047 -0.2718482
v 0.75262892 0.86068272 -0.13394792
v 0.77760142 0.79677265 -0.17899793
v 0.79732406 0.65250563 0.01850756
v 0.79541575 0.56388574 0.0304993
v 0.81079703 0.58187001 -0.03028668
v 0.75270408 0.78278911 0.10969097
v 0.75952869 0.69651728 0.12366181
v 0.77756911 0.71921861 0.06452356
v 0.71657294 0.73093861 0.22763997
v 0.71570324 0.64642202 0.23808439
v 0.75877535 0.61110842 0.13654035
v 0.73802352 0.67242562 0.1814226
v 0.75498312 0.52692109 0.14899605
v 0.77721279 0.54575192 0.09070504
v 0.67363673 0.51188033 0.35623064
v 0.67476624 0.58781158 0.34786596
v 0.63351666 0.59742939 0.44363048
v 0.65511554 0.55609226 0.39927837
v 0.71082371 0.48565113 0.26133924
v 0.69121819 0.46328172 0.31503403
v 0.7135846 0.56468784 0.24926942
v 0.73196739 0.50689744 0.20577149
v 0.6739946 0.66848099 0.33985257
v 0.6945706 0.61810708 0.29377895
v 0.67025274 0.75344699 0.33208361
v 0.6191523 0.76205152 0.43477827
v 0.62798279 0.67766338 0.43922516
v 0.64903616 0.71662056 0.38694125
v 0.5985549 0.8472557 0.42584222
v 0.53496789 0.84072727 0.52458059
v 0.56552493 0.75816857 0.53467214
v 0.58214646 0.80403238 0.48174476
v 0.50673729 0.74092251 0.62778544
v 0.58084023 0.67495989 0.53668242
v 0.54898995 0.71014374 0.58449333
v 0.60793125 0.6371752 0.48910263
v 0.65768021 0.83948445 0.32234475
v 0.6291266 0.92315191 0.30645439
v 0.56332415 0.92970132 0.4093382
v 0.61509853 0.88742953 0.36752778
v 0.70924806 0.81722188 0.21628762
v 0.69104796 0.78702819 0.27526632
v 0.73097163 0.86684876 0.09358422
v 0.68622857 0.90159076 0.20050831
v 0.723019 0.84390944 0.15539187
v 0.64318728 0.97795504 0.17843075
v 0.58145141 0.99829369 0.28170719
v 0.63826149 0.95313882 0.24274185
v 0.70902782 0.93754631 -0.15024597
v 0.68394291 0.97830605 -0.04882093
v 0.72978949 0.90456724 -0.02972219
v 0.72159797 0.92123806 -0.09040951
v 0.62980759 1.04344785 -0.07089916
v 0.58687055 1.07958006 0.02529562
v 0.64419192 1.01643383 0.05233905
v 0.63871479 1.03098881 -0.00979849
v 0.58832919 1.04598128 0.15196992
v 0.69395065 0.94541937 0.07466373
v 0.64533394 0.99880594 0.11500842
v 0.73320543 0.88678473 0.03182356
v 0.65853989 1.00695335 -0.16774644
v 0.60470449 1.0657103 -0.18603691
v 0.57353836 1.10017216 -0.09882891
v 0.61842328 1.0548923 -0.130271
v 0.67218309 0.97152668 -0.26526725
v 0.6926195 0.95413756 -0.20888291
v 0.616719 1.01305413 -0.36842253
v 0.61882585 1.03688657 -0.27451765
v 0.6473096 0.99067586 -0.31873658
v 0.56503069 1.09008061 -0.2753607
v 0.55504536 1.11186921 -0.20816676
v 0.58770775 1.07606422 -0.2357739
v 0.38242566 1.11363077 -0.52053505
v 0.44222545 1.13358759 -0.41601356
v 0.52413314 1.06385254 -0.45327544
v 0.45867487 1.08787322 -0.48864504
v 0.35828977 1.20265746 -0.36179646
v 0.41725438 1.20020663 -0.2692883
v 0.48647692 1.14179778 -0.3231132
v 0.42828911 1.17218828 -0.34291264
v 0.519149 1.13726186 -0.25055533
v 0.55255633 1.07940852 -0.35610905
v 0.53180009 1.11305081 -0.30214223
v 0.57677751 1.03852999 -0.4133484
v 0.09897217 1.2370609 -0.4972738
v 0.2015872 1.16693961 -0.57030534
v 0.10240224 1.18291842 -0.58366555
v 0.09245516 1.30100417 -0.3069815
v 0.18847546 1.25745952 -0.39414233
v 0.09542032 1.27521109 -0.40453434
v 0.27157765 1.2626084 -0.29030242
v 0.28508496 1.19195056 -0.46603116
v 0.27772223 1.23339581 -0.38014692
v 0.29565522 1.1410954 -0.54816871
v 0.39916849 1.21124577 0.02875515
v 0.46576544 1.18315029 -0.05814271
v 0.40428173 1.22049808 -0.12027019
v 0.33129367 1.25214612 -0.03504246
v 0.40169608 1.21935248 -0.0453252
v 0.52698284 1.13569808 -0.01028455
v 0.51910072 1.14772987 -0.13785335
v 0.52309131 1.14336741 -0.07520265
v 0.46848109 1.18241679 -0.19405198
v 0.51661497 1.14736878 -0.19646111
v 0.34061884 1.24578845 -0.19693894
v 0.40926641 1.21537041 -0.1949701
v 0.08612522 1.30839288 0.07496541
v 0.17329286 1.30307316 -0.01913799
v 0.08893369 1.32123172 -0.10816501
v 0.08762854 1.31736445 -0.01404871
v 0.25091722 1.27159512 0.05645427
v 0.25868111 1.2809329 -0.11192185
v 0.25500664 1.2812252 -0.02628466
v 0.17972399 1.29973876 -0.20288749
v 0.26383993 1.27427101 -0.19956243
v 0.09049534 1.31679403 -0.20664459
v 0.39194709 1.14151525 0.31508231
v 0.46102124 1.12777757 0.21611858
v 0.39376241 1.18164706 0.17257122
v 0.32008522 1.19456231 0.26776328
v 0.39235702 1.1631248 0.24361746
v 0.52416789 1.06659233 0.25163528
v 0.52865964 1.10828292 0.12050218
v 0.5264644 1.08876431 0.18560658
v 0.46529972 1.16382288 0.08021543
v 0.52916276 1.12432992 0.05521412
v 0.32353574 1.22911214 0.11939396
v 0.39623403 1.19798326 0.1011483
v 0.37526381 0.98491513 0.58316397
v 0.44624894 1.00245225 0.48638039
v 0.38715782 1.07676231 0.45526322
v 0.31139302 1.05754756 0.54968452
v 0.38121488 1.03268849 0.52040028
v 0.49518978 0.9227947 0.50895243
v 0.51544737 1.00703799 0.38515067
v 0.50692075 0.96795934 0.44907107
v 0.45775052 1.07853126 0.35397395
v 0.5211429 1.04002845 0.3188351
v 0.31946122 1.14322197 0.41476473
v 0.39100435 1.11374628 0.38659751
v 0.42671081 0.9039911 0.60426861
v 0.46979808 0.82165795 0.61790454
v 0.48217052 0.87335568 0.56485045
v 0.30137372 0.95322036 0.6705622
v 0.35787525 0.87404841 0.69301861
v 0.36758741 0.93177086 0.64110302
v 0.28368181 0.82948917 0.76508498
v 0.4037384 0.79186135 0.7046886
v 0.34669426 0.81321394 0.73875957
v 0.4567525 0.76747268 0.66671592
v 0.22435027 0.90752232 0.74344539
v 0.1466289 0.85147899 0.80172544
v 0.21677865 0.84213119 0.78598439
v 0.23462969 1.02664041 0.63716912
v 0.15606379 0.98278987 0.71297776
v 0.23048517 0.96995002 0.69430595
v 0.08022689 1.04994261 0.66851431
v 0.07663696 0.9248721 0.77099782
v 0.07886392 0.990749 0.72478872
v 0.07410884 0.85723233 0.81157064
v 0.2442087 1.19811987 0.36361607
v 0.16335329 1.18052721 0.45314952
v 0.24037396 1.12370228 0.50679487
v 0.24307437 1.16542828 0.43709492
v 0.08264523 1.22594928 0.38972643
v 0.0814581 1.14809835 0.53493559
v 0.0820792 1.18983423 0.46336764
v 0.16032569 1.09175515 0.59184747
v 0.08089485 1.10144257 0.60380244
v 0.23752452 1.07716405 0.57362186
v 0.16546356 1.24405622 0.30451002
v 0.08406225 1.2791816 0.23777763
v 0.08331892 1.25596749 0.31466275
v 0.24561457 1.24245905 0.21275246
v 0.2446558 1.22283268 0.28849971
v 0.16823662 1.2826513 0.14931017
v 0.24764618 1.2582848 0.13569016
v 0.08503121 1.29667711 0.15845397
v 0.90389305 -0.1643314 -0.22426079
v 0.94066417 -0.13731411 -0.27173912
v 0.93390333 -0.11451537 -0.24864472
v 0.92050886 -0.14186108 -0.23756898
v 0.93921846 -0.15996669 -0.2992137
v 0.95915055 -0.09378454 -0.32110047
v 0.94923985 -0.12868441 -0.31335994
v 0.95800674 -0.07157358 -0.28852725
v 0.9667766 -0.05673576 -0.3257249
v 0.94379156 -0.08162319 -0.2537842
v 0.91980314 -0.18348479 -0.23620599
v 0.92674237 -0.21622997 -0.25105047
v 0.93290793 -0.1876661 -0.27707585
v 0.88345074 -0.21883882 -0.19356803
v 0.88765704 -0.19051595 -0.21504926
v 0.88080966 -0.28881833 -0.16103884
v 0.90131759 -0.24673892 -0.19273632
v 0.88860935 -0.24932614 -0.16765274
v 0.8993237 -0.28709769 -0.20417723
v 0.91399371 -0.24958232 -0.22276739
v 0.88461834 -0.32631421 -0.17261059
v 0.88878697 -0.35684189 -0.19346952
v 0.89223557 -0.32161381 -0.19765688
v 0.86762279 -0.35891526 -0.14701749
v 0.87629693 -0.32229158 -0.15477161
v 0.85329467 -0.42061531 -0.13036751
v 0.87162381 -0.40273419 -0.15951214
v 0.86107444 -0.39471399 -0.13829448
v 0.86469596 -0.43278592 -0.1946043
v 0.88797611 -0.39525023 -0.18954049
v 0.14241813 -0.18378593 0.96809911
v 0.15588292 -0.23101177 0.95625722
v 0.15129816 -0.20206387 0.93202394
v 0.13632257 -0.20906685 1.02746391
v 0.1296198 -0.17195555 1.00634753
v 0.09045538 -0.25661143 1.02850174
v 0.13760864 -0.24977901 1.00422716
v 0.11959526 -0.24425259 1.03393268
v 0.1356785 -0.26801359 0.98283708
v 0.15001569 -0.25597146 0.97410953
v 0.75108957 -0.43021485 -0.12042117
v 0.80433625 -0.44795671 -0.10083086
v 0.76854974 -0.44070264 -0.0804542
v 0.77213966 -0.37646094 -0.20440241
v 0.80187153 -0.42361488 -0.17127946
v 0.75245654 -0.40750122 -0.15842019
v 0.84133815 -0.39744329 -0.22777846
v 0.82079684 -0.44378086 -0.15352205
v 0.82014769 -0.42326271 -0.1841852
v 0.8365398 -0.44113144 -0.11844467
v 0.81927502 -0.25797224 -0.31778311
v 0.8329063 -0.33015829 -0.26954513
v 0.78914153 -0.32217881 -0.26257655
v 0.89814859 -0.19651176 -0.37078544
v 0.85306114 -0.18717432 -0.36110371
v 0.89724624 -0.27377513 -0.33892518
v 0.92479658 -0.19866783 -0.37653502
v 0.8667137 -0.3436442 -0.2877846
v 0.04108739 -0.24686886 0.96824407
v 0.05915424 -0.25236252 1.00904727
v 0.04499805 -0.26520553 1.00271737
v 0.10247597 -0.28199663 0.95406389
v 0.05248669 -0.2485525 0.92024606
v 0.11328666 -0.26552048 0.99882584
v 0.13078558 -0.2763589 0.97421902
v 0.07521686 -0.25566193 1.01854109
v 0.02987968 -0.60377728 0.96323835
v 0.05626627 -0.59272611 0.96344554
v 0.02728365 -0.58351856 0.97155737
v 0.02871307 -0.59311127 0.96895235
v 0.06006102 -0.61272418 0.94547045
v 0.03044391 -0.61430311 0.95088613
v 0.11455547 -0.60845941 0.92462658
v 0.08586385 -0.60122859 0.94823837
v 0.08857996 -0.61128449 0.93724966
v 0.10571134 -0.59000927 0.94195121
v 0.07814076 -0.58307421 0.95852249
v 0.08213539 -0.5918672 0.95473241
v 0.09701892 -0.57245093 0.94728189
v 0.06939566 -0.56009423 0.95784777
v 0.05035958 -0.57274073 0.96788811
v 0.0741098 -0.5727868 0.96017718
v 0.08772289 -0.54983699 0.94085902
v 0.06155936 -0.54153978 0.95505201
v 0.0429018 -0.55004864 0.96341252
v 0.06424337 -0.54897034 0.95437216
v 0.02025731 -0.54355317 0.96853214
v 0.02346777 -0.56088602 0.97049665
v 0.02172637 -0.55046594 0.96867579
v 0.02561056 -0.57275646 0.97222423
v 0.13169576 -0.59613668 0.91788935
v 0.14396306 -0.58671993 0.90561848
v 0.121906 -0.5801543 0.92862999
v 0.12643185 -0.58793407 0.92494016
v 0.15613776 -0.60351425 0.88871532
v 0.13655783 -0.60559499 0.90736448
v 0.18868666 -0.60249328 0.8495903
v 0.16510707 -0.59297049 0.87866216
v 0.17253655 -0.60233724 0.86883086
v 0.16924923 -0.58467763 0.86772871
v 0.15394307 -0.57994049 0.88879698
v 0.15839897 -0.58580857 0.88605076
v 0.11485795 -0.56131064 0.92465466
v 0.13598021 -0.55818778 0.89890426
v 0.11158111 -0.54674744 0.92267823
v 0.11237863 -0.55170714 0.92123556
v 0.13749648 -0.57238572 0.90682315
v 0.11837184 -0.57139074 0.92846453
v 0.16581507 -0.57618689 0.86575275
v 0.15386755 -0.56743866 0.87822508
v 0.15299123 -0.57405161 0.88486886
v 0.17251989 -0.56779927 0.84850949
v 0.15522484 -0.55925369 0.87313622
v 0.15489962 -0.5623753 0.87340509
v 0.09107799 -0.51803219 0.9662373
v 0.07322344 -0.50590908 0.98334091
v 0.04765227 -0.51796281 0.98671352
v 0.06749219 -0.52309334 0.97403538
v 0.07013993 -0.51572257 0.97833585
v 0.09712915 -0.49817687 0.97170025
v 0.05472122 -0.49329948 0.99734324
v 0.07696846 -0.49191525 0.98734581
v 0.02531528 -0.51424342 0.9950301
v 0.02806085 -0.50212794 1.00023388
v 0.02270281 -0.52748942 0.98701858
v 0.02375265 -0.52190089 0.99095833
v 0.02083567 -0.53566211 0.97849214
v 0.04357198 -0.53047651 0.97828495
v 0.02175778 -0.53190565 0.98311388
v 0.04052776 -0.5383085 0.96812057
v 0.02017272 -0.53927564 0.97329765
v 0.08503018 -0.53920894 0.94624644
v 0.06310971 -0.53343975 0.96483701
v 0.06175832 -0.53752505 0.9596908
v 0.0870708 -0.52952784 0.95727294
v 0.06516441 -0.52888488 0.96975362
v 0.16287493 -0.54221624 0.88894045
v 0.15458138 -0.5319578 0.90528929
v 0.13210375 -0.52726566 0.92844331
v 0.14708858 -0.53843075 0.90686798
v 0.14943163 -0.53482073 0.90787708
v 0.17836439 -0.53725123 0.87757074
v 0.14098677 -0.51576119 0.92517727
v 0.16171135 -0.52714324 0.90098267
v 0.1141781 -0.51577323 0.95054262
v 0.118189 -0.5062533 0.95020556
v 0.11015377 -0.52709049 0.94556683
v 0.11155603 -0.52189385 0.94886493
v 0.10924512 -0.53832912 0.93292033
v 0.13083785 -0.53805506 0.91995567
v 0.10962981 -0.53258097 0.94008064
v 0.13279092 -0.55126643 0.90301132
v 0.10986526 -0.54368954 0.92631298
v 0.17171353 -0.55989134 0.85696536
v 0.15057879 -0.55116212 0.88864767
v 0.15306001 -0.55656808 0.87860888
v 0.16237156 -0.54788565 0.88279455
v 0.14817406 -0.54429602 0.8995518
v 0.19137732 -0.56896263 0.82757508
v 0.20265212 -0.56765043 0.82171803
v 0.18062678 -0.55611383 0.85376459
v 0.18705323 -0.56299579 0.83802664
v 0.23072761 -0.58643174 0.7925179
v 0.20368003 -0.55869197 0.83049058
v 0.21825316 -0.57244932 0.80766475
v 0.18216796 -0.54875141 0.86198151
v 0.19191721 -0.54715514 0.85442632
v 0.17298004 -0.54889899 0.87103247
v 0.19163313 -0.59135603 0.84024238
v 0.18534976 -0.57986033 0.83745497
v 0.17759272 -0.58182734 0.85134995
v 0.22413028 -0.60425072 0.80930101
v 0.20688107 -0.60359829 0.82942897
v 0.21118655 -0.58707004 0.80944287
v 0.23357483 -0.59908968 0.79389607
v 0.18999525 -0.57542085 0.82658433
v 0.26268526 0.19032083 0.79896366
v 0.23684659 0.19723191 0.79942536
v 0.22125501 0.17227864 0.78273391
v 0.24547527 0.17981599 0.77694094
v 0.2423619 0.18182458 0.7916274
v 0.25072938 0.22114543 0.81839567
v 0.20870229 0.20015056 0.80349212
v 0.22921958 0.21148993 0.81232452
v 0.16841392 0.18023333 0.78203201
v 0.19472545 0.17985823 0.77817249
v 0.18802982 0.18987049 0.79303348
v 0.18469515 0.15721941 0.76118677
v 0.20727963 0.16296106 0.75108176
v 0.20129695 0.1641789 0.7721346
v 0.17902863 0.13956426 0.74766808
v 0.1937039 0.1250709 0.76099455
v 0.22493372 0.13443034 0.77037191
v 0.20902599 0.14567339 0.7410652
v 0.20056462 0.13527695 0.75288659
v 0.1631892 0.11667118 0.75131952
v 0.21068501 0.10310722 0.77173715
v 0.18529419 0.10988617 0.76199889
v 0.26358145 0.08867677 0.78910857
v 0.24407267 0.11494439 0.78572392
v 0.23734679 0.09567204 0.78114002
v 0.27056142 0.12548299 0.79389399
v 0.25162279 0.13818582 0.77317565
v 0.24830639 0.13099692 0.78525281
v 0.29121074 0.10360701 0.79910689
v 0.31178543 0.11985933 0.79947853
v 0.289606 0.13139483 0.7883647
v 0.29159382 0.12151415 0.79817825
v 0.31272032 0.07973888 0.79128468
v 0.28884187 0.08330416 0.79294955
v 0.35599467 0.07609561 0.77863693
v 0.33419662 0.10035415 0.79533988
v 0.33501163 0.07752098 0.78553187
v 0.34834963 0.12098144 0.79381817
v 0.32416695 0.13094796 0.78992688
v 0.33090099 0.11999212 0.79798597
v 0.37142863 0.10138126 0.78266972
v 0.37967851 0.12567099 0.78313773
v 0.35440391 0.13522732 0.78207445
v 0.36450198 0.12312652 0.78883522
v 0.39542287 0.07757106 0.76449888
v 0.37609103 0.07595568 0.77171593
v 0.43067741 0.08448936 0.74603736
v 0.40428775 0.10626912 0.76836639
v 0.41389045 0.08048068 0.75631457
v 0.40493941 0.13145998 0.769472
v 0.37904185 0.13920201 0.76925367
v 0.39364314 0.12860873 0.77678853
v 0.429297 0.11331471 0.74863207
v 0.42269882 0.13699877 0.75311631
v 0.3967286 0.14366543 0.75971853
v 0.41392692 0.13410598 0.76197046
v 0.45637184 0.09684729 0.71666836
v 0.44549334 0.08978378 0.73325431
v 0.46386304 0.11717349 0.67734432
v 0.44632816 0.12293486 0.71750241
v 0.46078392 0.10559836 0.69631242
v 0.44326087 0.14388217 0.72335553
v 0.41155746 0.15072248 0.74857753
v 0.43137303 0.14006683 0.74018031
v 0.39498582 0.18889671 0.78122252
v 0.38754415 0.21494904 0.78105777
v 0.36777201 0.19758574 0.79490697
v 0.37417343 0.18621839 0.78100097
v 0.38186842 0.19371734 0.78815501
v 0.42317181 0.21980789 0.78221201
v 0.3838427 0.22912727 0.80240541
v 0.40421184 0.22558665 0.79340571
v 0.34040448 0.23293206 0.81387502
v 0.35403999 0.21970696 0.7961905
v 0.36244797 0.23167762 0.80870538
v 0.33541274 0.2020232 0.80503922
v 0.34722337 0.19512689 0.79113608
v 0.35232627 0.20055042 0.80075764
v 0.44364845 0.16178104 0.73353046
v 0.44139939 0.1874956 0.73120075
v 0.41861635 0.17602862 0.76396477
v 0.41201049 0.1652012 0.7521075
v 0.43027073 0.1689555 0.7517817
v 0.48091942 0.18105502 0.71675342
v 0.45501548 0.20240971 0.75250721
v 0.46821418 0.19204253 0.73440778
v 0.41512236 0.2049469 0.75896883
v 0.44000959 0.21236856 0.76831936
v 0.39468383 0.1758055 0.76904296
v 0.4074572 0.18281643 0.77367478
v 0.31677806 0.21885916 0.8070724
v 0.30041298 0.19934231 0.80771797
v 0.31568905 0.19503976 0.79908895
v 0.31791031 0.20162883 0.80734682
v 0.2958517 0.23145283 0.82124614
v 0.31813412 0.23282726 0.81847643
v 0.27810975 0.21101173 0.81111079
v 0.27329999 0.22795644 0.82114404
v 0.2829287 0.19032254 0.79256779
v 0.28217691 0.19618597 0.80435437
v 0.13151243 0.13724862 0.75695532
v 0.1365357 0.15735618 0.76903075
v 0.12337596 0.14532516 0.77106499
v 0.15688204 0.13984061 0.74679893
v 0.14444536 0.1263598 0.74844712
v 0.16028556 0.16143576 0.75975996
v 0.17041234 0.14926813 0.75268507
v 0.15145576 0.16908988 0.77346503
v 0.46515363 0.14209887 0.68697285
v 0.46632438 0.16742762 0.6953479
v 0.45699471 0.15195268 0.71090292
v 0.48966196 0.1416765 0.66528856
v 0.47688889 0.12943847 0.66957569
v 0.49927789 0.1606864 0.68112576
v 0.50608754 0.15076544 0.66468936
v 0.49193981 0.16992302 0.69946181
v 0.32618412 0.17174154 0.80022597
v 0.31127184 0.17826601 0.8000921
v 0.29642692 0.16955491 0.79761004
v 0.31061625 0.16315782 0.79951733
v 0.31062007 0.17089745 0.80017828
v 0.32898891 0.18762584 0.79839962
v 0.29718527 0.18455688 0.797149
v 0.31280693 0.18660017 0.79931205
v 0.26591897 0.17896933 0.78433656
v 0.2828826 0.17423954 0.79295235
v 0.28175476 0.18181867 0.79204255
v 0.27370548 0.16543546 0.78821975
v 0.28444662 0.16159512 0.79276913
v 0.28416213 0.16780068 0.79332172
v 0.37471401 0.16397635 0.77879202
v 0.36834615 0.17217141 0.78377264
v 0.35574051 0.17051543 0.79099047
v 0.36640116 0.16333925 0.78412967
v 0.36671948 0.16750739 0.78443968
v 0.3803572 0.17310152 0.77611643
v 0.35941007 0.18364778 0.78885525
v 0.37113317 0.17866681 0.78239083
v 0.3427838 0.17853477 0.79628717
v 0.34499993 0.18676333 0.79449927
v 0.34213173 0.1648049 0.79614484
v 0.34184369 0.17181719 0.79670637
v 0.32771143 0.15607886 0.79790365
v 0.34575703 0.15066552 0.79198902
v 0.35691461 0.15850816 0.78886115
v 0.34335437 0.15747954 0.79459857
v 0.33472737 0.14115844 0.79205405
v 0.3627744 0.14607271 0.78204262
v 0.34958937 0.1436171 0.78789484
v 0.38323089 0.14893795 0.76974934
v 0.37022492 0.15339113 0.77968585
v 0.37406688 0.14772655 0.7755984
v 0.37534144 0.15895259 0.77752131
v 0.36760881 0.15873776 0.78257477
v 0.27363464 0.15659548 0.78692054
v 0.28445935 0.14767362 0.78987872
v 0.29691776 0.15421329 0.79558181
v 0.28420823 0.15453504 0.79130965
v 0.26963093 0.14308033 0.78262823
v 0.30221697 0.13924895 0.7928496
v 0.28597945 0.14035151 0.7889654
v 0.31436145 0.14741326 0.79626911
v 0.31865364 0.13961379 0.79382091
v 0.31173574 0.15489131 0.79810309
v 0.38454976 0.16314265 0.77193915
v 0.39555913 0.16311495 0.76382088
v 0.38837203 0.16808144 0.77005195
v 0.38563984 0.15552271 0.76968699
v 0.38059195 0.1602534 0.77419006
v 0.39623221 0.15328593 0.76091462
v 0.39039751 0.15063291 0.76492279
v 0.402244 0.15771707 0.75688248
v 0.25772389 0.15504892 0.77833366
v 0.2356178 0.15270426 0.76276183
v 0.25260436 0.14714239 0.77407896
v 0.25698906 0.1678325 0.77922785
v 0.26489809 0.16124266 0.78310316
v 0.23370996 0.16993382 0.76322853
v 0.24950371 0.17561328 0.77481055
v 0.22050002 0.15946784 0.74918997
v -0.23562383 0.15254615 0.76273858
v -0.2577039 0.15492703 0.77830463
v -0.25258505 0.14699538 0.77404236
v -0.23381997 0.1698644 0.76330053
v -0.22053152 0.15936319 0.74918878
v -0.25713935 0.16775679 0.77931171
v -0.24968104 0.17554915 0.77492523
v -0.26496326 0.16118183 0.78313094
v -0.39558166 0.16321872 0.76381963
v -0.38451468 0.16323608 0.7719776
v -0.38837239 0.16817933 0.77006411
v -0.39615213 0.15326432 0.76097261
v -0.40225586 0.15778332 0.75688296
v -0.38550922 0.1555515 0.76978635
v -0.39023089 0.15056228 0.76502978
v -0.38050523 0.16030739 0.77425879
vt 0.9934 0.93796
vt 0.9934 0.95209
vt 0.9705 0.95355
vt 0.97222 0.93991
vt 0.9934 0.96623
vt 0.96878 0.9672
vt 0.94417 0.96818
vt 0.94761 0.95502
vt 0.95105 0.94186
vt 0.9934 0.98036
vt 0.96706 0.98085
vt 0.9934 0.9945
vt 0.96535 0.9945
vt 0.9373 0.9945
vt 0.94073 0.98134
vt 0.9144 0.98182
vt 0.91956 0.96915
vt 0.90925 0.9945
vt 0.8812 0.9945
vt 0.88807 0.98231
vt 0.89495 0.97013
vt 0.92471 0.95648
vt 0.92987 0.94381
vt 0.90182 0.95795
vt 0.9087 0.94577
vt 0.93467 0.89775
vt 0.94935 0.89788
vt 0.94448 0.90936
vt 0.92817 0.90975
vt 0.96403 0.89802
vt 0.96078 0.90898
vt 0.95754 0.91994
vt 0.93961 0.92085
vt 0.92168 0.92176
vt 0.97871 0.89815
vt 0.97709 0.90859
vt 0.9934 0.89829
vt 0.9934 0.9082
vt 0.9934 0.91812
vt 0.97547 0.91903
vt 0.97384 0.92947
vt 0.95429 0.9309
vt 0.9934 0.92804
vt 0.93474 0.93233
vt 0.91519 0.93376
vt 0.87604 0.95796
vt 0.88347 0.94578
vt 0.86862 0.97014
vt 0.84229 0.97014
vt 0.85026 0.95796
vt 0.85824 0.94579
vt 0.86119 0.98232
vt 0.85376 0.9945
vt 0.82633 0.9945
vt 0.83431 0.98232
vt 0.80743 0.98232
vt 0.81596 0.97015
vt 0.7989 0.9945
vt 0.77147 0.9945
vt 0.78055 0.98232
vt 0.78963 0.97015
vt 0.82448 0.95797
vt 0.83301 0.9458
vt 0.79871 0.95798
vt 0.80779 0.94581
vt 0.82317 0.93235
vt 0.84617 0.9327
vt 0.83856 0.9189
vt 0.85934 0.91961
vt 0.88012 0.92033
vt 0.86918 0.93306
vt 0.85394 0.90544
vt 0.8725 0.90652
vt 0.86933 0.89199
vt 0.88566 0.89343
vt 0.902 0.89487
vt 0.89106 0.9076
vt 0.90961 0.90867
vt 0.9009 0.92104
vt 0.91833 0.89631
vt 0.89218 0.93341
vt 0.65102 0.9945
vt 0.61325 0.9945
vt 0.60947 0.98533
vt 0.64597 0.98492
vt 0.57549 0.9945
vt 0.57297 0.98574
vt 0.57044 0.97698
vt 0.60568 0.97616
vt 0.64092 0.97534
vt 0.53773 0.9945
vt 0.53647 0.98614
vt 0.49997 0.9945
vt 0.49997 0.98655
vt 0.49997 0.97861
vt 0.5352 0.97779
vt 0.53394 0.96944
vt 0.56792 0.96822
vt 0.49997 0.97067
vt 0.49997 0.96273
vt 0.53268 0.96109
vt 0.5654 0.95946
vt 0.6019 0.96699
vt 0.63587 0.96576
vt 0.59811 0.95782
vt 0.63083 0.95619
vt 0.74135 0.9945
vt 0.73381 0.98429
vt 0.76309 0.98408
vt 0.71124 0.9945
vt 0.70453 0.9845
vt 0.69781 0.9745
vt 0.72626 0.97408
vt 0.75471 0.97366
vt 0.68113 0.9945
vt 0.67525 0.98471
vt 0.66937 0.97492
vt 0.66349 0.96513
vt 0.6911 0.9645
vt 0.65761 0.95535
vt 0.68439 0.95451
vt 0.71871 0.96387
vt 0.74633 0.96324
vt 0.71117 0.95367
vt 0.73795 0.95283
vt 0.59158 0.94749
vt 0.62212 0.94609
vt 0.56104 0.9489
vt 0.55669 0.93835
vt 0.58506 0.93717
vt 0.61342 0.93599
vt 0.5305 0.95031
vt 0.49997 0.95172
vt 0.49997 0.94071
vt 0.52833 0.93953
vt 0.52615 0.92874
vt 0.55234 0.92779
vt 0.49997 0.9297
vt 0.49997 0.91869
vt 0.52398 0.91796
vt 0.54799 0.91724
vt 0.57853 0.92684
vt 0.60472 0.92589
vt 0.572 0.91652
vt 0.59602 0.9158
vt 0.69742 0.94178
vt 0.72252 0.94035
vt 0.67232 0.94322
vt 0.66025 0.93193
vt 0.68367 0.9299
vt 0.70709 0.92788
vt 0.64722 0.94465
vt 0.63684 0.93396
vt 0.62645 0.92327
vt 0.64819 0.92065
vt 0.61607 0.91258
vt 0.63612 0.90936
vt 0.66992 0.91802
vt 0.69166 0.9154
vt 0.65617 0.90614
vt 0.67623 0.90293
vt 0.57014 0.90697
vt 0.59353 0.90644
vt 0.54675 0.90751
vt 0.5455 0.89778
vt 0.56827 0.89743
vt 0.59104 0.89709
vt 0.52336 0.90804
vt 0.49997 0.90858
vt 0.49997 0.89847
vt 0.52273 0.89812
vt 0.52211 0.8882
vt 0.54426 0.88805
vt 0.49997 0.88836
vt 0.49997 0.87826
vt 0.52149 0.87829
vt 0.54301 0.87832
vt 0.5664 0.88789
vt 0.58855 0.88773
vt 0.56453 0.87835
vt 0.58606 0.87838
vt 0.6532 0.89734
vt 0.6731 0.8943
vt 0.63331 0.90037
vt 0.6305 0.89138
vt 0.65023 0.88853
vt 0.66997 0.88568
vt 0.61342 0.90341
vt 0.61077 0.89423
vt 0.60812 0.88506
vt 0.62769 0.88239
vt 0.60547 0.87589
vt 0.62488 0.87341
vt 0.64726 0.87973
vt 0.66684 0.87706
vt 0.64429 0.87092
vt 0.66371 0.86844
vt 0.72858 0.85871
vt 0.73092 0.88224
vt 0.7149 0.88094
vt 0.71236 0.86114
vt 0.73326 0.90577
vt 0.71744 0.90074
vt 0.70161 0.89572
vt 0.69888 0.87965
vt 0.69614 0.86357
vt 0.7356 0.9293
vt 0.71998 0.92055
vt 0.70435 0.9118
vt 0.68872 0.90305
vt 0.68579 0.8907
vt 0.68286 0.87835
vt 0.67992 0.866
vt 0.77485 0.84228
vt 0.774 0.88033
vt 0.76323 0.88081
vt 0.76328 0.84638
vt 0.77316 0.91839
vt 0.76318 0.91523
vt 0.75321 0.91208
vt 0.75246 0.88128
vt 0.75171 0.85049
vt 0.77231 0.95644
vt 0.76313 0.94965
vt 0.75396 0.94287
vt 0.74478 0.93608
vt 0.74323 0.90892
vt 0.74169 0.88176
vt 0.74014 0.8546
vt 0.8256 0.84215
vt 0.82114 0.86806
vt 0.80936 0.87113
vt 0.81291 0.84218
vt 0.81669 0.89398
vt 0.80581 0.90008
vt 0.79492 0.90618
vt 0.79757 0.8742
vt 0.80022 0.84221
vt 0.81224 0.91989
vt 0.80226 0.92903
vt 0.79227 0.93817
vt 0.78229 0.9473
vt 0.78404 0.91228
vt 0.78579 0.87726
vt 0.78753 0.84224
vt 0.83898 0.84214
vt 0.83502 0.86469
vt 0.85236 0.84214
vt 0.84891 0.86133
vt 0.84546 0.88052
vt 0.83107 0.88725
vt 0.86574 0.84213
vt 0.86279 0.85796
vt 0.87912 0.84213
vt 0.87667 0.85459
vt 0.87422 0.86706
vt 0.85984 0.87379
vt 0.85689 0.88961
vt 0.84201 0.89971
vt 0.87177 0.87952
vt 0.82712 0.9098
vt 0.89308 0.84269
vt 0.89122 0.85537
vt 0.90704 0.84325
vt 0.90578 0.85615
vt 0.90452 0.86906
vt 0.88937 0.86806
vt 0.921 0.84381
vt 0.92033 0.85694
vt 0.93496 0.84438
vt 0.93488 0.85772
vt 0.93481 0.87106
vt 0.91966 0.87006
vt 0.919 0.88318
vt 0.90326 0.88196
vt 0.93474 0.8844
vt 0.88751 0.88074
vt 0.9934 0.84091
vt 0.9934 0.85525
vt 0.97877 0.85587
vt 0.97879 0.84177
vt 0.9934 0.8696
vt 0.97875 0.86996
vt 0.9641 0.87033
vt 0.96414 0.85648
vt 0.96418 0.84264
vt 0.9934 0.88394
vt 0.97873 0.88406
vt 0.96407 0.88417
vt 0.9494 0.88429
vt 0.94946 0.87069
vt 0.94951 0.8571
vt 0.94957 0.84351
vt 0.93572 0.82921
vt 0.95014 0.82837
vt 0.93648 0.81405
vt 0.95071 0.81324
vt 0.96494 0.81244
vt 0.96456 0.82754
vt 0.93724 0.79888
vt 0.95128 0.79811
vt 0.938 0.78372
vt 0.95185 0.78297
vt 0.9657 0.78223
vt 0.96532 0.79733
vt 0.97936 0.79656
vt 0.97917 0.81163
vt 0.97955 0.78149
vt 0.9934 0.78075
vt 0.9934 0.79579
vt 0.9934 0.81083
vt 0.97898 0.8267
vt 0.9934 0.82587
vt 0.92203 0.82907
vt 0.90834 0.82893
vt 0.90964 0.81461
vt 0.92306 0.81433
vt 0.89465 0.82879
vt 0.88096 0.82865
vt 0.8828 0.81518
vt 0.89622 0.81489
vt 0.89779 0.801
vt 0.91094 0.80029
vt 0.88464 0.8017
vt 0.88649 0.78823
vt 0.89936 0.7871
vt 0.91224 0.78597
vt 0.92409 0.79959
vt 0.92512 0.78484
vt 0.86775 0.82872
vt 0.85453 0.82879
vt 0.85671 0.81545
vt 0.86976 0.81531
vt 0.84132 0.82886
vt 0.82811 0.82893
vt 0.83062 0.81572
vt 0.84367 0.81558
vt 0.84601 0.80231
vt 0.85889 0.8021
vt 0.83313 0.80251
vt 0.83565 0.7893
vt 0.84836 0.78903
vt 0.86107 0.78876
vt 0.87177 0.8019
vt 0.87378 0.78849
vt 0.81505 0.82938
vt 0.80199 0.82982
vt 0.80376 0.81743
vt 0.81719 0.81658
vt 0.78893 0.83027
vt 0.77587 0.83071
vt 0.7769 0.81915
vt 0.79033 0.81829
vt 0.79173 0.80631
vt 0.80553 0.80504
vt 0.77793 0.80758
vt 0.77896 0.79602
vt 0.79313 0.79434
vt 0.8073 0.79266
vt 0.81933 0.80378
vt 0.82147 0.79098
vt 0.72883 0.84768
vt 0.74059 0.84344
vt 0.72909 0.83665
vt 0.74104 0.83227
vt 0.75299 0.8279
vt 0.75235 0.83919
vt 0.72934 0.82562
vt 0.74149 0.82111
vt 0.7296 0.8146
vt 0.74194 0.80995
vt 0.75428 0.80531
vt 0.75363 0.8166
vt 0.76578 0.81209
vt 0.76495 0.82352
vt 0.76662 0.80066
vt 0.76411 0.83495
vt 0.71226 0.85022
vt 0.6957 0.85276
vt 0.69526 0.84196
vt 0.71217 0.8393
vt 0.67913 0.85531
vt 0.66257 0.85785
vt 0.66143 0.84727
vt 0.67834 0.84461
vt 0.67755 0.83392
vt 0.69482 0.83115
vt 0.66029 0.83668
vt 0.65916 0.8261
vt 0.67677 0.82322
vt 0.69438 0.82035
vt 0.71208 0.82839
vt 0.71199 0.81747
vt 0.64317 0.86058
vt 0.62377 0.86331
vt 0.62265 0.85321
vt 0.64204 0.85024
vt 0.60436 0.86603
vt 0.58496 0.86876
vt 0.58387 0.85915
vt 0.60326 0.85618
vt 0.60216 0.84632
vt 0.62154 0.84311
vt 0.58278 0.84953
vt 0.58169 0.83992
vt 0.60105 0.83646
vt 0.62042 0.83301
vt 0.64091 0.83989
vt 0.63979 0.82955
vt 0.56371 0.86912
vt 0.54246 0.86947
vt 0.54192 0.86063
vt 0.56289 0.85989
vt 0.52121 0.86983
vt 0.49997 0.87018
vt 0.49997 0.86211
vt 0.52094 0.86137
vt 0.52067 0.85291
vt 0.54137 0.85178
vt 0.49997 0.85404
vt 0.49997 0.84597
vt 0.5204 0.84445
vt 0.54083 0.84294
vt 0.56207 0.85066
vt 0.56126 0.84143
vt 0.56141 0.83246
vt 0.58189 0.83085
vt 0.54093 0.83408
vt 0.54103 0.82521
vt 0.56156 0.8235
vt 0.58209 0.82179
vt 0.52045 0.83569
vt 0.49997 0.8373
vt 0.49997 0.82864
vt 0.5205 0.82692
vt 0.52055 0.81816
vt 0.54113 0.81635
vt 0.49997 0.81997
vt 0.49997 0.81131
vt 0.5206 0.80939
vt 0.54123 0.80748
vt 0.56171 0.81453
vt 0.58229 0.81272
vt 0.56186 0.80557
vt 0.5825 0.80366
vt 0.60111 0.82707
vt 0.60117 0.81768
vt 0.62026 0.81358
vt 0.62034 0.82329
vt 0.60123 0.80829
vt 0.60129 0.79891
vt 0.62009 0.79416
vt 0.62017 0.80387
vt 0.63911 0.79944
vt 0.63934 0.80948
vt 0.63889 0.78941
vt 0.65769 0.78466
vt 0.65805 0.79502
vt 0.65842 0.80538
vt 0.63956 0.81951
vt 0.65879 0.81574
vt 0.67665 0.81246
vt 0.67654 0.8017
vt 0.69466 0.79802
vt 0.69452 0.80918
vt 0.67642 0.79093
vt 0.67631 0.78017
vt 0.69494 0.77569
vt 0.6948 0.78685
vt 0.71317 0.78277
vt 0.71277 0.79434
vt 0.71356 0.7712
vt 0.73219 0.76672
vt 0.73154 0.77869
vt 0.73089 0.79066
vt 0.71238 0.8059
vt 0.73024 0.80263
vt 0.76702 0.78835
vt 0.77928 0.78359
vt 0.75476 0.79311
vt 0.75525 0.78091
vt 0.76742 0.77604
vt 0.7796 0.77117
vt 0.7425 0.79787
vt 0.74307 0.78578
vt 0.74363 0.7737
vt 0.75573 0.76871
vt 0.7442 0.76162
vt 0.75622 0.75652
vt 0.76783 0.76373
vt 0.77992 0.75874
vt 0.76823 0.75142
vt 0.78025 0.74632
vt 0.82271 0.77759
vt 0.83718 0.77559
vt 0.80823 0.77959
vt 0.80916 0.76652
vt 0.82394 0.7642
vt 0.83872 0.76188
vt 0.79375 0.78159
vt 0.79438 0.76884
vt 0.79501 0.7561
vt 0.81009 0.75346
vt 0.79563 0.74335
vt 0.81102 0.74039
vt 0.82517 0.75081
vt 0.84026 0.74817
vt 0.82641 0.73743
vt 0.8418 0.73447
vt 0.84988 0.77505
vt 0.85141 0.76106
vt 0.8641 0.76025
vt 0.86258 0.7745
vt 0.85293 0.74708
vt 0.85446 0.7331
vt 0.86713 0.73173
vt 0.86561 0.74599
vt 0.87829 0.7449
vt 0.87678 0.75943
vt 0.87979 0.73036
vt 0.89246 0.729
vt 0.89096 0.7438
vt 0.88947 0.75861
vt 0.87528 0.77396
vt 0.88798 0.77342
vt 0.92638 0.7697
vt 0.93918 0.76846
vt 0.91358 0.77094
vt 0.91492 0.75591
vt 0.92765 0.75456
vt 0.94037 0.75321
vt 0.90078 0.77218
vt 0.9022 0.75726
vt 0.90361 0.74234
vt 0.91626 0.74088
vt 0.90503 0.72742
vt 0.9176 0.72585
vt 0.92891 0.73942
vt 0.94156 0.73796
vt 0.93017 0.72428
vt 0.94275 0.72271
vt 0.97984 0.76666
vt 0.9934 0.76605
vt 0.96629 0.76726
vt 0.96688 0.75229
vt 0.98014 0.75182
vt 0.9934 0.75136
vt 0.95274 0.76786
vt 0.95363 0.75275
vt 0.95452 0.73764
vt 0.96748 0.73731
vt 0.95541 0.72252
vt 0.96807 0.72234
vt 0.98044 0.73699
vt 0.9934 0.73667
vt 0.98073 0.72216
vt 0.9934 0.72198
vt 0.94389 0.70601
vt 0.95626 0.70581
vt 0.94503 0.68932
vt 0.95712 0.6891
vt 0.96921 0.68888
vt 0.96864 0.70561
vt 0.94617 0.67263
vt 0.95798 0.67239
vt 0.94732 0.65594
vt 0.95884 0.65568
vt 0.97036 0.65543
vt 0.96978 0.67215
vt 0.98159 0.67192
vt 0.9813 0.68866
vt 0.98188 0.65517
vt 0.9934 0.65492
vt 0.9934 0.67168
vt 0.9934 0.68845
vt 0.98102 0.70541
vt 0.9934 0.70521
vt 0.93386 0.6742
vt 0.93508 0.65751
vt 0.93263 0.69089
vt 0.92023 0.69247
vt 0.92154 0.67578
vt 0.92285 0.65909
vt 0.9314 0.70759
vt 0.91891 0.70916
vt 0.90643 0.71073
vt 0.90782 0.69404
vt 0.89394 0.71231
vt 0.89542 0.69562
vt 0.90922 0.67735
vt 0.91062 0.66066
vt 0.8969 0.67893
vt 0.89839 0.66224
vt 0.8491 0.67104
vt 0.86142 0.66884
vt 0.85968 0.6849
vt 0.84727 0.68689
vt 0.87374 0.66664
vt 0.87209 0.68291
vt 0.87043 0.69918
vt 0.85794 0.70097
vt 0.84545 0.70275
vt 0.88606 0.66444
vt 0.88449 0.68092
vt 0.88293 0.6974
vt 0.88136 0.71388
vt 0.86878 0.71546
vt 0.8562 0.71703
vt 0.84362 0.71861
vt 0.82835 0.72187
vt 0.81309 0.72513
vt 0.81515 0.70987
vt 0.8303 0.70631
vt 0.79782 0.72839
vt 0.78255 0.73165
vt 0.78486 0.71699
vt 0.80001 0.71343
vt 0.80219 0.69847
vt 0.81722 0.69461
vt 0.78717 0.70233
vt 0.78948 0.68767
vt 0.80438 0.68351
vt 0.81929 0.67935
vt 0.83224 0.69075
vt 0.83419 0.67519
vt 0.73295 0.75367
vt 0.74535 0.74817
vt 0.73371 0.74063
vt 0.7465 0.73472
vt 0.75929 0.72881
vt 0.75775 0.74266
vt 0.73447 0.72759
vt 0.74765 0.72127
vt 0.73524 0.71455
vt 0.7488 0.70783
vt 0.76236 0.70111
vt 0.76082 0.71496
vt 0.77399 0.70864
vt 0.77207 0.7229
vt 0.77592 0.69439
vt 0.77015 0.73716
vt 0.65791 0.77408
vt 0.67667 0.76897
vt 0.65813 0.7635
vt 0.67702 0.75778
vt 0.69592 0.75206
vt 0.69543 0.76387
vt 0.65835 0.75292
vt 0.67738 0.74658
vt 0.65857 0.74234
vt 0.67773 0.73539
vt 0.6969 0.72844
vt 0.69641 0.74025
vt 0.71544 0.73392
vt 0.71481 0.74635
vt 0.71607 0.72149
vt 0.71419 0.75877
vt 0.63944 0.75874
vt 0.63962 0.74852
vt 0.63925 0.76896
vt 0.62038 0.77443
vt 0.62053 0.76457
vt 0.62068 0.75471
vt 0.63907 0.77918
vt 0.62024 0.78429
vt 0.6014 0.7894
vt 0.60151 0.7799
vt 0.58257 0.79451
vt 0.58264 0.78537
vt 0.60162 0.7704
vt 0.60173 0.7609
vt 0.58271 0.77623
vt 0.58279 0.76709
vt 0.49996 0.80271
vt 0.52061 0.80066
vt 0.49996 0.79411
vt 0.52063 0.79193
vt 0.5413 0.78974
vt 0.54127 0.79861
vt 0.49996 0.78551
vt 0.52065 0.78319
vt 0.49996 0.77692
vt 0.52066 0.77446
vt 0.54137 0.772
vt 0.54134 0.78087
vt 0.56202 0.77855
vt 0.56197 0.78756
vt 0.56208 0.76954
vt 0.56192 0.79656
vt 0.49996 0.76874
vt 0.52071 0.76606
vt 0.49996 0.76057
vt 0.52077 0.75766
vt 0.54157 0.75476
vt 0.54147 0.76338
vt 0.49996 0.75239
vt 0.52082 0.74927
vt 0.49997 0.74422
vt 0.52087 0.74087
vt 0.54178 0.73752
vt 0.54167 0.74614
vt 0.56253 0.74302
vt 0.56238 0.75186
vt 0.56268 0.73417
vt 0.58359 0.73083
vt 0.58339 0.73989
vt 0.58319 0.74896
vt 0.56223 0.7607
vt 0.58299 0.75802
vt 0.60177 0.75184
vt 0.6018 0.74278
vt 0.62042 0.73661
vt 0.62055 0.74566
vt 0.60184 0.73372
vt 0.60188 0.72467
vt 0.62017 0.71851
vt 0.6203 0.72756
vt 0.63875 0.72139
vt 0.63904 0.73043
vt 0.63846 0.71235
vt 0.65676 0.70619
vt 0.65721 0.71522
vt 0.65766 0.72426
vt 0.63933 0.73948
vt 0.65811 0.7333
vt 0.73876 0.67225
vt 0.73788 0.68282
vt 0.71771 0.69092
vt 0.71826 0.68073
vt 0.737 0.6934
vt 0.71716 0.70111
vt 0.69733 0.70883
vt 0.69754 0.69902
vt 0.69776 0.68922
vt 0.73612 0.70397
vt 0.71661 0.7113
vt 0.69711 0.71863
vt 0.67761 0.72597
vt 0.67749 0.71654
vt 0.67737 0.70712
vt 0.67726 0.6977
vt 0.79797 0.63353
vt 0.79584 0.64706
vt 0.78135 0.656
vt 0.78316 0.64321
vt 0.79372 0.6606
vt 0.77954 0.6688
vt 0.76536 0.677
vt 0.76686 0.66494
vt 0.76836 0.65289
vt 0.7916 0.67413
vt 0.77773 0.68159
vt 0.76386 0.68905
vt 0.74999 0.69651
vt 0.75118 0.6852
vt 0.75237 0.67388
vt 0.75356 0.66257
vt 0.85511 0.59692
vt 0.8536 0.61545
vt 0.83916 0.62335
vt 0.84082 0.60607
vt 0.8521 0.63398
vt 0.83751 0.64063
vt 0.82291 0.64729
vt 0.82472 0.63125
vt 0.82654 0.61522
vt 0.8506 0.65251
vt 0.83585 0.65791
vt 0.8211 0.66332
vt 0.80635 0.66872
vt 0.80832 0.65394
vt 0.81028 0.63916
vt 0.81225 0.62437
vt 0.90401 0.58072
vt 0.9026 0.6011
vt 0.89035 0.60468
vt 0.89178 0.58477
vt 0.9012 0.62148
vt 0.88892 0.6246
vt 0.87665 0.62773
vt 0.8781 0.60827
vt 0.87956 0.58882
vt 0.89979 0.64186
vt 0.88749 0.64452
vt 0.87519 0.64718
vt 0.8629 0.64984
vt 0.86437 0.63085
vt 0.86585 0.61186
vt 0.86733 0.59287
vt 0.91195 0.6401
vt 0.91328 0.61955
vt 0.92536 0.61762
vt 0.92411 0.63835
vt 0.91461 0.59899
vt 0.91594 0.57844
vt 0.92787 0.57616
vt 0.92662 0.59689
vt 0.93862 0.59478
vt 0.93744 0.61569
vt 0.9398 0.57388
vt 0.95174 0.5716
vt 0.95063 0.59268
vt 0.94953 0.61377
vt 0.93626 0.6366
vt 0.94842 0.63485
vt 0.98215 0.63376
vt 0.9934 0.6334
vt 0.97091 0.63412
vt 0.97146 0.61282
vt 0.98243 0.61235
vt 0.9934 0.61188
vt 0.95966 0.63449
vt 0.96049 0.61329
vt 0.96132 0.5921
vt 0.97201 0.59152
vt 0.96215 0.57091
vt 0.97257 0.57022
vt 0.9827 0.59094
vt 0.9934 0.59036
vt 0.98298 0.56953
vt 0.9934 0.56885
vt 0.9934 0.45611
vt 0.9934 0.48429
vt 0.98341 0.48579
vt 0.98355 0.45787
vt 0.9934 0.51248
vt 0.98327 0.5137
vt 0.97314 0.51493
vt 0.97342 0.48728
vt 0.97371 0.45964
vt 0.9934 0.54066
vt 0.98312 0.54162
vt 0.97285 0.54257
vt 0.96258 0.54353
vt 0.96301 0.51615
vt 0.95231 0.54449
vt 0.95288 0.51738
vt 0.96344 0.48878
vt 0.96387 0.4614
vt 0.95345 0.49027
vt 0.95403 0.46317
vt 0.94177 0.4927
vt 0.94243 0.46564
vt 0.94112 0.51976
vt 0.92935 0.52213
vt 0.93009 0.49512
vt 0.93084 0.46811
vt 0.94046 0.54682
vt 0.92861 0.54914
vt 0.91676 0.55147
vt 0.91759 0.52451
vt 0.90492 0.5538
vt 0.90583 0.52688
vt 0.91841 0.49754
vt 0.91924 0.47058
vt 0.90674 0.49996
vt 0.90765 0.47305
vt 0.85989 0.48537
vt 0.87183 0.48229
vt 0.8707 0.50993
vt 0.85869 0.51325
vt 0.88377 0.47921
vt 0.88271 0.50661
vt 0.88166 0.53401
vt 0.86958 0.53758
vt 0.8575 0.54114
vt 0.89571 0.47613
vt 0.89472 0.50329
vt 0.89374 0.53045
vt 0.89276 0.55761
vt 0.88061 0.56141
vt 0.86845 0.56522
vt 0.8563 0.56903
vt 0.84378 0.53285
vt 0.84477 0.50845
vt 0.8428 0.55726
vt 0.8281 0.57338
vt 0.82888 0.55246
vt 0.82966 0.53154
vt 0.84181 0.58166
vt 0.82732 0.5943
vt 0.81282 0.60693
vt 0.8134 0.5895
vt 0.79833 0.61957
vt 0.7987 0.60562
vt 0.81397 0.57206
vt 0.81454 0.55462
vt 0.79906 0.59166
vt 0.79943 0.57771
vt 0.7819 0.60552
vt 0.78148 0.59296
vt 0.78232 0.61808
vt 0.76594 0.63055
vt 0.76473 0.61938
vt 0.76353 0.60821
vt 0.78274 0.63064
vt 0.76715 0.64172
vt 0.75156 0.65279
vt 0.74957 0.64301
vt 0.73597 0.66386
vt 0.73319 0.65548
vt 0.74757 0.63324
vt 0.74558 0.62346
vt 0.73041 0.6471
vt 0.72763 0.63872
vt 0.65651 0.69942
vt 0.67638 0.69053
vt 0.65627 0.69265
vt 0.6755 0.68335
vt 0.69473 0.67406
vt 0.69624 0.68164
vt 0.65603 0.68588
vt 0.67462 0.67618
vt 0.65579 0.67911
vt 0.67375 0.66901
vt 0.69171 0.65891
vt 0.69322 0.66649
vt 0.71181 0.65679
vt 0.71396 0.66477
vt 0.70967 0.64881
vt 0.71611 0.67275
vt 0.63775 0.69242
vt 0.63752 0.68578
vt 0.63799 0.69906
vt 0.61971 0.70548
vt 0.61948 0.69896
vt 0.61925 0.69245
vt 0.63823 0.7057
vt 0.61994 0.71199
vt 0.60165 0.71828
vt 0.60143 0.71189
vt 0.58337 0.72457
vt 0.58315 0.71831
vt 0.60121 0.70551
vt 0.60098 0.69912
vt 0.58293 0.71205
vt 0.58272 0.7058
vt 0.49997 0.7392
vt 0.52082 0.73554
vt 0.49997 0.73418
vt 0.52076 0.73021
vt 0.54156 0.72624
vt 0.54167 0.73188
vt 0.49997 0.72916
vt 0.52071 0.72488
vt 0.49997 0.72414
vt 0.52065 0.71955
vt 0.54134 0.71497
vt 0.54145 0.7206
vt 0.56219 0.71633
vt 0.56235 0.72228
vt 0.56203 0.71038
vt 0.56252 0.72822
vt 0.59299 0.62882
vt 0.59042 0.64806
vt 0.5678 0.65845
vt 0.56973 0.64114
vt 0.58785 0.66731
vt 0.56588 0.67576
vt 0.54391 0.68422
vt 0.54519 0.66884
vt 0.54648 0.65347
vt 0.58528 0.68655
vt 0.56395 0.69307
vt 0.54262 0.69959
vt 0.52129 0.70611
vt 0.52194 0.69267
vt 0.49997 0.71263
vt 0.49997 0.70113
vt 0.52258 0.67923
vt 0.52322 0.66579
vt 0.49997 0.68962
vt 0.49997 0.67812
vt 0.60296 0.68049
vt 0.60493 0.66186
vt 0.62202 0.65642
vt 0.62063 0.67444
vt 0.60691 0.64323
vt 0.60888 0.62461
vt 0.62478 0.6204
vt 0.6234 0.63841
vt 0.63989 0.63358
vt 0.6391 0.65098
vt 0.64068 0.61619
vt 0.65658 0.61198
vt 0.65638 0.62876
vt 0.65618 0.64554
vt 0.63831 0.66838
vt 0.65598 0.66232
vt 0.67122 0.60584
vt 0.67185 0.62163
vt 0.68586 0.5997
vt 0.68732 0.6145
vt 0.68878 0.62931
vt 0.67248 0.63742
vt 0.7005 0.59356
vt 0.70279 0.60738
vt 0.71515 0.58743
vt 0.71827 0.60025
vt 0.72139 0.61307
vt 0.70508 0.62119
vt 0.70737 0.635
vt 0.69024 0.64411
vt 0.72451 0.62589
vt 0.67311 0.65322
vt 0.73001 0.57453
vt 0.7339 0.58676
vt 0.74488 0.56163
vt 0.74954 0.57328
vt 0.7542 0.58492
vt 0.73779 0.599
vt 0.75975 0.54873
vt 0.76518 0.55979
vt 0.77462 0.53584
vt 0.78082 0.5463
vt 0.78702 0.55677
vt 0.77061 0.57085
vt 0.77604 0.5819
vt 0.75886 0.59657
vt 0.79322 0.56724
vt 0.74168 0.61123
vt 0.83023 0.43729
vt 0.83764 0.44931
vt 0.82343 0.47355
vt 0.81632 0.46192
vt 0.84506 0.46133
vt 0.83055 0.48519
vt 0.81604 0.50905
vt 0.80923 0.4978
vt 0.80242 0.48656
vt 0.85247 0.47335
vt 0.83766 0.49682
vt 0.82285 0.52029
vt 0.80803 0.54376
vt 0.80153 0.53291
vt 0.79502 0.52205
vt 0.78852 0.5112
vt 0.86317 0.45176
vt 0.87424 0.44954
vt 0.86646 0.41815
vt 0.87665 0.4168
vt 0.88684 0.41546
vt 0.8853 0.44733
vt 0.86974 0.38454
vt 0.87906 0.38406
vt 0.87303 0.35094
vt 0.88147 0.35132
vt 0.88992 0.35171
vt 0.88838 0.38358
vt 0.8977 0.3831
vt 0.89704 0.41411
vt 0.89837 0.35209
vt 0.90682 0.35248
vt 0.90702 0.38262
vt 0.90723 0.41276
vt 0.89637 0.44512
vt 0.90744 0.4429
vt 0.85596 0.44124
vt 0.84876 0.43072
vt 0.85246 0.40012
vt 0.85946 0.40914
vt 0.84155 0.42021
vt 0.83435 0.40969
vt 0.83847 0.38209
vt 0.84546 0.39111
vt 0.84937 0.36201
vt 0.85616 0.36952
vt 0.84259 0.35449
vt 0.84671 0.3269
vt 0.85329 0.33291
vt 0.85987 0.33892
vt 0.86295 0.37703
vt 0.86645 0.34493
vt 0.94638 0.34364
vt 0.94829 0.37352
vt 0.93797 0.37579
vt 0.93649 0.34585
vt 0.9502 0.4034
vt 0.93946 0.40574
vt 0.92872 0.40808
vt 0.92766 0.37807
vt 0.9266 0.34806
vt 0.95211 0.43328
vt 0.94094 0.43569
vt 0.92978 0.43809
vt 0.91861 0.4405
vt 0.91797 0.41042
vt 0.91734 0.38034
vt 0.91671 0.35027
vt 0.9934 0.33089
vt 0.9934 0.36219
vt 0.98212 0.36502
vt 0.98164 0.33407
vt 0.9934 0.3935
vt 0.9826 0.39597
vt 0.9718 0.39845
vt 0.97084 0.36785
vt 0.96989 0.33726
vt 0.9934 0.4248
vt 0.98307 0.42692
vt 0.97275 0.42904
vt 0.96243 0.43116
vt 0.961 0.40092
vt 0.95956 0.37069
vt 0.95813 0.34045
vt 0.93749 0.31515
vt 0.94876 0.31142
vt 0.92861 0.28666
vt 0.93939 0.2824
vt 0.95017 0.27814
vt 0.96003 0.3077
vt 0.91973 0.25817
vt 0.93002 0.25338
vt 0.91085 0.22969
vt 0.92065 0.22435
vt 0.93046 0.21902
vt 0.94032 0.24858
vt 0.95061 0.24378
vt 0.96095 0.27388
vt 0.94027 0.21369
vt 0.95008 0.20836
vt 0.96091 0.23899
vt 0.97174 0.26962
vt 0.9713 0.30398
vt 0.98257 0.30025
vt 0.91065 0.26099
vt 0.90204 0.2327
vt 0.91926 0.28927
vt 0.90991 0.29189
vt 0.90157 0.2638
vt 0.89323 0.23572
vt 0.92787 0.31756
vt 0.91825 0.31997
vt 0.90863 0.32238
vt 0.90056 0.2945
vt 0.89902 0.3248
vt 0.89122 0.29712
vt 0.89249 0.26662
vt 0.88442 0.23874
vt 0.88342 0.26944
vt 0.87562 0.24176
vt 0.87493 0.27017
vt 0.86711 0.24286
vt 0.88274 0.29748
vt 0.87427 0.29784
vt 0.86644 0.2709
vt 0.85861 0.24397
vt 0.89055 0.32478
vt 0.88209 0.32477
vt 0.87363 0.32476
vt 0.86579 0.2982
vt 0.86517 0.32475
vt 0.85732 0.29856
vt 0.85795 0.27163
vt 0.85011 0.24507
vt 0.84946 0.27237
vt 0.84161 0.24618
vt 0.83964 0.2752
vt 0.8307 0.25196
vt 0.84857 0.29844
vt 0.83983 0.29833
vt 0.82982 0.27804
vt 0.8198 0.25775
vt 0.85751 0.32168
vt 0.84985 0.31862
vt 0.84219 0.31556
vt 0.83109 0.29822
vt 0.83453 0.3125
vt 0.82235 0.29811
vt 0.81999 0.28088
vt 0.8089 0.26354
vt 0.81017 0.28372
vt 0.798 0.26933
vt 0.80838 0.28928
vt 0.79709 0.27628
vt 0.81967 0.30228
vt 0.817 0.30644
vt 0.80659 0.29484
vt 0.79619 0.28324
vt 0.83096 0.31527
vt 0.84226 0.32827
vt 0.83781 0.32964
vt 0.8274 0.31804
vt 0.82384 0.32081
vt 0.81432 0.31061
vt 0.83336 0.33101
vt 0.82891 0.33239
vt 0.82028 0.32358
vt 0.81165 0.31477
vt 0.8048 0.3004
vt 0.79529 0.2902
vt 0.80302 0.30596
vt 0.79439 0.29716
vt 0.8071 0.4589
vt 0.82006 0.43836
vt 0.79414 0.47943
vt 0.78587 0.47231
vt 0.79788 0.45587
vt 0.8099 0.43943
vt 0.78118 0.49997
vt 0.76822 0.52051
vt 0.76183 0.50519
vt 0.77385 0.48875
vt 0.76651 0.47752
vt 0.77759 0.46518
vt 0.75544 0.48986
vt 0.74905 0.47454
vt 0.75918 0.4663
vt 0.76931 0.45806
vt 0.78866 0.45284
vt 0.79974 0.4405
vt 0.77944 0.44982
vt 0.78958 0.44158
vt 0.75411 0.53187
vt 0.74 0.54324
vt 0.73511 0.52485
vt 0.74847 0.51502
vt 0.72588 0.5546
vt 0.71177 0.56597
vt 0.70839 0.54451
vt 0.72175 0.53468
vt 0.71762 0.51475
vt 0.73023 0.50645
vt 0.70501 0.52305
vt 0.70164 0.50159
vt 0.71349 0.49482
vt 0.72534 0.48806
vt 0.74283 0.49816
vt 0.73719 0.4813
vt 0.65604 0.59022
vt 0.66997 0.58416
vt 0.65551 0.56847
vt 0.66873 0.56248
vt 0.68195 0.55649
vt 0.68391 0.57809
vt 0.65498 0.54672
vt 0.66749 0.5408
vt 0.65445 0.52497
vt 0.66624 0.51912
vt 0.67804 0.51328
vt 0.68 0.53488
vt 0.6925 0.52896
vt 0.69517 0.5505
vt 0.68984 0.50743
vt 0.69784 0.57203
vt 0.59779 0.60571
vt 0.61235 0.60184
vt 0.60259 0.5826
vt 0.61582 0.57907
vt 0.62905 0.57554
vt 0.62691 0.59797
vt 0.60739 0.55949
vt 0.61928 0.5563
vt 0.61219 0.53639
vt 0.62275 0.53353
vt 0.63332 0.53068
vt 0.63118 0.55311
vt 0.64308 0.54991
vt 0.64228 0.572
vt 0.64388 0.52782
vt 0.64148 0.59409
vt 0.56061 0.6387
vt 0.58083 0.62849
vt 0.5404 0.64891
vt 0.53432 0.64436
vt 0.55149 0.63627
vt 0.56867 0.62817
vt 0.52018 0.65912
vt 0.49997 0.66934
vt 0.49997 0.66056
vt 0.51714 0.65246
vt 0.5141 0.64579
vt 0.52824 0.63981
vt 0.49997 0.65178
vt 0.49997 0.643
vt 0.51106 0.63913
vt 0.52216 0.63526
vt 0.54237 0.63383
vt 0.55651 0.62785
vt 0.53325 0.63139
vt 0.54435 0.62753
vt 0.5771 0.61813
vt 0.58824 0.61716
vt 0.56595 0.61911
vt 0.56324 0.61005
vt 0.57337 0.60777
vt 0.5835 0.6055
vt 0.55481 0.62009
vt 0.54367 0.62106
vt 0.54299 0.6146
vt 0.55311 0.61232
vt 0.55142 0.60456
vt 0.56053 0.60099
vt 0.54231 0.60814
vt 0.54163 0.60168
vt 0.54972 0.5968
vt 0.55782 0.59193
vt 0.56964 0.59741
vt 0.57876 0.59384
vt 0.56592 0.58705
vt 0.57402 0.58218
vt 0.5928 0.59725
vt 0.58781 0.5888
vt 0.59212 0.57211
vt 0.59735 0.57735
vt 0.58282 0.58035
vt 0.57784 0.5719
vt 0.58166 0.56162
vt 0.58689 0.56686
vt 0.59096 0.55337
vt 0.59643 0.55541
vt 0.58548 0.55134
vt 0.58931 0.54106
vt 0.59503 0.53989
vt 0.60075 0.53872
vt 0.60191 0.55745
vt 0.60647 0.53755
vt 0.53274 0.6245
vt 0.52182 0.62795
vt 0.52148 0.62063
vt 0.53223 0.61762
vt 0.51089 0.63139
vt 0.49997 0.63483
vt 0.49997 0.62667
vt 0.51072 0.62365
vt 0.51055 0.61591
vt 0.52114 0.61332
vt 0.49997 0.6185
vt 0.49997 0.61034
vt 0.51038 0.60817
vt 0.5208 0.60601
vt 0.53172 0.61073
vt 0.53121 0.60384
vt 0.49997 0.60225
vt 0.50997 0.6005
vt 0.49997 0.59417
vt 0.50955 0.59284
vt 0.51914 0.5915
vt 0.51997 0.59875
vt 0.49997 0.58609
vt 0.50914 0.58517
vt 0.49997 0.57801
vt 0.50872 0.5775
vt 0.51748 0.577
vt 0.51831 0.58425
vt 0.52748 0.58333
vt 0.52872 0.59017
vt 0.52624 0.57649
vt 0.535 0.57599
vt 0.53665 0.58241
vt 0.53831 0.58883
vt 0.52997 0.597
vt 0.53997 0.59525
vt 0.56372 0.58255
vt 0.57164 0.57832
vt 0.5558 0.58679
vt 0.55379 0.58165
vt 0.56153 0.57806
vt 0.56927 0.57447
vt 0.54789 0.59102
vt 0.54605 0.58524
vt 0.54421 0.57946
vt 0.55177 0.57651
vt 0.54238 0.57368
vt 0.54976 0.57137
vt 0.55933 0.57356
vt 0.56689 0.57061
vt 0.55714 0.56906
vt 0.56452 0.56676
vt 0.52505 0.5727
vt 0.53341 0.57244
vt 0.51669 0.57296
vt 0.51589 0.56892
vt 0.52385 0.56891
vt 0.53182 0.5689
vt 0.50833 0.57322
vt 0.49997 0.57348
vt 0.49997 0.56895
vt 0.50793 0.56894
vt 0.50753 0.56465
vt 0.5151 0.56489
vt 0.49997 0.56442
vt 0.49997 0.5599
vt 0.50713 0.56037
vt 0.5143 0.56085
vt 0.52266 0.56512
vt 0.53023 0.56535
vt 0.52147 0.56133
vt 0.52864 0.56181
vt 0.55501 0.56578
vt 0.56222 0.56357
vt 0.54781 0.568
vt 0.54587 0.56464
vt 0.55289 0.56251
vt 0.55992 0.56038
vt 0.54061 0.57022
vt 0.53884 0.56677
vt 0.53707 0.56331
vt 0.54392 0.56127
vt 0.53531 0.55985
vt 0.54198 0.5579
vt 0.55077 0.55923
vt 0.55762 0.55719
vt 0.54865 0.55595
vt 0.55533 0.554
vt 0.56585 0.55912
vt 0.5682 0.56141
vt 0.56351 0.55683
vt 0.56709 0.55328
vt 0.56949 0.55468
vt 0.57189 0.55607
vt 0.56116 0.55454
vt 0.55881 0.55224
vt 0.5623 0.55049
vt 0.56469 0.55189
vt 0.56823 0.54924
vt 0.57068 0.54973
vt 0.56578 0.54874
vt 0.56927 0.54699
vt 0.57176 0.54659
vt 0.57426 0.54619
vt 0.57312 0.55023
vt 0.57557 0.55073
vt 0.57676 0.54579
vt 0.57926 0.54539
vt 0.583 0.55118
vt 0.58679 0.54214
vt 0.57922 0.56023
vt 0.57677 0.55884
vt 0.58053 0.55103
vt 0.58428 0.54322
vt 0.57543 0.56927
vt 0.57302 0.56665
vt 0.57061 0.56403
vt 0.57433 0.55746
vt 0.57805 0.55088
vt 0.58177 0.5443
vt 0.5776 0.50144
vt 0.58052 0.51134
vt 0.57736 0.51397
vt 0.57422 0.50458
vt 0.58345 0.52125
vt 0.5805 0.52336
vt 0.57756 0.52547
vt 0.5742 0.5166
vt 0.57084 0.50773
vt 0.58638 0.53115
vt 0.58365 0.53275
vt 0.58092 0.53435
vt 0.57819 0.53594
vt 0.57461 0.52759
vt 0.57546 0.53754
vt 0.57167 0.5297
vt 0.57103 0.51923
vt 0.56746 0.51087
vt 0.56787 0.52186
vt 0.56408 0.51402
vt 0.59592 0.47763
vt 0.59998 0.49232
vt 0.59512 0.49707
vt 0.59134 0.48358
vt 0.60405 0.50701
vt 0.5989 0.51057
vt 0.59375 0.51413
vt 0.59025 0.50183
vt 0.58676 0.48953
vt 0.60812 0.5217
vt 0.60268 0.52406
vt 0.59725 0.52642
vt 0.59181 0.52879
vt 0.5886 0.51769
vt 0.58539 0.50658
vt 0.58218 0.49548
vt 0.57292 0.53858
vt 0.57039 0.53962
vt 0.56652 0.53305
vt 0.56909 0.53138
vt 0.56785 0.54066
vt 0.56532 0.5417
vt 0.56137 0.53641
vt 0.56394 0.53473
vt 0.56003 0.5288
vt 0.56265 0.52649
vt 0.55742 0.53112
vt 0.55348 0.52583
vt 0.55613 0.52287
vt 0.55878 0.51992
vt 0.56526 0.52417
vt 0.56143 0.51697
vt 0.54377 0.49045
vt 0.54884 0.49634
vt 0.54527 0.50114
vt 0.53988 0.49586
vt 0.55392 0.50223
vt 0.55065 0.50641
vt 0.54739 0.5106
vt 0.54169 0.50593
vt 0.536 0.50127
vt 0.559 0.50812
vt 0.55604 0.51169
vt 0.55308 0.51526
vt 0.55012 0.51883
vt 0.54412 0.51478
vt 0.54717 0.52239
vt 0.54086 0.51896
vt 0.53812 0.51073
vt 0.53212 0.50668
vt 0.53455 0.51553
vt 0.52824 0.5121
vt 0.5299 0.49777
vt 0.53282 0.49271
vt 0.52699 0.50283
vt 0.51798 0.50439
vt 0.51992 0.49968
vt 0.52187 0.49497
vt 0.52408 0.50789
vt 0.52117 0.51295
vt 0.5141 0.51381
vt 0.51604 0.5091
vt 0.508 0.51031
vt 0.50897 0.50595
vt 0.50703 0.51467
vt 0.49997 0.51553
vt 0.49997 0.51152
vt 0.49997 0.50751
vt 0.50994 0.50159
vt 0.51092 0.49723
vt 0.49997 0.5035
vt 0.49997 0.49949
vt 0.52994 0.49054
vt 0.53993 0.48871
vt 0.51995 0.49236
vt 0.51803 0.48976
vt 0.52707 0.48837
vt 0.5361 0.48697
vt 0.50996 0.49419
vt 0.49997 0.49602
vt 0.49997 0.49256
vt 0.509 0.49116
vt 0.50804 0.48813
vt 0.51612 0.48716
vt 0.49997 0.48909
vt 0.49997 0.48563
vt 0.50708 0.48509
vt 0.5142 0.48456
vt 0.52419 0.4862
vt 0.53227 0.48523
vt 0.52132 0.48403
vt 0.52844 0.4835
vt 0.55722 0.46133
vt 0.56231 0.47135
vt 0.55894 0.4776
vt 0.55385 0.46861
vt 0.56741 0.48138
vt 0.56403 0.48659
vt 0.56066 0.49181
vt 0.55558 0.48385
vt 0.55049 0.47589
vt 0.5725 0.49141
vt 0.56912 0.49559
vt 0.56575 0.49977
vt 0.56237 0.50394
vt 0.55729 0.49702
vt 0.55221 0.49009
vt 0.54713 0.48317
vt 0.54892 0.46916
vt 0.55192 0.46264
vt 0.54592 0.47568
vt 0.54136 0.47547
vt 0.54399 0.46971
vt 0.54662 0.46396
vt 0.54293 0.48219
vt 0.53873 0.48122
vt 0.53453 0.48024
vt 0.53679 0.47526
vt 0.53033 0.47927
vt 0.53223 0.47505
vt 0.53905 0.47027
vt 0.54132 0.46528
vt 0.53412 0.47082
vt 0.53602 0.4666
vt 0.57633 0.48598
vt 0.57049 0.47648
vt 0.57358 0.47158
vt 0.58017 0.48055
vt 0.56465 0.46698
vt 0.55881 0.45747
vt 0.5604 0.45362
vt 0.56699 0.4626
vt 0.56932 0.45822
vt 0.57666 0.46667
vt 0.56199 0.44977
vt 0.56358 0.44592
vt 0.57166 0.45384
vt 0.57975 0.46177
vt 0.584 0.47513
vt 0.58783 0.4697
vt 0.52769 0.43436
vt 0.528 0.42865
vt 0.5357 0.43586
vt 0.53507 0.4411
vt 0.52831 0.42295
vt 0.53633 0.43061
vt 0.54435 0.43828
vt 0.5434 0.44306
vt 0.54245 0.44784
vt 0.52862 0.41724
vt 0.53696 0.42537
vt 0.52894 0.41154
vt 0.5376 0.42013
vt 0.54626 0.42873
vt 0.5453 0.4335
vt 0.55364 0.44164
vt 0.55237 0.44595
vt 0.55492 0.43732
vt 0.5511 0.45027
vt 0.54983 0.45458
vt 0.51822 0.48116
vt 0.5243 0.4805
vt 0.51213 0.48183
vt 0.51007 0.47909
vt 0.51512 0.4783
vt 0.52017 0.4775
vt 0.50605 0.48249
vt 0.49997 0.48315
vt 0.49997 0.48068
vt 0.50502 0.47989
vt 0.50398 0.47728
vt 0.508 0.47636
vt 0.49997 0.47821
vt 0.49997 0.47574
vt 0.50295 0.47468
vt 0.50593 0.47362
vt 0.51201 0.47543
vt 0.51603 0.4745
vt 0.50891 0.47256
vt 0.5119 0.47151
vt 0.49997 0.45081
vt 0.50458 0.45279
vt 0.50417 0.45826
vt 0.49997 0.45704
vt 0.50919 0.45477
vt 0.50838 0.45948
vt 0.50756 0.4642
vt 0.50376 0.46373
vt 0.49997 0.46327
vt 0.5138 0.45675
vt 0.51258 0.46071
vt 0.51842 0.45874
vt 0.51679 0.46193
vt 0.51516 0.46512
vt 0.51136 0.46466
vt 0.51014 0.46861
vt 0.50675 0.46891
vt 0.51353 0.46831
vt 0.50336 0.46921
vt 0.49997 0.4695
vt 0.52537 0.44045
vt 0.51902 0.43839
vt 0.52076 0.43228
vt 0.52305 0.44655
vt 0.51728 0.44451
vt 0.51151 0.44248
vt 0.51267 0.43634
vt 0.51383 0.4302
vt 0.52073 0.45264
vt 0.51554 0.45063
vt 0.51035 0.44863
vt 0.50516 0.44662
vt 0.50574 0.44045
vt 0.49997 0.44461
vt 0.49997 0.43842
vt 0.50632 0.43428
vt 0.5069 0.42812
vt 0.49997 0.43223
vt 0.49997 0.42604
vt 0.49997 0.42026
vt 0.50697 0.42236
vt 0.49997 0.41449
vt 0.50705 0.4166
vt 0.51414 0.41872
vt 0.51398 0.42446
vt 0.49997 0.40872
vt 0.50713 0.41085
vt 0.49997 0.40295
vt 0.50721 0.40509
vt 0.51445 0.40724
vt 0.51429 0.41298
vt 0.52146 0.41511
vt 0.52122 0.42083
vt 0.52169 0.40939
vt 0.52099 0.42655
vt 0.5317 0.38591
vt 0.53101 0.39231
vt 0.52325 0.39088
vt 0.52376 0.38471
vt 0.53032 0.39872
vt 0.52273 0.39705
vt 0.51514 0.39538
vt 0.51549 0.38945
vt 0.51583 0.38352
vt 0.52963 0.40513
vt 0.52221 0.40322
vt 0.5148 0.40131
vt 0.50738 0.3994
vt 0.50755 0.39371
vt 0.49997 0.39749
vt 0.49997 0.39204
vt 0.50773 0.38801
vt 0.5079 0.38232
vt 0.49997 0.38658
vt 0.49997 0.38113
vt 0.54047 0.3943
vt 0.53975 0.40075
vt 0.54924 0.40269
vt 0.54849 0.4092
vt 0.54775 0.41571
vt 0.53903 0.40721
vt 0.55801 0.41108
vt 0.55723 0.41764
vt 0.56678 0.41947
vt 0.56598 0.42608
vt 0.56518 0.43269
vt 0.55646 0.4242
vt 0.55569 0.43076
vt 0.547 0.42222
vt 0.56438 0.4393
vt 0.53831 0.41367
vt 0.49996 0.37637
vt 0.50725 0.37732
vt 0.49996 0.37162
vt 0.5066 0.37232
vt 0.51324 0.37301
vt 0.51453 0.37826
vt 0.49996 0.36687
vt 0.50595 0.36731
vt 0.49996 0.36212
vt 0.5053 0.36231
vt 0.51064 0.36251
vt 0.51194 0.36776
vt 0.51793 0.3682
vt 0.51987 0.37371
vt 0.51598 0.3627
vt 0.52133 0.3629
vt 0.52392 0.36865
vt 0.52651 0.3744
vt 0.52182 0.37921
vt 0.5291 0.38015
vt 0.55027 0.3761
vt 0.54562 0.37855
vt 0.54313 0.37513
vt 0.5478 0.37346
vt 0.54098 0.381
vt 0.53845 0.37681
vt 0.53593 0.37261
vt 0.54063 0.37172
vt 0.54534 0.37083
vt 0.53634 0.38345
vt 0.53378 0.37848
vt 0.53122 0.37351
vt 0.52866 0.36853
vt 0.5334 0.36842
vt 0.5261 0.36356
vt 0.53087 0.36423
vt 0.53814 0.3683
vt 0.54288 0.36819
vt 0.53564 0.36489
vt 0.54042 0.36556
vt 0.54421 0.39078
vt 0.54795 0.38726
vt 0.55492 0.39352
vt 0.55208 0.3981
vt 0.55169 0.38374
vt 0.55543 0.38023
vt 0.5606 0.38436
vt 0.55776 0.38894
vt 0.56383 0.39413
vt 0.56189 0.39978
vt 0.56577 0.38849
vt 0.57094 0.39262
vt 0.5699 0.39933
vt 0.56886 0.40604
vt 0.55995 0.40543
vt 0.56782 0.41275
vt 0.51621 0.35773
vt 0.52163 0.35793
vt 0.51079 0.35753
vt 0.51095 0.35255
vt 0.51644 0.35276
vt 0.52193 0.35297
vt 0.50538 0.35733
vt 0.49996 0.35713
vt 0.49996 0.35214
vt 0.50545 0.35234
vt 0.50553 0.34736
vt 0.5111 0.34758
vt 0.49996 0.34715
vt 0.49997 0.34216
vt 0.50561 0.34238
vt 0.51125 0.3426
vt 0.51667 0.34779
vt 0.52223 0.34801
vt 0.51689 0.34282
vt 0.52254 0.34305
vt 0.52844 0.34553
vt 0.52786 0.35004
vt 0.53435 0.34802
vt 0.53348 0.35207
vt 0.53261 0.35612
vt 0.52727 0.35455
vt 0.54026 0.3505
vt 0.5391 0.3541
vt 0.54617 0.35299
vt 0.54473 0.35613
vt 0.54329 0.35927
vt 0.53795 0.3577
vt 0.5368 0.36129
vt 0.53174 0.36017
vt 0.54185 0.36241
vt 0.52668 0.35905
vt 0.53624 0.31455
vt 0.53281 0.32167
vt 0.5246 0.32108
vt 0.52717 0.31383
vt 0.52939 0.3288
vt 0.52203 0.32833
vt 0.51468 0.32786
vt 0.51639 0.32049
vt 0.5181 0.31312
vt 0.52596 0.33592
vt 0.51946 0.33558
vt 0.51296 0.33523
vt 0.50646 0.33489
vt 0.50732 0.32739
vt 0.49997 0.33454
vt 0.49997 0.32693
vt 0.50818 0.3199
vt 0.50903 0.31241
vt 0.49997 0.31931
vt 0.49997 0.3117
vt 0.54185 0.32033
vt 0.5385 0.32663
vt 0.54747 0.32611
vt 0.54419 0.33158
vt 0.54091 0.33706
vt 0.53515 0.33293
vt 0.55308 0.33189
vt 0.54987 0.33654
vt 0.5587 0.33767
vt 0.55556 0.3415
vt 0.55243 0.34533
vt 0.54667 0.34119
vt 0.54346 0.34585
vt 0.53763 0.34254
vt 0.5493 0.34916
vt 0.53179 0.33923
vt 0.54195 0.25998
vt 0.54052 0.27362
vt 0.53038 0.27292
vt 0.53145 0.25928
vt 0.53909 0.28726
vt 0.52931 0.28656
vt 0.51953 0.28585
vt 0.52024 0.27222
vt 0.52096 0.25859
vt 0.53766 0.3009
vt 0.52824 0.30019
vt 0.51881 0.29949
vt 0.50939 0.29878
vt 0.50975 0.28515
vt 0.49997 0.29807
vt 0.49997 0.28445
vt 0.5101 0.27152
vt 0.51046 0.25789
vt 0.49997 0.27082
vt 0.49997 0.2572
vt 0.54782 0.29959
vt 0.54627 0.31238
vt 0.54938 0.2868
vt 0.55967 0.28634
vt 0.55798 0.29828
vt 0.5563 0.31022
vt 0.55093 0.27401
vt 0.55249 0.26122
vt 0.56304 0.26246
vt 0.56135 0.2744
vt 0.57177 0.27479
vt 0.56996 0.28588
vt 0.57358 0.2637
vt 0.58413 0.26495
vt 0.58219 0.27518
vt 0.58025 0.28542
vt 0.56814 0.29696
vt 0.56633 0.30805
vt 0.57831 0.29565
vt 0.57637 0.30589
vt 0.55057 0.31813
vt 0.5593 0.31593
vt 0.5623 0.32164
vt 0.55488 0.32387
vt 0.56802 0.31373
vt 0.57675 0.31153
vt 0.57713 0.31717
vt 0.56971 0.3194
vt 0.5714 0.32508
vt 0.56529 0.32735
vt 0.57751 0.32281
vt 0.57789 0.32846
vt 0.57309 0.33076
vt 0.56829 0.33306
vt 0.55919 0.32962
vt 0.56349 0.33536
vt 0.49997 0.19411
vt 0.51202 0.1953
vt 0.51163 0.21095
vt 0.49997 0.20988
vt 0.52407 0.19649
vt 0.52329 0.21201
vt 0.52251 0.22754
vt 0.51124 0.22659
vt 0.49997 0.22565
vt 0.53612 0.19768
vt 0.53495 0.21308
vt 0.54817 0.19888
vt 0.54661 0.21415
vt 0.54506 0.22943
vt 0.53378 0.22848
vt 0.53262 0.24388
vt 0.52173 0.24306
vt 0.5435 0.2447
vt 0.51085 0.24224
vt 0.49997 0.24142
vt 0.59775 0.20842
vt 0.59434 0.22255
vt 0.58241 0.22045
vt 0.58535 0.20603
vt 0.59094 0.23668
vt 0.57947 0.23487
vt 0.568 0.23305
vt 0.57048 0.21835
vt 0.57296 0.20365
vt 0.58753 0.25081
vt 0.57652 0.24928
vt 0.56552 0.24776
vt 0.55451 0.24623
vt 0.55653 0.23124
vt 0.55854 0.21625
vt 0.56056 0.20126
vt 0.62521 0.27513
vt 0.621 0.28382
vt 0.6113 0.28166
vt 0.61494 0.27258
vt 0.6168 0.29251
vt 0.60766 0.29073
vt 0.59852 0.28896
vt 0.60159 0.2795
vt 0.60467 0.27004
vt 0.61259 0.3012
vt 0.60402 0.29981
vt 0.60839 0.30989
vt 0.60038 0.30889
vt 0.59238 0.30789
vt 0.59545 0.29842
vt 0.58688 0.29704
vt 0.58938 0.28719
vt 0.58437 0.30689
vt 0.59189 0.27734
vt 0.5944 0.26749
vt 0.64895 0.22808
vt 0.64301 0.23984
vt 0.63084 0.23552
vt 0.63615 0.22316
vt 0.63708 0.2516
vt 0.62554 0.24787
vt 0.61401 0.24414
vt 0.61868 0.23119
vt 0.62335 0.21825
vt 0.63114 0.26336
vt 0.62024 0.26023
vt 0.60934 0.25709
vt 0.59843 0.25395
vt 0.60247 0.24041
vt 0.60651 0.22687
vt 0.61055 0.21333
vt 0.60576 0.31499
vt 0.5985 0.31413
vt 0.60313 0.3201
vt 0.59663 0.31937
vt 0.59013 0.31864
vt 0.59125 0.31326
vt 0.6005 0.32521
vt 0.59475 0.32461
vt 0.59788 0.33032
vt 0.59288 0.32985
vt 0.58788 0.32939
vt 0.589 0.32401
vt 0.58325 0.32341
vt 0.58363 0.3179
vt 0.58288 0.32892
vt 0.584 0.31239
vt 0.57435 0.41591
vt 0.57369 0.42318
vt 0.575 0.40865
vt 0.58115 0.41126
vt 0.58088 0.41908
vt 0.58061 0.4269
vt 0.57566 0.40138
vt 0.57631 0.39412
vt 0.58169 0.39562
vt 0.58142 0.40344
vt 0.58718 0.40549
vt 0.5873 0.41386
vt 0.58707 0.39712
vt 0.59245 0.39862
vt 0.59295 0.40754
vt 0.59345 0.41647
vt 0.58741 0.42224
vt 0.58753 0.43061
vt 0.59395 0.4254
vt 0.59445 0.43433
vt 0.58775 0.45993
vt 0.59555 0.4668
vt 0.57996 0.45305
vt 0.58018 0.44433
vt 0.58768 0.45015
vt 0.59518 0.45598
vt 0.57217 0.44618
vt 0.57268 0.43851
vt 0.57318 0.43085
vt 0.58039 0.43561
vt 0.5876 0.44038
vt 0.59481 0.44515
vt 0.60596 0.47319
vt 0.61016 0.48828
vt 0.61601 0.46876
vt 0.62034 0.48424
vt 0.62466 0.49972
vt 0.61436 0.50336
vt 0.62606 0.46432
vt 0.63051 0.4802
vt 0.63611 0.45989
vt 0.64069 0.47616
vt 0.64528 0.49243
vt 0.63497 0.49607
vt 0.63942 0.51195
vt 0.62899 0.5152
vt 0.64986 0.5087
vt 0.61855 0.51845
vt 0.62322 0.45418
vt 0.63245 0.44997
vt 0.614 0.45838
vt 0.61199 0.44801
vt 0.62039 0.44403
vt 0.62879 0.44005
vt 0.60477 0.46259
vt 0.60358 0.45199
vt 0.60239 0.4414
vt 0.60997 0.43764
vt 0.6012 0.4308
vt 0.60796 0.42727
vt 0.61755 0.43389
vt 0.62513 0.43013
vt 0.61472 0.42374
vt 0.62148 0.42022
vt 0.67985 0.42101
vt 0.68529 0.44115
vt 0.67414 0.4499
vt 0.66891 0.43073
vt 0.69074 0.4613
vt 0.67937 0.46908
vt 0.66801 0.47686
vt 0.66299 0.45865
vt 0.65798 0.44045
vt 0.69619 0.48144
vt 0.68461 0.48825
vt 0.67302 0.49507
vt 0.66144 0.50188
vt 0.65664 0.48464
vt 0.65184 0.4674
vt 0.64704 0.45017
vt 0.66123 0.42294
vt 0.67083 0.41394
vt 0.65164 0.43195
vt 0.6453 0.42346
vt 0.65355 0.41516
vt 0.66181 0.40687
vt 0.64204 0.44096
vt 0.63704 0.43175
vt 0.63205 0.42255
vt 0.63896 0.41496
vt 0.62705 0.41334
vt 0.63262 0.40647
vt 0.64587 0.40738
vt 0.65279 0.3998
vt 0.63819 0.3996
vt 0.64377 0.39273
vt 0.61247 0.41587
vt 0.61865 0.41269
vt 0.6063 0.41905
vt 0.60464 0.41082
vt 0.61023 0.408
vt 0.61583 0.40517
vt 0.60012 0.42222
vt 0.59904 0.41365
vt 0.59796 0.40507
vt 0.60297 0.4026
vt 0.59688 0.39649
vt 0.60131 0.39437
vt 0.60799 0.40012
vt 0.613 0.39765
vt 0.60574 0.39225
vt 0.61018 0.39013
vt 0.63397 0.39394
vt 0.63908 0.38769
vt 0.62887 0.40019
vt 0.62511 0.39392
vt 0.62975 0.38829
vt 0.6344 0.38266
vt 0.62376 0.40644
vt 0.62047 0.39954
vt 0.61718 0.39264
vt 0.62136 0.38764
vt 0.61389 0.38574
vt 0.6176 0.38136
vt 0.62553 0.38263
vt 0.62971 0.37763
vt 0.62131 0.37698
vt 0.62503 0.3726
vt 0.74282 0.45632
vt 0.75246 0.44912
vt 0.73659 0.43811
vt 0.74575 0.43195
vt 0.75492 0.42578
vt 0.76211 0.44192
vt 0.73036 0.4199
vt 0.73904 0.41477
vt 0.72413 0.40169
vt 0.73233 0.3976
vt 0.74053 0.39351
vt 0.74772 0.40964
vt 0.7564 0.40452
vt 0.76408 0.41962
vt 0.74873 0.38942
vt 0.75693 0.38533
vt 0.76509 0.39939
vt 0.77325 0.41345
vt 0.77176 0.43472
vt 0.78141 0.42751
vt 0.78313 0.42361
vt 0.79093 0.437
vt 0.77534 0.41022
vt 0.77743 0.407
vt 0.78486 0.41971
vt 0.79229 0.43243
vt 0.76754 0.39683
vt 0.75975 0.38345
vt 0.76257 0.38157
vt 0.77 0.39428
vt 0.77245 0.39173
vt 0.77951 0.40377
vt 0.76539 0.37969
vt 0.76821 0.37781
vt 0.7749 0.38917
vt 0.7816 0.40054
vt 0.78658 0.41581
vt 0.79364 0.42785
vt 0.7883 0.41191
vt 0.795 0.42328
vt 0.69092 0.41618
vt 0.69656 0.43584
vt 0.70199 0.41135
vt 0.70782 0.43052
vt 0.71366 0.4497
vt 0.7022 0.4555
vt 0.71306 0.40652
vt 0.71909 0.42521
vt 0.72512 0.44391
vt 0.73116 0.4626
vt 0.7195 0.46888
vt 0.70784 0.47516
vt 0.67039 0.39776
vt 0.67892 0.40262
vt 0.66187 0.3929
vt 0.66193 0.37894
vt 0.66996 0.38158
vt 0.67799 0.38423
vt 0.65334 0.38804
vt 0.64482 0.38319
vt 0.64587 0.37365
vt 0.6539 0.37629
vt 0.65445 0.36454
vt 0.66199 0.36497
vt 0.64692 0.36411
vt 0.64797 0.35457
vt 0.65501 0.35279
vt 0.66205 0.35101
vt 0.66952 0.36541
vt 0.67706 0.36584
vt 0.66909 0.34923
vt 0.67613 0.34746
vt 0.68947 0.39772
vt 0.68802 0.37926
vt 0.69805 0.3743
vt 0.70002 0.39282
vt 0.68657 0.36081
vt 0.68512 0.34235
vt 0.69411 0.33725
vt 0.69608 0.35577
vt 0.70559 0.35073
vt 0.70808 0.36933
vt 0.7031 0.33214
vt 0.71209 0.32704
vt 0.7151 0.3457
vt 0.71811 0.36436
vt 0.71057 0.38792
vt 0.72112 0.38302
vt 0.64262 0.36295
vt 0.6438 0.3547
vt 0.64144 0.3712
vt 0.63701 0.36875
vt 0.63832 0.3618
vt 0.63963 0.35484
vt 0.64026 0.37945
vt 0.6357 0.37571
vt 0.63115 0.37197
vt 0.63258 0.3663
vt 0.62659 0.36823
vt 0.62816 0.36386
vt 0.63402 0.36064
vt 0.63546 0.35498
vt 0.62972 0.35949
vt 0.63129 0.35512
vt 0.63399 0.32564
vt 0.62999 0.32947
vt 0.62393 0.32585
vt 0.62759 0.3217
vt 0.626 0.3333
vt 0.62028 0.33
vt 0.61456 0.3267
vt 0.61787 0.32223
vt 0.62119 0.31776
vt 0.622 0.33713
vt 0.61663 0.33415
vt 0.61801 0.34096
vt 0.61297 0.3383
vt 0.60794 0.33564
vt 0.61125 0.33117
vt 0.60588 0.32819
vt 0.60885 0.3234
vt 0.60291 0.33298
vt 0.61182 0.31861
vt 0.61479 0.31382
vt 0.64034 0.34839
vt 0.64447 0.34733
vt 0.63622 0.34945
vt 0.63281 0.34407
vt 0.63689 0.34208
vt 0.64098 0.3401
vt 0.63209 0.35051
vt 0.62797 0.35158
vt 0.62465 0.34804
vt 0.62873 0.34605
vt 0.62536 0.34159
vt 0.6294 0.33868
vt 0.62133 0.3445
vt 0.63344 0.33577
vt 0.63748 0.33287
vt 0.66073 0.29983
vt 0.65404 0.30628
vt 0.64578 0.30066
vt 0.65185 0.29365
vt 0.64736 0.31273
vt 0.63972 0.30767
vt 0.63208 0.30262
vt 0.63752 0.29505
vt 0.64297 0.28748
vt 0.64067 0.31918
vt 0.63365 0.31469
vt 0.62663 0.31019
vt 0.61961 0.30569
vt 0.62444 0.29756
vt 0.62926 0.28943
vt 0.63409 0.2813
vt 0.69244 0.26445
vt 0.68451 0.27329
vt 0.67413 0.26493
vt 0.68156 0.25535
vt 0.67658 0.28214
vt 0.6667 0.2745
vt 0.65683 0.26687
vt 0.66376 0.25656
vt 0.67069 0.24626
vt 0.66865 0.29098
vt 0.65927 0.28408
vt 0.6499 0.27717
vt 0.64052 0.27027
vt 0.64695 0.25923
vt 0.65338 0.2482
vt 0.65982 0.23717
vt 0.64425 0.32758
vt 0.65103 0.3223
vt 0.6547 0.33187
vt 0.64784 0.33599
vt 0.6578 0.31702
vt 0.66458 0.31173
vt 0.66843 0.32364
vt 0.66156 0.32776
vt 0.66532 0.33849
vt 0.65837 0.34144
vt 0.67228 0.33555
vt 0.65142 0.34439
vt 0.69735 0.28009
vt 0.68915 0.288
vt 0.70226 0.29574
vt 0.6938 0.30272
vt 0.68534 0.30969
vt 0.68096 0.29591
vt 0.70717 0.31139
vt 0.69845 0.31743
vt 0.68972 0.32347
vt 0.681 0.32951
vt 0.67688 0.31667
vt 0.67277 0.30382
vt 0.75182 0.29511
vt 0.75309 0.31766
vt 0.74359 0.32467
vt 0.74188 0.30309
vt 0.75437 0.34022
vt 0.7453 0.34625
vt 0.73624 0.35229
vt 0.73409 0.33168
vt 0.73195 0.31107
vt 0.75565 0.36277
vt 0.74701 0.36783
vt 0.73838 0.3729
vt 0.72975 0.37796
vt 0.72717 0.35832
vt 0.72459 0.33869
vt 0.72202 0.31905
vt 0.72716 0.22613
vt 0.73332 0.24337
vt 0.72433 0.25255
vt 0.71848 0.23571
vt 0.73949 0.26062
vt 0.73018 0.2694
vt 0.72087 0.27818
vt 0.71533 0.26173
vt 0.7098 0.24529
vt 0.74565 0.27786
vt 0.73603 0.28624
vt 0.72641 0.29462
vt 0.71679 0.30301
vt 0.71157 0.28696
vt 0.70634 0.27091
vt 0.70112 0.25487
vt 0.75567 0.29952
vt 0.75669 0.3205
vt 0.75952 0.30393
vt 0.76028 0.32334
vt 0.76104 0.34275
vt 0.75771 0.34148
vt 0.76337 0.30834
vt 0.76387 0.32617
vt 0.76722 0.31275
vt 0.76746 0.32901
vt 0.76771 0.34528
vt 0.76438 0.34401
vt 0.76488 0.36185
vt 0.7618 0.36216
vt 0.76796 0.36154
vt 0.75873 0.36246
vt 0.78903 0.40455
vt 0.79489 0.4146
vt 0.78318 0.39451
vt 0.78475 0.38848
vt 0.78977 0.3972
vt 0.79479 0.40592
vt 0.77732 0.38447
vt 0.77146 0.37443
vt 0.77472 0.37105
vt 0.77974 0.37976
vt 0.78215 0.37506
vt 0.78633 0.38245
vt 0.77798 0.36767
vt 0.78124 0.36429
vt 0.78457 0.37036
vt 0.78791 0.37643
vt 0.7905 0.38985
vt 0.79468 0.39724
vt 0.79124 0.3825
vt 0.79458 0.38857
vt 0.7706 0.31742
vt 0.77082 0.33167
vt 0.77399 0.3221
vt 0.77417 0.33434
vt 0.77435 0.34657
vt 0.77103 0.34592
vt 0.77737 0.32678
vt 0.77752 0.337
vt 0.78076 0.33146
vt 0.78088 0.33966
vt 0.781 0.34787
vt 0.77767 0.34722
vt 0.77783 0.35744
vt 0.77454 0.35881
vt 0.78112 0.35608
vt 0.77125 0.36017
vt 0.81291 0.40796
vt 0.81134 0.39938
vt 0.81477 0.38341
vt 0.81691 0.38906
vt 0.80977 0.39081
vt 0.81263 0.37776
vt 0.81549 0.36472
vt 0.8182 0.36744
vt 0.82091 0.37017
vt 0.8082 0.38224
vt 0.81049 0.37211
vt 0.80663 0.37367
vt 0.80835 0.36646
vt 0.81008 0.35926
vt 0.81279 0.36199
vt 0.81508 0.35186
vt 0.81836 0.35167
vt 0.81181 0.35206
vt 0.81354 0.34486
vt 0.81738 0.34174
vt 0.82122 0.33862
vt 0.82163 0.35147
vt 0.82491 0.35128
vt 0.82506 0.3355
vt 0.80218 0.31181
vt 0.79455 0.30392
vt 0.80981 0.31971
vt 0.80797 0.32465
vt 0.80135 0.31766
vt 0.79472 0.31068
vt 0.81744 0.32761
vt 0.8146 0.33163
vt 0.81176 0.33566
vt 0.80613 0.32959
vt 0.80892 0.33969
vt 0.8043 0.33453
vt 0.80051 0.32351
vt 0.79489 0.31744
vt 0.79968 0.32936
vt 0.79506 0.3242
vt 0.76336 0.28866
vt 0.76602 0.29371
vt 0.77491 0.28222
vt 0.77638 0.2879
vt 0.77785 0.29358
vt 0.76868 0.29875
vt 0.78645 0.27577
vt 0.78674 0.28209
vt 0.78702 0.28841
vt 0.78731 0.29473
vt 0.77933 0.29927
vt 0.78759 0.30105
vt 0.7808 0.30495
vt 0.77135 0.3038
vt 0.77401 0.30885
vt 0.78856 0.30729
vt 0.78954 0.31353
vt 0.78435 0.31639
vt 0.78258 0.31067
vt 0.79051 0.31977
vt 0.79148 0.32601
vt 0.78791 0.32783
vt 0.78613 0.32211
vt 0.78175 0.32444
vt 0.77917 0.31924
vt 0.78433 0.32964
vt 0.77659 0.31405
vt 0.81807 0.23404
vt 0.82825 0.22825
vt 0.8079 0.23983
vt 0.79599 0.22191
vt 0.80545 0.21612
vt 0.8149 0.21032
vt 0.79772 0.24562
vt 0.78754 0.25142
vt 0.77709 0.23351
vt 0.78654 0.22771
vt 0.77536 0.20979
vt 0.78409 0.20399
vt 0.76663 0.2156
vt 0.75618 0.19769
vt 0.76418 0.19188
vt 0.77219 0.18608
vt 0.79282 0.19819
vt 0.80155 0.19239
vt 0.78019 0.18027
vt 0.7882 0.17447
vt 0.77707 0.25803
vt 0.7666 0.26464
vt 0.75829 0.24706
vt 0.76769 0.24028
vt 0.75612 0.27125
vt 0.74889 0.25384
vt 0.74165 0.23643
vt 0.74998 0.22948
vt 0.73441 0.21902
vt 0.74167 0.21191
vt 0.7583 0.22254
vt 0.74892 0.2048
vt 0.82067 0.15671
vt 0.8344 0.17797
vt 0.82619 0.18157
vt 0.81255 0.16115
vt 0.84814 0.19923
vt 0.83983 0.202
vt 0.83152 0.20478
vt 0.81798 0.18518
vt 0.80443 0.16559
vt 0.86188 0.22049
vt 0.85347 0.22243
vt 0.84507 0.22437
vt 0.83666 0.22631
vt 0.82321 0.20755
vt 0.80976 0.18879
vt 0.79631 0.17003
vt 0.87032 0.21696
vt 0.85621 0.19519
vt 0.86428 0.19115
vt 0.87875 0.21344
vt 0.8421 0.17342
vt 0.82799 0.15164
vt 0.83532 0.14658
vt 0.8498 0.16887
vt 0.8575 0.16431
vt 0.87234 0.18711
vt 0.84265 0.14152
vt 0.84998 0.13646
vt 0.86519 0.15976
vt 0.88041 0.18307
vt 0.88719 0.20991
vt 0.89563 0.20638
vt 0.85707 0.12934
vt 0.87297 0.1531
vt 0.86417 0.12223
vt 0.88074 0.14643
vt 0.89732 0.17063
vt 0.88886 0.17685
vt 0.87127 0.11512
vt 0.88852 0.13976
vt 0.87837 0.10801
vt 0.89629 0.13309
vt 0.91422 0.15818
vt 0.90577 0.1644
vt 0.92302 0.18905
vt 0.91389 0.19482
vt 0.93215 0.18327
vt 0.90476 0.2006
vt 0.84899 0.09821
vt 0.85516 0.09074
vt 0.84283 0.10569
vt 0.82149 0.08915
vt 0.82672 0.08131
vt 0.83196 0.07347
vt 0.83666 0.11317
vt 0.8305 0.12065
vt 0.81102 0.10484
vt 0.81625 0.097
vt 0.79584 0.08082
vt 0.80014 0.07261
vt 0.79154 0.08903
vt 0.77206 0.07323
vt 0.77543 0.06465
vt 0.7788 0.05608
vt 0.80445 0.0644
vt 0.80875 0.0562
vt 0.78217 0.0475
vt 0.78555 0.03893
vt 0.82404 0.126
vt 0.81759 0.13135
vt 0.79987 0.11612
vt 0.80544 0.11048
vt 0.81114 0.1367
vt 0.80469 0.14205
vt 0.78872 0.1274
vt 0.79429 0.12176
vt 0.77744 0.10682
vt 0.78214 0.10089
vt 0.77275 0.11275
vt 0.75678 0.0981
vt 0.7606 0.09188
vt 0.76442 0.08566
vt 0.78684 0.09496
vt 0.76824 0.07944
vt 0.79685 0.14629
vt 0.789 0.15052
vt 0.77358 0.13545
vt 0.78115 0.13143
vt 0.78116 0.15475
vt 0.77332 0.15899
vt 0.75844 0.14351
vt 0.76601 0.13948
vt 0.75085 0.12421
vt 0.75815 0.12039
vt 0.74356 0.12803
vt 0.72868 0.11255
vt 0.7357 0.10893
vt 0.74273 0.10532
vt 0.76545 0.11657
vt 0.74975 0.10171
vt 0.70127 0.1364
vt 0.70812 0.13043
vt 0.72213 0.14579
vt 0.71499 0.15172
vt 0.71497 0.12447
vt 0.72927 0.13987
vt 0.74358 0.15527
vt 0.73615 0.16116
vt 0.72872 0.16704
vt 0.72182 0.11851
vt 0.73641 0.13395
vt 0.75101 0.14939
vt 0.7656 0.16483
vt 0.75788 0.17067
vt 0.75016 0.17652
vt 0.74245 0.18236
vt 0.73562 0.19029
vt 0.72879 0.19822
vt 0.71592 0.18454
vt 0.72232 0.17579
vt 0.72197 0.20615
vt 0.71514 0.21408
vt 0.70313 0.20204
vt 0.70952 0.19329
vt 0.69708 0.18042
vt 0.70305 0.17085
vt 0.69111 0.18999
vt 0.6791 0.17795
vt 0.68464 0.16756
vt 0.69018 0.15717
vt 0.70902 0.16129
vt 0.69572 0.14678
vt 0.65648 0.21554
vt 0.66764 0.22537
vt 0.66402 0.20301
vt 0.67546 0.21358
vt 0.68691 0.22415
vt 0.6788 0.2352
vt 0.67156 0.19048
vt 0.68329 0.20178
vt 0.69502 0.21309
vt 0.70675 0.2244
vt 0.69835 0.23472
vt 0.68996 0.24503
vt 0.65683 0.183
vt 0.66373 0.16961
vt 0.64994 0.19639
vt 0.63586 0.18976
vt 0.64211 0.17552
vt 0.64837 0.16128
vt 0.64304 0.20977
vt 0.6296 0.204
vt 0.61616 0.19823
vt 0.62177 0.18314
vt 0.60272 0.19246
vt 0.60769 0.17651
vt 0.62739 0.16804
vt 0.633 0.15294
vt 0.61266 0.16056
vt 0.61764 0.14461
vt 0.62269 0.13213
vt 0.63818 0.14099
vt 0.62775 0.11966
vt 0.64336 0.12903
vt 0.65897 0.13841
vt 0.65367 0.14984
vt 0.63281 0.10718
vt 0.64854 0.11708
vt 0.63787 0.09471
vt 0.65372 0.10513
vt 0.66957 0.11555
vt 0.66427 0.12698
vt 0.67999 0.13688
vt 0.67457 0.14779
vt 0.68542 0.12597
vt 0.66915 0.1587
vt 0.70607 0.10784
vt 0.71295 0.1018
vt 0.69918 0.11388
vt 0.6834 0.1033
vt 0.69031 0.09717
vt 0.69723 0.09105
vt 0.6923 0.11993
vt 0.67648 0.10942
vt 0.66066 0.09892
vt 0.66761 0.09271
vt 0.64484 0.08842
vt 0.65182 0.08213
vt 0.67455 0.0865
vt 0.6815 0.0803
vt 0.6588 0.07584
vt 0.66578 0.06955
vt 0.6751 0.06879
vt 0.69025 0.07883
vt 0.68442 0.06804
vt 0.699 0.07736
vt 0.71357 0.08668
vt 0.7054 0.08886
vt 0.69374 0.06728
vt 0.70774 0.07589
vt 0.70307 0.06653
vt 0.71649 0.07442
vt 0.72992 0.08231
vt 0.72175 0.08449
vt 0.73575 0.0931
vt 0.72815 0.096
vt 0.74335 0.0902
vt 0.72055 0.0989
vt 0.74859 0.07074
vt 0.75033 0.06426
vt 0.74684 0.07723
vt 0.72927 0.0688
vt 0.72894 0.06205
vt 0.72861 0.05529
vt 0.74509 0.08372
vt 0.72959 0.07556
vt 0.71409 0.06739
vt 0.71169 0.06037
vt 0.69859 0.05923
vt 0.69412 0.05194
vt 0.70929 0.05335
vt 0.70689 0.04632
vt 0.68964 0.04465
vt 0.68517 0.03736
vt 0.75496 0.03919
vt 0.7565 0.03084
vt 0.75342 0.04755
vt 0.72803 0.03902
vt 0.72774 0.03089
vt 0.72746 0.02276
vt 0.75187 0.0559
vt 0.72832 0.04716
vt 0.70477 0.03841
vt 0.70265 0.0305
vt 0.68122 0.02966
vt 0.67727 0.02197
vt 0.70053 0.02258
vt 0.69841 0.01467
vt 0.67332 0.01428
vt 0.66937 0.00659
vt 0.59999 0.02945
vt 0.62128 0.03142
vt 0.63473 0.04076
vt 0.61643 0.03947
vt 0.64258 0.0334
vt 0.65304 0.04206
vt 0.6635 0.05072
vt 0.64819 0.05011
vt 0.63288 0.0495
vt 0.66387 0.03538
vt 0.67134 0.04335
vt 0.67881 0.05133
vt 0.68627 0.0593
vt 0.67396 0.05938
vt 0.66164 0.05945
vt 0.64933 0.05952
vt 0.49997 0.00659
vt 0.54232 0.00659
vt 0.56206 0.01279
vt 0.52497 0.0123
vt 0.58467 0.00659
vt 0.59914 0.01329
vt 0.61362 0.01999
vt 0.5818 0.019
vt 0.54998 0.01802
vt 0.62702 0.00659
vt 0.63623 0.01378
vt 0.64544 0.02098
vt 0.65466 0.02818
vt 0.6281 0.0267
vt 0.60154 0.02521
vt 0.57498 0.02373
vt 0.57373 0.06221
vt 0.58029 0.05402
vt 0.59643 0.06262
vt 0.58976 0.07033
vt 0.58686 0.04583
vt 0.6031 0.0549
vt 0.61934 0.06398
vt 0.61257 0.07122
vt 0.6058 0.07846
vt 0.59342 0.03764
vt 0.60976 0.04719
vt 0.62611 0.05674
vt 0.64245 0.06629
vt 0.63558 0.07305
vt 0.6287 0.07982
vt 0.62183 0.08658
vt 0.5576 0.12143
vt 0.56163 0.10662
vt 0.57689 0.113
vt 0.57261 0.12722
vt 0.56566 0.09182
vt 0.58118 0.09878
vt 0.59671 0.10574
vt 0.59216 0.11938
vt 0.58762 0.13302
vt 0.56969 0.07701
vt 0.58547 0.08455
vt 0.60125 0.0921
vt 0.61703 0.09964
vt 0.61223 0.1127
vt 0.60743 0.12575
vt 0.60263 0.13881
vt 0.59831 0.15562
vt 0.59399 0.17242
vt 0.58029 0.16833
vt 0.58395 0.15067
vt 0.58967 0.18923
vt 0.57662 0.18599
vt 0.56357 0.18275
vt 0.56658 0.16424
vt 0.55052 0.17951
vt 0.55288 0.16015
vt 0.56959 0.14573
vt 0.55524 0.14079
vt 0.53788 0.17787
vt 0.52524 0.17622
vt 0.52642 0.15595
vt 0.53965 0.15805
vt 0.5126 0.17457
vt 0.49997 0.17293
vt 0.49997 0.15175
vt 0.51319 0.15385
vt 0.51378 0.13312
vt 0.5276 0.13568
vt 0.49997 0.13057
vt 0.49997 0.10939
vt 0.51437 0.1124
vt 0.52878 0.11541
vt 0.54142 0.13823
vt 0.54319 0.11842
vt 0.55226 0.07425
vt 0.55529 0.05953
vt 0.54924 0.08897
vt 0.53281 0.08613
vt 0.53483 0.07149
vt 0.53685 0.05685
vt 0.54621 0.10369
vt 0.5308 0.10077
vt 0.51538 0.09784
vt 0.51639 0.08328
vt 0.49997 0.09491
vt 0.49997 0.08044
vt 0.5174 0.06872
vt 0.51841 0.05417
vt 0.49997 0.06596
vt 0.49997 0.05149
vt 0.49997 0.04026
vt 0.52005 0.0437
vt 0.49997 0.02904
vt 0.52169 0.03323
vt 0.54341 0.03743
vt 0.54013 0.04714
vt 0.49997 0.01781
vt 0.52333 0.02277
vt 0.54669 0.02772
vt 0.57006 0.03268
vt 0.56513 0.04163
vt 0.56021 0.05058
vt 0.78807 0.35198
vt 0.78931 0.35943
vt 0.78682 0.34453
vt 0.79265 0.3412
vt 0.79502 0.34788
vt 0.79739 0.35457
vt 0.78558 0.33709
vt 0.79028 0.33451
vt 0.79498 0.33194
vt 0.79847 0.33786
vt 0.80197 0.34379
vt 0.80546 0.34971
vt 0.805 0.35663
vt 0.80454 0.36355
vt 0.79899 0.36784
vt 0.79819 0.36121
vt 0.80407 0.37047
vt 0.80361 0.37739
vt 0.8006 0.38112
vt 0.7998 0.37448
vt 0.79552 0.37849
vt 0.79345 0.37213
vt 0.79759 0.38484
vt 0.79138 0.36578
vt 0.80482 0.38599
vt 0.80602 0.39459
vt 0.80228 0.39837
vt 0.80144 0.38974
vt 0.80722 0.40319
vt 0.80843 0.41179
vt 0.80395 0.41562
vt 0.80311 0.40699
vt 0.799 0.41079
vt 0.79853 0.40214
vt 0.79947 0.41945
vt 0.79806 0.39349
vt 0.54528 0.45709
vt 0.54072 0.45961
vt 0.53483 0.45525
vt 0.53864 0.45155
vt 0.53617 0.46212
vt 0.53162 0.46463
vt 0.52722 0.46267
vt 0.53102 0.45896
vt 0.52588 0.4558
vt 0.52894 0.4509
vt 0.52282 0.4607
vt 0.532 0.446
vt 0.79967 0.43524
vt 0.79961 0.42997
vt 0.80693 0.42752
vt 0.80841 0.43348
vt 0.79954 0.42471
vt 0.80544 0.42157
vt 0.81134 0.41843
vt 0.81425 0.42507
vt 0.81724 0.41529
vt 0.82157 0.42262
vt 0.81715 0.43171
vt 0.8259 0.42995
vt 0.82999 0.40453
vt 0.82563 0.39938
vt 0.82969 0.37613
vt 0.83408 0.37911
vt 0.82127 0.39422
vt 0.8253 0.37315
vt 0.82933 0.35208
vt 0.83375 0.35289
vt 0.83817 0.35369
vt 0.51773 0.47105
vt 0.51942 0.4676
vt 0.52369 0.47008
vt 0.52193 0.47379
vt 0.52112 0.46415
vt 0.52545 0.46637
vt 0.52979 0.4686
vt 0.52796 0.47256
vt 0.52613 0.47653
vt 0.49997 0.54849
vt 0.50566 0.54932
vt 0.50603 0.55209
vt 0.49997 0.55134
vt 0.51136 0.55016
vt 0.51209 0.55283
vt 0.51283 0.55551
vt 0.5064 0.55485
vt 0.49997 0.55419
vt 0.51705 0.551
vt 0.51815 0.55358
vt 0.52275 0.55184
vt 0.52422 0.55433
vt 0.52569 0.55682
vt 0.51926 0.55616
vt 0.52036 0.55875
vt 0.51356 0.55818
vt 0.52716 0.55931
vt 0.50676 0.55761
vt 0.49997 0.55704
vt 0.51635 0.54738
vt 0.52181 0.54793
vt 0.51089 0.54683
vt 0.51042 0.54351
vt 0.51565 0.54376
vt 0.52088 0.54402
vt 0.50543 0.54629
vt 0.49997 0.54574
vt 0.49997 0.543
vt 0.50519 0.54325
vt 0.50496 0.54022
vt 0.50995 0.54018
vt 0.49997 0.54025
vt 0.49997 0.53751
vt 0.50473 0.53718
vt 0.50949 0.53686
vt 0.51495 0.54015
vt 0.51994 0.54011
vt 0.51425 0.53653
vt 0.51901 0.53621
vt 0.52777 0.55092
vt 0.52965 0.55315
vt 0.53279 0.55001
vt 0.53509 0.55198
vt 0.53739 0.55395
vt 0.53154 0.55539
vt 0.53781 0.54909
vt 0.54052 0.5508
vt 0.54284 0.54818
vt 0.54596 0.54963
vt 0.54908 0.55109
vt 0.54323 0.55252
vt 0.54594 0.55423
vt 0.53968 0.55593
vt 0.5522 0.55254
vt 0.53342 0.55762
vt 0.52819 0.53781
vt 0.52808 0.54109
vt 0.53737 0.53942
vt 0.53623 0.54207
vt 0.53508 0.54471
vt 0.52798 0.54437
vt 0.54655 0.54103
vt 0.54437 0.54304
vt 0.55574 0.54264
vt 0.55251 0.54402
vt 0.54929 0.54541
vt 0.54218 0.54506
vt 0.54 0.54707
vt 0.53394 0.54736
vt 0.54606 0.54679
vt 0.52787 0.54764
vt 0.52223 0.52368
vt 0.51666 0.52406
vt 0.51779 0.52129
vt 0.52373 0.52078
vt 0.5111 0.52445
vt 0.51185 0.52179
vt 0.5126 0.51913
vt 0.51891 0.51851
vt 0.52523 0.51789
vt 0.50553 0.52484
vt 0.50591 0.5223
vt 0.49997 0.52523
vt 0.49997 0.5228
vt 0.49997 0.52038
vt 0.50628 0.51975
vt 0.50666 0.51721
vt 0.51335 0.51647
vt 0.49997 0.51795
vt 0.52004 0.51573
vt 0.52673 0.51499
vt 0.50533 0.52792
vt 0.49997 0.5283
vt 0.51069 0.52755
vt 0.51029 0.53065
vt 0.50513 0.53101
vt 0.49997 0.53137
vt 0.51606 0.52718
vt 0.52142 0.52681
vt 0.52062 0.52994
vt 0.51545 0.5303
vt 0.51485 0.53341
vt 0.50989 0.53375
vt 0.51981 0.53307
vt 0.50493 0.53409
vt 0.49997 0.53444
vt 0.54185 0.53175
vt 0.53694 0.52973
vt 0.5395 0.52789
vt 0.54475 0.53027
vt 0.53204 0.52771
vt 0.53424 0.52552
vt 0.53645 0.52334
vt 0.54205 0.52606
vt 0.54766 0.52879
vt 0.52713 0.52569
vt 0.52898 0.52315
vt 0.53084 0.52061
vt 0.53269 0.51807
vt 0.53865 0.52115
vt 0.54461 0.52423
vt 0.55057 0.52731
vt 0.52739 0.52872
vt 0.53337 0.53064
vt 0.5347 0.53357
vt 0.52766 0.53175
vt 0.53934 0.53255
vt 0.54532 0.53447
vt 0.54879 0.53719
vt 0.54175 0.53538
vt 0.54415 0.5382
vt 0.53604 0.53649
vt 0.55226 0.53991
vt 0.52792 0.53478
vt 0.55553 0.54036
vt 0.55912 0.54372
vt 0.55194 0.53699
vt 0.55508 0.5368
vt 0.55879 0.5408
vt 0.5625 0.54481
vt 0.54834 0.53363
vt 0.55137 0.53279
vt 0.5544 0.53195
vt 0.55823 0.5366
vt 0.56205 0.54125
vt 0.56588 0.5459
vt 0.54925 0.54815
vt 0.55254 0.54668
vt 0.55579 0.54795
vt 0.55244 0.54952
vt 0.55583 0.5452
vt 0.55915 0.54638
vt 0.56246 0.54756
vt 0.55904 0.54922
vt 0.55562 0.55088
vt 0.56481 0.34683
vt 0.56263 0.35084
vt 0.56087 0.34851
vt 0.56328 0.34454
vt 0.56046 0.35486
vt 0.55845 0.35248
vt 0.55645 0.35009
vt 0.5591 0.34617
vt 0.56175 0.34225
vt 0.55829 0.35888
vt 0.55604 0.35645
vt 0.55612 0.3629
vt 0.55363 0.36042
vt 0.55114 0.35794
vt 0.55379 0.35402
vt 0.55155 0.35159
vt 0.55444 0.34771
vt 0.54865 0.35546
vt 0.55733 0.34383
vt 0.56022 0.33996
vt 0.56031 0.36581
vt 0.55909 0.36942
vt 0.55465 0.3662
vt 0.56451 0.36873
vt 0.56353 0.37264
vt 0.56255 0.37654
vt 0.55787 0.37302
vt 0.55319 0.3695
vt 0.5687 0.37165
vt 0.56797 0.37586
vt 0.5729 0.37457
vt 0.57241 0.37908
vt 0.57192 0.38359
vt 0.56723 0.38007
vt 0.5665 0.38428
vt 0.56158 0.38045
vt 0.57143 0.3881
vt 0.55665 0.37662
vt 0.55173 0.3728
vt 0.57703 0.37515
vt 0.57685 0.37989
vt 0.58117 0.37573
vt 0.5813 0.3807
vt 0.58143 0.38567
vt 0.57667 0.38463
vt 0.58531 0.37631
vt 0.58575 0.38151
vt 0.58945 0.3769
vt 0.5902 0.38233
vt 0.59095 0.38776
vt 0.58619 0.38671
vt 0.58663 0.39191
vt 0.58156 0.39064
vt 0.5917 0.39319
vt 0.57649 0.38937
vt 0.59264 0.37513
vt 0.5937 0.38047
vt 0.59584 0.37337
vt 0.5972 0.37862
vt 0.59857 0.38387
vt 0.59476 0.38581
vt 0.59903 0.37161
vt 0.60071 0.37677
vt 0.60223 0.36985
vt 0.60421 0.37492
vt 0.6062 0.37999
vt 0.60239 0.38193
vt 0.60406 0.38709
vt 0.59994 0.38912
vt 0.60819 0.38506
vt 0.59582 0.39115
vt 0.6045 0.36581
vt 0.60685 0.3708
vt 0.60678 0.36178
vt 0.60949 0.36668
vt 0.61219 0.37157
vt 0.6092 0.37578
vt 0.60906 0.35775
vt 0.61212 0.36256
vt 0.61134 0.35372
vt 0.61476 0.35844
vt 0.61818 0.36316
vt 0.61519 0.36736
vt 0.61825 0.37217
vt 0.6149 0.37647
vt 0.6216 0.36788
vt 0.61154 0.38076
vt 0.59388 0.34097
vt 0.59015 0.34041
vt 0.59083 0.33777
vt 0.59488 0.3383
vt 0.58643 0.33986
vt 0.58679 0.33724
vt 0.58715 0.33462
vt 0.59151 0.33513
vt 0.59588 0.33564
vt 0.5827 0.3393
vt 0.58275 0.33671
vt 0.57898 0.33875
vt 0.5787 0.33617
vt 0.57843 0.3336
vt 0.58279 0.33411
vt 0.58284 0.33152
vt 0.58752 0.332
vt 0.57816 0.33103
vt 0.5922 0.33249
vt 0.59688 0.33298
vt 0.60697 0.35053
vt 0.60847 0.34747
vt 0.613 0.35053
vt 0.60261 0.34734
vt 0.60394 0.34441
vt 0.60527 0.34149
vt 0.60997 0.34441
vt 0.61467 0.34734
vt 0.59824 0.34415
vt 0.59941 0.34136
vt 0.60057 0.33856
vt 0.60174 0.33577
vt 0.60661 0.33856
vt 0.61147 0.34135
vt 0.61634 0.34415
vt 0.57543 0.34077
vt 0.57485 0.33826
vt 0.57189 0.34279
vt 0.57099 0.34035
vt 0.57009 0.33792
vt 0.57426 0.33576
vt 0.56835 0.34481
vt 0.56713 0.34244
vt 0.56592 0.34008
vt 0.56471 0.33772
vt 0.56919 0.33549
vt 0.57367 0.33326
vt 0.54432 0.36501
vt 0.54577 0.36183
vt 0.54824 0.36438
vt 0.54679 0.3676
vt 0.54721 0.35864
vt 0.54969 0.36116
vt 0.55217 0.36368
vt 0.55072 0.36694
vt 0.54926 0.3702
vt 0.6164 0.35495
vt 0.61804 0.35147
vt 0.62141 0.3556
vt 0.6198 0.35938
vt 0.61968 0.34798
vt 0.62303 0.35182
vt 0.62637 0.35565
vt 0.62478 0.35973
vt 0.62319 0.3638
vt 0.58333 0.36111
vt 0.58064 0.36155
vt 0.57934 0.35636
vt 0.58224 0.35552
vt 0.57795 0.362
vt 0.57644 0.3572
vt 0.57492 0.35239
vt 0.57804 0.35116
vt 0.58115 0.34993
vt 0.57526 0.36245
vt 0.57353 0.35804
vt 0.57258 0.3629
vt 0.57063 0.35888
vt 0.56869 0.35486
vt 0.57181 0.35363
vt 0.57008 0.34922
vt 0.57341 0.34759
vt 0.56675 0.35084
vt 0.57673 0.34596
vt 0.58006 0.34434
vt 0.59375 0.35625
vt 0.59114 0.35746
vt 0.59089 0.3532
vt 0.59378 0.35243
vt 0.58854 0.35868
vt 0.58801 0.35397
vt 0.58748 0.34927
vt 0.59065 0.34894
vt 0.59381 0.34861
vt 0.58593 0.35989
vt 0.58512 0.35474
vt 0.58432 0.3496
vt 0.58351 0.34445
vt 0.58695 0.34456
vt 0.5904 0.34467
vt 0.59384 0.34479
vt 0.58761 0.3637
vt 0.58486 0.36505
vt 0.59036 0.36235
vt 0.59219 0.36602
vt 0.58929 0.36751
vt 0.58639 0.369
vt 0.59311 0.361
vt 0.59587 0.35965
vt 0.59799 0.36305
vt 0.59509 0.36453
vt 0.59706 0.36807
vt 0.59401 0.3697
vt 0.60011 0.36645
vt 0.59096 0.37132
vt 0.58792 0.37295
vt 0.57571 0.36562
vt 0.57266 0.36581
vt 0.57876 0.36543
vt 0.57956 0.36887
vt 0.57615 0.3688
vt 0.57274 0.36873
vt 0.58181 0.36524
vt 0.58297 0.36893
vt 0.58414 0.37262
vt 0.58037 0.3723
vt 0.57659 0.37197
vt 0.57282 0.37165
vt 0.00671 0.93858
vt 0.0278 0.94045
vt 0.02951 0.95396
vt 0.00671 0.95256
vt 0.0489 0.94233
vt 0.05231 0.95537
vt 0.05573 0.96841
vt 0.03122 0.96747
vt 0.00671 0.96654
vt 0.06999 0.9442
vt 0.07512 0.95677
vt 0.09109 0.94608
vt 0.09792 0.95818
vt 0.10476 0.97029
vt 0.08024 0.96935
vt 0.08537 0.98192
vt 0.05915 0.98145
vt 0.11159 0.98239
vt 0.11843 0.9945
vt 0.0905 0.9945
vt 0.06257 0.9945
vt 0.03293 0.98098
vt 0.00671 0.98052
vt 0.03464 0.9945
vt 0.00671 0.9945
vt 0.0661 0.89823
vt 0.07234 0.91019
vt 0.05593 0.90986
vt 0.05125 0.89842
vt 0.07859 0.92215
vt 0.06062 0.92131
vt 0.04265 0.92047
vt 0.03952 0.90954
vt 0.0364 0.89861
vt 0.08484 0.93411
vt 0.0653 0.93275
vt 0.04577 0.9314
vt 0.02624 0.93004
vt 0.02468 0.91963
vt 0.00671 0.92868
vt 0.00671 0.91879
vt 0.02311 0.90921
vt 0.02155 0.8988
vt 0.00671 0.90889
vt 0.00671 0.899
vt 0.11632 0.94652
vt 0.12372 0.95852
vt 0.14156 0.94697
vt 0.14952 0.95885
vt 0.15748 0.97073
vt 0.13112 0.97051
vt 0.16679 0.94742
vt 0.17532 0.95919
vt 0.19203 0.94787
vt 0.20112 0.95952
vt 0.21021 0.97118
vt 0.18384 0.97096
vt 0.19237 0.98273
vt 0.16544 0.98261
vt 0.2193 0.98284
vt 0.22839 0.9945
vt 0.2009 0.9945
vt 0.17341 0.9945
vt 0.13852 0.9825
vt 0.14592 0.9945
vt 0.1536 0.93392
vt 0.17652 0.93386
vt 0.13068 0.93399
vt 0.1198 0.921
vt 0.14041 0.92043
vt 0.16101 0.91986
vt 0.10776 0.93405
vt 0.0992 0.92158
vt 0.09063 0.9091
vt 0.10892 0.90802
vt 0.08207 0.89663
vt 0.09805 0.89504
vt 0.12721 0.90693
vt 0.1455 0.90585
vt 0.11402 0.89344
vt 0.13 0.89185
vt 0.3504 0.9945
vt 0.35529 0.98463
vt 0.39146 0.98511
vt 0.38779 0.9945
vt 0.36018 0.97476
vt 0.39513 0.97572
vt 0.43007 0.97668
vt 0.42763 0.98559
vt 0.42518 0.9945
vt 0.36507 0.96489
vt 0.3988 0.96633
vt 0.36997 0.95502
vt 0.40247 0.95694
vt 0.43497 0.95887
vt 0.43252 0.96778
vt 0.46624 0.96922
vt 0.46502 0.97765
vt 0.46747 0.9608
vt 0.4638 0.98607
vt 0.46257 0.9945
vt 0.23663 0.98395
vt 0.2663 0.98412
vt 0.25889 0.9945
vt 0.24488 0.97341
vt 0.27371 0.97374
vt 0.30253 0.97408
vt 0.29596 0.98429
vt 0.28939 0.9945
vt 0.25313 0.96286
vt 0.28111 0.96337
vt 0.26138 0.95232
vt 0.28852 0.95299
vt 0.31567 0.95367
vt 0.3091 0.96387
vt 0.33709 0.96438
vt 0.33136 0.97442
vt 0.34282 0.95434
vt 0.32562 0.98446
vt 0.31989 0.9945
vt 0.37891 0.9447
vt 0.40918 0.94645
vt 0.38786 0.93439
vt 0.41589 0.93597
vt 0.44391 0.93755
vt 0.43944 0.94821
vt 0.39681 0.92407
vt 0.4226 0.92548
vt 0.40576 0.91376
vt 0.42931 0.91499
vt 0.45286 0.91622
vt 0.44839 0.92688
vt 0.47418 0.92829
vt 0.47194 0.93913
vt 0.47641 0.91745
vt 0.4697 0.94996
vt 0.27742 0.93947
vt 0.30279 0.94077
vt 0.29347 0.92662
vt 0.31706 0.92856
vt 0.34066 0.9305
vt 0.32817 0.94208
vt 0.30951 0.91377
vt 0.33133 0.91634
vt 0.32556 0.90092
vt 0.34561 0.90413
vt 0.36566 0.90734
vt 0.35316 0.91892
vt 0.37498 0.92149
vt 0.36426 0.93244
vt 0.38571 0.91055
vt 0.35354 0.94339
vt 0.40812 0.90472
vt 0.43108 0.90568
vt 0.41048 0.89568
vt 0.43285 0.89637
vt 0.45522 0.89707
vt 0.45404 0.90665
vt 0.41284 0.88664
vt 0.43462 0.88707
vt 0.4152 0.8776
vt 0.43639 0.87776
vt 0.45758 0.87793
vt 0.4564 0.8875
vt 0.47818 0.88793
vt 0.47759 0.89777
vt 0.47877 0.87809
vt 0.477 0.90761
vt 0.32859 0.89269
vt 0.34847 0.89569
vt 0.33162 0.88446
vt 0.35133 0.88726
vt 0.37105 0.89007
vt 0.36835 0.8987
vt 0.33465 0.87623
vt 0.35419 0.87883
vt 0.33768 0.86801
vt 0.35706 0.8704
vt 0.37644 0.8728
vt 0.37374 0.88143
vt 0.39329 0.88403
vt 0.39076 0.89287
vt 0.39582 0.8752
vt 0.38823 0.90171
vt 0.27143 0.85858
vt 0.28799 0.86093
vt 0.28535 0.88057
vt 0.26891 0.88201
vt 0.30455 0.86329
vt 0.30178 0.87912
vt 0.29901 0.89495
vt 0.2827 0.9002
vt 0.2664 0.90545
vt 0.32111 0.86565
vt 0.31821 0.87768
vt 0.31531 0.88971
vt 0.31241 0.90174
vt 0.29624 0.91078
vt 0.28006 0.91983
vt 0.26389 0.92888
vt 0.22524 0.84207
vt 0.23678 0.84619
vt 0.23675 0.88063
vt 0.22602 0.88017
vt 0.24833 0.85032
vt 0.24747 0.88109
vt 0.24661 0.91186
vt 0.23671 0.91507
vt 0.22681 0.91828
vt 0.25988 0.85445
vt 0.25819 0.88155
vt 0.2565 0.90865
vt 0.25482 0.93576
vt 0.24574 0.94263
vt 0.23667 0.94951
vt 0.2276 0.95639
vt 0.17418 0.84176
vt 0.18694 0.84183
vt 0.19048 0.87126
vt 0.17864 0.86828
vt 0.19971 0.84191
vt 0.20233 0.87423
vt 0.20496 0.90655
vt 0.19403 0.90068
vt 0.1831 0.89481
vt 0.21247 0.84199
vt 0.21418 0.8772
vt 0.21588 0.91241
vt 0.21759 0.94763
vt 0.20758 0.93886
vt 0.19757 0.9301
vt 0.18756 0.92134
vt 0.16473 0.86482
vt 0.1608 0.84181
vt 0.16866 0.88784
vt 0.15421 0.88086
vt 0.15081 0.86136
vt 0.14742 0.84187
vt 0.17259 0.91085
vt 0.15761 0.90036
vt 0.14264 0.88987
vt 0.13977 0.87389
vt 0.12766 0.87938
vt 0.12533 0.86691
vt 0.1369 0.8579
vt 0.13404 0.84192
vt 0.12299 0.85444
vt 0.12066 0.84198
vt 0.10861 0.85533
vt 0.10681 0.84263
vt 0.11042 0.86804
vt 0.09551 0.86916
vt 0.09424 0.85622
vt 0.09297 0.84329
vt 0.11222 0.88074
vt 0.09678 0.8821
vt 0.08133 0.88346
vt 0.0806 0.87029
vt 0.06589 0.88482
vt 0.06569 0.87141
vt 0.07986 0.85711
vt 0.07913 0.84394
vt 0.06549 0.858
vt 0.06529 0.8446
vt 0.00671 0.84155
vt 0.02135 0.84231
vt 0.0214 0.85643
vt 0.00671 0.85591
vt 0.036 0.84307
vt 0.0361 0.85696
vt 0.0362 0.87084
vt 0.02145 0.87056
vt 0.00671 0.87027
vt 0.05064 0.84383
vt 0.05079 0.85748
vt 0.05094 0.87113
vt 0.0511 0.88477
vt 0.0363 0.88473
vt 0.0215 0.88468
vt 0.00671 0.88463
vt 0.05002 0.82863
vt 0.06446 0.82935
vt 0.03558 0.82791
vt 0.03517 0.81275
vt 0.0494 0.81343
vt 0.06363 0.81411
vt 0.02114 0.82719
vt 0.00671 0.82647
vt 0.00671 0.8114
vt 0.02094 0.81207
vt 0.02073 0.79696
vt 0.03475 0.79759
vt 0.00671 0.79632
vt 0.00671 0.78125
vt 0.02052 0.78184
vt 0.03434 0.78243
vt 0.04878 0.79823
vt 0.0628 0.79886
vt 0.04816 0.78302
vt 0.06198 0.78362
vt 0.07805 0.82913
vt 0.07698 0.81432
vt 0.09032 0.81453
vt 0.09165 0.82891
vt 0.0759 0.7995
vt 0.07482 0.78469
vt 0.08767 0.78577
vt 0.089 0.80015
vt 0.10209 0.80079
vt 0.10367 0.81474
vt 0.10052 0.78685
vt 0.11337 0.78793
vt 0.11519 0.80144
vt 0.11701 0.81495
vt 0.10524 0.82868
vt 0.11883 0.82846
vt 0.13204 0.82848
vt 0.13005 0.81505
vt 0.1431 0.81514
vt 0.14526 0.8285
vt 0.12806 0.80161
vt 0.12607 0.78817
vt 0.13878 0.78842
vt 0.14094 0.80178
vt 0.15381 0.80195
vt 0.15614 0.81524
vt 0.15148 0.78866
vt 0.16419 0.78891
vt 0.16668 0.80212
vt 0.16918 0.81533
vt 0.15847 0.82852
vt 0.17168 0.82854
vt 0.1848 0.82903
vt 0.18267 0.81623
vt 0.19615 0.81714
vt 0.19793 0.82952
vt 0.18053 0.80343
vt 0.17839 0.79064
vt 0.1926 0.79237
vt 0.19438 0.80475
vt 0.20822 0.80607
vt 0.20964 0.81804
vt 0.20681 0.7941
vt 0.22102 0.79583
vt 0.22207 0.80739
vt 0.22313 0.81895
vt 0.21105 0.83001
vt 0.22418 0.83051
vt 0.25941 0.84328
vt 0.27115 0.84753
vt 0.24766 0.83902
vt 0.247 0.82772
vt 0.25893 0.8321
vt 0.27087 0.83649
vt 0.23592 0.83476
vt 0.23506 0.82333
vt 0.2342 0.8119
vt 0.24633 0.81642
vt 0.23334 0.80047
vt 0.24567 0.80512
vt 0.25846 0.82093
vt 0.27059 0.82545
vt 0.25799 0.80976
vt 0.27032 0.81441
vt 0.288 0.85003
vt 0.28802 0.83913
vt 0.30517 0.84176
vt 0.30486 0.85253
vt 0.28803 0.82822
vt 0.28805 0.81732
vt 0.30578 0.82024
vt 0.30547 0.831
vt 0.32291 0.83377
vt 0.32231 0.8444
vt 0.32351 0.82315
vt 0.34125 0.82607
vt 0.34035 0.83655
vt 0.33946 0.84704
vt 0.32171 0.85502
vt 0.33857 0.85752
vt 0.35794 0.86018
vt 0.35882 0.84996
vt 0.37819 0.85289
vt 0.37731 0.86285
vt 0.35971 0.83974
vt 0.36059 0.82952
vt 0.37994 0.83298
vt 0.37906 0.84294
vt 0.39842 0.84613
vt 0.39755 0.85582
vt 0.39929 0.83644
vt 0.41864 0.8399
vt 0.41778 0.84932
vt 0.41692 0.85875
vt 0.39668 0.86551
vt 0.41606 0.86817
vt 0.43703 0.86867
vt 0.43768 0.85959
vt 0.45844 0.86043
vt 0.45801 0.86918
vt 0.43832 0.8505
vt 0.43897 0.84141
vt 0.4593 0.84293
vt 0.45887 0.85168
vt 0.47942 0.85286
vt 0.4792 0.86127
vt 0.47963 0.84445
vt 0.47899 0.86968
vt 0.41833 0.83077
vt 0.43874 0.8324
vt 0.41802 0.82165
vt 0.43851 0.8234
vt 0.45899 0.82514
vt 0.45915 0.83404
vt 0.41771 0.81253
vt 0.43828 0.81439
vt 0.41741 0.80341
vt 0.43805 0.80538
vt 0.45869 0.80736
vt 0.45884 0.81625
vt 0.4794 0.81811
vt 0.47948 0.82689
vt 0.47933 0.80933
vt 0.47956 0.83567
vt 0.39912 0.82698
vt 0.37991 0.8232
vt 0.37989 0.81341
vt 0.39895 0.81753
vt 0.36071 0.81941
vt 0.3415 0.81562
vt 0.34176 0.80518
vt 0.36082 0.80929
vt 0.36094 0.79918
vt 0.37986 0.80363
vt 0.34201 0.79473
vt 0.34227 0.78429
vt 0.36105 0.78907
vt 0.37984 0.79385
vt 0.39879 0.80808
vt 0.39862 0.79863
vt 0.32354 0.81231
vt 0.30557 0.809
vt 0.30537 0.79777
vt 0.32356 0.80147
vt 0.28761 0.8057
vt 0.26965 0.80239
vt 0.26898 0.79037
vt 0.28717 0.79407
vt 0.28673 0.78245
vt 0.30516 0.78654
vt 0.26831 0.77835
vt 0.26764 0.76634
vt 0.28629 0.77082
vt 0.30495 0.77531
vt 0.32358 0.79064
vt 0.32361 0.7798
vt 0.22067 0.78341
vt 0.23291 0.78815
vt 0.22032 0.771
vt 0.23248 0.77584
vt 0.24465 0.78068
vt 0.24516 0.7929
vt 0.21997 0.75858
vt 0.23205 0.76352
vt 0.21962 0.74617
vt 0.23162 0.75121
vt 0.24363 0.75625
vt 0.24414 0.76847
vt 0.25622 0.77341
vt 0.25681 0.78553
vt 0.25563 0.76129
vt 0.2574 0.79764
vt 0.16265 0.77525
vt 0.17716 0.77729
vt 0.16112 0.76159
vt 0.17592 0.76394
vt 0.19072 0.76629
vt 0.19166 0.77933
vt 0.15959 0.74793
vt 0.17468 0.75059
vt 0.15806 0.73428
vt 0.17345 0.73725
vt 0.18884 0.74022
vt 0.18978 0.75326
vt 0.20487 0.75592
vt 0.20552 0.76864
vt 0.20423 0.74319
vt 0.20616 0.78137
vt 0.14996 0.77472
vt 0.13726 0.77419
vt 0.13574 0.75996
vt 0.14843 0.76078
vt 0.12456 0.77366
vt 0.11186 0.77313
vt 0.11036 0.75833
vt 0.12305 0.75915
vt 0.12154 0.74463
vt 0.13422 0.74573
vt 0.10886 0.74353
vt 0.10736 0.72874
vt 0.12003 0.73012
vt 0.13271 0.73151
vt 0.14691 0.74683
vt 0.14538 0.73289
vt 0.06076 0.76833
vt 0.07353 0.76953
vt 0.05954 0.75305
vt 0.07224 0.75437
vt 0.08495 0.75569
vt 0.08631 0.77073
vt 0.05832 0.73776
vt 0.07095 0.7392
vt 0.0571 0.72248
vt 0.06966 0.72404
vt 0.08223 0.72561
vt 0.08359 0.74065
vt 0.09622 0.74209
vt 0.09765 0.75701
vt 0.09479 0.72717
vt 0.09909 0.77193
vt 0.00671 0.76651
vt 0.02022 0.76696
vt 0.00671 0.75177
vt 0.01991 0.75209
vt 0.03312 0.75241
vt 0.03373 0.76742
vt 0.00671 0.73703
vt 0.01961 0.73721
vt 0.00671 0.7223
vt 0.0193 0.72234
vt 0.0319 0.72239
vt 0.03251 0.7374
vt 0.04541 0.73758
vt 0.04633 0.75273
vt 0.0445 0.72243
vt 0.04724 0.76787
vt 0.04364 0.70572
vt 0.05596 0.7058
vt 0.03133 0.70565
vt 0.03076 0.68891
vt 0.04279 0.68902
vt 0.05482 0.68913
vt 0.01902 0.70557
vt 0.00671 0.70549
vt 0.00671 0.68869
vt 0.01873 0.6888
vt 0.01845 0.67203
vt 0.03019 0.67217
vt 0.00671 0.67189
vt 0.00671 0.65509
vt 0.01816 0.65526
vt 0.02962 0.65543
vt 0.04193 0.67231
vt 0.05368 0.67245
vt 0.04108 0.6556
vt 0.05254 0.65578
vt 0.06477 0.65734
vt 0.06599 0.67402
vt 0.07701 0.65891
vt 0.07831 0.67558
vt 0.07962 0.69226
vt 0.06722 0.69069
vt 0.08925 0.66048
vt 0.09063 0.67715
vt 0.10149 0.66205
vt 0.10295 0.67872
vt 0.10442 0.69539
vt 0.09202 0.69382
vt 0.0934 0.7105
vt 0.08092 0.70893
vt 0.10589 0.71206
vt 0.06844 0.70737
vt 0.15086 0.67087
vt 0.15266 0.68672
vt 0.14023 0.68472
vt 0.13851 0.66866
vt 0.15446 0.70257
vt 0.14195 0.70078
vt 0.12944 0.69898
vt 0.1278 0.68272
vt 0.12617 0.66646
vt 0.15626 0.71842
vt 0.14366 0.71683
vt 0.13107 0.71524
vt 0.11848 0.71365
vt 0.11693 0.69719
vt 0.11538 0.68072
vt 0.11383 0.66425
vt 0.17152 0.7217
vt 0.1696 0.70614
vt 0.18475 0.70972
vt 0.18679 0.72497
vt 0.16768 0.69059
vt 0.16576 0.67504
vt 0.18067 0.67921
vt 0.18271 0.69446
vt 0.19774 0.69834
vt 0.1999 0.71329
vt 0.19558 0.68338
vt 0.21049 0.68756
vt 0.21277 0.70221
vt 0.21505 0.71686
vt 0.20206 0.72824
vt 0.21733 0.73151
vt 0.25448 0.74781
vt 0.26686 0.75325
vt 0.2421 0.74238
vt 0.24057 0.72851
vt 0.25332 0.73434
vt 0.26608 0.74016
vt 0.22971 0.73695
vt 0.22781 0.72269
vt 0.2259 0.70842
vt 0.23904 0.71464
vt 0.224 0.69416
vt 0.23751 0.70077
vt 0.25217 0.72086
vt 0.2653 0.72707
vt 0.25102 0.70738
vt 0.26453 0.71399
vt 0.32319 0.7685
vt 0.34197 0.77359
vt 0.30441 0.76342
vt 0.30388 0.75153
vt 0.32277 0.75721
vt 0.34167 0.76289
vt 0.28564 0.75833
vt 0.28498 0.74584
vt 0.28432 0.73335
vt 0.30334 0.73963
vt 0.28366 0.72086
vt 0.3028 0.72774
vt 0.32236 0.74591
vt 0.34137 0.75219
vt 0.32194 0.73462
vt 0.34108 0.7415
vt 0.36003 0.74776
vt 0.36029 0.75809
vt 0.37899 0.75403
vt 0.3792 0.76398
vt 0.37941 0.77394
vt 0.36054 0.76841
vt 0.39795 0.7603
vt 0.39812 0.76988
vt 0.41691 0.76657
vt 0.41703 0.77578
vt 0.41716 0.78499
vt 0.39828 0.77946
vt 0.39845 0.78904
vt 0.37962 0.78389
vt 0.41728 0.7942
vt 0.3608 0.77874
vt 0.47929 0.80058
vt 0.45862 0.79845
vt 0.45856 0.78955
vt 0.47926 0.79183
vt 0.43795 0.79632
vt 0.43786 0.78727
vt 0.43776 0.77821
vt 0.45849 0.78064
vt 0.43767 0.76915
vt 0.45843 0.77174
vt 0.47923 0.78308
vt 0.47919 0.77433
vt 0.47914 0.76594
vt 0.45832 0.76314
vt 0.45821 0.75454
vt 0.47909 0.75755
vt 0.4375 0.76034
vt 0.41669 0.75754
vt 0.41647 0.74851
vt 0.43734 0.75152
vt 0.43717 0.7427
vt 0.4581 0.74593
vt 0.41625 0.73948
vt 0.41603 0.73045
vt 0.43701 0.73389
vt 0.458 0.73733
vt 0.47903 0.74916
vt 0.47898 0.74077
vt 0.39788 0.75127
vt 0.37907 0.74501
vt 0.37916 0.73599
vt 0.39781 0.74225
vt 0.36027 0.73875
vt 0.34146 0.73249
vt 0.34185 0.72348
vt 0.3605 0.72973
vt 0.36074 0.72072
vt 0.37924 0.72697
vt 0.34224 0.71447
vt 0.34263 0.70546
vt 0.36098 0.7117
vt 0.37933 0.71795
vt 0.39774 0.73322
vt 0.39768 0.7242
vt 0.26099 0.67195
vt 0.2814 0.68032
vt 0.28196 0.69046
vt 0.26187 0.68246
vt 0.30181 0.6887
vt 0.30205 0.69846
vt 0.3023 0.70822
vt 0.28253 0.70059
vt 0.26276 0.69297
vt 0.32222 0.69708
vt 0.32215 0.70646
vt 0.32208 0.71585
vt 0.32201 0.72523
vt 0.30255 0.71798
vt 0.2831 0.71073
vt 0.26364 0.70348
vt 0.20189 0.63364
vt 0.21666 0.64321
vt 0.21849 0.65595
vt 0.20404 0.64712
vt 0.23144 0.65279
vt 0.23295 0.66479
vt 0.23447 0.67678
vt 0.22033 0.66869
vt 0.20619 0.6606
vt 0.24621 0.66237
vt 0.24741 0.67362
vt 0.24861 0.68487
vt 0.24981 0.69613
vt 0.23599 0.68878
vt 0.22216 0.68143
vt 0.20834 0.67408
vt 0.14481 0.59677
vt 0.15908 0.60598
vt 0.16075 0.62325
vt 0.14632 0.61529
vt 0.17335 0.6152
vt 0.17518 0.6312
vt 0.17701 0.64721
vt 0.16242 0.64051
vt 0.14783 0.63382
vt 0.18762 0.62442
vt 0.18961 0.63916
vt 0.1916 0.6539
vt 0.19359 0.66864
vt 0.17884 0.66321
vt 0.16409 0.65777
vt 0.14934 0.65234
vt 0.09589 0.58063
vt 0.10812 0.58466
vt 0.10954 0.60456
vt 0.09729 0.60098
vt 0.12035 0.5887
vt 0.1218 0.60814
vt 0.12326 0.62758
vt 0.11097 0.62446
vt 0.09869 0.62134
vt 0.13258 0.59273
vt 0.13406 0.61171
vt 0.13554 0.6307
vt 0.13703 0.64968
vt 0.12471 0.64702
vt 0.1124 0.64435
vt 0.10009 0.64169
vt 0.08792 0.63995
vt 0.07576 0.63821
vt 0.07452 0.61751
vt 0.0866 0.61942
vt 0.0636 0.63647
vt 0.05144 0.63473
vt 0.05035 0.61369
vt 0.06243 0.6156
vt 0.06126 0.59473
vt 0.07327 0.59681
vt 0.04926 0.59264
vt 0.04817 0.5716
vt 0.0601 0.57385
vt 0.07203 0.57611
vt 0.08528 0.5989
vt 0.08396 0.57837
vt 0.00671 0.63355
vt 0.01789 0.63384
vt 0.00671 0.61201
vt 0.01762 0.61243
vt 0.02853 0.61285
vt 0.02907 0.63414
vt 0.00671 0.59047
vt 0.01734 0.59101
vt 0.00671 0.56894
vt 0.01707 0.5696
vt 0.02744 0.57027
vt 0.02798 0.59156
vt 0.03862 0.5921
vt 0.03944 0.61327
vt 0.0378 0.57093
vt 0.04026 0.63443
vt 0.00671 0.45616
vt 0.01652 0.45792
vt 0.01666 0.48584
vt 0.00671 0.48435
vt 0.02633 0.45969
vt 0.02661 0.48733
vt 0.02688 0.51498
vt 0.01679 0.51376
vt 0.00671 0.51255
vt 0.03614 0.46146
vt 0.03656 0.48883
vt 0.04596 0.46323
vt 0.04651 0.49032
vt 0.04706 0.51741
vt 0.03697 0.51619
vt 0.03739 0.54356
vt 0.02716 0.54262
vt 0.04761 0.5445
vt 0.01693 0.54168
vt 0.00671 0.54074
vt 0.05755 0.46569
vt 0.05819 0.49273
vt 0.06915 0.46816
vt 0.06987 0.49514
vt 0.07059 0.52213
vt 0.05882 0.51977
vt 0.08074 0.47062
vt 0.08154 0.49756
vt 0.09234 0.47309
vt 0.09322 0.49997
vt 0.09411 0.52686
vt 0.08235 0.52449
vt 0.08315 0.55143
vt 0.07131 0.54912
vt 0.095 0.55374
vt 0.05946 0.54681
vt 0.1401 0.48538
vt 0.14127 0.51322
vt 0.12926 0.50991
vt 0.12816 0.4823
vt 0.14245 0.54107
vt 0.13037 0.53752
vt 0.11828 0.53396
vt 0.11725 0.5066
vt 0.11622 0.47923
vt 0.14363 0.56892
vt 0.13147 0.56512
vt 0.11931 0.56133
vt 0.10716 0.55753
vt 0.1062 0.53041
vt 0.10524 0.50328
vt 0.10428 0.47616
vt 0.15522 0.50848
vt 0.15618 0.53285
vt 0.17034 0.53158
vt 0.17109 0.55248
vt 0.17184 0.57339
vt 0.15715 0.55723
vt 0.18546 0.55468
vt 0.186 0.57211
vt 0.20059 0.57778
vt 0.20091 0.59174
vt 0.20124 0.60571
vt 0.18654 0.58955
vt 0.18708 0.60698
vt 0.17259 0.59429
vt 0.20156 0.61967
vt 0.15811 0.58161
vt 0.21855 0.59296
vt 0.21808 0.60552
vt 0.23652 0.60815
vt 0.23525 0.61931
vt 0.23398 0.63047
vt 0.21761 0.61809
vt 0.25448 0.62333
vt 0.25241 0.63309
vt 0.27245 0.63852
vt 0.26958 0.64687
vt 0.26672 0.65523
vt 0.25035 0.64285
vt 0.24828 0.65261
vt 0.23271 0.64163
vt 0.26385 0.66359
vt 0.21713 0.63065
vt 0.32323 0.69
vt 0.34302 0.6988
vt 0.30344 0.6812
vt 0.30507 0.67369
vt 0.32424 0.68292
vt 0.34342 0.69215
vt 0.28364 0.67239
vt 0.28589 0.66446
vt 0.28814 0.65653
vt 0.3067 0.66619
vt 0.29039 0.6486
vt 0.30833 0.65868
vt 0.32526 0.67584
vt 0.34382 0.6855
vt 0.32627 0.66876
vt 0.34422 0.67885
vt 0.36245 0.68556
vt 0.36208 0.6921
vt 0.38068 0.69228
vt 0.38034 0.69869
vt 0.38 0.70511
vt 0.36171 0.69863
vt 0.39891 0.69899
vt 0.3986 0.70529
vt 0.41715 0.70571
vt 0.41687 0.71189
vt 0.41659 0.71808
vt 0.39829 0.71159
vt 0.39798 0.7179
vt 0.37966 0.71153
vt 0.41631 0.72426
vt 0.36134 0.70517
vt 0.47905 0.73546
vt 0.45814 0.73173
vt 0.45828 0.72613
vt 0.47912 0.73015
vt 0.43722 0.72799
vt 0.43743 0.7221
vt 0.43764 0.71621
vt 0.45842 0.72052
vt 0.43785 0.71031
vt 0.45856 0.71492
vt 0.47919 0.72484
vt 0.47926 0.71953
vt 0.40721 0.62877
vt 0.4304 0.6411
vt 0.43226 0.65841
vt 0.40969 0.648
vt 0.45359 0.65344
vt 0.45483 0.66881
vt 0.45607 0.68418
vt 0.43412 0.67571
vt 0.41218 0.66724
vt 0.47678 0.66578
vt 0.4774 0.67922
vt 0.47802 0.69265
vt 0.47864 0.70609
vt 0.45731 0.69955
vt 0.43599 0.69301
vt 0.41466 0.68647
vt 0.39701 0.68037
vt 0.37936 0.67427
vt 0.37804 0.65627
vt 0.39511 0.66175
vt 0.36171 0.66818
vt 0.34406 0.66208
vt 0.34391 0.64531
vt 0.36098 0.65079
vt 0.36024 0.63341
vt 0.37672 0.63827
vt 0.34376 0.62854
vt 0.34361 0.61178
vt 0.35951 0.61602
vt 0.37541 0.62027
vt 0.39321 0.64314
vt 0.39131 0.62452
vt 0.3283 0.62142
vt 0.32898 0.60563
vt 0.32763 0.6372
vt 0.31134 0.62909
vt 0.31285 0.61429
vt 0.31436 0.59949
vt 0.32695 0.65298
vt 0.30984 0.64388
vt 0.29272 0.63479
vt 0.29506 0.62097
vt 0.27561 0.62569
vt 0.27878 0.61286
vt 0.29739 0.60716
vt 0.29973 0.59335
vt 0.28194 0.60003
vt 0.28511 0.58721
vt 0.26627 0.58659
vt 0.2702 0.57435
vt 0.26234 0.59884
vt 0.24591 0.58482
vt 0.2506 0.57315
vt 0.2553 0.56149
vt 0.25841 0.61108
vt 0.24121 0.59648
vt 0.22401 0.58188
vt 0.22947 0.57079
vt 0.20681 0.56727
vt 0.21304 0.55677
vt 0.23494 0.55971
vt 0.2404 0.54863
vt 0.21927 0.54627
vt 0.2255 0.53577
vt 0.16985 0.43742
vt 0.18376 0.462
vt 0.17662 0.47362
vt 0.16241 0.44941
vt 0.19767 0.48659
vt 0.19084 0.49784
vt 0.18401 0.50908
vt 0.16949 0.48524
vt 0.15497 0.4614
vt 0.21158 0.51118
vt 0.20505 0.52205
vt 0.19852 0.53293
vt 0.19199 0.5438
vt 0.17717 0.52033
vt 0.16235 0.49686
vt 0.14753 0.47339
vt 0.12577 0.44958
vt 0.13684 0.45179
vt 0.1147 0.44738
vt 0.11319 0.41552
vt 0.12339 0.41687
vt 0.13359 0.41821
vt 0.10363 0.44517
vt 0.09256 0.44296
vt 0.09279 0.41284
vt 0.10299 0.41418
vt 0.10234 0.38319
vt 0.11167 0.38367
vt 0.09301 0.38271
vt 0.09324 0.35259
vt 0.1017 0.3522
vt 0.11016 0.35182
vt 0.12101 0.38415
vt 0.13034 0.38463
vt 0.11862 0.35143
vt 0.12709 0.35105
vt 0.14407 0.44129
vt 0.14061 0.4092
vt 0.14763 0.40018
vt 0.1513 0.43079
vt 0.13715 0.3771
vt 0.13368 0.34501
vt 0.14028 0.33897
vt 0.14395 0.36958
vt 0.15076 0.36205
vt 0.15464 0.39117
vt 0.14688 0.33293
vt 0.15348 0.3269
vt 0.15757 0.35453
vt 0.16166 0.38216
vt 0.15853 0.42029
vt 0.16575 0.40979
vt 0.05365 0.34373
vt 0.06354 0.34594
vt 0.06204 0.37588
vt 0.05172 0.3736
vt 0.07344 0.34816
vt 0.07237 0.37816
vt 0.07129 0.40816
vt 0.06055 0.40582
vt 0.0498 0.40348
vt 0.08334 0.35037
vt 0.08269 0.38043
vt 0.08204 0.4105
vt 0.08139 0.44056
vt 0.07022 0.43816
vt 0.05905 0.43575
vt 0.04788 0.43335
vt 0.00671 0.33096
vt 0.01844 0.33415
vt 0.01796 0.36509
vt 0.00671 0.36226
vt 0.03018 0.33734
vt 0.02921 0.36793
vt 0.02825 0.39852
vt 0.01748 0.39604
vt 0.00671 0.39356
vt 0.04191 0.34053
vt 0.04047 0.37076
vt 0.03903 0.401
vt 0.03758 0.43123
vt 0.02729 0.4291
vt 0.017 0.42698
vt 0.00671 0.42486
vt 0.05127 0.31152
vt 0.06252 0.31525
vt 0.04002 0.30779
vt 0.04986 0.27824
vt 0.06063 0.28251
vt 0.0714 0.28677
vt 0.02876 0.30406
vt 0.01751 0.30033
vt 0.02832 0.26971
vt 0.03909 0.27398
vt 0.04941 0.24389
vt 0.0597 0.24869
vt 0.03912 0.23909
vt 0.04993 0.20847
vt 0.05973 0.2138
vt 0.06954 0.21914
vt 0.06999 0.25349
vt 0.08028 0.25829
vt 0.07935 0.22448
vt 0.08916 0.22982
vt 0.09796 0.23284
vt 0.08936 0.26112
vt 0.10677 0.23587
vt 0.09843 0.26394
vt 0.0901 0.29201
vt 0.08075 0.28939
vt 0.11557 0.23889
vt 0.10751 0.26676
vt 0.12438 0.24192
vt 0.11659 0.26958
vt 0.10881 0.29725
vt 0.09945 0.29463
vt 0.0914 0.3225
vt 0.08177 0.32008
vt 0.10102 0.32492
vt 0.07215 0.31767
vt 0.13288 0.24303
vt 0.12508 0.27032
vt 0.14138 0.24415
vt 0.13357 0.27106
vt 0.12577 0.29798
vt 0.11729 0.29762
vt 0.14988 0.24526
vt 0.14206 0.2718
vt 0.15838 0.24638
vt 0.15055 0.27254
vt 0.14273 0.29871
vt 0.13425 0.29835
vt 0.12644 0.32489
vt 0.11796 0.3249
vt 0.13491 0.32488
vt 0.10949 0.32491
vt 0.16926 0.25217
vt 0.16036 0.27538
vt 0.18014 0.25797
vt 0.17017 0.27822
vt 0.16021 0.29847
vt 0.15147 0.29859
vt 0.19102 0.26376
vt 0.17998 0.28105
vt 0.2019 0.26956
vt 0.18979 0.28389
vt 0.17769 0.29823
vt 0.16895 0.29835
vt 0.15791 0.31564
vt 0.15024 0.31872
vt 0.16558 0.31256
vt 0.14258 0.3218
vt 0.2028 0.27656
vt 0.19159 0.28949
vt 0.2037 0.28356
vt 0.19339 0.29508
vt 0.18308 0.30661
vt 0.18038 0.30242
vt 0.2046 0.29056
vt 0.19519 0.30068
vt 0.20551 0.29756
vt 0.19699 0.30628
vt 0.18847 0.315
vt 0.18577 0.3108
vt 0.17636 0.32093
vt 0.17277 0.31814
vt 0.17995 0.32372
vt 0.17144 0.33244
vt 0.16695 0.33105
vt 0.16246 0.32967
vt 0.16917 0.31535
vt 0.15797 0.32828
vt 0.18004 0.43848
vt 0.19301 0.45897
vt 0.19024 0.43955
vt 0.20226 0.45594
vt 0.21428 0.47234
vt 0.20597 0.47947
vt 0.20043 0.44061
vt 0.21151 0.45291
vt 0.21063 0.44168
vt 0.22076 0.44988
vt 0.23089 0.45809
vt 0.22258 0.46522
vt 0.23366 0.47752
vt 0.2263 0.48874
vt 0.24102 0.4663
vt 0.25115 0.47451
vt 0.24473 0.48982
vt 0.23832 0.50514
vt 0.21894 0.49996
vt 0.23191 0.52045
vt 0.24605 0.53179
vt 0.2517 0.51496
vt 0.26508 0.52478
vt 0.26019 0.54313
vt 0.25735 0.49812
vt 0.263 0.48129
vt 0.27486 0.48807
vt 0.26997 0.50642
vt 0.28258 0.51472
vt 0.27846 0.5346
vt 0.28671 0.49485
vt 0.29857 0.50163
vt 0.2952 0.52302
vt 0.29184 0.54442
vt 0.27433 0.55447
vt 0.28847 0.56581
vt 0.33023 0.58401
vt 0.34415 0.59007
vt 0.31631 0.57794
vt 0.31827 0.55639
vt 0.33148 0.56238
vt 0.3447 0.56837
vt 0.30239 0.57188
vt 0.30505 0.5504
vt 0.30771 0.52893
vt 0.32022 0.53484
vt 0.31037 0.50746
vt 0.32218 0.5133
vt 0.33274 0.54076
vt 0.34525 0.54667
vt 0.33399 0.51913
vt 0.3458 0.52497
vt 0.38786 0.60177
vt 0.40242 0.60567
vt 0.37329 0.59787
vt 0.37117 0.57547
vt 0.38441 0.57902
vt 0.39764 0.58258
vt 0.35872 0.59397
vt 0.35794 0.57192
vt 0.35715 0.54987
vt 0.36905 0.55307
vt 0.35637 0.52782
vt 0.36694 0.53068
vt 0.38096 0.55628
vt 0.39286 0.55948
vt 0.37751 0.53353
vt 0.38808 0.53639
vt 0.41941 0.6285
vt 0.43955 0.63871
vt 0.43161 0.62824
vt 0.4487 0.63632
vt 0.46579 0.6444
vt 0.45969 0.64892
vt 0.44381 0.62797
vt 0.45785 0.63392
vt 0.45602 0.62771
vt 0.467 0.63153
vt 0.47799 0.63535
vt 0.47189 0.63987
vt 0.48593 0.64582
vt 0.48288 0.65248
vt 0.48898 0.63917
vt 0.47983 0.65913
vt 0.41195 0.61713
vt 0.42312 0.61815
vt 0.41669 0.60549
vt 0.42683 0.6078
vt 0.43697 0.61011
vt 0.43429 0.61917
vt 0.42143 0.59385
vt 0.43054 0.59745
vt 0.42617 0.58222
vt 0.43425 0.5871
vt 0.44233 0.59198
vt 0.43965 0.60104
vt 0.44876 0.60463
vt 0.44711 0.61241
vt 0.45041 0.59686
vt 0.45849 0.60174
vt 0.45787 0.60823
vt 0.45725 0.61472
vt 0.44546 0.62019
vt 0.45663 0.62121
vt 0.40741 0.59724
vt 0.40287 0.57735
vt 0.40809 0.57212
vt 0.41239 0.58881
vt 0.39833 0.55746
vt 0.39379 0.53757
vt 0.3995 0.53876
vt 0.4038 0.55544
vt 0.40927 0.55342
vt 0.41332 0.5669
vt 0.40521 0.53994
vt 0.41093 0.54113
vt 0.41474 0.5514
vt 0.41855 0.56167
vt 0.41737 0.58037
vt 0.42236 0.57194
vt 0.46747 0.62462
vt 0.46793 0.61771
vt 0.47861 0.62069
vt 0.4783 0.62802
vt 0.46839 0.6108
vt 0.46886 0.60389
vt 0.47923 0.60604
vt 0.47892 0.61336
vt 0.48944 0.61593
vt 0.48929 0.62368
vt 0.4896 0.60819
vt 0.48913 0.63143
vt 0.49 0.60051
vt 0.48004 0.59877
vt 0.48085 0.5915
vt 0.49041 0.59284
vt 0.47008 0.59703
vt 0.46011 0.59529
vt 0.46174 0.58884
vt 0.4713 0.59017
vt 0.47252 0.58331
vt 0.48167 0.58424
vt 0.46337 0.58239
vt 0.465 0.57594
vt 0.47374 0.57645
vt 0.48248 0.57697
vt 0.49082 0.58516
vt 0.49122 0.57749
vt 0.42852 0.57836
vt 0.43642 0.58259
vt 0.43088 0.5745
vt 0.4386 0.57808
vt 0.44631 0.58167
vt 0.44432 0.58682
vt 0.43324 0.57064
vt 0.44077 0.57357
vt 0.4356 0.56678
vt 0.44295 0.56907
vt 0.4503 0.57136
vt 0.4483 0.57651
vt 0.45584 0.57945
vt 0.45403 0.58525
vt 0.45765 0.57365
vt 0.45222 0.59105
vt 0.46658 0.57241
vt 0.47493 0.57267
vt 0.46817 0.56888
vt 0.47612 0.56889
vt 0.48407 0.56891
vt 0.48327 0.57294
vt 0.46975 0.56535
vt 0.4773 0.56511
vt 0.47134 0.56182
vt 0.47849 0.56134
vt 0.48565 0.56086
vt 0.48486 0.56488
vt 0.49241 0.56465
vt 0.49202 0.56893
vt 0.49281 0.56038
vt 0.49162 0.57321
vt 0.4379 0.56364
vt 0.44507 0.56583
vt 0.4402 0.5605
vt 0.44719 0.56259
vt 0.45418 0.56469
vt 0.45224 0.56802
vt 0.4425 0.55736
vt 0.44931 0.55935
vt 0.44481 0.55422
vt 0.45144 0.55612
vt 0.45807 0.55802
vt 0.45613 0.56135
vt 0.46294 0.56335
vt 0.46117 0.56678
vt 0.4647 0.55992
vt 0.45941 0.57021
vt 0.43192 0.56147
vt 0.43428 0.55923
vt 0.42825 0.55617
vt 0.43066 0.55482
vt 0.43306 0.55348
vt 0.43663 0.55699
vt 0.42458 0.55087
vt 0.42703 0.55042
vt 0.42091 0.54557
vt 0.42341 0.54601
vt 0.42592 0.54646
vt 0.42949 0.54997
vt 0.43195 0.54952
vt 0.43547 0.55213
vt 0.42843 0.54691
vt 0.43094 0.54736
vt 0.4344 0.54907
vt 0.43787 0.55079
vt 0.43898 0.55474
vt 0.44134 0.5525
vt 0.41342 0.54224
vt 0.4172 0.55127
vt 0.41592 0.54335
vt 0.41966 0.55113
vt 0.4234 0.55892
vt 0.42097 0.5603
vt 0.41841 0.54446
vt 0.42212 0.551
vt 0.42582 0.55755
vt 0.42953 0.56409
vt 0.42714 0.56671
vt 0.42475 0.56933
vt 0.42284 0.50169
vt 0.4262 0.50487
vt 0.42301 0.51421
vt 0.41986 0.51155
vt 0.42957 0.50805
vt 0.42616 0.51687
vt 0.42274 0.5257
vt 0.41981 0.52355
vt 0.41688 0.52141
vt 0.43294 0.51123
vt 0.42931 0.51954
vt 0.43631 0.51442
vt 0.43246 0.5222
vt 0.42861 0.52999
vt 0.42567 0.52784
vt 0.42204 0.53615
vt 0.41933 0.53452
vt 0.42476 0.53778
vt 0.41662 0.53289
vt 0.4139 0.53127
vt 0.40452 0.47767
vt 0.4091 0.48367
vt 0.40527 0.49715
vt 0.40041 0.49235
vt 0.41368 0.48968
vt 0.41013 0.50195
vt 0.40659 0.51422
vt 0.40144 0.51062
vt 0.3963 0.50703
vt 0.41826 0.49568
vt 0.41499 0.50675
vt 0.41173 0.51781
vt 0.40847 0.52888
vt 0.40304 0.52649
vt 0.39761 0.5241
vt 0.39219 0.52171
vt 0.42729 0.53886
vt 0.43117 0.53171
vt 0.43374 0.53343
vt 0.42983 0.53995
vt 0.43505 0.52456
vt 0.43893 0.51741
vt 0.44155 0.52041
vt 0.43764 0.52692
vt 0.44024 0.52928
vt 0.4363 0.53515
vt 0.44417 0.5234
vt 0.4468 0.5264
vt 0.44283 0.53164
vt 0.43887 0.53688
vt 0.43236 0.54103
vt 0.4349 0.54212
vt 0.459 0.49288
vt 0.46224 0.49771
vt 0.45641 0.50263
vt 0.45332 0.49826
vt 0.46548 0.50254
vt 0.45949 0.50701
vt 0.45351 0.51147
vt 0.45058 0.50756
vt 0.44765 0.50365
vt 0.46872 0.50737
vt 0.46258 0.51138
vt 0.47196 0.51221
vt 0.46567 0.51575
vt 0.45938 0.5193
vt 0.45644 0.51539
vt 0.45031 0.51939
vt 0.44753 0.51594
vt 0.45309 0.52285
vt 0.44475 0.51248
vt 0.44198 0.50903
vt 0.46924 0.49453
vt 0.47167 0.49915
vt 0.47948 0.49618
vt 0.4811 0.5006
vt 0.48272 0.50502
vt 0.4741 0.50378
vt 0.48972 0.49783
vt 0.49053 0.50205
vt 0.49134 0.50626
vt 0.49215 0.51048
vt 0.48434 0.50944
vt 0.49296 0.5147
vt 0.48596 0.51387
vt 0.47653 0.50841
vt 0.47896 0.51304
vt 0.46243 0.49044
vt 0.47182 0.49183
vt 0.46587 0.488
vt 0.47439 0.48914
vt 0.48292 0.49028
vt 0.4812 0.49323
vt 0.46931 0.48556
vt 0.47697 0.48644
vt 0.47275 0.48312
vt 0.47955 0.48374
vt 0.48636 0.48437
vt 0.48464 0.48732
vt 0.4923 0.48821
vt 0.49144 0.49142
vt 0.49316 0.485
vt 0.49058 0.49462
vt 0.4438 0.4622
vt 0.4476 0.46987
vt 0.44225 0.47862
vt 0.43856 0.47207
vt 0.4514 0.47754
vt 0.44594 0.48516
vt 0.44048 0.49279
vt 0.4369 0.48737
vt 0.43332 0.48194
vt 0.4552 0.48521
vt 0.44963 0.49171
vt 0.44407 0.49822
vt 0.4385 0.50473
vt 0.43503 0.50042
vt 0.43155 0.49612
vt 0.42808 0.49181
vt 0.44873 0.46323
vt 0.45216 0.47003
vt 0.45367 0.46426
vt 0.45672 0.47019
vt 0.45977 0.47613
vt 0.45558 0.47683
vt 0.4586 0.46529
vt 0.46128 0.47035
vt 0.46354 0.46632
vt 0.46584 0.47052
vt 0.46814 0.47472
vt 0.46395 0.47542
vt 0.46663 0.48049
vt 0.46282 0.48206
vt 0.47044 0.47892
vt 0.45901 0.48363
vt 0.42423 0.4863
vt 0.42038 0.48079
vt 0.42709 0.47191
vt 0.4302 0.47692
vt 0.41653 0.47528
vt 0.41269 0.46977
vt 0.42086 0.46187
vt 0.42397 0.46689
vt 0.43141 0.4585
vt 0.43379 0.46302
vt 0.42903 0.45397
vt 0.4372 0.44608
vt 0.43885 0.45011
vt 0.4405 0.45414
vt 0.43617 0.46754
vt 0.44215 0.45817
vt 0.47284 0.43496
vt 0.46558 0.44177
vt 0.46494 0.43643
vt 0.47254 0.42919
vt 0.45832 0.44858
vt 0.45734 0.44368
vt 0.45637 0.43878
vt 0.46431 0.4311
vt 0.47225 0.42342
vt 0.45106 0.45539
vt 0.44974 0.45092
vt 0.44843 0.44646
vt 0.44712 0.44199
vt 0.4554 0.43388
vt 0.44581 0.43753
vt 0.45443 0.42898
vt 0.46367 0.42577
vt 0.47195 0.41765
vt 0.46304 0.42043
vt 0.47166 0.41189
vt 0.47636 0.48031
vt 0.48226 0.48102
vt 0.47998 0.47751
vt 0.48498 0.4783
vt 0.48997 0.4791
vt 0.48816 0.48173
vt 0.4836 0.47471
vt 0.48769 0.47558
vt 0.48722 0.47191
vt 0.4904 0.47286
vt 0.49359 0.47382
vt 0.49178 0.47646
vt 0.49587 0.47733
vt 0.49497 0.47989
vt 0.49678 0.47478
vt 0.49406 0.48244
vt 0.49568 0.45856
vt 0.49531 0.45315
vt 0.49604 0.46396
vt 0.49212 0.46466
vt 0.49139 0.46007
vt 0.49065 0.45549
vt 0.49641 0.46937
vt 0.49286 0.46924
vt 0.4893 0.46911
vt 0.4882 0.46535
vt 0.48575 0.46897
vt 0.48428 0.46604
vt 0.4871 0.46159
vt 0.48599 0.45783
vt 0.48281 0.46311
vt 0.48134 0.46018
vt 0.47962 0.43273
vt 0.48121 0.439
vt 0.47496 0.44126
vt 0.4864 0.4305
vt 0.48746 0.43674
vt 0.48853 0.44299
vt 0.48281 0.44528
vt 0.47709 0.44757
vt 0.49318 0.42827
vt 0.49371 0.43449
vt 0.49425 0.44071
vt 0.49478 0.44693
vt 0.48959 0.44924
vt 0.4844 0.45156
vt 0.47921 0.45387
vt 0.49311 0.42249
vt 0.48625 0.42473
vt 0.48611 0.41896
vt 0.49304 0.41672
vt 0.4794 0.42696
vt 0.47918 0.42119
vt 0.47895 0.41542
vt 0.48596 0.41319
vt 0.47873 0.40965
vt 0.48581 0.40742
vt 0.49296 0.41095
vt 0.49289 0.40518
vt 0.46879 0.38606
vt 0.47658 0.38482
vt 0.47712 0.39103
vt 0.4695 0.39251
vt 0.48438 0.38359
vt 0.48473 0.38955
vt 0.48509 0.3955
vt 0.47766 0.39724
vt 0.47022 0.39897
vt 0.49217 0.38236
vt 0.49235 0.38806
vt 0.49253 0.39377
vt 0.49271 0.39947
vt 0.48545 0.40146
vt 0.47819 0.40344
vt 0.47094 0.40543
vt 0.4608 0.40093
vt 0.46005 0.39442
vt 0.46155 0.40743
vt 0.45287 0.41589
vt 0.45209 0.40934
vt 0.45132 0.40279
vt 0.46229 0.41393
vt 0.45365 0.42243
vt 0.445 0.43094
vt 0.4442 0.42434
vt 0.43636 0.43944
vt 0.43552 0.4328
vt 0.44339 0.41775
vt 0.44258 0.41116
vt 0.43468 0.42616
vt 0.43385 0.41953
vt 0.49281 0.37736
vt 0.48565 0.37834
vt 0.48693 0.37309
vt 0.49344 0.37236
vt 0.4785 0.37932
vt 0.47134 0.38031
vt 0.4739 0.37456
vt 0.48041 0.37383
vt 0.48233 0.36833
vt 0.4882 0.36784
vt 0.47645 0.36881
vt 0.47901 0.36307
vt 0.48424 0.36283
vt 0.48948 0.36259
vt 0.49408 0.36735
vt 0.49472 0.36235
vt 0.45019 0.37616
vt 0.45264 0.37352
vt 0.45731 0.37522
vt 0.45484 0.37863
vt 0.45509 0.37089
vt 0.45979 0.37181
vt 0.46449 0.37273
vt 0.46199 0.37692
vt 0.45949 0.38111
vt 0.45754 0.36826
vt 0.46226 0.3684
vt 0.45999 0.36563
vt 0.46474 0.36499
vt 0.4695 0.36435
vt 0.46699 0.36854
vt 0.47172 0.36867
vt 0.46919 0.37364
vt 0.47425 0.36371
vt 0.46666 0.37861
vt 0.46414 0.38358
vt 0.45629 0.39089
vt 0.44845 0.3982
vt 0.44558 0.3936
vt 0.45253 0.38735
vt 0.4406 0.4055
vt 0.43276 0.41281
vt 0.43167 0.4061
vt 0.43862 0.39985
vt 0.43665 0.3942
vt 0.44271 0.38901
vt 0.43058 0.39939
vt 0.4295 0.39268
vt 0.43467 0.38855
vt 0.43984 0.38442
vt 0.44877 0.38382
vt 0.44501 0.38029
vt 0.47866 0.35811
vt 0.48399 0.35786
vt 0.47832 0.35315
vt 0.48373 0.35289
vt 0.48914 0.35264
vt 0.48931 0.35762
vt 0.47798 0.34819
vt 0.48347 0.34793
vt 0.47764 0.34323
vt 0.48322 0.34296
vt 0.4888 0.34269
vt 0.48897 0.34767
vt 0.49447 0.34741
vt 0.49455 0.35239
vt 0.49438 0.34242
vt 0.49463 0.35737
vt 0.47237 0.35021
vt 0.47175 0.34571
vt 0.473 0.35471
vt 0.46768 0.35627
vt 0.46677 0.35224
vt 0.46586 0.3482
vt 0.47362 0.35921
vt 0.46859 0.36031
vt 0.46355 0.36141
vt 0.46236 0.35784
vt 0.45851 0.36251
vt 0.45704 0.3594
vt 0.46116 0.35426
vt 0.45997 0.35069
vt 0.45556 0.35629
vt 0.45409 0.35318
vt 0.4638 0.31477
vt 0.47284 0.314
vt 0.47543 0.32124
vt 0.46726 0.32188
vt 0.48188 0.31323
vt 0.48361 0.3206
vt 0.48534 0.32796
vt 0.47803 0.32848
vt 0.47072 0.329
vt 0.49092 0.31246
vt 0.49179 0.31995
vt 0.49265 0.32744
vt 0.49352 0.33493
vt 0.48707 0.33533
vt 0.48062 0.33572
vt 0.47418 0.33611
vt 0.46159 0.32688
vt 0.45821 0.3206
vt 0.46498 0.33316
vt 0.45924 0.33732
vt 0.45593 0.33187
vt 0.45262 0.32643
vt 0.46836 0.33943
vt 0.46255 0.34276
vt 0.45674 0.34608
vt 0.4535 0.34148
vt 0.45092 0.34941
vt 0.44776 0.34564
vt 0.45026 0.33687
vt 0.44703 0.33226
vt 0.4446 0.34187
vt 0.44144 0.3381
vt 0.45801 0.26008
vt 0.4685 0.25936
vt 0.46958 0.27302
vt 0.45945 0.27375
vt 0.47899 0.25864
vt 0.47971 0.27228
vt 0.48043 0.28593
vt 0.47067 0.28668
vt 0.4609 0.28742
vt 0.48948 0.25792
vt 0.48984 0.27155
vt 0.4902 0.28519
vt 0.49056 0.29883
vt 0.48116 0.29958
vt 0.47175 0.30034
vt 0.46235 0.30109
vt 0.45376 0.3127
vt 0.45219 0.29987
vt 0.44373 0.31064
vt 0.44202 0.29866
vt 0.44032 0.28667
vt 0.45061 0.28705
vt 0.43369 0.30858
vt 0.43186 0.29744
vt 0.42366 0.30652
vt 0.4217 0.29622
vt 0.41975 0.28593
vt 0.43003 0.2863
vt 0.42821 0.27516
vt 0.43862 0.27469
vt 0.41779 0.27563
vt 0.41584 0.26534
vt 0.42638 0.26402
vt 0.43692 0.26271
vt 0.44904 0.27422
vt 0.44746 0.26139
vt 0.44948 0.3185
vt 0.4452 0.3243
vt 0.43778 0.32216
vt 0.44075 0.3164
vt 0.44091 0.33009
vt 0.43663 0.33589
vt 0.43183 0.33369
vt 0.4348 0.32792
vt 0.42869 0.32575
vt 0.43036 0.32003
vt 0.42702 0.33148
vt 0.42222 0.32928
vt 0.42258 0.32359
vt 0.42294 0.3179
vt 0.43202 0.3143
vt 0.4233 0.31221
vt 0.48831 0.21096
vt 0.48793 0.19531
vt 0.4887 0.22661
vt 0.47744 0.22758
vt 0.47666 0.21205
vt 0.47589 0.19652
vt 0.48909 0.24226
vt 0.47821 0.24311
vt 0.46733 0.24395
vt 0.46617 0.22854
vt 0.45646 0.24479
vt 0.45491 0.22951
vt 0.46501 0.21313
vt 0.46385 0.19773
vt 0.45336 0.21422
vt 0.45182 0.19894
vt 0.40224 0.20856
vt 0.41463 0.20615
vt 0.41757 0.22062
vt 0.40564 0.22275
vt 0.42703 0.20375
vt 0.4295 0.21849
vt 0.43197 0.23323
vt 0.4205 0.23509
vt 0.40904 0.23695
vt 0.43942 0.20134
vt 0.44143 0.21635
vt 0.44344 0.23137
vt 0.44545 0.24638
vt 0.43445 0.24797
vt 0.42344 0.24955
vt 0.41244 0.25114
vt 0.37484 0.27547
vt 0.38509 0.27293
vt 0.38873 0.28207
vt 0.37905 0.28421
vt 0.39534 0.2704
vt 0.39842 0.27992
vt 0.4015 0.28944
vt 0.39238 0.2912
vt 0.38326 0.29296
vt 0.40559 0.26787
vt 0.4081 0.27778
vt 0.41062 0.28768
vt 0.41314 0.29759
vt 0.40459 0.29896
vt 0.41566 0.3075
vt 0.40767 0.30849
vt 0.39603 0.30034
vt 0.38747 0.30171
vt 0.39968 0.30947
vt 0.39169 0.31046
vt 0.3511 0.22819
vt 0.36388 0.22328
vt 0.36918 0.23569
vt 0.35703 0.24001
vt 0.37667 0.21837
vt 0.38133 0.23138
vt 0.386 0.24439
vt 0.37448 0.24811
vt 0.36297 0.25183
vt 0.38945 0.21346
vt 0.39348 0.22706
vt 0.39752 0.24067
vt 0.40155 0.25427
vt 0.39067 0.25739
vt 0.37978 0.26052
vt 0.3689 0.26365
vt 0.40158 0.31474
vt 0.39434 0.31558
vt 0.40882 0.31389
vt 0.40997 0.3193
vt 0.40348 0.32001
vt 0.397 0.32071
vt 0.41606 0.31305
vt 0.41645 0.3186
vt 0.41685 0.32415
vt 0.41112 0.32471
vt 0.41724 0.3297
vt 0.41227 0.33012
vt 0.40539 0.32527
vt 0.39966 0.32584
vt 0.40729 0.33054
vt 0.40232 0.33097
vt 0.42689 0.42316
vt 0.42619 0.41589
vt 0.41994 0.4268
vt 0.41963 0.41897
vt 0.41932 0.41115
vt 0.4255 0.40863
vt 0.41298 0.43043
vt 0.41306 0.42205
vt 0.40603 0.43407
vt 0.4065 0.42513
vt 0.40698 0.4162
vt 0.41315 0.41368
vt 0.41323 0.4053
vt 0.41902 0.40333
vt 0.40745 0.40727
vt 0.40793 0.39834
vt 0.41332 0.39692
vt 0.41871 0.39551
vt 0.4248 0.40136
vt 0.4241 0.39409
vt 0.40489 0.46677
vt 0.41276 0.45993
vt 0.40527 0.45587
vt 0.41283 0.4501
vt 0.4204 0.44433
vt 0.42063 0.4531
vt 0.40565 0.44497
vt 0.41291 0.44026
vt 0.42017 0.43556
vt 0.42742 0.43086
vt 0.42796 0.43857
vt 0.42849 0.44627
vt 0.3902 0.48835
vt 0.39443 0.47329
vt 0.38597 0.50341
vt 0.37564 0.4998
vt 0.38 0.48436
vt 0.38435 0.46892
vt 0.38174 0.51847
vt 0.37129 0.51524
vt 0.36084 0.512
vt 0.36532 0.49618
vt 0.35039 0.50877
vt 0.35499 0.49257
vt 0.36979 0.48037
vt 0.37427 0.46455
vt 0.35959 0.47637
vt 0.36419 0.46018
vt 0.36786 0.45016
vt 0.37711 0.45431
vt 0.37153 0.44014
vt 0.37996 0.44407
vt 0.3884 0.448
vt 0.38637 0.45846
vt 0.3752 0.43012
vt 0.38281 0.43383
vt 0.37887 0.4201
vt 0.38566 0.42359
vt 0.39245 0.42708
vt 0.39042 0.43754
vt 0.39803 0.44125
vt 0.39683 0.45193
vt 0.39924 0.43057
vt 0.39563 0.46261
vt 0.32038 0.42122
vt 0.33133 0.43096
vt 0.32609 0.45008
vt 0.31492 0.44132
vt 0.34228 0.4407
vt 0.33726 0.45885
vt 0.33223 0.477
vt 0.32085 0.46921
vt 0.30947 0.46142
vt 0.35323 0.45044
vt 0.34842 0.46761
vt 0.34361 0.48478
vt 0.3388 0.50196
vt 0.32721 0.49515
vt 0.31561 0.48833
vt 0.30402 0.48152
vt 0.32941 0.41413
vt 0.33902 0.42313
vt 0.33844 0.40704
vt 0.34671 0.41531
vt 0.35498 0.42359
vt 0.34863 0.43214
vt 0.34747 0.39995
vt 0.3544 0.40749
vt 0.35651 0.39287
vt 0.3621 0.39967
vt 0.36769 0.40648
vt 0.36133 0.41503
vt 0.36826 0.42257
vt 0.36325 0.43186
vt 0.37328 0.41329
vt 0.35824 0.44115
vt 0.3817 0.41254
vt 0.3879 0.41569
vt 0.38453 0.40499
vt 0.39014 0.40779
vt 0.39575 0.4106
vt 0.3941 0.41884
vt 0.38736 0.39744
vt 0.39238 0.3999
vt 0.3902 0.38989
vt 0.39463 0.392
vt 0.39906 0.39411
vt 0.39741 0.40235
vt 0.40243 0.40481
vt 0.40136 0.4134
vt 0.40349 0.39622
vt 0.4003 0.42199
vt 0.36121 0.3878
vt 0.36633 0.39399
vt 0.36591 0.38274
vt 0.37057 0.3883
vt 0.37522 0.39387
vt 0.37145 0.40017
vt 0.37061 0.37768
vt 0.3748 0.38262
vt 0.37532 0.37262
vt 0.37904 0.37693
vt 0.38276 0.38125
vt 0.37899 0.38756
vt 0.38318 0.3925
vt 0.37988 0.39943
vt 0.38648 0.38557
vt 0.37658 0.40636
vt 0.24774 0.44913
vt 0.25738 0.45631
vt 0.23809 0.44195
vt 0.2453 0.42581
vt 0.25446 0.43196
vt 0.26362 0.43812
vt 0.22845 0.43477
vt 0.2188 0.42759
vt 0.22698 0.41351
vt 0.23614 0.41966
vt 0.24383 0.40455
vt 0.2525 0.40967
vt 0.23515 0.39943
vt 0.24333 0.38535
vt 0.25152 0.38944
vt 0.25971 0.39354
vt 0.26118 0.4148
vt 0.26986 0.41992
vt 0.2679 0.39763
vt 0.2761 0.40173
vt 0.20925 0.4371
vt 0.21706 0.42369
vt 0.20787 0.43253
vt 0.21532 0.41978
vt 0.22277 0.40703
vt 0.22487 0.41027
vt 0.20649 0.42795
vt 0.21358 0.41587
vt 0.20511 0.42338
vt 0.21184 0.41196
vt 0.21857 0.40055
vt 0.22067 0.40379
vt 0.22776 0.39171
vt 0.23023 0.39428
vt 0.2253 0.38914
vt 0.23204 0.37773
vt 0.23486 0.37963
vt 0.23768 0.38154
vt 0.23269 0.39686
vt 0.2405 0.38344
vt 0.30366 0.43597
vt 0.30931 0.41634
vt 0.29801 0.45559
vt 0.28655 0.44977
vt 0.29239 0.43062
vt 0.29824 0.41147
vt 0.29236 0.47522
vt 0.2807 0.46892
vt 0.26904 0.46261
vt 0.27508 0.44394
vt 0.28112 0.42527
vt 0.28717 0.4066
vt 0.32129 0.40285
vt 0.32983 0.39797
vt 0.3222 0.38448
vt 0.33024 0.38181
vt 0.33829 0.37914
vt 0.33837 0.39309
vt 0.32311 0.36611
vt 0.33066 0.36565
vt 0.32402 0.34774
vt 0.33108 0.34949
vt 0.33814 0.35125
vt 0.33822 0.36519
vt 0.34577 0.36474
vt 0.34634 0.37648
vt 0.3452 0.353
vt 0.35227 0.35476
vt 0.35333 0.36428
vt 0.35439 0.37381
vt 0.34691 0.38821
vt 0.35545 0.38334
vt 0.31073 0.3979
vt 0.30018 0.39296
vt 0.30213 0.37445
vt 0.31216 0.37946
vt 0.28963 0.38802
vt 0.27908 0.38308
vt 0.28206 0.36443
vt 0.29209 0.36944
vt 0.29456 0.35086
vt 0.30407 0.35594
vt 0.28504 0.34578
vt 0.28803 0.32714
vt 0.29702 0.33229
vt 0.30602 0.33744
vt 0.31359 0.36102
vt 0.31502 0.34259
vt 0.35645 0.35488
vt 0.35764 0.36311
vt 0.36063 0.355
vt 0.36195 0.36194
vt 0.36327 0.36887
vt 0.35883 0.37134
vt 0.36481 0.35512
vt 0.36626 0.36076
vt 0.369 0.35525
vt 0.37058 0.35959
vt 0.37216 0.36393
vt 0.36771 0.3664
vt 0.36916 0.37204
vt 0.36459 0.37581
vt 0.37374 0.36827
vt 0.36002 0.37957
vt 0.36618 0.32598
vt 0.37255 0.3221
vt 0.37623 0.32624
vt 0.37019 0.3298
vt 0.37893 0.31822
vt 0.38227 0.32269
vt 0.3856 0.32716
vt 0.3799 0.33039
vt 0.3742 0.33362
vt 0.38531 0.31434
vt 0.3883 0.31914
vt 0.3913 0.32394
vt 0.3943 0.32874
vt 0.38894 0.33164
vt 0.39729 0.33354
vt 0.39227 0.33611
vt 0.38357 0.33454
vt 0.37821 0.33744
vt 0.38725 0.33868
vt 0.38223 0.34126
vt 0.35574 0.34756
vt 0.35988 0.34861
vt 0.35922 0.34037
vt 0.36332 0.34234
vt 0.36742 0.34431
vt 0.36402 0.34965
vt 0.3627 0.33317
vt 0.36675 0.33607
vt 0.37081 0.33896
vt 0.37486 0.34186
vt 0.37151 0.34628
vt 0.37892 0.34475
vt 0.37561 0.34825
vt 0.36816 0.3507
vt 0.3723 0.35175
vt 0.33938 0.30009
vt 0.34824 0.29393
vt 0.35432 0.30097
vt 0.34608 0.30656
vt 0.35711 0.28778
vt 0.36256 0.29539
vt 0.36802 0.303
vt 0.3604 0.30801
vt 0.35278 0.31303
vt 0.36597 0.28162
vt 0.3708 0.2898
vt 0.37564 0.29798
vt 0.38047 0.30616
vt 0.37347 0.31061
vt 0.36647 0.31505
vt 0.35948 0.3195
vt 0.30763 0.26459
vt 0.31849 0.25549
vt 0.32593 0.2651
vt 0.31556 0.27346
vt 0.32936 0.24639
vt 0.3363 0.25673
vt 0.34323 0.26708
vt 0.33337 0.27471
vt 0.3235 0.28234
vt 0.34023 0.23729
vt 0.34666 0.24837
vt 0.3531 0.25945
vt 0.35953 0.27054
vt 0.35017 0.27743
vt 0.3408 0.28432
vt 0.33144 0.29121
vt 0.35591 0.32788
vt 0.35234 0.33625
vt 0.34546 0.33214
vt 0.34912 0.32258
vt 0.34877 0.34463
vt 0.3418 0.34169
vt 0.33483 0.33876
vt 0.33858 0.32802
vt 0.32786 0.33582
vt 0.3317 0.32391
vt 0.34233 0.31729
vt 0.33554 0.312
vt 0.31093 0.28817
vt 0.30273 0.28022
vt 0.31913 0.29611
vt 0.31476 0.30989
vt 0.30629 0.30287
vt 0.29783 0.29586
vt 0.32733 0.30405
vt 0.32323 0.3169
vt 0.31912 0.32974
vt 0.31039 0.32366
vt 0.30166 0.31758
vt 0.29293 0.3115
vt 0.24826 0.29519
vt 0.2582 0.30317
vt 0.25653 0.32474
vt 0.24702 0.31773
vt 0.26814 0.31116
vt 0.26603 0.33175
vt 0.26393 0.35235
vt 0.25486 0.34631
vt 0.24579 0.34027
vt 0.27808 0.31915
vt 0.27554 0.33877
vt 0.27299 0.35839
vt 0.27045 0.37801
vt 0.26182 0.37294
vt 0.25319 0.36787
vt 0.24456 0.36281
vt 0.27287 0.22629
vt 0.28156 0.23586
vt 0.27572 0.25269
vt 0.26671 0.24351
vt 0.29025 0.24544
vt 0.28472 0.26187
vt 0.27919 0.2783
vt 0.26988 0.26952
vt 0.26056 0.26074
vt 0.29894 0.25501
vt 0.29372 0.27104
vt 0.28851 0.28708
vt 0.2833 0.30311
vt 0.27367 0.29473
vt 0.26404 0.28634
vt 0.25441 0.27796
vt 0.24343 0.32059
vt 0.2444 0.29964
vt 0.24245 0.34154
vt 0.23911 0.34281
vt 0.23983 0.32345
vt 0.24055 0.30409
vt 0.24148 0.36249
vt 0.2384 0.36217
vt 0.23532 0.36186
vt 0.23577 0.34409
vt 0.23224 0.36154
vt 0.23244 0.34536
vt 0.23623 0.32631
vt 0.23669 0.30854
vt 0.23264 0.32918
vt 0.23284 0.313
vt 0.20499 0.41482
vt 0.21087 0.40474
vt 0.20488 0.40626
vt 0.20991 0.39752
vt 0.21494 0.38879
vt 0.21675 0.39467
vt 0.20476 0.3977
vt 0.20894 0.3903
vt 0.20465 0.38915
vt 0.20797 0.38308
vt 0.2113 0.37702
vt 0.21312 0.3829
vt 0.2173 0.3755
vt 0.21997 0.38005
vt 0.21463 0.37096
vt 0.21796 0.3649
vt 0.22148 0.3681
vt 0.225 0.37131
vt 0.22263 0.38459
vt 0.22852 0.37452
vt 0.22922 0.33183
vt 0.22945 0.31761
vt 0.22898 0.34606
vt 0.22553 0.34676
vt 0.2258 0.33449
vt 0.22607 0.32222
vt 0.22875 0.36029
vt 0.22526 0.35904
vt 0.22178 0.35778
vt 0.22208 0.34746
vt 0.21829 0.35653
vt 0.21863 0.34817
vt 0.22238 0.33714
vt 0.22268 0.32683
vt 0.21896 0.3398
vt 0.2193 0.33144
vt 0.18726 0.40803
vt 0.1833 0.38913
vt 0.18562 0.38385
vt 0.1889 0.39983
vt 0.17935 0.37023
vt 0.18233 0.36788
vt 0.18532 0.36552
vt 0.18793 0.37858
vt 0.19055 0.39164
vt 0.17539 0.35133
vt 0.17904 0.3519
vt 0.17576 0.33592
vt 0.18008 0.33941
vt 0.1827 0.35247
vt 0.18635 0.35303
vt 0.1883 0.36317
vt 0.1844 0.3429
vt 0.18873 0.34639
vt 0.19001 0.3536
vt 0.19129 0.36082
vt 0.19025 0.3733
vt 0.1922 0.38344
vt 0.19257 0.36803
vt 0.19385 0.37525
vt 0.20531 0.30425
vt 0.19792 0.31217
vt 0.20511 0.31095
vt 0.19885 0.31806
vt 0.19259 0.32518
vt 0.19053 0.32009
vt 0.20491 0.31764
vt 0.19978 0.32395
vt 0.20471 0.32434
vt 0.20071 0.32985
vt 0.19672 0.33536
vt 0.19465 0.33027
vt 0.18953 0.33658
vt 0.18634 0.33229
vt 0.19272 0.34087
vt 0.18314 0.328
vt 0.234 0.29387
vt 0.23667 0.28878
vt 0.23133 0.29896
vt 0.22212 0.29382
vt 0.2236 0.2881
vt 0.22508 0.28237
vt 0.22867 0.30405
vt 0.226 0.30914
vt 0.21917 0.30528
vt 0.22065 0.29955
vt 0.21262 0.29505
vt 0.21291 0.28869
vt 0.21234 0.30142
vt 0.2132 0.28233
vt 0.21349 0.27596
vt 0.21134 0.30759
vt 0.21738 0.31093
vt 0.21559 0.31658
vt 0.21035 0.31376
vt 0.22341 0.31427
vt 0.22083 0.3194
vt 0.21824 0.32453
vt 0.21379 0.32223
vt 0.21565 0.32966
vt 0.212 0.32789
vt 0.20935 0.31994
vt 0.20835 0.32611
vt 0.17172 0.22844
vt 0.18188 0.23424
vt 0.18506 0.21051
vt 0.1945 0.2163
vt 0.20395 0.2221
vt 0.19204 0.24003
vt 0.1984 0.19257
vt 0.20713 0.19837
vt 0.21175 0.17464
vt 0.21975 0.18044
vt 0.22776 0.18624
vt 0.21585 0.20417
vt 0.22458 0.20997
vt 0.21339 0.2279
vt 0.23577 0.19204
vt 0.24378 0.19785
vt 0.23331 0.21577
vt 0.22284 0.2337
vt 0.2022 0.24583
vt 0.21237 0.25163
vt 0.22288 0.25821
vt 0.23227 0.24046
vt 0.2417 0.24722
vt 0.23339 0.26479
vt 0.24166 0.22271
vt 0.25105 0.20496
vt 0.25832 0.21207
vt 0.25001 0.22964
vt 0.25836 0.23658
vt 0.25113 0.25398
vt 0.26559 0.21918
vt 0.2439 0.27138
vt 0.1793 0.15685
vt 0.18741 0.16129
vt 0.17377 0.18173
vt 0.16557 0.17811
vt 0.19552 0.16574
vt 0.18198 0.18534
vt 0.16845 0.20494
vt 0.16014 0.20216
vt 0.15184 0.19938
vt 0.20363 0.17019
vt 0.19019 0.18896
vt 0.17675 0.20772
vt 0.16331 0.22649
vt 0.15491 0.22454
vt 0.14651 0.2226
vt 0.13811 0.22065
vt 0.12967 0.21711
vt 0.12124 0.21358
vt 0.13571 0.19129
vt 0.14377 0.19534
vt 0.1128 0.21004
vt 0.10437 0.20651
vt 0.11958 0.1832
vt 0.12764 0.18725
vt 0.14248 0.16445
vt 0.15018 0.169
vt 0.13479 0.15989
vt 0.15 0.13659
vt 0.15732 0.14165
vt 0.16465 0.14672
vt 0.15787 0.17356
vt 0.17197 0.15178
vt 0.12701 0.15322
vt 0.1429 0.12947
vt 0.11112 0.17697
vt 0.10267 0.17075
vt 0.11924 0.14655
vt 0.13581 0.12235
vt 0.09524 0.20073
vt 0.08611 0.19494
vt 0.07698 0.18916
vt 0.09422 0.16452
vt 0.06785 0.18338
vt 0.08577 0.15829
vt 0.11147 0.13988
vt 0.12871 0.11523
vt 0.10369 0.1332
vt 0.12162 0.10812
vt 0.14481 0.09084
vt 0.15098 0.09832
vt 0.16801 0.07357
vt 0.17324 0.08141
vt 0.17848 0.08926
vt 0.15714 0.10581
vt 0.19121 0.05629
vt 0.19551 0.0645
vt 0.21441 0.03902
vt 0.21778 0.04759
vt 0.22115 0.05617
vt 0.19981 0.07272
vt 0.20411 0.08093
vt 0.18371 0.09711
vt 0.22452 0.06475
vt 0.22789 0.07333
vt 0.20841 0.08914
vt 0.18894 0.10496
vt 0.1633 0.11329
vt 0.16947 0.12077
vt 0.17592 0.12613
vt 0.19451 0.1106
vt 0.20009 0.11625
vt 0.18237 0.13148
vt 0.21311 0.09508
vt 0.23171 0.07955
vt 0.23553 0.08578
vt 0.21781 0.10101
vt 0.2225 0.10695
vt 0.20566 0.12189
vt 0.23935 0.092
vt 0.24317 0.09823
vt 0.2272 0.11288
vt 0.21123 0.12754
vt 0.18881 0.13684
vt 0.19526 0.14219
vt 0.2031 0.14643
vt 0.2188 0.13156
vt 0.22637 0.13559
vt 0.21094 0.15067
vt 0.23449 0.1167
vt 0.25019 0.10184
vt 0.25721 0.10545
vt 0.24179 0.12052
vt 0.24908 0.12434
vt 0.23393 0.13962
vt 0.26423 0.10906
vt 0.27126 0.11267
vt 0.25638 0.12816
vt 0.2415 0.14365
vt 0.21878 0.1549
vt 0.22662 0.15914
vt 0.29868 0.13652
vt 0.28495 0.15185
vt 0.27781 0.14593
vt 0.29182 0.13055
vt 0.27123 0.16718
vt 0.26379 0.1613
vt 0.25636 0.15542
vt 0.27066 0.14
vt 0.28497 0.12459
vt 0.2575 0.18251
vt 0.24978 0.17667
vt 0.24206 0.17083
vt 0.23434 0.16499
vt 0.24893 0.14953
vt 0.26352 0.13408
vt 0.27811 0.11863
vt 0.26434 0.19044
vt 0.27764 0.17593
vt 0.28406 0.18468
vt 0.27119 0.19837
vt 0.29094 0.16142
vt 0.30423 0.1469
vt 0.30979 0.15729
vt 0.29692 0.17098
vt 0.30291 0.18055
vt 0.29047 0.19343
vt 0.31535 0.16768
vt 0.32091 0.17807
vt 0.3089 0.19012
vt 0.29689 0.20218
vt 0.27803 0.2063
vt 0.28488 0.21423
vt 0.33239 0.22549
vt 0.34355 0.21566
vt 0.32124 0.23533
vt 0.31312 0.22428
vt 0.32456 0.2137
vt 0.336 0.20313
vt 0.31009 0.24517
vt 0.30168 0.23486
vt 0.29328 0.22454
vt 0.305 0.21323
vt 0.31673 0.20191
vt 0.32845 0.1906
vt 0.33626 0.16972
vt 0.34317 0.18311
vt 0.35162 0.16138
vt 0.35788 0.17562
vt 0.36414 0.18987
vt 0.35007 0.1965
vt 0.36697 0.15303
vt 0.37259 0.16814
vt 0.38233 0.14469
vt 0.3873 0.16065
vt 0.39228 0.17662
vt 0.37821 0.18325
vt 0.38383 0.19835
vt 0.3704 0.20412
vt 0.39726 0.19259
vt 0.35698 0.20989
vt 0.36177 0.14108
vt 0.37725 0.13221
vt 0.3463 0.14995
vt 0.34098 0.13852
vt 0.35658 0.12913
vt 0.37218 0.11974
vt 0.33082 0.15881
vt 0.32539 0.1479
vt 0.31995 0.13699
vt 0.33567 0.12709
vt 0.31451 0.12609
vt 0.33035 0.11566
vt 0.35138 0.11718
vt 0.3671 0.10727
vt 0.34619 0.10523
vt 0.36203 0.0948
vt 0.28698 0.10191
vt 0.29386 0.10795
vt 0.3027 0.09115
vt 0.30961 0.09728
vt 0.31652 0.1034
vt 0.30074 0.114
vt 0.31842 0.08039
vt 0.32536 0.0866
vt 0.33414 0.06964
vt 0.34111 0.07593
vt 0.34808 0.08222
vt 0.3323 0.09281
vt 0.33924 0.09902
vt 0.32344 0.10953
vt 0.35505 0.08851
vt 0.30763 0.12004
vt 0.30967 0.07893
vt 0.32482 0.06888
vt 0.29453 0.08897
vt 0.28636 0.08679
vt 0.30093 0.07746
vt 0.3155 0.06813
vt 0.27938 0.09901
vt 0.27178 0.09612
vt 0.26419 0.09322
vt 0.27819 0.08461
vt 0.25659 0.09033
vt 0.27002 0.08243
vt 0.29218 0.07599
vt 0.30618 0.06738
vt 0.28344 0.07453
vt 0.29687 0.06663
vt 0.24961 0.06435
vt 0.25135 0.07084
vt 0.27133 0.05538
vt 0.271 0.06214
vt 0.27067 0.0689
vt 0.2531 0.07734
vt 0.29305 0.0464
vt 0.29064 0.05343
vt 0.31477 0.03743
vt 0.31029 0.04473
vt 0.30582 0.05203
vt 0.28824 0.06046
vt 0.28584 0.06749
vt 0.27034 0.07566
vt 0.30134 0.05933
vt 0.25484 0.08383
vt 0.24345 0.03091
vt 0.24499 0.03927
vt 0.27249 0.0228
vt 0.2722 0.03094
vt 0.27191 0.03909
vt 0.24653 0.04763
vt 0.30153 0.01469
vt 0.29941 0.02262
vt 0.33058 0.00659
vt 0.32662 0.0143
vt 0.32267 0.02201
vt 0.29729 0.03055
vt 0.29517 0.03847
vt 0.27162 0.04723
vt 0.31872 0.02972
vt 0.24807 0.05599
vt 0.39993 0.02951
vt 0.38348 0.03954
vt 0.36518 0.04083
vt 0.37864 0.03149
vt 0.36703 0.04957
vt 0.35173 0.05018
vt 0.33642 0.0508
vt 0.34688 0.04213
vt 0.35735 0.03347
vt 0.35058 0.0596
vt 0.33827 0.05953
vt 0.32596 0.05946
vt 0.31365 0.05939
vt 0.32112 0.05141
vt 0.32859 0.04343
vt 0.33606 0.03545
vt 0.47496 0.01232
vt 0.43787 0.01281
vt 0.45762 0.00659
vt 0.44995 0.01805
vt 0.41813 0.01904
vt 0.38631 0.02003
vt 0.40079 0.01331
vt 0.41527 0.00659
vt 0.42494 0.02378
vt 0.39838 0.02526
vt 0.37183 0.02675
vt 0.34527 0.02823
vt 0.35449 0.02102
vt 0.36371 0.0138
vt 0.37292 0.00659
vt 0.42618 0.06224
vt 0.41014 0.07038
vt 0.40347 0.06267
vt 0.41961 0.05405
vt 0.3941 0.07852
vt 0.38733 0.07128
vt 0.38057 0.06404
vt 0.39681 0.05496
vt 0.41305 0.04587
vt 0.37806 0.08666
vt 0.37119 0.07989
vt 0.36432 0.07313
vt 0.35745 0.06637
vt 0.3738 0.05681
vt 0.39014 0.04725
vt 0.40649 0.03769
vt 0.44238 0.12147
vt 0.42736 0.12727
vt 0.42306 0.11305
vt 0.43833 0.10666
vt 0.41235 0.13308
vt 0.40779 0.11944
vt 0.40323 0.1058
vt 0.41875 0.09882
vt 0.43428 0.09185
vt 0.39734 0.13888
vt 0.39252 0.12582
vt 0.3877 0.11277
vt 0.38288 0.09971
vt 0.39866 0.09216
vt 0.41444 0.0846
vt 0.43023 0.07704
vt 0.40166 0.1557
vt 0.41602 0.15074
vt 0.41969 0.16841
vt 0.40598 0.17252
vt 0.43038 0.14579
vt 0.44474 0.14083
vt 0.4471 0.1602
vt 0.43339 0.16431
vt 0.43641 0.18282
vt 0.42336 0.18608
vt 0.44946 0.17957
vt 0.41031 0.18933
vt 0.46208 0.17791
vt 0.46031 0.15809
vt 0.47353 0.15597
vt 0.47471 0.17625
vt 0.45854 0.13827
vt 0.45677 0.11845
vt 0.47117 0.11543
vt 0.47235 0.1357
vt 0.48616 0.13313
vt 0.48675 0.15386
vt 0.48557 0.11241
vt 0.48734 0.17459
vt 0.44462 0.05955
vt 0.44766 0.07427
vt 0.46307 0.05686
vt 0.4651 0.0715
vt 0.46712 0.08614
vt 0.4507 0.089
vt 0.48152 0.05417
vt 0.48253 0.06873
vt 0.48354 0.08329
vt 0.48456 0.09785
vt 0.46915 0.10078
vt 0.45374 0.10372
vt 0.47988 0.04371
vt 0.45979 0.04716
vt 0.45651 0.03745
vt 0.47824 0.03324
vt 0.4397 0.0506
vt 0.43478 0.04166
vt 0.42986 0.03272
vt 0.45323 0.02775
vt 0.4766 0.02278
vt 0.21065 0.36027
vt 0.2119 0.35262
vt 0.20334 0.35564
vt 0.20551 0.3487
vt 0.20767 0.34176
vt 0.21315 0.34496
vt 0.19603 0.35101
vt 0.19911 0.34479
vt 0.20219 0.33856
vt 0.20527 0.33234
vt 0.20984 0.33482
vt 0.2144 0.33731
vt 0.19616 0.35794
vt 0.20232 0.36228
vt 0.20129 0.36892
vt 0.19629 0.36487
vt 0.20847 0.36662
vt 0.2063 0.37297
vt 0.20412 0.37932
vt 0.20027 0.37556
vt 0.20195 0.38567
vt 0.19925 0.3822
vt 0.19642 0.37179
vt 0.19655 0.37872
vt 0.19534 0.38701
vt 0.19848 0.39057
vt 0.19771 0.39895
vt 0.19413 0.39529
vt 0.20162 0.39414
vt 0.20129 0.4026
vt 0.20097 0.41107
vt 0.19695 0.40732
vt 0.20064 0.41954
vt 0.19618 0.4157
vt 0.19292 0.40358
vt 0.19172 0.41186
vt 0.45529 0.45773
vt 0.46185 0.45224
vt 0.46538 0.45591
vt 0.45952 0.46008
vt 0.4684 0.44675
vt 0.47123 0.45174
vt 0.47406 0.45672
vt 0.46891 0.45958
vt 0.47689 0.46171
vt 0.47244 0.46325
vt 0.46375 0.46243
vt 0.46799 0.46478
vt 0.20048 0.43534
vt 0.19172 0.43358
vt 0.19321 0.42762
vt 0.20054 0.43007
vt 0.18296 0.43183
vt 0.1742 0.43007
vt 0.17855 0.42272
vt 0.18588 0.42517
vt 0.1888 0.41852
vt 0.19469 0.42166
vt 0.1829 0.41537
vt 0.20059 0.42481
vt 0.17014 0.40462
vt 0.16608 0.37917
vt 0.1705 0.37619
vt 0.17453 0.39946
vt 0.16202 0.35373
vt 0.16648 0.35293
vt 0.17093 0.35213
vt 0.17492 0.37321
vt 0.17891 0.39429
vt 0.48192 0.47146
vt 0.47809 0.47394
vt 0.47621 0.47038
vt 0.48024 0.46821
vt 0.47427 0.47643
vt 0.47217 0.47255
vt 0.47008 0.46866
vt 0.47432 0.46681
vt 0.47856 0.46496
vt 0.49391 0.55209
vt 0.49428 0.54933
vt 0.49355 0.55485
vt 0.48713 0.55552
vt 0.48786 0.55285
vt 0.4886 0.55018
vt 0.49318 0.55761
vt 0.48639 0.55819
vt 0.4796 0.55876
vt 0.48071 0.55618
vt 0.47281 0.55933
vt 0.47429 0.55685
vt 0.48181 0.5536
vt 0.48292 0.55103
vt 0.47576 0.55436
vt 0.47724 0.55188
vt 0.47818 0.54798
vt 0.48363 0.54742
vt 0.47913 0.54409
vt 0.48434 0.54381
vt 0.48955 0.54354
vt 0.48907 0.54686
vt 0.48007 0.54019
vt 0.48504 0.54021
vt 0.48102 0.5363
vt 0.48575 0.5366
vt 0.49049 0.5369
vt 0.49002 0.54022
vt 0.49499 0.54024
vt 0.49476 0.54327
vt 0.49523 0.5372
vt 0.49452 0.5463
vt 0.47034 0.55326
vt 0.47222 0.55105
vt 0.46846 0.55548
vt 0.46264 0.55412
vt 0.46493 0.55217
vt 0.46721 0.55022
vt 0.46658 0.5577
vt 0.46036 0.55607
vt 0.45413 0.55443
vt 0.45682 0.55275
vt 0.4479 0.5528
vt 0.451 0.55139
vt 0.45951 0.55107
vt 0.4622 0.54939
vt 0.45409 0.54998
vt 0.45719 0.54857
vt 0.47196 0.54125
vt 0.47187 0.53799
vt 0.47205 0.54452
vt 0.46497 0.54495
vt 0.46385 0.54232
vt 0.46273 0.53969
vt 0.47213 0.54778
vt 0.46609 0.54759
vt 0.46004 0.54739
vt 0.45789 0.54539
vt 0.454 0.54719
vt 0.45081 0.54582
vt 0.45573 0.54338
vt 0.45358 0.54138
vt 0.44762 0.54445
vt 0.44444 0.54308
vt 0.47782 0.52383
vt 0.47635 0.52092
vt 0.48225 0.52139
vt 0.48335 0.52418
vt 0.47489 0.51802
vt 0.48116 0.51861
vt 0.48743 0.5192
vt 0.48816 0.52186
vt 0.48889 0.52453
vt 0.47342 0.51511
vt 0.48006 0.51582
vt 0.48669 0.51653
vt 0.49333 0.51724
vt 0.4937 0.51979
vt 0.49406 0.52233
vt 0.49443 0.52488
vt 0.49463 0.52796
vt 0.49483 0.53104
vt 0.48969 0.53071
vt 0.48929 0.52762
vt 0.49503 0.53412
vt 0.49009 0.53381
vt 0.48515 0.53349
vt 0.48455 0.53039
vt 0.48022 0.53318
vt 0.47942 0.53006
vt 0.48395 0.52728
vt 0.47862 0.52694
vt 0.4584 0.53218
vt 0.4555 0.53073
vt 0.46071 0.52828
vt 0.46325 0.53009
vt 0.4526 0.52929
vt 0.45817 0.52647
vt 0.46374 0.52365
vt 0.46592 0.52583
vt 0.46811 0.528
vt 0.4497 0.52784
vt 0.45563 0.52466
vt 0.46156 0.52148
vt 0.46749 0.51829
vt 0.46931 0.52083
vt 0.47114 0.52337
vt 0.47296 0.52591
vt 0.47269 0.52893
vt 0.47242 0.53195
vt 0.46542 0.53384
vt 0.46676 0.53092
vt 0.47214 0.53497
vt 0.46407 0.53676
vt 0.456 0.53856
vt 0.45842 0.53573
vt 0.44793 0.54035
vt 0.45142 0.53763
vt 0.46083 0.53291
vt 0.45491 0.5349
vt 0.44106 0.54415
vt 0.44467 0.54079
vt 0.43769 0.54522
vt 0.44141 0.54123
vt 0.44514 0.53725
vt 0.44828 0.53744
vt 0.43431 0.54629
vt 0.43816 0.54167
vt 0.442 0.53706
vt 0.44585 0.53245
vt 0.44887 0.53327
vt 0.45189 0.53408
vt 0.45083 0.54852
vt 0.44767 0.54985
vt 0.44434 0.5483
vt 0.44758 0.54706
vt 0.4445 0.55117
vt 0.44111 0.54954
vt 0.43771 0.54791
vt 0.44101 0.54676
vt 0.44432 0.5456
vt 0.43539 0.34715
vt 0.4369 0.34488
vt 0.43934 0.34881
vt 0.43759 0.35113
vt 0.43841 0.34262
vt 0.44109 0.3465
vt 0.44378 0.35038
vt 0.44178 0.35275
vt 0.43979 0.35512
vt 0.43992 0.34036
vt 0.44285 0.34418
vt 0.44577 0.34801
vt 0.44869 0.35183
vt 0.44646 0.35425
vt 0.45161 0.35565
vt 0.44914 0.35813
vt 0.44423 0.35668
vt 0.44199 0.3591
vt 0.44667 0.36061
vt 0.4442 0.36309
vt 0.44569 0.36635
vt 0.44126 0.36958
vt 0.44001 0.36601
vt 0.44719 0.36962
vt 0.44251 0.37315
vt 0.43784 0.37668
vt 0.43683 0.37281
vt 0.43583 0.36894
vt 0.44869 0.37289
vt 0.44376 0.37672
vt 0.43884 0.38055
vt 0.43391 0.38438
vt 0.43316 0.38021
vt 0.42899 0.38821
vt 0.42848 0.38374
vt 0.4324 0.37604
vt 0.43165 0.37187
vt 0.42797 0.37927
vt 0.42747 0.3748
vt 0.42352 0.38001
vt 0.42333 0.37532
vt 0.42371 0.38471
vt 0.41895 0.38568
vt 0.41907 0.38076
vt 0.41919 0.37585
vt 0.42391 0.3894
vt 0.41883 0.39059
vt 0.41375 0.39178
vt 0.41418 0.38665
vt 0.40867 0.39298
vt 0.40942 0.38762
vt 0.41461 0.38151
vt 0.41505 0.37637
vt 0.41016 0.38226
vt 0.41091 0.3769
vt 0.40665 0.38041
vt 0.40771 0.37514
vt 0.4056 0.38568
vt 0.40178 0.38375
vt 0.40314 0.37856
vt 0.40451 0.37338
vt 0.40455 0.39095
vt 0.40042 0.38893
vt 0.3963 0.3869
vt 0.39797 0.38181
vt 0.39217 0.38488
vt 0.39415 0.37988
vt 0.39964 0.37672
vt 0.40131 0.37162
vt 0.39613 0.37487
vt 0.39811 0.36987
vt 0.39348 0.37079
vt 0.39582 0.36587
vt 0.39115 0.37572
vt 0.38814 0.37156
vt 0.39084 0.36672
vt 0.39353 0.36188
vt 0.38881 0.38064
vt 0.38545 0.37641
vt 0.38209 0.37217
vt 0.38514 0.36741
vt 0.37873 0.36793
vt 0.38214 0.36325
vt 0.38819 0.36264
vt 0.39124 0.35788
vt 0.38555 0.35857
vt 0.38896 0.35389
vt 0.40634 0.34132
vt 0.40533 0.33873
vt 0.40936 0.33823
vt 0.41005 0.34079
vt 0.40433 0.33614
vt 0.40867 0.33567
vt 0.41301 0.3352
vt 0.41339 0.33773
vt 0.41376 0.34027
vt 0.40332 0.33355
vt 0.40798 0.33311
vt 0.41264 0.33266
vt 0.4173 0.33221
vt 0.41736 0.33472
vt 0.42196 0.33176
vt 0.4217 0.33425
vt 0.41741 0.33724
vt 0.41747 0.33975
vt 0.42144 0.33674
vt 0.42119 0.33923
vt 0.38727 0.35073
vt 0.39179 0.34773
vt 0.3933 0.35074
vt 0.38559 0.34757
vt 0.39027 0.34471
vt 0.39496 0.34186
vt 0.3963 0.34473
vt 0.39765 0.3476
vt 0.38391 0.34441
vt 0.38876 0.3417
vt 0.39361 0.33898
vt 0.39847 0.33627
vt 0.39964 0.339
vt 0.40082 0.34173
vt 0.40199 0.34446
vt 0.42531 0.33877
vt 0.42474 0.34121
vt 0.42588 0.33634
vt 0.43006 0.33844
vt 0.42917 0.34081
vt 0.42829 0.34319
vt 0.42645 0.33391
vt 0.43094 0.33606
vt 0.43543 0.33821
vt 0.43423 0.34053
vt 0.43303 0.34285
vt 0.43184 0.34517
vt 0.45605 0.36511
vt 0.4536 0.3677
vt 0.45211 0.36451
vt 0.45457 0.36196
vt 0.45114 0.37029
vt 0.44965 0.36707
vt 0.44816 0.36384
vt 0.45063 0.36132
vt 0.45309 0.3588
vt 0.38389 0.35511
vt 0.3805 0.3595
vt 0.37887 0.35575
vt 0.38223 0.35166
vt 0.37712 0.36389
vt 0.37551 0.35984
vt 0.37391 0.35579
vt 0.37724 0.352
vt 0.38057 0.34821
vt 0.41667 0.36111
vt 0.4178 0.35564
vt 0.4207 0.35647
vt 0.41935 0.36155
vt 0.41893 0.35017
vt 0.42204 0.35138
vt 0.42516 0.35259
vt 0.4236 0.3573
vt 0.42204 0.362
vt 0.42006 0.3447
vt 0.42339 0.34629
vt 0.42672 0.34789
vt 0.43006 0.34949
vt 0.42828 0.35381
vt 0.43339 0.35108
vt 0.4314 0.35502
vt 0.4265 0.35813
vt 0.42473 0.36245
vt 0.42941 0.35896
vt 0.42742 0.3629
vt 0.40625 0.35625
vt 0.40627 0.35251
vt 0.40915 0.35329
vt 0.40885 0.35746
vt 0.40629 0.34878
vt 0.40945 0.34913
vt 0.41261 0.34947
vt 0.41203 0.35407
vt 0.41146 0.35868
vt 0.40631 0.34505
vt 0.40975 0.34496
vt 0.41318 0.34487
vt 0.41662 0.34478
vt 0.41577 0.34982
vt 0.41491 0.35485
vt 0.41406 0.35989
vt 0.41523 0.36505
vt 0.41247 0.3637
vt 0.41379 0.369
vt 0.41088 0.36751
vt 0.40798 0.36603
vt 0.40972 0.36235
vt 0.41235 0.37295
vt 0.40929 0.37133
vt 0.40624 0.3697
vt 0.40319 0.36808
vt 0.40508 0.36454
vt 0.40014 0.36646
vt 0.40218 0.36306
vt 0.40696 0.361
vt 0.40421 0.35965
vt 0.42743 0.36587
vt 0.42438 0.36567
vt 0.42744 0.36885
vt 0.42403 0.36888
vt 0.42061 0.36892
vt 0.42133 0.36546
vt 0.42745 0.37182
vt 0.42368 0.3721
vt 0.4199 0.37238
vt 0.41612 0.37267
vt 0.4172 0.36896
vt 0.41828 0.36526
vt 0.40255 0.34826
vt 0.4031 0.35205
vt 0.39991 0.35533
vt 0.39878 0.35146
vt 0.40366 0.35585
vt 0.40104 0.35919
vt 0.39843 0.36253
vt 0.39672 0.3586
vt 0.39501 0.35467
vt 0.43109 0.36864
vt 0.43053 0.36541
vt 0.43362 0.36198
vt 0.43472 0.36546
vt 0.42997 0.36219
vt 0.43251 0.3585
vt 0.43505 0.35482
vt 0.4367 0.35855
vt 0.43836 0.36228
vt 0.56918 0.36846
vt 0.56555 0.36526
vt 0.5666 0.3618
vt 0.56967 0.36526
vt 0.56192 0.36207
vt 0.56353 0.35833
vt 0.56514 0.35459
vt 0.56764 0.35833
vt 0.57015 0.36207
vt 0.59765 0.34803
vt 0.60145 0.35127
vt 0.6003 0.35519
vt 0.59705 0.3519
vt 0.60525 0.35451
vt 0.60354 0.35849
vt 0.60182 0.36247
vt 0.59914 0.35912
vt 0.59646 0.35577
g ZBrush_defualt_group
f 372/1 1619/2 1623/3 1622/4
f 1619/2 407/5 1620/6 1623/3
f 1623/3 1620/6 411/7 1621/8
f 1622/4 1623/3 1621/8 410/9
f 407/5 1624/10 1627/11 1620/6
f 1624/10 361/12 1625/13 1627/11
f 1627/11 1625/13 408/14 1626/15
f 1620/6 1627/11 1626/15 411/7
f 411/7 1626/15 1631/16 1630/17
f 1626/15 408/14 1628/18 1631/16
f 1631/16 1628/18 360/19 1629/20
f 1630/17 1631/16 1629/20 409/21
f 410/9 1621/8 1634/22 1633/23
f 1621/8 411/7 1630/17 1634/22
f 1634/22 1630/17 409/21 1632/24
f 1633/23 1634/22 1632/24 371/25
f 375/26 1635/27 1639/28 1638/29
f 1635/27 412/30 1636/31 1639/28
f 1639/28 1636/31 415/32 1637/33
f 1638/29 1639/28 1637/33 414/34
f 412/30 1640/35 1643/36 1636/31
f 1640/35 376/37 1641/38 1643/36
f 1643/36 1641/38 413/39 1642/40
f 1636/31 1643/36 1642/40 415/32
f 415/32 1642/40 1646/41 1645/42
f 1642/40 413/39 1644/43 1646/41
f 1646/41 1644/43 372/1 1622/4
f 1645/42 1646/41 1622/4 410/9
f 414/34 1637/33 1648/44 1647/45
f 1637/33 415/32 1645/42 1648/44
f 1648/44 1645/42 410/9 1633/23
f 1647/45 1648/44 1633/23 371/25
f 371/25 1632/24 1652/46 1651/47
f 1632/24 409/21 1649/48 1652/46
f 1652/46 1649/48 419/49 1650/50
f 1651/47 1652/46 1650/50 418/51
f 409/21 1629/20 1655/52 1649/48
f 1629/20 360/19 1653/53 1655/52
f 1655/52 1653/53 416/54 1654/55
f 1649/48 1655/52 1654/55 419/49
f 419/49 1654/55 1659/56 1658/57
f 1654/55 416/54 1656/58 1659/56
f 1659/56 1656/58 357/59 1657/60
f 1658/57 1659/56 1657/60 417/61
f 418/51 1650/50 1662/62 1661/63
f 1650/50 419/49 1658/57 1662/62
f 1662/62 1658/57 417/61 1660/64
f 1661/63 1662/62 1660/64 368/65
f 368/65 1663/66 1666/67 1661/63
f 1663/66 420/68 1664/69 1666/67
f 1666/67 1664/69 422/70 1665/71
f 1661/63 1666/67 1665/71 418/51
f 420/68 1667/72 1670/73 1664/69
f 1667/72 370/74 1668/75 1670/73
f 1670/73 1668/75 421/76 1669/77
f 1664/69 1670/73 1669/77 422/70
f 422/70 1669/77 1673/78 1672/79
f 1669/77 421/76 1671/80 1673/78
f 1673/78 1671/80 375/26 1638/29
f 1672/79 1673/78 1638/29 414/34
f 418/51 1665/71 1674/81 1651/47
f 1665/71 422/70 1672/79 1674/81
f 1674/81 1672/79 414/34 1647/45
f 1651/47 1674/81 1647/45 371/25
f 360/82 1628/83 1678/84 1677/85
f 1628/83 408/86 1675/87 1678/84
f 1678/84 1675/87 426/88 1676/89
f 1677/85 1678/84 1676/89 425/90
f 408/86 1625/91 1681/92 1675/87
f 1625/91 361/93 1679/94 1681/92
f 1681/92 1679/94 423/95 1680/96
f 1675/87 1681/92 1680/96 426/88
f 426/88 1680/96 1685/97 1684/98
f 1680/96 423/95 1682/99 1685/97
f 1685/97 1682/99 254/100 1683/101
f 1684/98 1685/97 1683/101 424/102
f 425/90 1676/89 1688/103 1687/104
f 1676/89 426/88 1684/98 1688/103
f 1688/103 1684/98 424/102 1686/105
f 1687/104 1688/103 1686/105 359/106
f 357/59 1656/107 1692/108 1691/109
f 1656/107 416/110 1689/111 1692/108
f 1692/108 1689/111 429/112 1690/113
f 1691/109 1692/108 1690/113 428/114
f 416/110 1653/115 1694/116 1689/111
f 1653/115 360/82 1677/85 1694/116
f 1694/116 1677/85 425/90 1693/117
f 1689/111 1694/116 1693/117 429/112
f 429/112 1693/117 1697/118 1696/119
f 1693/117 425/90 1687/104 1697/118
f 1697/118 1687/104 359/106 1695/120
f 1696/119 1697/118 1695/120 427/121
f 428/114 1690/113 1700/122 1699/123
f 1690/113 429/112 1696/119 1700/122
f 1700/122 1696/119 427/121 1698/124
f 1699/123 1700/122 1698/124 356/125
f 359/106 1686/105 1704/126 1703/127
f 1686/105 424/102 1701/128 1704/126
f 1704/126 1701/128 433/129 1702/130
f 1703/127 1704/126 1702/130 432/131
f 424/102 1683/101 1707/132 1701/128
f 1683/101 254/100 1705/133 1707/132
f 1707/132 1705/133 430/134 1706/135
f 1701/128 1707/132 1706/135 433/129
f 433/129 1706/135 1711/136 1710/137
f 1706/135 430/134 1708/138 1711/136
f 1711/136 1708/138 242/139 1709/140
f 1710/137 1711/136 1709/140 431/141
f 432/131 1702/130 1714/142 1713/143
f 1702/130 433/129 1710/137 1714/142
f 1714/142 1710/137 431/141 1712/144
f 1713/143 1714/142 1712/144 251/145
f 356/125 1698/124 1718/146 1717/147
f 1698/124 427/121 1715/148 1718/146
f 1718/146 1715/148 436/149 1716/150
f 1717/147 1718/146 1716/150 435/151
f 427/121 1695/120 1720/152 1715/148
f 1695/120 359/106 1703/127 1720/152
f 1720/152 1703/127 432/131 1719/153
f 1715/148 1720/152 1719/153 436/149
f 436/149 1719/153 1723/154 1722/155
f 1719/153 432/131 1713/143 1723/154
f 1723/154 1713/143 251/145 1721/156
f 1722/155 1723/154 1721/156 434/157
f 435/151 1716/150 1726/158 1725/159
f 1716/150 436/149 1722/155 1726/158
f 1726/158 1722/155 434/157 1724/160
f 1725/159 1726/158 1724/160 241/161
f 251/145 1712/144 1730/162 1729/163
f 1712/144 431/141 1727/164 1730/162
f 1730/162 1727/164 440/165 1728/166
f 1729/163 1730/162 1728/166 439/167
f 431/141 1709/140 1733/168 1727/164
f 1709/140 242/139 1731/169 1733/168
f 1733/168 1731/169 437/170 1732/171
f 1727/164 1733/168 1732/171 440/165
f 440/165 1732/171 1737/172 1736/173
f 1732/171 437/170 1734/174 1737/172
f 1737/172 1734/174 252/175 1735/176
f 1736/173 1737/172 1735/176 438/177
f 439/167 1728/166 1740/178 1739/179
f 1728/166 440/165 1736/173 1740/178
f 1740/178 1736/173 438/177 1738/180
f 1739/179 1740/178 1738/180 250/181
f 241/161 1724/160 1744/182 1743/183
f 1724/160 434/157 1741/184 1744/182
f 1744/182 1741/184 443/185 1742/186
f 1743/183 1744/182 1742/186 442/187
f 434/157 1721/156 1746/188 1741/184
f 1721/156 251/145 1729/163 1746/188
f 1746/188 1729/163 439/167 1745/189
f 1741/184 1746/188 1745/189 443/185
f 443/185 1745/189 1749/190 1748/191
f 1745/189 439/167 1739/179 1749/190
f 1749/190 1739/179 250/181 1747/192
f 1748/191 1749/190 1747/192 441/193
f 442/187 1742/186 1752/194 1751/195
f 1742/186 443/185 1748/191 1752/194
f 1752/194 1748/191 441/193 1750/196
f 1751/195 1752/194 1750/196 249/197
f 240/198 1753/199 1757/200 1756/201
f 1753/199 444/202 1754/203 1757/200
f 1757/200 1754/203 446/204 1755/205
f 1756/201 1757/200 1755/205 445/206
f 444/202 1758/207 1760/208 1754/203
f 1758/207 356/125 1717/147 1760/208
f 1760/208 1717/147 435/151 1759/209
f 1754/203 1760/208 1759/209 446/204
f 446/204 1759/209 1762/210 1761/211
f 1759/209 435/151 1725/159 1762/210
f 1762/210 1725/159 241/161 1743/183
f 1761/211 1762/210 1743/183 442/187
f 445/206 1755/205 1764/212 1763/213
f 1755/205 446/204 1761/211 1764/212
f 1764/212 1761/211 442/187 1751/195
f 1763/213 1764/212 1751/195 249/197
f 353/214 1765/215 1769/216 1768/217
f 1765/215 447/218 1766/219 1769/216
f 1769/216 1766/219 449/220 1767/221
f 1768/217 1769/216 1767/221 448/222
f 447/218 1770/223 1772/224 1766/219
f 1770/223 357/59 1691/109 1772/224
f 1772/224 1691/109 428/114 1771/225
f 1766/219 1772/224 1771/225 449/220
f 449/220 1771/225 1774/226 1773/227
f 1771/225 428/114 1699/123 1774/226
f 1774/226 1699/123 356/125 1758/207
f 1773/227 1774/226 1758/207 444/202
f 448/222 1767/221 1776/228 1775/229
f 1767/221 449/220 1773/227 1776/228
f 1776/228 1773/227 444/202 1753/199
f 1775/229 1776/228 1753/199 240/198
f 367/230 1777/231 1781/232 1780/233
f 1777/231 450/234 1778/235 1781/232
f 1781/232 1778/235 452/236 1779/237
f 1780/233 1781/232 1779/237 451/238
f 450/234 1782/239 1784/240 1778/235
f 1782/239 368/65 1660/64 1784/240
f 1784/240 1660/64 417/61 1783/241
f 1778/235 1784/240 1783/241 452/236
f 452/236 1783/241 1786/242 1785/243
f 1783/241 417/61 1657/60 1786/242
f 1786/242 1657/60 357/59 1770/223
f 1785/243 1786/242 1770/223 447/218
f 451/238 1779/237 1788/244 1787/245
f 1779/237 452/236 1785/243 1788/244
f 1788/244 1785/243 447/218 1765/215
f 1787/245 1788/244 1765/215 353/214
f 367/230 1789/246 1792/247 1777/231
f 1789/246 453/248 1790/249 1792/247
f 1792/247 1790/249 455/250 1791/251
f 1777/231 1792/247 1791/251 450/234
f 453/248 1793/252 1796/253 1790/249
f 1793/252 369/254 1794/255 1796/253
f 1796/253 1794/255 454/256 1795/257
f 1790/249 1796/253 1795/257 455/250
f 455/250 1795/257 1799/258 1798/259
f 1795/257 454/256 1797/260 1799/258
f 1799/258 1797/260 370/74 1667/72
f 1798/259 1799/258 1667/72 420/68
f 450/234 1791/251 1800/261 1782/239
f 1791/251 455/250 1798/259 1800/261
f 1800/261 1798/259 420/68 1663/66
f 1782/239 1800/261 1663/66 368/65
f 369/254 1801/262 1804/263 1794/255
f 1801/262 456/264 1802/265 1804/263
f 1804/263 1802/265 458/266 1803/267
f 1794/255 1804/263 1803/267 454/256
f 456/264 1805/268 1808/269 1802/265
f 1805/268 373/270 1806/271 1808/269
f 1808/269 1806/271 457/272 1807/273
f 1802/265 1808/269 1807/273 458/266
f 458/266 1807/273 1811/274 1810/275
f 1807/273 457/272 1809/276 1811/274
f 1811/274 1809/276 375/26 1671/80
f 1810/275 1811/274 1671/80 421/76
f 454/256 1803/267 1812/277 1797/260
f 1803/267 458/266 1810/275 1812/277
f 1812/277 1810/275 421/76 1668/75
f 1797/260 1812/277 1668/75 370/74
f 374/278 1813/279 1817/280 1816/281
f 1813/279 459/282 1814/283 1817/280
f 1817/280 1814/283 461/284 1815/285
f 1816/281 1817/280 1815/285 460/286
f 459/282 1818/287 1820/288 1814/283
f 1818/287 376/37 1640/35 1820/288
f 1820/288 1640/35 412/30 1819/289
f 1814/283 1820/288 1819/289 461/284
f 461/284 1819/289 1822/290 1821/291
f 1819/289 412/30 1635/27 1822/290
f 1822/290 1635/27 375/26 1809/276
f 1821/291 1822/290 1809/276 457/272
f 460/286 1815/285 1824/292 1823/293
f 1815/285 461/284 1821/291 1824/292
f 1824/292 1821/291 457/272 1806/271
f 1823/293 1824/292 1806/271 373/270
f 373/270 1825/294 1828/295 1823/293
f 1825/294 462/296 1826/297 1828/295
f 1828/295 1826/297 465/298 1827/299
f 1823/293 1828/295 1827/299 460/286
f 462/296 1829/300 1832/301 1826/297
f 1829/300 365/302 1830/303 1832/301
f 1832/301 1830/303 463/304 1831/305
f 1826/297 1832/301 1831/305 465/298
f 465/298 1831/305 1836/306 1835/307
f 1831/305 463/304 1833/308 1836/306
f 1836/306 1833/308 366/309 1834/310
f 1835/307 1836/306 1834/310 464/311
f 460/286 1827/299 1838/312 1816/281
f 1827/299 465/298 1835/307 1838/312
f 1838/312 1835/307 464/311 1837/313
f 1816/281 1838/312 1837/313 374/278
f 373/270 1805/268 1841/314 1825/294
f 1805/268 456/264 1839/315 1841/314
f 1841/314 1839/315 468/316 1840/317
f 1825/294 1841/314 1840/317 462/296
f 456/264 1801/262 1844/318 1839/315
f 1801/262 369/254 1842/319 1844/318
f 1844/318 1842/319 466/320 1843/321
f 1839/315 1844/318 1843/321 468/316
f 468/316 1843/321 1848/322 1847/323
f 1843/321 466/320 1845/324 1848/322
f 1848/322 1845/324 362/325 1846/326
f 1847/323 1848/322 1846/326 467/327
f 462/296 1840/317 1850/328 1829/300
f 1840/317 468/316 1847/323 1850/328
f 1850/328 1847/323 467/327 1849/329
f 1829/300 1850/328 1849/329 365/302
f 369/254 1793/252 1853/330 1842/319
f 1793/252 453/248 1851/331 1853/330
f 1853/330 1851/331 471/332 1852/333
f 1842/319 1853/330 1852/333 466/320
f 453/248 1789/246 1856/334 1851/331
f 1789/246 367/230 1854/335 1856/334
f 1856/334 1854/335 469/336 1855/337
f 1851/331 1856/334 1855/337 471/332
f 471/332 1855/337 1860/338 1859/339
f 1855/337 469/336 1857/340 1860/338
f 1860/338 1857/340 340/341 1858/342
f 1859/339 1860/338 1858/342 470/343
f 466/320 1852/333 1862/344 1845/324
f 1852/333 471/332 1859/339 1862/344
f 1862/344 1859/339 470/343 1861/345
f 1845/324 1862/344 1861/345 362/325
f 367/230 1780/233 1865/346 1854/335
f 1780/233 451/238 1863/347 1865/346
f 1865/346 1863/347 474/348 1864/349
f 1854/335 1865/346 1864/349 469/336
f 451/238 1787/245 1868/350 1863/347
f 1787/245 353/214 1866/351 1868/350
f 1868/350 1866/351 472/352 1867/353
f 1863/347 1868/350 1867/353 474/348
f 474/348 1867/353 1872/354 1871/355
f 1867/353 472/352 1869/356 1872/354
f 1872/354 1869/356 355/357 1870/358
f 1871/355 1872/354 1870/358 473/359
f 469/336 1864/349 1874/360 1857/340
f 1864/349 474/348 1871/355 1874/360
f 1874/360 1871/355 473/359 1873/361
f 1857/340 1874/360 1873/361 340/341
f 240/198 1875/362 1878/363 1775/229
f 1875/362 475/364 1876/365 1878/363
f 1878/363 1876/365 477/366 1877/367
f 1775/229 1878/363 1877/367 448/222
f 475/364 1879/368 1882/369 1876/365
f 1879/368 354/370 1880/371 1882/369
f 1882/369 1880/371 476/372 1881/373
f 1876/365 1882/369 1881/373 477/366
f 477/366 1881/373 1885/374 1884/375
f 1881/373 476/372 1883/376 1885/374
f 1885/374 1883/376 355/357 1869/356
f 1884/375 1885/374 1869/356 472/352
f 448/222 1877/367 1886/377 1768/217
f 1877/367 477/366 1884/375 1886/377
f 1886/377 1884/375 472/352 1866/351
f 1768/217 1886/377 1866/351 353/214
f 240/198 1756/201 1889/378 1875/362
f 1756/201 445/206 1887/379 1889/378
f 1889/378 1887/379 480/380 1888/381
f 1875/362 1889/378 1888/381 475/364
f 445/206 1763/213 1892/382 1887/379
f 1763/213 249/197 1890/383 1892/382
f 1892/382 1890/383 478/384 1891/385
f 1887/379 1892/382 1891/385 480/380
f 480/380 1891/385 1896/386 1895/387
f 1891/385 478/384 1893/388 1896/386
f 1896/386 1893/388 244/389 1894/390
f 1895/387 1896/386 1894/390 479/391
f 475/364 1888/381 1898/392 1879/368
f 1888/381 480/380 1895/387 1898/392
f 1898/392 1895/387 479/391 1897/393
f 1879/368 1898/392 1897/393 354/370
f 249/197 1750/196 1901/394 1890/383
f 1750/196 441/193 1899/395 1901/394
f 1901/394 1899/395 483/396 1900/397
f 1890/383 1901/394 1900/397 478/384
f 441/193 1747/192 1904/398 1899/395
f 1747/192 250/181 1902/399 1904/398
f 1904/398 1902/399 481/400 1903/401
f 1899/395 1904/398 1903/401 483/396
f 483/396 1903/401 1908/402 1907/403
f 1903/401 481/400 1905/404 1908/402
f 1908/402 1905/404 245/405 1906/406
f 1907/403 1908/402 1906/406 482/407
f 478/384 1900/397 1910/408 1893/388
f 1900/397 483/396 1907/403 1910/408
f 1910/408 1907/403 482/407 1909/409
f 1893/388 1910/408 1909/409 244/389
f 250/181 1738/180 1913/410 1902/399
f 1738/180 438/177 1911/411 1913/410
f 1913/410 1911/411 486/412 1912/413
f 1902/399 1913/410 1912/413 481/400
f 438/177 1735/176 1916/414 1911/411
f 1735/176 252/175 1914/415 1916/414
f 1916/414 1914/415 484/416 1915/417
f 1911/411 1916/414 1915/417 486/412
f 486/412 1915/417 1920/418 1919/419
f 1915/417 484/416 1917/420 1920/418
f 1920/418 1917/420 253/421 1918/422
f 1919/419 1920/418 1918/422 485/423
f 481/400 1912/413 1922/424 1905/404
f 1912/413 486/412 1919/419 1922/424
f 1922/424 1919/419 485/423 1921/425
f 1905/404 1922/424 1921/425 245/405
f 245/405 1921/425 1926/426 1925/427
f 1921/425 485/423 1923/428 1926/426
f 1926/426 1923/428 490/429 1924/430
f 1925/427 1926/426 1924/430 489/431
f 485/423 1918/422 1929/432 1923/428
f 1918/422 253/421 1927/433 1929/432
f 1929/432 1927/433 487/434 1928/435
f 1923/428 1929/432 1928/435 490/429
f 490/429 1928/435 1933/436 1932/437
f 1928/435 487/434 1930/438 1933/436
f 1933/436 1930/438 248/439 1931/440
f 1932/437 1933/436 1931/440 488/441
f 489/431 1924/430 1936/442 1935/443
f 1924/430 490/429 1932/437 1936/442
f 1936/442 1932/437 488/441 1934/444
f 1935/443 1936/442 1934/444 246/445
f 245/405 1925/427 1939/446 1906/406
f 1925/427 489/431 1937/447 1939/446
f 1939/446 1937/447 493/448 1938/449
f 1906/406 1939/446 1938/449 482/407
f 489/431 1935/443 1942/450 1937/447
f 1935/443 246/445 1940/451 1942/450
f 1942/450 1940/451 491/452 1941/453
f 1937/447 1942/450 1941/453 493/448
f 493/448 1941/453 1946/454 1945/455
f 1941/453 491/452 1943/456 1946/454
f 1946/454 1943/456 243/457 1944/458
f 1945/455 1946/454 1944/458 492/459
f 482/407 1938/449 1948/460 1909/409
f 1938/449 493/448 1945/455 1948/460
f 1948/460 1945/455 492/459 1947/461
f 1909/409 1948/460 1947/461 244/389
f 244/389 1947/461 1951/462 1894/390
f 1947/461 492/459 1949/463 1951/462
f 1951/462 1949/463 496/464 1950/465
f 1894/390 1951/462 1950/465 479/391
f 492/459 1944/458 1954/466 1949/463
f 1944/458 243/457 1952/467 1954/466
f 1954/466 1952/467 494/468 1953/469
f 1949/463 1954/466 1953/469 496/464
f 496/464 1953/469 1958/470 1957/471
f 1953/469 494/468 1955/472 1958/470
f 1958/470 1955/472 358/473 1956/474
f 1957/471 1958/470 1956/474 495/475
f 479/391 1950/465 1960/476 1897/393
f 1950/465 496/464 1957/471 1960/476
f 1960/476 1957/471 495/475 1959/477
f 1897/393 1960/476 1959/477 354/370
f 355/357 1883/376 1964/478 1963/479
f 1883/376 476/372 1961/480 1964/478
f 1964/478 1961/480 499/481 1962/482
f 1963/479 1964/478 1962/482 498/483
f 476/372 1880/371 1966/484 1961/480
f 1880/371 354/370 1959/477 1966/484
f 1966/484 1959/477 495/475 1965/485
f 1961/480 1966/484 1965/485 499/481
f 499/481 1965/485 1969/486 1968/487
f 1965/485 495/475 1956/474 1969/486
f 1969/486 1956/474 358/473 1967/488
f 1968/487 1969/486 1967/488 497/489
f 498/483 1962/482 1972/490 1971/491
f 1962/482 499/481 1968/487 1972/490
f 1972/490 1968/487 497/489 1970/492
f 1971/491 1972/490 1970/492 339/493
f 340/341 1873/361 1976/494 1975/495
f 1873/361 473/359 1973/496 1976/494
f 1976/494 1973/496 502/497 1974/498
f 1975/495 1976/494 1974/498 501/499
f 473/359 1870/358 1978/500 1973/496
f 1870/358 355/357 1963/479 1978/500
f 1978/500 1963/479 498/483 1977/501
f 1973/496 1978/500 1977/501 502/497
f 502/497 1977/501 1981/502 1980/503
f 1977/501 498/483 1971/491 1981/502
f 1981/502 1971/491 339/493 1979/504
f 1980/503 1981/502 1979/504 500/505
f 501/499 1974/498 1984/506 1983/507
f 1974/498 502/497 1980/503 1984/506
f 1984/506 1980/503 500/505 1982/508
f 1983/507 1984/506 1982/508 341/509
f 340/341 1975/495 1987/510 1858/342
f 1975/495 501/499 1985/511 1987/510
f 1987/510 1985/511 505/512 1986/513
f 1858/342 1987/510 1986/513 470/343
f 501/499 1983/507 1990/514 1985/511
f 1983/507 341/509 1988/515 1990/514
f 1990/514 1988/515 503/516 1989/517
f 1985/511 1990/514 1989/517 505/512
f 505/512 1989/517 1994/518 1993/519
f 1989/517 503/516 1991/520 1994/518
f 1994/518 1991/520 352/521 1992/522
f 1993/519 1994/518 1992/522 504/523
f 470/343 1986/513 1996/524 1861/345
f 1986/513 505/512 1993/519 1996/524
f 1996/524 1993/519 504/523 1995/525
f 1861/345 1996/524 1995/525 362/325
f 365/302 1849/329 2000/526 1999/527
f 1849/329 467/327 1997/528 2000/526
f 2000/526 1997/528 508/529 1998/530
f 1999/527 2000/526 1998/530 507/531
f 467/327 1846/326 2002/532 1997/528
f 1846/326 362/325 1995/525 2002/532
f 2002/532 1995/525 504/523 2001/533
f 1997/528 2002/532 2001/533 508/529
f 508/529 2001/533 2005/534 2004/535
f 2001/533 504/523 1992/522 2005/534
f 2005/534 1992/522 352/521 2003/536
f 2004/535 2005/534 2003/536 506/537
f 507/531 1998/530 2008/538 2007/539
f 1998/530 508/529 2004/535 2008/538
f 2008/538 2004/535 506/537 2006/540
f 2007/539 2008/538 2006/540 363/541
f 366/309 1833/308 2012/542 2011/543
f 1833/308 463/304 2009/544 2012/542
f 2012/542 2009/544 511/545 2010/546
f 2011/543 2012/542 2010/546 510/547
f 463/304 1830/303 2014/548 2009/544
f 1830/303 365/302 1999/527 2014/548
f 2014/548 1999/527 507/531 2013/549
f 2009/544 2014/548 2013/549 511/545
f 511/545 2013/549 2017/550 2016/551
f 2013/549 507/531 2007/539 2017/550
f 2017/550 2007/539 363/541 2015/552
f 2016/551 2017/550 2015/552 509/553
f 510/547 2010/546 2020/554 2019/555
f 2010/546 511/545 2016/551 2020/554
f 2020/554 2016/551 509/553 2018/556
f 2019/555 2020/554 2018/556 364/557
f 363/541 2021/558 2024/559 2015/552
f 2021/558 512/560 2022/561 2024/559
f 2024/559 2022/561 515/562 2023/563
f 2015/552 2024/559 2023/563 509/553
f 512/560 2025/564 2028/565 2022/561
f 2025/564 350/566 2026/567 2028/565
f 2028/565 2026/567 513/568 2027/569
f 2022/561 2028/565 2027/569 515/562
f 515/562 2027/569 2032/570 2031/571
f 2027/569 513/568 2029/572 2032/570
f 2032/570 2029/572 351/573 2030/574
f 2031/571 2032/570 2030/574 514/575
f 509/553 2023/563 2034/576 2018/556
f 2023/563 515/562 2031/571 2034/576
f 2034/576 2031/571 514/575 2033/577
f 2018/556 2034/576 2033/577 364/557
f 350/566 2025/564 2038/578 2037/579
f 2025/564 512/560 2035/580 2038/578
f 2038/578 2035/580 518/581 2036/582
f 2037/579 2038/578 2036/582 517/583
f 512/560 2021/558 2040/584 2035/580
f 2021/558 363/541 2006/540 2040/584
f 2040/584 2006/540 506/537 2039/585
f 2035/580 2040/584 2039/585 518/581
f 518/581 2039/585 2043/586 2042/587
f 2039/585 506/537 2003/536 2043/586
f 2043/586 2003/536 352/521 2041/588
f 2042/587 2043/586 2041/588 516/589
f 517/583 2036/582 2046/590 2045/591
f 2036/582 518/581 2042/587 2046/590
f 2046/590 2042/587 516/589 2044/592
f 2045/591 2046/590 2044/592 347/593
f 345/594 2047/595 2051/596 2050/597
f 2047/595 519/598 2048/599 2051/596
f 2051/596 2048/599 521/600 2049/601
f 2050/597 2051/596 2049/601 520/602
f 519/598 2052/603 2054/604 2048/599
f 2052/603 347/593 2044/592 2054/604
f 2054/604 2044/592 516/589 2053/605
f 2048/599 2054/604 2053/605 521/600
f 521/600 2053/605 2056/606 2055/607
f 2053/605 516/589 2041/588 2056/606
f 2056/606 2041/588 352/521 1991/520
f 2055/607 2056/606 1991/520 503/516
f 520/602 2049/601 2058/608 2057/609
f 2049/601 521/600 2055/607 2058/608
f 2058/608 2055/607 503/516 1988/515
f 2057/609 2058/608 1988/515 341/509
f 341/509 1982/508 2061/610 2057/609
f 1982/508 500/505 2059/611 2061/610
f 2061/610 2059/611 524/612 2060/613
f 2057/609 2061/610 2060/613 520/602
f 500/505 1979/504 2064/614 2059/611
f 1979/504 339/493 2062/615 2064/614
f 2064/614 2062/615 522/616 2063/617
f 2059/611 2064/614 2063/617 524/612
f 524/612 2063/617 2068/618 2067/619
f 2063/617 522/616 2065/620 2068/618
f 2068/618 2065/620 344/621 2066/622
f 2067/619 2068/618 2066/622 523/623
f 520/602 2060/613 2070/624 2050/597
f 2060/613 524/612 2067/619 2070/624
f 2070/624 2067/619 523/623 2069/625
f 2050/597 2070/624 2069/625 345/594
f 358/473 2071/626 2074/627 1967/488
f 2071/626 525/628 2072/629 2074/627
f 2074/627 2072/629 527/630 2073/631
f 1967/488 2074/627 2073/631 497/489
f 525/628 2075/632 2078/633 2072/629
f 2075/632 235/634 2076/635 2078/633
f 2078/633 2076/635 526/636 2077/637
f 2072/629 2078/633 2077/637 527/630
f 527/630 2077/637 2081/638 2080/639
f 2077/637 526/636 2079/640 2081/638
f 2081/638 2079/640 344/621 2065/620
f 2080/639 2081/638 2065/620 522/616
f 497/489 2073/631 2082/641 1970/492
f 2073/631 527/630 2080/639 2082/641
f 2082/641 2080/639 522/616 2062/615
f 1970/492 2082/641 2062/615 339/493
f 243/457 2083/642 2086/643 1952/467
f 2083/642 528/644 2084/645 2086/643
f 2086/643 2084/645 530/646 2085/647
f 1952/467 2086/643 2085/647 494/468
f 528/644 2087/648 2090/649 2084/645
f 2087/648 236/650 2088/651 2090/649
f 2090/649 2088/651 529/652 2089/653
f 2084/645 2090/649 2089/653 530/646
f 530/646 2089/653 2093/654 2092/655
f 2089/653 529/652 2091/656 2093/654
f 2093/654 2091/656 235/634 2075/632
f 2092/655 2093/654 2075/632 525/628
f 494/468 2085/647 2094/657 1955/472
f 2085/647 530/646 2092/655 2094/657
f 2094/657 2092/655 525/628 2071/626
f 1955/472 2094/657 2071/626 358/473
f 236/650 2087/648 2098/658 2097/659
f 2087/648 528/644 2095/660 2098/658
f 2098/658 2095/660 533/661 2096/662
f 2097/659 2098/658 2096/662 532/663
f 528/644 2083/642 2100/664 2095/660
f 2083/642 243/457 1943/456 2100/664
f 2100/664 1943/456 491/452 2099/665
f 2095/660 2100/664 2099/665 533/661
f 533/661 2099/665 2103/666 2102/667
f 2099/665 491/452 1940/451 2103/666
f 2103/666 1940/451 246/445 2101/668
f 2102/667 2103/666 2101/668 531/669
f 532/663 2096/662 2106/670 2105/671
f 2096/662 533/661 2102/667 2106/670
f 2106/670 2102/667 531/669 2104/672
f 2105/671 2106/670 2104/672 239/673
f 248/439 2107/674 2110/675 1931/440
f 2107/674 534/676 2108/677 2110/675
f 2110/675 2108/677 536/678 2109/679
f 1931/440 2110/675 2109/679 488/441
f 534/676 2111/680 2114/681 2108/677
f 2111/680 247/682 2112/683 2114/681
f 2114/681 2112/683 535/684 2113/685
f 2108/677 2114/681 2113/685 536/678
f 536/678 2113/685 2117/686 2116/687
f 2113/685 535/684 2115/688 2117/686
f 2117/686 2115/688 239/673 2104/672
f 2116/687 2117/686 2104/672 531/669
f 488/441 2109/679 2118/689 1934/444
f 2109/679 536/678 2116/687 2118/689
f 2118/689 2116/687 531/669 2101/668
f 1934/444 2118/689 2101/668 246/445
f 247/682 2119/690 2122/691 2112/683
f 2119/690 537/692 2120/693 2122/691
f 2122/691 2120/693 540/694 2121/695
f 2112/683 2122/691 2121/695 535/684
f 537/692 2123/696 2126/697 2120/693
f 2123/696 238/698 2124/699 2126/697
f 2126/697 2124/699 538/700 2125/701
f 2120/693 2126/697 2125/701 540/694
f 540/694 2125/701 2130/702 2129/703
f 2125/701 538/700 2127/704 2130/702
f 2130/702 2127/704 237/705 2128/706
f 2129/703 2130/702 2128/706 539/707
f 535/684 2121/695 2132/708 2115/688
f 2121/695 540/694 2129/703 2132/708
f 2132/708 2129/703 539/707 2131/709
f 2115/688 2132/708 2131/709 239/673
f 239/673 2131/709 2135/710 2105/671
f 2131/709 539/707 2133/711 2135/710
f 2135/710 2133/711 543/712 2134/713
f 2105/671 2135/710 2134/713 532/663
f 539/707 2128/706 2138/714 2133/711
f 2128/706 237/705 2136/715 2138/714
f 2138/714 2136/715 541/716 2137/717
f 2133/711 2138/714 2137/717 543/712
f 543/712 2137/717 2142/718 2141/719
f 2137/717 541/716 2139/720 2142/718
f 2142/718 2139/720 233/721 2140/722
f 2141/719 2142/718 2140/722 542/723
f 532/663 2134/713 2144/724 2097/659
f 2134/713 543/712 2141/719 2144/724
f 2144/724 2141/719 542/723 2143/725
f 2097/659 2144/724 2143/725 236/650
f 234/726 2145/727 2149/728 2148/729
f 2145/727 544/730 2146/731 2149/728
f 2149/728 2146/731 546/732 2147/733
f 2148/729 2149/728 2147/733 545/734
f 544/730 2150/735 2152/736 2146/731
f 2150/735 235/634 2091/656 2152/736
f 2152/736 2091/656 529/652 2151/737
f 2146/731 2152/736 2151/737 546/732
f 546/732 2151/737 2154/738 2153/739
f 2151/737 529/652 2088/651 2154/738
f 2154/738 2088/651 236/650 2143/725
f 2153/739 2154/738 2143/725 542/723
f 545/734 2147/733 2156/740 2155/741
f 2147/733 546/732 2153/739 2156/740
f 2156/740 2153/739 542/723 2140/722
f 2155/741 2156/740 2140/722 233/721
f 342/742 2157/743 2161/744 2160/745
f 2157/743 547/746 2158/747 2161/744
f 2161/744 2158/747 549/748 2159/749
f 2160/745 2161/744 2159/749 548/750
f 547/746 2162/751 2164/752 2158/747
f 2162/751 344/621 2079/640 2164/752
f 2164/752 2079/640 526/636 2163/753
f 2158/747 2164/752 2163/753 549/748
f 549/748 2163/753 2166/754 2165/755
f 2163/753 526/636 2076/635 2166/754
f 2166/754 2076/635 235/634 2150/735
f 2165/755 2166/754 2150/735 544/730
f 548/750 2159/749 2168/756 2167/757
f 2159/749 549/748 2165/755 2168/756
f 2168/756 2165/755 544/730 2145/727
f 2167/757 2168/756 2145/727 234/726
f 343/758 2169/759 2173/760 2172/761
f 2169/759 550/762 2170/763 2173/760
f 2173/760 2170/763 552/764 2171/765
f 2172/761 2173/760 2171/765 551/766
f 550/762 2174/767 2176/768 2170/763
f 2174/767 345/594 2069/625 2176/768
f 2176/768 2069/625 523/623 2175/769
f 2170/763 2176/768 2175/769 552/764
f 552/764 2175/769 2178/770 2177/771
f 2175/769 523/623 2066/622 2178/770
f 2178/770 2066/622 344/621 2162/751
f 2177/771 2178/770 2162/751 547/746
f 551/766 2171/765 2180/772 2179/773
f 2171/765 552/764 2177/771 2180/772
f 2180/772 2177/771 547/746 2157/743
f 2179/773 2180/772 2157/743 342/742
f 346/774 2181/775 2185/776 2184/777
f 2181/775 553/778 2182/779 2185/776
f 2185/776 2182/779 555/780 2183/781
f 2184/777 2185/776 2183/781 554/782
f 553/778 2186/783 2188/784 2182/779
f 2186/783 347/593 2052/603 2188/784
f 2188/784 2052/603 519/598 2187/785
f 2182/779 2188/784 2187/785 555/780
f 555/780 2187/785 2190/786 2189/787
f 2187/785 519/598 2047/595 2190/786
f 2190/786 2047/595 345/594 2174/767
f 2189/787 2190/786 2174/767 550/762
f 554/782 2183/781 2192/788 2191/789
f 2183/781 555/780 2189/787 2192/788
f 2192/788 2189/787 550/762 2169/759
f 2191/789 2192/788 2169/759 343/758
f 347/593 2186/783 2195/790 2045/591
f 2186/783 553/778 2193/791 2195/790
f 2195/790 2193/791 558/792 2194/793
f 2045/591 2195/790 2194/793 517/583
f 553/778 2181/775 2198/794 2193/791
f 2181/775 346/774 2196/795 2198/794
f 2198/794 2196/795 556/796 2197/797
f 2193/791 2198/794 2197/797 558/792
f 558/792 2197/797 2202/798 2201/799
f 2197/797 556/796 2199/800 2202/798
f 2202/798 2199/800 348/801 2200/802
f 2201/799 2202/798 2200/802 557/803
f 517/583 2194/793 2204/804 2037/579
f 2194/793 558/792 2201/799 2204/804
f 2204/804 2201/799 557/803 2203/805
f 2037/579 2204/804 2203/805 350/566
f 351/573 2029/572 2208/806 2207/807
f 2029/572 513/568 2205/808 2208/806
f 2208/806 2205/808 561/809 2206/810
f 2207/807 2208/806 2206/810 560/811
f 513/568 2026/567 2210/812 2205/808
f 2026/567 350/566 2203/805 2210/812
f 2210/812 2203/805 557/803 2209/813
f 2205/808 2210/812 2209/813 561/809
f 561/809 2209/813 2213/814 2212/815
f 2209/813 557/803 2200/802 2213/814
f 2213/814 2200/802 348/801 2211/816
f 2212/815 2213/814 2211/816 559/817
f 560/811 2206/810 2216/818 2215/819
f 2206/810 561/809 2212/815 2216/818
f 2216/818 2212/815 559/817 2214/820
f 2215/819 2216/818 2214/820 349/821
f 315/822 2217/823 2221/824 2220/825
f 2217/823 562/826 2218/827 2221/824
f 2221/824 2218/827 565/828 2219/829
f 2220/825 2221/824 2219/829 564/830
f 562/826 2222/831 2224/832 2218/827
f 2222/831 349/821 2214/820 2224/832
f 2224/832 2214/820 559/817 2223/833
f 2218/827 2224/832 2223/833 565/828
f 565/828 2223/833 2227/834 2226/835
f 2223/833 559/817 2211/816 2227/834
f 2227/834 2211/816 348/801 2225/836
f 2226/835 2227/834 2225/836 563/837
f 564/830 2219/829 2230/838 2229/839
f 2219/829 565/828 2226/835 2230/838
f 2230/838 2226/835 563/837 2228/840
f 2229/839 2230/838 2228/840 314/841
f 314/841 2228/840 2234/842 2233/843
f 2228/840 563/837 2231/844 2234/842
f 2234/842 2231/844 568/845 2232/846
f 2233/843 2234/842 2232/846 567/847
f 563/837 2225/836 2236/848 2231/844
f 2225/836 348/801 2199/800 2236/848
f 2236/848 2199/800 556/796 2235/849
f 2231/844 2236/848 2235/849 568/845
f 568/845 2235/849 2239/850 2238/851
f 2235/849 556/796 2196/795 2239/850
f 2239/850 2196/795 346/774 2237/852
f 2238/851 2239/850 2237/852 566/853
f 567/847 2232/846 2242/854 2241/855
f 2232/846 568/845 2238/851 2242/854
f 2242/854 2238/851 566/853 2240/856
f 2241/855 2242/854 2240/856 313/857
f 309/858 2243/859 2247/860 2246/861
f 2243/859 569/862 2244/863 2247/860
f 2247/860 2244/863 571/864 2245/865
f 2246/861 2247/860 2245/865 570/866
f 569/862 2248/867 2250/868 2244/863
f 2248/867 313/857 2240/856 2250/868
f 2250/868 2240/856 566/853 2249/869
f 2244/863 2250/868 2249/869 571/864
f 571/864 2249/869 2252/870 2251/871
f 2249/869 566/853 2237/852 2252/870
f 2252/870 2237/852 346/774 2184/777
f 2251/871 2252/870 2184/777 554/782
f 570/866 2245/865 2254/872 2253/873
f 2245/865 571/864 2251/871 2254/872
f 2254/872 2251/871 554/782 2191/789
f 2253/873 2254/872 2191/789 343/758
f 309/858 2246/861 2258/874 2257/875
f 2246/861 570/866 2255/876 2258/874
f 2258/874 2255/876 574/877 2256/878
f 2257/875 2258/874 2256/878 573/879
f 570/866 2253/873 2260/880 2255/876
f 2253/873 343/758 2172/761 2260/880
f 2260/880 2172/761 551/766 2259/881
f 2255/876 2260/880 2259/881 574/877
f 574/877 2259/881 2263/882 2262/883
f 2259/881 551/766 2179/773 2263/882
f 2263/882 2179/773 342/742 2261/884
f 2262/883 2263/882 2261/884 572/885
f 573/879 2256/878 2266/886 2265/887
f 2256/878 574/877 2262/883 2266/886
f 2266/886 2262/883 572/885 2264/888
f 2265/887 2266/886 2264/888 232/889
f 232/889 2264/888 2270/890 2269/891
f 2264/888 572/885 2267/892 2270/890
f 2270/890 2267/892 577/893 2268/894
f 2269/891 2270/890 2268/894 576/895
f 572/885 2261/884 2272/896 2267/892
f 2261/884 342/742 2160/745 2272/896
f 2272/896 2160/745 548/750 2271/897
f 2267/892 2272/896 2271/897 577/893
f 577/893 2271/897 2275/898 2274/899
f 2271/897 548/750 2167/757 2275/898
f 2275/898 2167/757 234/726 2273/900
f 2274/899 2275/898 2273/900 575/901
f 576/895 2268/894 2278/902 2277/903
f 2268/894 577/893 2274/899 2278/902
f 2278/902 2274/899 575/901 2276/904
f 2277/903 2278/902 2276/904 231/905
f 233/721 2279/906 2282/907 2155/741
f 2279/906 578/908 2280/909 2282/907
f 2282/907 2280/909 580/910 2281/911
f 2155/741 2282/907 2281/911 545/734
f 578/908 2283/912 2286/913 2280/909
f 2283/912 228/914 2284/915 2286/913
f 2286/913 2284/915 579/916 2285/917
f 2280/909 2286/913 2285/917 580/910
f 580/910 2285/917 2289/918 2288/919
f 2285/917 579/916 2287/920 2289/918
f 2289/918 2287/920 231/905 2276/904
f 2288/919 2289/918 2276/904 575/901
f 545/734 2281/911 2290/921 2148/729
f 2281/911 580/910 2288/919 2290/921
f 2290/921 2288/919 575/901 2273/900
f 2148/729 2290/921 2273/900 234/726
f 228/914 2283/912 2294/922 2293/923
f 2283/912 578/908 2291/924 2294/922
f 2294/922 2291/924 583/925 2292/926
f 2293/923 2294/922 2292/926 582/927
f 578/908 2279/906 2296/928 2291/924
f 2279/906 233/721 2139/720 2296/928
f 2296/928 2139/720 541/716 2295/929
f 2291/924 2296/928 2295/929 583/925
f 583/925 2295/929 2299/930 2298/931
f 2295/929 541/716 2136/715 2299/930
f 2299/930 2136/715 237/705 2297/932
f 2298/931 2299/930 2297/932 581/933
f 582/927 2292/926 2302/934 2301/935
f 2292/926 583/925 2298/931 2302/934
f 2302/934 2298/931 581/933 2300/936
f 2301/935 2302/934 2300/936 229/937
f 238/698 2303/938 2306/939 2124/699
f 2303/938 584/940 2304/941 2306/939
f 2306/939 2304/941 586/942 2305/943
f 2124/699 2306/939 2305/943 538/700
f 584/940 2307/944 2310/945 2304/941
f 2307/944 230/946 2308/947 2310/945
f 2310/945 2308/947 585/948 2309/949
f 2304/941 2310/945 2309/949 586/942
f 586/942 2309/949 2313/950 2312/951
f 2309/949 585/948 2311/952 2313/950
f 2313/950 2311/952 229/937 2300/936
f 2312/951 2313/950 2300/936 581/933
f 538/700 2305/943 2314/953 2127/704
f 2305/943 586/942 2312/951 2314/953
f 2314/953 2312/951 581/933 2297/932
f 2127/704 2314/953 2297/932 237/705
f 217/954 2315/955 2319/956 2318/957
f 2315/955 587/958 2316/959 2319/956
f 2319/956 2316/959 590/960 2317/961
f 2318/957 2319/956 2317/961 589/962
f 587/958 2320/963 2322/964 2316/959
f 2320/963 229/937 2311/952 2322/964
f 2322/964 2311/952 585/948 2321/965
f 2316/959 2322/964 2321/965 590/960
f 590/960 2321/965 2325/966 2324/967
f 2321/965 585/948 2308/947 2325/966
f 2325/966 2308/947 230/946 2323/968
f 2324/967 2325/966 2323/968 588/969
f 589/962 2317/961 2328/970 2327/971
f 2317/961 590/960 2324/967 2328/970
f 2328/970 2324/967 588/969 2326/972
f 2327/971 2328/970 2326/972 225/973
f 229/937 2320/963 2331/974 2301/935
f 2320/963 587/958 2329/975 2331/974
f 2331/974 2329/975 593/976 2330/977
f 2301/935 2331/974 2330/977 582/927
f 587/958 2315/955 2334/978 2329/975
f 2315/955 217/954 2332/979 2334/978
f 2334/978 2332/979 591/980 2333/981
f 2329/975 2334/978 2333/981 593/976
f 593/976 2333/981 2338/982 2337/983
f 2333/981 591/980 2335/984 2338/982
f 2338/982 2335/984 226/985 2336/986
f 2337/983 2338/982 2336/986 592/987
f 582/927 2330/977 2340/988 2293/923
f 2330/977 593/976 2337/983 2340/988
f 2340/988 2337/983 592/987 2339/989
f 2293/923 2340/988 2339/989 228/914
f 226/985 2341/990 2344/991 2336/986
f 2341/990 594/992 2342/993 2344/991
f 2344/991 2342/993 596/994 2343/995
f 2336/986 2344/991 2343/995 592/987
f 594/992 2345/996 2348/997 2342/993
f 2345/996 227/998 2346/999 2348/997
f 2348/997 2346/999 595/1000 2347/1001
f 2342/993 2348/997 2347/1001 596/994
f 596/994 2347/1001 2351/1002 2350/1003
f 2347/1001 595/1000 2349/1004 2351/1002
f 2351/1002 2349/1004 231/905 2287/920
f 2350/1003 2351/1002 2287/920 579/916
f 592/987 2343/995 2352/1005 2339/989
f 2343/995 596/994 2350/1003 2352/1005
f 2352/1005 2350/1003 579/916 2284/915
f 2339/989 2352/1005 2284/915 228/914
f 227/998 2353/1006 2356/1007 2346/999
f 2353/1006 597/1008 2354/1009 2356/1007
f 2356/1007 2354/1009 599/1010 2355/1011
f 2346/999 2356/1007 2355/1011 595/1000
f 597/1008 2357/1012 2360/1013 2354/1009
f 2357/1012 107/1014 2358/1015 2360/1013
f 2360/1013 2358/1015 598/1016 2359/1017
f 2354/1009 2360/1013 2359/1017 599/1010
f 599/1010 2359/1017 2363/1018 2362/1019
f 2359/1017 598/1016 2361/1020 2363/1018
f 2363/1018 2361/1020 232/889 2269/891
f 2362/1019 2363/1018 2269/891 576/895
f 595/1000 2355/1011 2364/1021 2349/1004
f 2355/1011 599/1010 2362/1019 2364/1021
f 2364/1021 2362/1019 576/895 2277/903
f 2349/1004 2364/1021 2277/903 231/905
f 108/1022 2365/1023 2369/1024 2368/1025
f 2365/1023 600/1026 2366/1027 2369/1024
f 2369/1024 2366/1027 602/1028 2367/1029
f 2368/1025 2369/1024 2367/1029 601/1030
f 600/1026 2370/1031 2372/1032 2366/1027
f 2370/1031 309/858 2257/875 2372/1032
f 2372/1032 2257/875 573/879 2371/1033
f 2366/1027 2372/1032 2371/1033 602/1028
f 602/1028 2371/1033 2374/1034 2373/1035
f 2371/1033 573/879 2265/887 2374/1034
f 2374/1034 2265/887 232/889 2361/1020
f 2373/1035 2374/1034 2361/1020 598/1016
f 601/1030 2367/1029 2376/1036 2375/1037
f 2367/1029 602/1028 2373/1035 2376/1036
f 2376/1036 2373/1035 598/1016 2358/1015
f 2375/1037 2376/1036 2358/1015 107/1014
f 309/858 2377/1038 2380/1039 2243/859
f 2377/1038 603/1040 2378/1041 2380/1039
f 2380/1039 2378/1041 606/1042 2379/1043
f 2243/859 2380/1039 2379/1043 569/862
f 603/1040 2381/1044 2384/1045 2378/1041
f 2381/1044 308/1046 2382/1047 2384/1045
f 2384/1045 2382/1047 604/1048 2383/1049
f 2378/1041 2384/1045 2383/1049 606/1042
f 606/1042 2383/1049 2388/1050 2387/1051
f 2383/1049 604/1048 2385/1052 2388/1050
f 2388/1050 2385/1052 311/1053 2386/1054
f 2387/1051 2388/1050 2386/1054 605/1055
f 569/862 2379/1043 2390/1056 2248/867
f 2379/1043 606/1042 2387/1051 2390/1056
f 2390/1056 2387/1051 605/1055 2389/1057
f 2248/867 2390/1056 2389/1057 313/857
f 309/858 2370/1031 2393/1058 2377/1038
f 2370/1031 600/1026 2391/1059 2393/1058
f 2393/1058 2391/1059 609/1060 2392/1061
f 2377/1038 2393/1058 2392/1061 603/1040
f 600/1026 2365/1023 2396/1062 2391/1059
f 2365/1023 108/1022 2394/1063 2396/1062
f 2396/1062 2394/1063 607/1064 2395/1065
f 2391/1059 2396/1062 2395/1065 609/1060
f 609/1060 2395/1065 2400/1066 2399/1067
f 2395/1065 607/1064 2397/1068 2400/1066
f 2400/1066 2397/1068 306/1069 2398/1070
f 2399/1067 2400/1066 2398/1070 608/1071
f 603/1040 2392/1061 2402/1072 2381/1044
f 2392/1061 609/1060 2399/1067 2402/1072
f 2402/1072 2399/1067 608/1071 2401/1073
f 2381/1044 2402/1072 2401/1073 308/1046
f 312/1074 2403/1075 2407/1076 2406/1077
f 2403/1075 610/1078 2404/1079 2407/1076
f 2407/1076 2404/1079 612/1080 2405/1081
f 2406/1077 2407/1076 2405/1081 611/1082
f 610/1078 2408/1083 2410/1084 2404/1079
f 2408/1083 314/841 2233/843 2410/1084
f 2410/1084 2233/843 567/847 2409/1085
f 2404/1079 2410/1084 2409/1085 612/1080
f 612/1080 2409/1085 2412/1086 2411/1087
f 2409/1085 567/847 2241/855 2412/1086
f 2412/1086 2241/855 313/857 2389/1057
f 2411/1087 2412/1086 2389/1057 605/1055
f 611/1082 2405/1081 2414/1088 2413/1089
f 2405/1081 612/1080 2411/1087 2414/1088
f 2414/1088 2411/1087 605/1055 2386/1054
f 2413/1089 2414/1088 2386/1054 311/1053
f 319/1090 2415/1091 2419/1092 2418/1093
f 2415/1091 613/1094 2416/1095 2419/1092
f 2419/1092 2416/1095 615/1096 2417/1097
f 2418/1093 2419/1092 2417/1097 614/1098
f 613/1094 2420/1099 2422/1100 2416/1095
f 2420/1099 315/822 2220/825 2422/1100
f 2422/1100 2220/825 564/830 2421/1101
f 2416/1095 2422/1100 2421/1101 615/1096
f 615/1096 2421/1101 2424/1102 2423/1103
f 2421/1101 564/830 2229/839 2424/1102
f 2424/1102 2229/839 314/841 2408/1083
f 2423/1103 2424/1102 2408/1083 610/1078
f 614/1098 2417/1097 2426/1104 2425/1105
f 2417/1097 615/1096 2423/1103 2426/1104
f 2426/1104 2423/1103 610/1078 2403/1075
f 2425/1105 2426/1104 2403/1075 312/1074
f 312/1074 2427/1106 2430/1107 2425/1105
f 2427/1106 616/1108 2428/1109 2430/1107
f 2430/1107 2428/1109 619/1110 2429/1111
f 2425/1105 2430/1107 2429/1111 614/1098
f 616/1108 2431/1112 2434/1113 2428/1109
f 2431/1112 316/1114 2432/1115 2434/1113
f 2434/1113 2432/1115 617/1116 2433/1117
f 2428/1109 2434/1113 2433/1117 619/1110
f 619/1110 2433/1117 2438/1118 2437/1119
f 2433/1117 617/1116 2435/1120 2438/1118
f 2438/1118 2435/1120 318/1121 2436/1122
f 2437/1119 2438/1118 2436/1122 618/1123
f 614/1098 2429/1111 2440/1124 2418/1093
f 2429/1111 619/1110 2437/1119 2440/1124
f 2440/1124 2437/1119 618/1123 2439/1125
f 2418/1093 2440/1124 2439/1125 319/1090
f 316/1114 2431/1112 2444/1126 2443/1127
f 2431/1112 616/1108 2441/1128 2444/1126
f 2444/1126 2441/1128 622/1129 2442/1130
f 2443/1127 2444/1126 2442/1130 621/1131
f 616/1108 2427/1106 2446/1132 2441/1128
f 2427/1106 312/1074 2406/1077 2446/1132
f 2446/1132 2406/1077 611/1082 2445/1133
f 2441/1128 2446/1132 2445/1133 622/1129
f 622/1129 2445/1133 2449/1134 2448/1135
f 2445/1133 611/1082 2413/1089 2449/1134
f 2449/1134 2413/1089 311/1053 2447/1136
f 2448/1135 2449/1134 2447/1136 620/1137
f 621/1131 2442/1130 2452/1138 2451/1139
f 2442/1130 622/1129 2448/1135 2452/1138
f 2452/1138 2448/1135 620/1137 2450/1140
f 2451/1139 2452/1138 2450/1140 310/1141
f 310/1141 2450/1140 2456/1142 2455/1143
f 2450/1140 620/1137 2453/1144 2456/1142
f 2456/1142 2453/1144 625/1145 2454/1146
f 2455/1143 2456/1142 2454/1146 624/1147
f 620/1137 2447/1136 2458/1148 2453/1144
f 2447/1136 311/1053 2385/1052 2458/1148
f 2458/1148 2385/1052 604/1048 2457/1149
f 2453/1144 2458/1148 2457/1149 625/1145
f 625/1145 2457/1149 2461/1150 2460/1151
f 2457/1149 604/1048 2382/1047 2461/1150
f 2461/1150 2382/1047 308/1046 2459/1152
f 2460/1151 2461/1150 2459/1152 623/1153
f 624/1147 2454/1146 2464/1154 2463/1155
f 2454/1146 625/1145 2460/1151 2464/1154
f 2464/1154 2460/1151 623/1153 2462/1156
f 2463/1155 2464/1154 2462/1156 307/1157
f 307/1157 2462/1156 2468/1158 2467/1159
f 2462/1156 623/1153 2465/1160 2468/1158
f 2468/1158 2465/1160 628/1161 2466/1162
f 2467/1159 2468/1158 2466/1162 627/1163
f 623/1153 2459/1152 2470/1164 2465/1160
f 2459/1152 308/1046 2401/1073 2470/1164
f 2470/1164 2401/1073 608/1071 2469/1165
f 2465/1160 2470/1164 2469/1165 628/1161
f 628/1161 2469/1165 2473/1166 2472/1167
f 2469/1165 608/1071 2398/1070 2473/1166
f 2473/1166 2398/1070 306/1069 2471/1168
f 2472/1167 2473/1166 2471/1168 626/1169
f 627/1163 2466/1162 2476/1170 2475/1171
f 2466/1162 628/1161 2472/1167 2476/1170
f 2476/1170 2472/1167 626/1169 2474/1172
f 2475/1171 2476/1170 2474/1172 94/1173
f 94/1173 2474/1172 2480/1174 2479/1175
f 2474/1172 626/1169 2477/1176 2480/1174
f 2480/1174 2477/1176 632/1177 2478/1178
f 2479/1175 2480/1174 2478/1178 631/1179
f 626/1169 2471/1168 2483/1180 2477/1176
f 2471/1168 306/1069 2481/1181 2483/1180
f 2483/1180 2481/1181 629/1182 2482/1183
f 2477/1176 2483/1180 2482/1183 632/1177
f 632/1177 2482/1183 2487/1184 2486/1185
f 2482/1183 629/1182 2484/1186 2487/1184
f 2487/1184 2484/1186 305/1187 2485/1188
f 2486/1185 2487/1184 2485/1188 630/1189
f 631/1179 2478/1178 2490/1190 2489/1191
f 2478/1178 632/1177 2486/1185 2490/1190
f 2490/1190 2486/1185 630/1189 2488/1192
f 2489/1191 2490/1190 2488/1192 93/1193
f 108/1022 2368/1025 2494/1194 2493/1195
f 2368/1025 601/1030 2491/1196 2494/1194
f 2494/1194 2491/1196 636/1197 2492/1198
f 2493/1195 2494/1194 2492/1198 635/1199
f 601/1030 2375/1037 2497/1200 2491/1196
f 2375/1037 107/1014 2495/1201 2497/1200
f 2497/1200 2495/1201 633/1202 2496/1203
f 2491/1196 2497/1200 2496/1203 636/1197
f 636/1197 2496/1203 2501/1204 2500/1205
f 2496/1203 633/1202 2498/1206 2501/1204
f 2501/1204 2498/1206 91/1207 2499/1208
f 2500/1205 2501/1204 2499/1208 634/1209
f 635/1199 2492/1198 2504/1210 2503/1211
f 2492/1198 636/1197 2500/1205 2504/1210
f 2504/1210 2500/1205 634/1209 2502/1212
f 2503/1211 2504/1210 2502/1212 103/1213
f 107/1014 2357/1012 2507/1214 2495/1201
f 2357/1012 597/1008 2505/1215 2507/1214
f 2507/1214 2505/1215 639/1216 2506/1217
f 2495/1201 2507/1214 2506/1217 633/1202
f 597/1008 2353/1006 2510/1218 2505/1215
f 2353/1006 227/998 2508/1219 2510/1218
f 2510/1218 2508/1219 637/1220 2509/1221
f 2505/1215 2510/1218 2509/1221 639/1216
f 639/1216 2509/1221 2514/1222 2513/1223
f 2509/1221 637/1220 2511/1224 2514/1222
f 2514/1222 2511/1224 89/1225 2512/1226
f 2513/1223 2514/1222 2512/1226 638/1227
f 633/1202 2506/1217 2516/1228 2498/1206
f 2506/1217 639/1216 2513/1223 2516/1228
f 2516/1228 2513/1223 638/1227 2515/1229
f 2498/1206 2516/1228 2515/1229 91/1207
f 226/985 2517/1230 2520/1231 2341/990
f 2517/1230 640/1232 2518/1233 2520/1231
f 2520/1231 2518/1233 642/1234 2519/1235
f 2341/990 2520/1231 2519/1235 594/992
f 640/1232 2521/1236 2524/1237 2518/1233
f 2521/1236 76/1238 2522/1239 2524/1237
f 2524/1237 2522/1239 641/1240 2523/1241
f 2518/1233 2524/1237 2523/1241 642/1234
f 642/1234 2523/1241 2527/1242 2526/1243
f 2523/1241 641/1240 2525/1244 2527/1242
f 2527/1242 2525/1244 89/1225 2511/1224
f 2526/1243 2527/1242 2511/1224 637/1220
f 594/992 2519/1235 2528/1245 2345/996
f 2519/1235 642/1234 2526/1243 2528/1245
f 2528/1245 2526/1243 637/1220 2508/1219
f 2345/996 2528/1245 2508/1219 227/998
f 217/954 2529/1246 2532/1247 2332/979
f 2529/1246 643/1248 2530/1249 2532/1247
f 2532/1247 2530/1249 645/1250 2531/1251
f 2332/979 2532/1247 2531/1251 591/980
f 643/1248 2533/1252 2536/1253 2530/1249
f 2533/1252 216/1254 2534/1255 2536/1253
f 2536/1253 2534/1255 644/1256 2535/1257
f 2530/1249 2536/1253 2535/1257 645/1250
f 645/1250 2535/1257 2539/1258 2538/1259
f 2535/1257 644/1256 2537/1260 2539/1258
f 2539/1258 2537/1260 76/1238 2521/1236
f 2538/1259 2539/1258 2521/1236 640/1232
f 591/980 2531/1251 2540/1261 2335/984
f 2531/1251 645/1250 2538/1259 2540/1261
f 2540/1261 2538/1259 640/1232 2517/1230
f 2335/984 2540/1261 2517/1230 226/985
f 217/954 2318/957 2544/1262 2543/1263
f 2318/957 589/962 2541/1264 2544/1262
f 2544/1262 2541/1264 649/1265 2542/1266
f 2543/1263 2544/1262 2542/1266 648/1267
f 589/962 2327/971 2547/1268 2541/1264
f 2327/971 225/973 2545/1269 2547/1268
f 2547/1268 2545/1269 646/1270 2546/1271
f 2541/1264 2547/1268 2546/1271 649/1265
f 649/1265 2546/1271 2551/1272 2550/1273
f 2546/1271 646/1270 2548/1274 2551/1272
f 2551/1272 2548/1274 224/1275 2549/1276
f 2550/1273 2551/1272 2549/1276 647/1277
f 648/1267 2542/1266 2554/1278 2553/1279
f 2542/1266 649/1265 2550/1273 2554/1278
f 2554/1278 2550/1273 647/1277 2552/1280
f 2553/1279 2554/1278 2552/1280 223/1281
f 217/954 2543/1263 2558/1282 2557/1283
f 2543/1263 648/1267 2555/1284 2558/1282
f 2558/1282 2555/1284 653/1285 2556/1286
f 2557/1283 2558/1282 2556/1286 652/1287
f 648/1267 2553/1279 2561/1288 2555/1284
f 2553/1279 223/1281 2559/1289 2561/1288
f 2561/1288 2559/1289 650/1290 2560/1291
f 2555/1284 2561/1288 2560/1291 653/1285
f 653/1285 2560/1291 2565/1292 2564/1293
f 2560/1291 650/1290 2562/1294 2565/1292
f 2565/1292 2562/1294 222/1295 2563/1296
f 2564/1293 2565/1292 2563/1296 651/1297
f 652/1287 2556/1286 2568/1298 2567/1299
f 2556/1286 653/1285 2564/1293 2568/1298
f 2568/1298 2564/1293 651/1297 2566/1300
f 2567/1299 2568/1298 2566/1300 221/1301
f 217/954 2557/1283 2571/1302 2529/1246
f 2557/1283 652/1287 2569/1303 2571/1302
f 2571/1302 2569/1303 656/1304 2570/1305
f 2529/1246 2571/1302 2570/1305 643/1248
f 652/1287 2567/1299 2574/1306 2569/1303
f 2567/1299 221/1301 2572/1307 2574/1306
f 2574/1306 2572/1307 654/1308 2573/1309
f 2569/1303 2574/1306 2573/1309 656/1304
f 656/1304 2573/1309 2578/1310 2577/1311
f 2573/1309 654/1308 2575/1312 2578/1310
f 2578/1310 2575/1312 215/1313 2576/1314
f 2577/1311 2578/1310 2576/1314 655/1315
f 643/1248 2570/1305 2580/1316 2533/1252
f 2570/1305 656/1304 2577/1311 2580/1316
f 2580/1316 2577/1311 655/1315 2579/1317
f 2533/1252 2580/1316 2579/1317 216/1254
f 223/1281 2552/1280 2583/1318 2559/1289
f 2552/1280 647/1277 2581/1319 2583/1318
f 2583/1318 2581/1319 659/1320 2582/1321
f 2559/1289 2583/1318 2582/1321 650/1290
f 647/1277 2549/1276 2586/1322 2581/1319
f 2549/1276 224/1275 2584/1323 2586/1322
f 2586/1322 2584/1323 657/1324 2585/1325
f 2581/1319 2586/1322 2585/1325 659/1320
f 659/1320 2585/1325 2590/1326 2589/1327
f 2585/1325 657/1324 2587/1328 2590/1326
f 2590/1326 2587/1328 214/1329 2588/1330
f 2589/1327 2590/1326 2588/1330 658/1331
f 650/1290 2582/1321 2592/1332 2562/1294
f 2582/1321 659/1320 2589/1327 2592/1332
f 2592/1332 2589/1327 658/1331 2591/1333
f 2562/1294 2592/1332 2591/1333 222/1295
f 214/1329 2593/1334 2596/1335 2588/1330
f 2593/1334 660/1336 2594/1337 2596/1335
f 2596/1335 2594/1337 663/1338 2595/1339
f 2588/1330 2596/1335 2595/1339 658/1331
f 660/1336 2597/1340 2600/1341 2594/1337
f 2597/1340 213/1342 2598/1343 2600/1341
f 2600/1341 2598/1343 661/1344 2599/1345
f 2594/1337 2600/1341 2599/1345 663/1338
f 663/1338 2599/1345 2604/1346 2603/1347
f 2599/1345 661/1344 2601/1348 2604/1346
f 2604/1346 2601/1348 204/1349 2602/1350
f 2603/1347 2604/1346 2602/1350 662/1351
f 658/1331 2595/1339 2606/1352 2591/1333
f 2595/1339 663/1338 2603/1347 2606/1352
f 2606/1352 2603/1347 662/1351 2605/1353
f 2591/1333 2606/1352 2605/1353 222/1295
f 221/1301 2566/1300 2610/1354 2609/1355
f 2566/1300 651/1297 2607/1356 2610/1354
f 2610/1354 2607/1356 666/1357 2608/1358
f 2609/1355 2610/1354 2608/1358 665/1359
f 651/1297 2563/1296 2612/1360 2607/1356
f 2563/1296 222/1295 2605/1353 2612/1360
f 2612/1360 2605/1353 662/1351 2611/1361
f 2607/1356 2612/1360 2611/1361 666/1357
f 666/1357 2611/1361 2615/1362 2614/1363
f 2611/1361 662/1351 2602/1350 2615/1362
f 2615/1362 2602/1350 204/1349 2613/1364
f 2614/1363 2615/1362 2613/1364 664/1365
f 665/1359 2608/1358 2618/1366 2617/1367
f 2608/1358 666/1357 2614/1363 2618/1366
f 2618/1366 2614/1363 664/1365 2616/1368
f 2617/1367 2618/1366 2616/1368 220/1369
f 204/1349 2601/1348 2622/1370 2621/1371
f 2601/1348 661/1344 2619/1372 2622/1370
f 2622/1370 2619/1372 670/1373 2620/1374
f 2621/1371 2622/1370 2620/1374 669/1375
f 661/1344 2598/1343 2625/1376 2619/1372
f 2598/1343 213/1342 2623/1377 2625/1376
f 2625/1376 2623/1377 667/1378 2624/1379
f 2619/1372 2625/1376 2624/1379 670/1373
f 670/1373 2624/1379 2629/1380 2628/1381
f 2624/1379 667/1378 2626/1382 2629/1380
f 2629/1380 2626/1382 212/1383 2627/1384
f 2628/1381 2629/1380 2627/1384 668/1385
f 669/1375 2620/1374 2632/1386 2631/1387
f 2620/1374 670/1373 2628/1381 2632/1386
f 2632/1386 2628/1381 668/1385 2630/1388
f 2631/1387 2632/1386 2630/1388 211/1389
f 220/1369 2616/1368 2636/1390 2635/1391
f 2616/1368 664/1365 2633/1392 2636/1390
f 2636/1390 2633/1392 673/1393 2634/1394
f 2635/1391 2636/1390 2634/1394 672/1395
f 664/1365 2613/1364 2638/1396 2633/1392
f 2613/1364 204/1349 2621/1371 2638/1396
f 2638/1396 2621/1371 669/1375 2637/1397
f 2633/1392 2638/1396 2637/1397 673/1393
f 673/1393 2637/1397 2641/1398 2640/1399
f 2637/1397 669/1375 2631/1387 2641/1398
f 2641/1398 2631/1387 211/1389 2639/1400
f 2640/1399 2641/1398 2639/1400 671/1401
f 672/1395 2634/1394 2644/1402 2643/1403
f 2634/1394 673/1393 2640/1399 2644/1402
f 2644/1402 2640/1399 671/1401 2642/1404
f 2643/1403 2644/1402 2642/1404 200/1405
f 220/1369 2635/1391 2648/1406 2647/1407
f 2635/1391 672/1395 2645/1408 2648/1406
f 2648/1406 2645/1408 677/1409 2646/1410
f 2647/1407 2648/1406 2646/1410 676/1411
f 672/1395 2643/1403 2651/1412 2645/1408
f 2643/1403 200/1405 2649/1413 2651/1412
f 2651/1412 2649/1413 674/1414 2650/1415
f 2645/1408 2651/1412 2650/1415 677/1409
f 677/1409 2650/1415 2655/1416 2654/1417
f 2650/1415 674/1414 2652/1418 2655/1416
f 2655/1416 2652/1418 219/1419 2653/1420
f 2654/1417 2655/1416 2653/1420 675/1421
f 676/1411 2646/1410 2658/1422 2657/1423
f 2646/1410 677/1409 2654/1417 2658/1422
f 2658/1422 2654/1417 675/1421 2656/1424
f 2657/1423 2658/1422 2656/1424 218/1425
f 215/1313 2575/1312 2662/1426 2661/1427
f 2575/1312 654/1308 2659/1428 2662/1426
f 2662/1426 2659/1428 679/1429 2660/1430
f 2661/1427 2662/1426 2660/1430 678/1431
f 654/1308 2572/1307 2664/1432 2659/1428
f 2572/1307 221/1301 2609/1355 2664/1432
f 2664/1432 2609/1355 665/1359 2663/1433
f 2659/1428 2664/1432 2663/1433 679/1429
f 679/1429 2663/1433 2666/1434 2665/1435
f 2663/1433 665/1359 2617/1367 2666/1434
f 2666/1434 2617/1367 220/1369 2647/1407
f 2665/1435 2666/1434 2647/1407 676/1411
f 678/1431 2660/1430 2668/1436 2667/1437
f 2660/1430 679/1429 2665/1435 2668/1436
f 2668/1436 2665/1435 676/1411 2657/1423
f 2667/1437 2668/1436 2657/1423 218/1425
f 60/1438 2669/1439 2673/1440 2672/1441
f 2669/1439 680/1442 2670/1443 2673/1440
f 2673/1440 2670/1443 683/1444 2671/1445
f 2672/1441 2673/1440 2671/1445 682/1446
f 680/1442 2674/1447 2676/1448 2670/1443
f 2674/1447 215/1313 2661/1427 2676/1448
f 2676/1448 2661/1427 678/1431 2675/1449
f 2670/1443 2676/1448 2675/1449 683/1444
f 683/1444 2675/1449 2679/1450 2678/1451
f 2675/1449 678/1431 2667/1437 2679/1450
f 2679/1450 2667/1437 218/1425 2677/1452
f 2678/1451 2679/1450 2677/1452 681/1453
f 682/1446 2671/1445 2682/1454 2681/1455
f 2671/1445 683/1444 2678/1451 2682/1454
f 2682/1454 2678/1451 681/1453 2680/1456
f 2681/1455 2682/1454 2680/1456 61/1457
f 44/1458 2683/1459 2687/1460 2686/1461
f 2683/1459 684/1462 2684/1463 2687/1460
f 2687/1460 2684/1463 686/1464 2685/1465
f 2686/1461 2687/1460 2685/1465 685/1466
f 684/1462 2688/1467 2690/1468 2684/1463
f 2688/1467 216/1254 2579/1317 2690/1468
f 2690/1468 2579/1317 655/1315 2689/1469
f 2684/1463 2690/1468 2689/1469 686/1464
f 686/1464 2689/1469 2692/1470 2691/1471
f 2689/1469 655/1315 2576/1314 2692/1470
f 2692/1470 2576/1314 215/1313 2674/1447
f 2691/1471 2692/1470 2674/1447 680/1442
f 685/1466 2685/1465 2694/1472 2693/1473
f 2685/1465 686/1464 2691/1471 2694/1472
f 2694/1472 2691/1471 680/1442 2669/1439
f 2693/1473 2694/1472 2669/1439 60/1438
f 218/1425 2656/1424 2697/1474 2677/1452
f 2656/1424 675/1421 2695/1475 2697/1474
f 2697/1474 2695/1475 689/1476 2696/1477
f 2677/1452 2697/1474 2696/1477 681/1453
f 675/1421 2653/1420 2700/1478 2695/1475
f 2653/1420 219/1419 2698/1479 2700/1478
f 2700/1478 2698/1479 687/1480 2699/1481
f 2695/1475 2700/1478 2699/1481 689/1476
f 689/1476 2699/1481 2704/1482 2703/1483
f 2699/1481 687/1480 2701/1484 2704/1482
f 2704/1482 2701/1484 201/1485 2702/1486
f 2703/1483 2704/1482 2702/1486 688/1487
f 681/1453 2696/1477 2706/1488 2680/1456
f 2696/1477 689/1476 2703/1483 2706/1488
f 2706/1488 2703/1483 688/1487 2705/1489
f 2680/1456 2706/1488 2705/1489 61/1457
f 59/1490 2707/1491 2711/1492 2710/1493
f 2707/1491 690/1494 2708/1495 2711/1492
f 2711/1492 2708/1495 693/1496 2709/1497
f 2710/1493 2711/1492 2709/1497 692/1498
f 690/1494 2712/1499 2714/1500 2708/1495
f 2712/1499 61/1457 2705/1489 2714/1500
f 2714/1500 2705/1489 688/1487 2713/1501
f 2708/1495 2714/1500 2713/1501 693/1496
f 693/1496 2713/1501 2717/1502 2716/1503
f 2713/1501 688/1487 2702/1486 2717/1502
f 2717/1502 2702/1486 201/1485 2715/1504
f 2716/1503 2717/1502 2715/1504 691/1505
f 692/1498 2709/1497 2720/1506 2719/1507
f 2709/1497 693/1496 2716/1503 2720/1506
f 2720/1506 2716/1503 691/1505 2718/1508
f 2719/1507 2720/1506 2718/1508 64/1509
f 59/1490 2710/1493 2724/1510 2723/1511
f 2710/1493 692/1498 2721/1512 2724/1510
f 2724/1510 2721/1512 697/1513 2722/1514
f 2723/1511 2724/1510 2722/1514 696/1515
f 692/1498 2719/1507 2727/1516 2721/1512
f 2719/1507 64/1509 2725/1517 2727/1516
f 2727/1516 2725/1517 694/1518 2726/1519
f 2721/1512 2727/1516 2726/1519 697/1513
f 697/1513 2726/1519 2731/1520 2730/1521
f 2726/1519 694/1518 2728/1522 2731/1520
f 2731/1520 2728/1522 55/1523 2729/1524
f 2730/1521 2731/1520 2729/1524 695/1525
f 696/1515 2722/1514 2734/1526 2733/1527
f 2722/1514 697/1513 2730/1521 2734/1526
f 2734/1526 2730/1521 695/1525 2732/1528
f 2733/1527 2734/1526 2732/1528 63/1529
f 59/1490 2723/1511 2738/1530 2737/1531
f 2723/1511 696/1515 2735/1532 2738/1530
f 2738/1530 2735/1532 701/1533 2736/1534
f 2737/1531 2738/1530 2736/1534 700/1535
f 696/1515 2733/1527 2741/1536 2735/1532
f 2733/1527 63/1529 2739/1537 2741/1536
f 2741/1536 2739/1537 698/1538 2740/1539
f 2735/1532 2741/1536 2740/1539 701/1533
f 701/1533 2740/1539 2745/1540 2744/1541
f 2740/1539 698/1538 2742/1542 2745/1540
f 2745/1540 2742/1542 53/1543 2743/1544
f 2744/1541 2745/1540 2743/1544 699/1545
f 700/1535 2736/1534 2748/1546 2747/1547
f 2736/1534 701/1533 2744/1541 2748/1546
f 2748/1546 2744/1541 699/1545 2746/1548
f 2747/1547 2748/1546 2746/1548 62/1549
f 56/1550 2749/1551 2753/1552 2752/1553
f 2749/1551 702/1554 2750/1555 2753/1552
f 2753/1552 2750/1555 704/1556 2751/1557
f 2752/1553 2753/1552 2751/1557 703/1558
f 702/1554 2754/1559 2756/1560 2750/1555
f 2754/1559 60/1438 2672/1441 2756/1560
f 2756/1560 2672/1441 682/1446 2755/1561
f 2750/1555 2756/1560 2755/1561 704/1556
f 704/1556 2755/1561 2758/1562 2757/1563
f 2755/1561 682/1446 2681/1455 2758/1562
f 2758/1562 2681/1455 61/1457 2712/1499
f 2757/1563 2758/1562 2712/1499 690/1494
f 703/1558 2751/1557 2760/1564 2759/1565
f 2751/1557 704/1556 2757/1563 2760/1564
f 2760/1564 2757/1563 690/1494 2707/1491
f 2759/1565 2760/1564 2707/1491 59/1490
f 56/1550 2752/1553 2764/1566 2763/1567
f 2752/1553 703/1558 2761/1568 2764/1566
f 2764/1566 2761/1568 707/1569 2762/1570
f 2763/1567 2764/1566 2762/1570 706/1571
f 703/1558 2759/1565 2766/1572 2761/1568
f 2759/1565 59/1490 2737/1531 2766/1572
f 2766/1572 2737/1531 700/1535 2765/1573
f 2761/1568 2766/1572 2765/1573 707/1569
f 707/1569 2765/1573 2769/1574 2768/1575
f 2765/1573 700/1535 2747/1547 2769/1574
f 2769/1574 2747/1547 62/1549 2767/1576
f 2768/1575 2769/1574 2767/1576 705/1577
f 706/1571 2762/1570 2772/1578 2771/1579
f 2762/1570 707/1569 2768/1575 2772/1578
f 2772/1578 2768/1575 705/1577 2770/1580
f 2771/1579 2772/1578 2770/1580 49/1581
f 60/1438 2754/1559 2775/1582 2693/1473
f 2754/1559 702/1554 2773/1583 2775/1582
f 2775/1582 2773/1583 710/1584 2774/1585
f 2693/1473 2775/1582 2774/1585 685/1466
f 702/1554 2749/1551 2778/1586 2773/1583
f 2749/1551 56/1550 2776/1587 2778/1586
f 2778/1586 2776/1587 708/1588 2777/1589
f 2773/1583 2778/1586 2777/1589 710/1584
f 710/1584 2777/1589 2782/1590 2781/1591
f 2777/1589 708/1588 2779/1592 2782/1590
f 2782/1590 2779/1592 58/1593 2780/1594
f 2781/1591 2782/1590 2780/1594 709/1595
f 685/1466 2774/1585 2784/1596 2686/1461
f 2774/1585 710/1584 2781/1591 2784/1596
f 2784/1596 2781/1591 709/1595 2783/1597
f 2686/1461 2784/1596 2783/1597 44/1458
f 47/1598 2785/1599 2789/1600 2788/1601
f 2785/1599 711/1602 2786/1603 2789/1600
f 2789/1600 2786/1603 714/1604 2787/1605
f 2788/1601 2789/1600 2787/1605 713/1606
f 711/1602 2790/1607 2793/1608 2786/1603
f 2790/1607 48/1609 2791/1610 2793/1608
f 2793/1608 2791/1610 712/1611 2792/1612
f 2786/1603 2793/1608 2792/1612 714/1604
f 714/1604 2792/1612 2796/1613 2795/1614
f 2792/1612 712/1611 2794/1615 2796/1613
f 2796/1613 2794/1615 58/1593 2779/1592
f 2795/1614 2796/1613 2779/1592 708/1588
f 713/1606 2787/1605 2798/1616 2797/1617
f 2787/1605 714/1604 2795/1614 2798/1616
f 2798/1616 2795/1614 708/1588 2776/1587
f 2797/1617 2798/1616 2776/1587 56/1550
f 62/1549 2746/1548 2802/1618 2801/1619
f 2746/1548 699/1545 2799/1620 2802/1618
f 2802/1618 2799/1620 718/1621 2800/1622
f 2801/1619 2802/1618 2800/1622 717/1623
f 699/1545 2743/1544 2805/1624 2799/1620
f 2743/1544 53/1543 2803/1625 2805/1624
f 2805/1624 2803/1625 715/1626 2804/1627
f 2799/1620 2805/1624 2804/1627 718/1621
f 718/1621 2804/1627 2809/1628 2808/1629
f 2804/1627 715/1626 2806/1630 2809/1628
f 2809/1628 2806/1630 54/1631 2807/1632
f 2808/1629 2809/1628 2807/1632 716/1633
f 717/1623 2800/1622 2812/1634 2811/1635
f 2800/1622 718/1621 2808/1629 2812/1634
f 2812/1634 2808/1629 716/1633 2810/1636
f 2811/1635 2812/1634 2810/1636 50/1637
f 46/1638 2813/1639 2817/1640 2816/1641
f 2813/1639 719/1642 2814/1643 2817/1640
f 2817/1640 2814/1643 722/1644 2815/1645
f 2816/1641 2817/1640 2815/1645 721/1646
f 719/1642 2818/1647 2821/1648 2814/1643
f 2818/1647 52/1649 2819/1650 2821/1648
f 2821/1648 2819/1650 720/1651 2820/1652
f 2814/1643 2821/1648 2820/1652 722/1644
f 722/1644 2820/1652 2824/1653 2823/1654
f 2820/1652 720/1651 2822/1655 2824/1653
f 2824/1653 2822/1655 50/1637 2810/1636
f 2823/1654 2824/1653 2810/1636 716/1633
f 721/1646 2815/1645 2826/1656 2825/1657
f 2815/1645 722/1644 2823/1654 2826/1656
f 2826/1656 2823/1654 716/1633 2807/1632
f 2825/1657 2826/1656 2807/1632 54/1631
f 47/1598 2827/1658 2831/1659 2830/1660
f 2827/1658 723/1661 2828/1662 2831/1659
f 2831/1659 2828/1662 726/1663 2829/1664
f 2830/1660 2831/1659 2829/1664 725/1665
f 723/1661 2832/1666 2834/1667 2828/1662
f 2832/1666 52/1649 2818/1647 2834/1667
f 2834/1667 2818/1647 719/1642 2833/1668
f 2828/1662 2834/1667 2833/1668 726/1663
f 726/1663 2833/1668 2837/1669 2836/1670
f 2833/1668 719/1642 2813/1639 2837/1669
f 2837/1669 2813/1639 46/1638 2835/1671
f 2836/1670 2837/1669 2835/1671 724/1672
f 725/1665 2829/1664 2840/1673 2839/1674
f 2829/1664 726/1663 2836/1670 2840/1673
f 2840/1673 2836/1670 724/1672 2838/1675
f 2839/1674 2840/1673 2838/1675 45/1676
f 45/1676 2841/1677 2844/1678 2839/1674
f 2841/1677 727/1679 2842/1680 2844/1678
f 2844/1678 2842/1680 729/1681 2843/1682
f 2839/1674 2844/1678 2843/1682 725/1665
f 727/1679 2845/1683 2848/1684 2842/1680
f 2845/1683 26/1685 2846/1686 2848/1684
f 2848/1684 2846/1686 728/1687 2847/1688
f 2842/1680 2848/1684 2847/1688 729/1681
f 729/1681 2847/1688 2851/1689 2850/1690
f 2847/1688 728/1687 2849/1691 2851/1689
f 2851/1689 2849/1691 48/1609 2790/1607
f 2850/1690 2851/1689 2790/1607 711/1602
f 725/1665 2843/1682 2852/1692 2830/1660
f 2843/1682 729/1681 2850/1690 2852/1692
f 2852/1692 2850/1690 711/1602 2785/1599
f 2830/1660 2852/1692 2785/1599 47/1598
f 42/1693 2853/1694 2857/1695 2856/1696
f 2853/1694 730/1697 2854/1698 2857/1695
f 2857/1695 2854/1698 733/1699 2855/1700
f 2856/1696 2857/1695 2855/1700 732/1701
f 730/1697 2858/1702 2860/1703 2854/1698
f 2858/1702 48/1609 2849/1691 2860/1703
f 2860/1703 2849/1691 728/1687 2859/1704
f 2854/1698 2860/1703 2859/1704 733/1699
f 733/1699 2859/1704 2863/1705 2862/1706
f 2859/1704 728/1687 2846/1686 2863/1705
f 2863/1705 2846/1686 26/1685 2861/1707
f 2862/1706 2863/1705 2861/1707 731/1708
f 732/1701 2855/1700 2866/1709 2865/1710
f 2855/1700 733/1699 2862/1706 2866/1709
f 2866/1709 2862/1706 731/1708 2864/1711
f 2865/1710 2866/1709 2864/1711 27/1712
f 42/1693 2867/1713 2870/1714 2853/1694
f 2867/1713 734/1715 2868/1716 2870/1714
f 2870/1714 2868/1716 736/1717 2869/1718
f 2853/1694 2870/1714 2869/1718 730/1697
f 734/1715 2871/1719 2874/1720 2868/1716
f 2871/1719 57/1721 2872/1722 2874/1720
f 2874/1720 2872/1722 735/1723 2873/1724
f 2868/1716 2874/1720 2873/1724 736/1717
f 736/1717 2873/1724 2877/1725 2876/1726
f 2873/1724 735/1723 2875/1727 2877/1725
f 2877/1725 2875/1727 58/1593 2794/1615
f 2876/1726 2877/1725 2794/1615 712/1611
f 730/1697 2869/1718 2878/1728 2858/1702
f 2869/1718 736/1717 2876/1726 2878/1728
f 2878/1728 2876/1726 712/1611 2791/1610
f 2858/1702 2878/1728 2791/1610 48/1609
f 27/1712 2879/1729 2882/1730 2865/1710
f 2879/1729 737/1731 2880/1732 2882/1730
f 2882/1730 2880/1732 740/1733 2881/1734
f 2865/1710 2882/1730 2881/1734 732/1701
f 737/1731 2883/1735 2886/1736 2880/1732
f 2883/1735 40/1737 2884/1738 2886/1736
f 2886/1736 2884/1738 738/1739 2885/1740
f 2880/1732 2886/1736 2885/1740 740/1733
f 740/1733 2885/1740 2890/1741 2889/1742
f 2885/1740 738/1739 2887/1743 2890/1741
f 2890/1741 2887/1743 38/1744 2888/1745
f 2889/1742 2890/1741 2888/1745 739/1746
f 732/1701 2881/1734 2892/1747 2856/1696
f 2881/1734 740/1733 2889/1742 2892/1747
f 2892/1747 2889/1742 739/1746 2891/1748
f 2856/1696 2892/1747 2891/1748 42/1693
f 37/1749 2893/1750 2897/1751 2896/1752
f 2893/1750 741/1753 2894/1754 2897/1751
f 2897/1751 2894/1754 744/1755 2895/1756
f 2896/1752 2897/1751 2895/1756 743/1757
f 741/1753 2898/1758 2900/1759 2894/1754
f 2898/1758 42/1693 2891/1748 2900/1759
f 2900/1759 2891/1748 739/1746 2899/1760
f 2894/1754 2900/1759 2899/1760 744/1755
f 744/1755 2899/1760 2903/1761 2902/1762
f 2899/1760 739/1746 2888/1745 2903/1761
f 2903/1761 2888/1745 38/1744 2901/1763
f 2902/1762 2903/1761 2901/1763 742/1764
f 743/1757 2895/1756 2906/1765 2905/1766
f 2895/1756 744/1755 2902/1762 2906/1765
f 2906/1765 2902/1762 742/1764 2904/1767
f 2905/1766 2906/1765 2904/1767 34/1768
f 42/1693 2898/1758 2909/1769 2867/1713
f 2898/1758 741/1753 2907/1770 2909/1769
f 2909/1769 2907/1770 747/1771 2908/1772
f 2867/1713 2909/1769 2908/1772 734/1715
f 741/1753 2893/1750 2912/1773 2907/1770
f 2893/1750 37/1749 2910/1774 2912/1773
f 2912/1773 2910/1774 745/1775 2911/1776
f 2907/1770 2912/1773 2911/1776 747/1771
f 747/1771 2911/1776 2916/1777 2915/1778
f 2911/1776 745/1775 2913/1779 2916/1777
f 2916/1777 2913/1779 36/1780 2914/1781
f 2915/1778 2916/1777 2914/1781 746/1782
f 734/1715 2908/1772 2918/1783 2871/1719
f 2908/1772 747/1771 2915/1778 2918/1783
f 2918/1783 2915/1778 746/1782 2917/1784
f 2871/1719 2918/1783 2917/1784 57/1721
f 38/1744 2887/1743 2922/1785 2921/1786
f 2887/1743 738/1739 2919/1787 2922/1785
f 2922/1785 2919/1787 751/1788 2920/1789
f 2921/1786 2922/1785 2920/1789 750/1790
f 738/1739 2884/1738 2925/1791 2919/1787
f 2884/1738 40/1737 2923/1792 2925/1791
f 2925/1791 2923/1792 748/1793 2924/1794
f 2919/1787 2925/1791 2924/1794 751/1788
f 751/1788 2924/1794 2929/1795 2928/1796
f 2924/1794 748/1793 2926/1797 2929/1795
f 2929/1795 2926/1797 41/1798 2927/1799
f 2928/1796 2929/1795 2927/1799 749/1800
f 750/1790 2920/1789 2932/1801 2931/1802
f 2920/1789 751/1788 2928/1796 2932/1801
f 2932/1801 2928/1796 749/1800 2930/1803
f 2931/1802 2932/1801 2930/1803 39/1804
f 39/1804 2933/1805 2936/1806 2931/1802
f 2933/1805 752/1807 2934/1808 2936/1806
f 2936/1806 2934/1808 754/1809 2935/1810
f 2931/1802 2936/1806 2935/1810 750/1790
f 752/1807 2937/1811 2940/1812 2934/1808
f 2937/1811 33/1813 2938/1814 2940/1812
f 2940/1812 2938/1814 753/1815 2939/1816
f 2934/1808 2940/1812 2939/1816 754/1809
f 754/1809 2939/1816 2943/1817 2942/1818
f 2939/1816 753/1815 2941/1819 2943/1817
f 2943/1817 2941/1819 34/1768 2904/1767
f 2942/1818 2943/1817 2904/1767 742/1764
f 750/1790 2935/1810 2944/1820 2921/1786
f 2935/1810 754/1809 2942/1818 2944/1820
f 2944/1820 2942/1818 742/1764 2901/1763
f 2921/1786 2944/1820 2901/1763 38/1744
f 28/1821 2945/1822 2949/1823 2948/1824
f 2945/1822 755/1825 2946/1826 2949/1823
f 2949/1823 2946/1826 758/1827 2947/1828
f 2948/1824 2949/1823 2947/1828 757/1829
f 755/1825 2950/1830 2952/1831 2946/1826
f 2950/1830 39/1804 2930/1803 2952/1831
f 2952/1831 2930/1803 749/1800 2951/1832
f 2946/1826 2952/1831 2951/1832 758/1827
f 758/1827 2951/1832 2955/1833 2954/1834
f 2951/1832 749/1800 2927/1799 2955/1833
f 2955/1833 2927/1799 41/1798 2953/1835
f 2954/1834 2955/1833 2953/1835 756/1836
f 757/1829 2947/1828 2958/1837 2957/1838
f 2947/1828 758/1827 2954/1834 2958/1837
f 2958/1837 2954/1834 756/1836 2956/1839
f 2957/1838 2958/1837 2956/1839 25/1840
f 28/1821 2959/1841 2962/1842 2945/1822
f 2959/1841 759/1843 2960/1844 2962/1842
f 2962/1842 2960/1844 761/1845 2961/1846
f 2945/1822 2962/1842 2961/1846 755/1825
f 759/1843 2963/1847 2966/1848 2960/1844
f 2963/1847 29/1849 2964/1850 2966/1848
f 2966/1848 2964/1850 760/1851 2965/1852
f 2960/1844 2966/1848 2965/1852 761/1845
f 761/1845 2965/1852 2969/1853 2968/1854
f 2965/1852 760/1851 2967/1855 2969/1853
f 2969/1853 2967/1855 33/1813 2937/1811
f 2968/1854 2969/1853 2937/1811 752/1807
f 755/1825 2961/1846 2970/1856 2950/1830
f 2961/1846 761/1845 2968/1854 2970/1856
f 2970/1856 2968/1854 752/1807 2933/1805
f 2950/1830 2970/1856 2933/1805 39/1804
f 3/1857 2971/1858 2975/1859 2974/1860
f 2971/1858 762/1861 2972/1862 2975/1859
f 2975/1859 2972/1862 765/1863 2973/1864
f 2974/1860 2975/1859 2973/1864 764/1865
f 762/1861 2976/1866 2978/1867 2972/1862
f 2976/1866 28/1821 2948/1824 2978/1867
f 2978/1867 2948/1824 757/1829 2977/1868
f 2972/1862 2978/1867 2977/1868 765/1863
f 765/1863 2977/1868 2981/1869 2980/1870
f 2977/1868 757/1829 2957/1838 2981/1869
f 2981/1869 2957/1838 25/1840 2979/1871
f 2980/1870 2981/1869 2979/1871 763/1872
f 764/1865 2973/1864 2984/1873 2983/1874
f 2973/1864 765/1863 2980/1870 2984/1873
f 2984/1873 2980/1870 763/1872 2982/1875
f 2983/1874 2984/1873 2982/1875 4/1876
f 28/1821 2976/1866 2988/1877 2987/1878
f 2976/1866 762/1861 2985/1879 2988/1877
f 2988/1877 2985/1879 769/1880 2986/1881
f 2987/1878 2988/1877 2986/1881 768/1882
f 762/1861 2971/1858 2991/1883 2985/1879
f 2971/1858 3/1857 2989/1884 2991/1883
f 2991/1883 2989/1884 766/1885 2990/1886
f 2985/1879 2991/1883 2990/1886 769/1880
f 769/1880 2990/1886 2995/1887 2994/1888
f 2990/1886 766/1885 2992/1889 2995/1887
f 2995/1887 2992/1889 2/1890 2993/1891
f 2994/1888 2995/1887 2993/1891 767/1892
f 768/1882 2986/1881 2998/1893 2997/1894
f 2986/1881 769/1880 2994/1888 2998/1893
f 2998/1893 2994/1888 767/1892 2996/1895
f 2997/1894 2998/1893 2996/1895 15/1896
f 28/1821 2987/1878 3001/1897 2959/1841
f 2987/1878 768/1882 2999/1898 3001/1897
f 3001/1897 2999/1898 772/1899 3000/1900
f 2959/1841 3001/1897 3000/1900 759/1843
f 768/1882 2997/1894 3004/1901 2999/1898
f 2997/1894 15/1896 3002/1902 3004/1901
f 3004/1901 3002/1902 770/1903 3003/1904
f 2999/1898 3004/1901 3003/1904 772/1899
f 772/1899 3003/1904 3008/1905 3007/1906
f 3003/1904 770/1903 3005/1907 3008/1905
f 3008/1905 3005/1907 17/1908 3006/1909
f 3007/1906 3008/1905 3006/1909 771/1910
f 759/1843 3000/1900 3010/1911 2963/1847
f 3000/1900 772/1899 3007/1906 3010/1911
f 3010/1911 3007/1906 771/1910 3009/1912
f 2963/1847 3010/1911 3009/1912 29/1849
f 6/1913 3011/1914 3015/1915 3014/1916
f 3011/1914 773/1917 3012/1918 3015/1915
f 3015/1915 3012/1918 776/1919 3013/1920
f 3014/1916 3015/1915 3013/1920 775/1921
f 773/1917 3016/1922 3019/1923 3012/1918
f 3016/1922 5/1924 3017/1925 3019/1923
f 3019/1923 3017/1925 774/1926 3018/1927
f 3012/1918 3019/1923 3018/1927 776/1919
f 776/1919 3018/1927 3022/1928 3021/1929
f 3018/1927 774/1926 3020/1930 3022/1928
f 3022/1928 3020/1930 3/1857 2974/1860
f 3021/1929 3022/1928 2974/1860 764/1865
f 775/1921 3013/1920 3024/1931 3023/1932
f 3013/1920 776/1919 3021/1929 3024/1931
f 3024/1931 3021/1929 764/1865 2983/1874
f 3023/1932 3024/1931 2983/1874 4/1876
f 10/1933 3025/1934 3029/1935 3028/1936
f 3025/1934 777/1937 3026/1938 3029/1935
f 3029/1935 3026/1938 779/1939 3027/1940
f 3028/1936 3029/1935 3027/1940 778/1941
f 777/1937 3030/1942 3032/1943 3026/1938
f 3030/1942 2/1890 2992/1889 3032/1943
f 3032/1943 2992/1889 766/1885 3031/1944
f 3026/1938 3032/1943 3031/1944 779/1939
f 779/1939 3031/1944 3034/1945 3033/1946
f 3031/1944 766/1885 2989/1884 3034/1945
f 3034/1945 2989/1884 3/1857 3020/1930
f 3033/1946 3034/1945 3020/1930 774/1926
f 778/1941 3027/1940 3036/1947 3035/1948
f 3027/1940 779/1939 3033/1946 3036/1947
f 3036/1947 3033/1946 774/1926 3017/1925
f 3035/1948 3036/1947 3017/1925 5/1924
f 65/1949 3037/1950 3041/1951 3040/1952
f 3037/1950 780/1953 3038/1954 3041/1951
f 3041/1951 3038/1954 783/1955 3039/1956
f 3040/1952 3041/1951 3039/1956 782/1957
f 780/1953 3042/1958 3045/1959 3038/1954
f 3042/1958 14/1960 3043/1961 3045/1959
f 3045/1959 3043/1961 781/1962 3044/1963
f 3038/1954 3045/1959 3044/1963 783/1955
f 783/1955 3044/1963 3048/1964 3047/1965
f 3044/1963 781/1962 3046/1966 3048/1964
f 3048/1964 3046/1966 15/1896 2996/1895
f 3047/1965 3048/1964 2996/1895 767/1892
f 782/1957 3039/1956 3050/1967 3049/1968
f 3039/1956 783/1955 3047/1965 3050/1967
f 3050/1967 3047/1965 767/1892 2993/1891
f 3049/1968 3050/1967 2993/1891 2/1890
f 1/1969 3051/1970 3055/1971 3054/1972
f 3051/1970 784/1973 3052/1974 3055/1971
f 3055/1971 3052/1974 786/1975 3053/1976
f 3054/1972 3055/1971 3053/1976 785/1977
f 784/1973 3056/1978 3058/1979 3052/1974
f 3056/1978 65/1949 3040/1952 3058/1979
f 3058/1979 3040/1952 782/1957 3057/1980
f 3052/1974 3058/1979 3057/1980 786/1975
f 786/1975 3057/1980 3060/1981 3059/1982
f 3057/1980 782/1957 3049/1968 3060/1981
f 3060/1981 3049/1968 2/1890 3030/1942
f 3059/1982 3060/1981 3030/1942 777/1937
f 785/1977 3053/1976 3062/1983 3061/1984
f 3053/1976 786/1975 3059/1982 3062/1983
f 3062/1983 3059/1982 777/1937 3025/1934
f 3061/1984 3062/1983 3025/1934 10/1933
f 14/1960 3063/1985 3066/1986 3043/1961
f 3063/1985 787/1987 3064/1988 3066/1986
f 3066/1986 3064/1988 789/1989 3065/1990
f 3043/1961 3066/1986 3065/1990 781/1962
f 787/1987 3067/1991 3070/1992 3064/1988
f 3067/1991 16/1993 3068/1994 3070/1992
f 3070/1992 3068/1994 788/1995 3069/1996
f 3064/1988 3070/1992 3069/1996 789/1989
f 789/1989 3069/1996 3073/1997 3072/1998
f 3069/1996 788/1995 3071/1999 3073/1997
f 3073/1997 3071/1999 17/1908 3005/1907
f 3072/1998 3073/1997 3005/1907 770/1903
f 781/1962 3065/1990 3074/2000 3046/1966
f 3065/1990 789/1989 3072/1998 3074/2000
f 3074/2000 3072/1998 770/1903 3002/1902
f 3046/1966 3074/2000 3002/1902 15/1896
f 57/1721 2917/1784 3078/2001 3077/2002
f 2917/1784 746/1782 3075/2003 3078/2001
f 3078/2001 3075/2003 793/2004 3076/2005
f 3077/2002 3078/2001 3076/2005 792/2006
f 746/1782 2914/1781 3081/2007 3075/2003
f 2914/1781 36/1780 3079/2008 3081/2007
f 3081/2007 3079/2008 790/2009 3080/2010
f 3075/2003 3081/2007 3080/2010 793/2004
f 793/2004 3080/2010 3085/2011 3084/2012
f 3080/2010 790/2009 3082/2013 3085/2011
f 3085/2011 3082/2013 23/2014 3083/2015
f 3084/2012 3085/2011 3083/2015 791/2016
f 792/2006 3076/2005 3088/2017 3087/2018
f 3076/2005 793/2004 3084/2012 3088/2017
f 3088/2017 3084/2012 791/2016 3086/2019
f 3087/2018 3088/2017 3086/2019 43/2020
f 44/1458 2783/1597 3092/2021 3091/2022
f 2783/1597 709/1595 3089/2023 3092/2021
f 3092/2021 3089/2023 795/2024 3090/2025
f 3091/2022 3092/2021 3090/2025 794/2026
f 709/1595 2780/1594 3094/2027 3089/2023
f 2780/1594 58/1593 2875/1727 3094/2027
f 3094/2027 2875/1727 735/1723 3093/2028
f 3089/2023 3094/2027 3093/2028 795/2024
f 795/2024 3093/2028 3096/2029 3095/2030
f 3093/2028 735/1723 2872/1722 3096/2029
f 3096/2029 2872/1722 57/1721 3077/2002
f 3095/2030 3096/2029 3077/2002 792/2006
f 794/2026 3090/2025 3098/2031 3097/2032
f 3090/2025 795/2024 3095/2030 3098/2031
f 3098/2031 3095/2030 792/2006 3087/2018
f 3097/2032 3098/2031 3087/2018 43/2020
f 44/1458 3099/2033 3102/2034 2683/1459
f 3099/2033 796/2035 3100/2036 3102/2034
f 3102/2034 3100/2036 798/2037 3101/2038
f 2683/1459 3102/2034 3101/2038 684/1462
f 796/2035 3103/2039 3106/2040 3100/2036
f 3103/2039 75/2041 3104/2042 3106/2040
f 3106/2040 3104/2042 797/2043 3105/2044
f 3100/2036 3106/2040 3105/2044 798/2037
f 798/2037 3105/2044 3109/2045 3108/2046
f 3105/2044 797/2043 3107/2047 3109/2045
f 3109/2045 3107/2047 76/1238 2537/1260
f 3108/2046 3109/2045 2537/1260 644/1256
f 684/1462 3101/2038 3110/2048 2688/1467
f 3101/2038 798/2037 3108/2046 3110/2048
f 3110/2048 3108/2046 644/1256 2534/1255
f 2688/1467 3110/2048 2534/1255 216/1254
f 75/2041 3103/2039 3114/2049 3113/2050
f 3103/2039 796/2035 3111/2051 3114/2049
f 3114/2049 3111/2051 801/2052 3112/2053
f 3113/2050 3114/2049 3112/2053 800/2054
f 796/2035 3099/2033 3116/2055 3111/2051
f 3099/2033 44/1458 3091/2022 3116/2055
f 3116/2055 3091/2022 794/2026 3115/2056
f 3111/2051 3116/2055 3115/2056 801/2052
f 801/2052 3115/2056 3119/2057 3118/2058
f 3115/2056 794/2026 3097/2032 3119/2057
f 3119/2057 3097/2032 43/2020 3117/2059
f 3118/2058 3119/2057 3117/2059 799/2060
f 800/2054 3112/2053 3122/2061 3121/2062
f 3112/2053 801/2052 3118/2058 3122/2061
f 3122/2061 3118/2058 799/2060 3120/2063
f 3121/2062 3122/2061 3120/2063 74/2064
f 13/2065 3123/2066 3127/2067 3126/2068
f 3123/2066 802/2069 3124/2070 3127/2067
f 3127/2067 3124/2070 804/2071 3125/2072
f 3126/2068 3127/2067 3125/2072 803/2073
f 802/2069 3128/2074 3130/2075 3124/2070
f 3128/2074 89/1225 2525/1244 3130/2075
f 3130/2075 2525/1244 641/1240 3129/2076
f 3124/2070 3130/2075 3129/2076 804/2071
f 804/2071 3129/2076 3132/2077 3131/2078
f 3129/2076 641/1240 2522/1239 3132/2077
f 3132/2077 2522/1239 76/1238 3107/2047
f 3131/2078 3132/2077 3107/2047 797/2043
f 803/2073 3125/2072 3134/2079 3133/2080
f 3125/2072 804/2071 3131/2078 3134/2079
f 3134/2079 3131/2078 797/2043 3104/2042
f 3133/2080 3134/2079 3104/2042 75/2041
f 13/2065 3126/2068 3138/2081 3137/2082
f 3126/2068 803/2073 3135/2083 3138/2081
f 3138/2081 3135/2083 807/2084 3136/2085
f 3137/2082 3138/2081 3136/2085 806/2086
f 803/2073 3133/2080 3140/2087 3135/2083
f 3133/2080 75/2041 3113/2050 3140/2087
f 3140/2087 3113/2050 800/2054 3139/2088
f 3135/2083 3140/2087 3139/2088 807/2084
f 807/2084 3139/2088 3143/2089 3142/2090
f 3139/2088 800/2054 3121/2062 3143/2089
f 3143/2089 3121/2062 74/2064 3141/2091
f 3142/2090 3143/2089 3141/2091 805/2092
f 806/2086 3136/2085 3146/2093 3145/2094
f 3136/2085 807/2084 3142/2090 3146/2093
f 3146/2093 3142/2090 805/2092 3144/2095
f 3145/2094 3146/2093 3144/2095 71/2096
f 74/2064 3120/2063 3150/2097 3149/2098
f 3120/2063 799/2060 3147/2099 3150/2097
f 3150/2097 3147/2099 810/2100 3148/2101
f 3149/2098 3150/2097 3148/2101 809/2102
f 799/2060 3117/2059 3152/2103 3147/2099
f 3117/2059 43/2020 3086/2019 3152/2103
f 3152/2103 3086/2019 791/2016 3151/2104
f 3147/2099 3152/2103 3151/2104 810/2100
f 810/2100 3151/2104 3155/2105 3154/2106
f 3151/2104 791/2016 3083/2015 3155/2105
f 3155/2105 3083/2015 23/2014 3153/2107
f 3154/2106 3155/2105 3153/2107 808/2108
f 809/2102 3148/2101 3158/2109 3157/2110
f 3148/2101 810/2100 3154/2106 3158/2109
f 3158/2109 3154/2106 808/2108 3156/2111
f 3157/2110 3158/2109 3156/2111 73/2112
f 71/2096 3144/2095 3162/2113 3161/2114
f 3144/2095 805/2092 3159/2115 3162/2113
f 3162/2113 3159/2115 813/2116 3160/2117
f 3161/2114 3162/2113 3160/2117 812/2118
f 805/2092 3141/2091 3164/2119 3159/2115
f 3141/2091 74/2064 3149/2098 3164/2119
f 3164/2119 3149/2098 809/2102 3163/2120
f 3159/2115 3164/2119 3163/2120 813/2116
f 813/2116 3163/2120 3167/2121 3166/2122
f 3163/2120 809/2102 3157/2110 3167/2121
f 3167/2121 3157/2110 73/2112 3165/2123
f 3166/2122 3167/2121 3165/2123 811/2124
f 812/2118 3160/2117 3170/2125 3169/2126
f 3160/2117 813/2116 3166/2122 3170/2125
f 3170/2125 3166/2122 811/2124 3168/2127
f 3169/2126 3170/2125 3168/2127 68/2128
f 91/1207 3171/2129 3174/2130 2499/1208
f 3171/2129 814/2131 3172/2132 3174/2130
f 3174/2130 3172/2132 817/2133 3173/2134
f 2499/1208 3174/2130 3173/2134 634/1209
f 814/2131 3175/2135 3178/2136 3172/2132
f 3175/2135 90/2137 3176/2138 3178/2136
f 3178/2136 3176/2138 815/2139 3177/2140
f 3172/2132 3178/2136 3177/2140 817/2133
f 817/2133 3177/2140 3182/2141 3181/2142
f 3177/2140 815/2139 3179/2143 3182/2141
f 3182/2141 3179/2143 100/2144 3180/2145
f 3181/2142 3182/2141 3180/2145 816/2146
f 634/1209 3173/2134 3184/2147 2502/1212
f 3173/2134 817/2133 3181/2142 3184/2147
f 3184/2147 3181/2142 816/2146 3183/2148
f 2502/1212 3184/2147 3183/2148 103/1213
f 103/1213 3183/2148 3188/2149 3187/2150
f 3183/2148 816/2146 3185/2151 3188/2149
f 3188/2149 3185/2151 821/2152 3186/2153
f 3187/2150 3188/2149 3186/2153 820/2154
f 816/2146 3180/2145 3191/2155 3185/2151
f 3180/2145 100/2144 3189/2156 3191/2155
f 3191/2155 3189/2156 818/2157 3190/2158
f 3185/2151 3191/2155 3190/2158 821/2152
f 821/2152 3190/2158 3195/2159 3194/2160
f 3190/2158 818/2157 3192/2161 3195/2159
f 3195/2159 3192/2161 101/2162 3193/2163
f 3194/2160 3195/2159 3193/2163 819/2164
f 820/2154 3186/2153 3198/2165 3197/2166
f 3186/2153 821/2152 3194/2160 3198/2165
f 3198/2165 3194/2160 819/2164 3196/2167
f 3197/2166 3198/2165 3196/2167 102/2168
f 13/2065 3199/2169 3202/2170 3123/2066
f 3199/2169 822/2171 3200/2172 3202/2170
f 3202/2170 3200/2172 823/2173 3201/2174
f 3123/2066 3202/2170 3201/2174 802/2069
f 822/2171 3203/2175 3205/2176 3200/2172
f 3203/2175 90/2137 3175/2135 3205/2176
f 3205/2176 3175/2135 814/2131 3204/2177
f 3200/2172 3205/2176 3204/2177 823/2173
f 823/2173 3204/2177 3207/2178 3206/2179
f 3204/2177 814/2131 3171/2129 3207/2178
f 3207/2178 3171/2129 91/1207 2515/1229
f 3206/2179 3207/2178 2515/1229 638/1227
f 802/2069 3201/2174 3208/2180 3128/2074
f 3201/2174 823/2173 3206/2179 3208/2180
f 3208/2180 3206/2179 638/1227 2512/1226
f 3128/2074 3208/2180 2512/1226 89/1225
f 13/2065 3137/2082 3212/2181 3211/2182
f 3137/2082 806/2086 3209/2183 3212/2181
f 3212/2181 3209/2183 827/2184 3210/2185
f 3211/2182 3212/2181 3210/2185 826/2186
f 806/2086 3145/2094 3215/2187 3209/2183
f 3145/2094 71/2096 3213/2188 3215/2187
f 3215/2187 3213/2188 824/2189 3214/2190
f 3209/2183 3215/2187 3214/2190 827/2184
f 827/2184 3214/2190 3219/2191 3218/2192
f 3214/2190 824/2189 3216/2193 3219/2191
f 3219/2191 3216/2193 69/2194 3217/2195
f 3218/2192 3219/2191 3217/2195 825/2196
f 826/2186 3210/2185 3222/2197 3221/2198
f 3210/2185 827/2184 3218/2192 3222/2197
f 3222/2197 3218/2192 825/2196 3220/2199
f 3221/2198 3222/2197 3220/2199 12/2200
f 13/2065 3211/2182 3225/2201 3199/2169
f 3211/2182 826/2186 3223/2202 3225/2201
f 3225/2201 3223/2202 830/2203 3224/2204
f 3199/2169 3225/2201 3224/2204 822/2171
f 826/2186 3221/2198 3228/2205 3223/2202
f 3221/2198 12/2200 3226/2206 3228/2205
f 3228/2205 3226/2206 828/2207 3227/2208
f 3223/2202 3228/2205 3227/2208 830/2203
f 830/2203 3227/2208 3232/2209 3231/2210
f 3227/2208 828/2207 3229/2211 3232/2209
f 3232/2209 3229/2211 88/2212 3230/2213
f 3231/2210 3232/2209 3230/2213 829/2214
f 822/2171 3224/2204 3234/2215 3203/2175
f 3224/2204 830/2203 3231/2210 3234/2215
f 3234/2215 3231/2210 829/2214 3233/2216
f 3203/2175 3234/2215 3233/2216 90/2137
f 69/2194 3216/2193 3238/2217 3237/2218
f 3216/2193 824/2189 3235/2219 3238/2217
f 3238/2217 3235/2219 833/2220 3236/2221
f 3237/2218 3238/2217 3236/2221 832/2222
f 824/2189 3213/2188 3240/2223 3235/2219
f 3213/2188 71/2096 3161/2114 3240/2223
f 3240/2223 3161/2114 812/2118 3239/2224
f 3235/2219 3240/2223 3239/2224 833/2220
f 833/2220 3239/2224 3243/2225 3242/2226
f 3239/2224 812/2118 3169/2126 3243/2225
f 3243/2225 3169/2126 68/2128 3241/2227
f 3242/2226 3243/2225 3241/2227 831/2228
f 832/2222 3236/2221 3246/2229 3245/2230
f 3236/2221 833/2220 3242/2226 3246/2229
f 3246/2229 3242/2226 831/2228 3244/2231
f 3245/2230 3246/2229 3244/2231 70/2232
f 66/2233 3247/2234 3251/2235 3250/2236
f 3247/2234 834/2237 3248/2238 3251/2235
f 3251/2235 3248/2238 837/2239 3249/2240
f 3250/2236 3251/2235 3249/2240 836/2241
f 834/2237 3252/2242 3255/2243 3248/2238
f 3252/2242 67/2244 3253/2245 3255/2243
f 3255/2243 3253/2245 835/2246 3254/2247
f 3248/2238 3255/2243 3254/2247 837/2239
f 837/2239 3254/2247 3258/2248 3257/2249
f 3254/2247 835/2246 3256/2250 3258/2248
f 3258/2248 3256/2250 16/1993 3067/1991
f 3257/2249 3258/2248 3067/1991 787/1987
f 836/2241 3249/2240 3260/2251 3259/2252
f 3249/2240 837/2239 3257/2249 3260/2251
f 3260/2251 3257/2249 787/1987 3063/1985
f 3259/2252 3260/2251 3063/1985 14/1960
f 69/2194 3237/2218 3264/2253 3263/2254
f 3237/2218 832/2222 3261/2255 3264/2253
f 3264/2253 3261/2255 840/2256 3262/2257
f 3263/2254 3264/2253 3262/2257 839/2258
f 832/2222 3245/2230 3267/2259 3261/2255
f 3245/2230 70/2232 3265/2260 3267/2259
f 3267/2259 3265/2260 838/2261 3266/2262
f 3261/2255 3267/2259 3266/2262 840/2256
f 840/2256 3266/2262 3270/2263 3269/2264
f 3266/2262 838/2261 3268/2265 3270/2263
f 3270/2263 3268/2265 67/2244 3252/2242
f 3269/2264 3270/2263 3252/2242 834/2237
f 839/2258 3262/2257 3272/2266 3271/2267
f 3262/2257 840/2256 3269/2264 3272/2266
f 3272/2266 3269/2264 834/2237 3247/2234
f 3271/2267 3272/2266 3247/2234 66/2233
f 11/2268 3273/2269 3277/2270 3276/2271
f 3273/2269 841/2272 3274/2273 3277/2270
f 3277/2270 3274/2273 843/2274 3275/2275
f 3276/2271 3277/2270 3275/2275 842/2276
f 841/2272 3278/2277 3280/2278 3274/2273
f 3278/2277 66/2233 3250/2236 3280/2278
f 3280/2278 3250/2236 836/2241 3279/2279
f 3274/2273 3280/2278 3279/2279 843/2274
f 843/2274 3279/2279 3282/2280 3281/2281
f 3279/2279 836/2241 3259/2252 3282/2280
f 3282/2280 3259/2252 14/1960 3042/1958
f 3281/2281 3282/2280 3042/1958 780/1953
f 842/2276 3275/2275 3284/2282 3283/2283
f 3275/2275 843/2274 3281/2281 3284/2282
f 3284/2282 3281/2281 780/1953 3037/1950
f 3283/2283 3284/2282 3037/1950 65/1949
f 87/2284 3285/2285 3289/2286 3288/2287
f 3285/2285 844/2288 3286/2289 3289/2286
f 3289/2286 3286/2289 846/2290 3287/2291
f 3288/2287 3289/2286 3287/2291 845/2292
f 844/2288 3290/2293 3292/2294 3286/2289
f 3290/2293 11/2268 3276/2271 3292/2294
f 3292/2294 3276/2271 842/2276 3291/2295
f 3286/2289 3292/2294 3291/2295 846/2290
f 846/2290 3291/2295 3294/2296 3293/2297
f 3291/2295 842/2276 3283/2283 3294/2296
f 3294/2296 3283/2283 65/1949 3056/1978
f 3293/2297 3294/2296 3056/1978 784/1973
f 845/2292 3287/2291 3296/2298 3295/2299
f 3287/2291 846/2290 3293/2297 3296/2298
f 3296/2298 3293/2297 784/1973 3051/1970
f 3295/2299 3296/2298 3051/1970 1/1969
f 66/2233 3278/2277 3299/2300 3271/2267
f 3278/2277 841/2272 3297/2301 3299/2300
f 3299/2300 3297/2301 848/2302 3298/2303
f 3271/2267 3299/2300 3298/2303 839/2258
f 841/2272 3273/2269 3302/2304 3297/2301
f 3273/2269 11/2268 3300/2305 3302/2304
f 3302/2304 3300/2305 847/2306 3301/2307
f 3297/2301 3302/2304 3301/2307 848/2302
f 848/2302 3301/2307 3305/2308 3304/2309
f 3301/2307 847/2306 3303/2310 3305/2308
f 3305/2308 3303/2310 12/2200 3220/2199
f 3304/2309 3305/2308 3220/2199 825/2196
f 839/2258 3298/2303 3306/2311 3263/2254
f 3298/2303 848/2302 3304/2309 3306/2311
f 3306/2311 3304/2309 825/2196 3217/2195
f 3263/2254 3306/2311 3217/2195 69/2194
f 87/2284 3307/2312 3310/2313 3285/2285
f 3307/2312 849/2314 3308/2315 3310/2313
f 3310/2313 3308/2315 850/2316 3309/2317
f 3285/2285 3310/2313 3309/2317 844/2288
f 849/2314 3311/2318 3313/2319 3308/2315
f 3311/2318 88/2212 3229/2211 3313/2319
f 3313/2319 3229/2211 828/2207 3312/2320
f 3308/2315 3313/2319 3312/2320 850/2316
f 850/2316 3312/2320 3315/2321 3314/2322
f 3312/2320 828/2207 3226/2206 3315/2321
f 3315/2321 3226/2206 12/2200 3303/2310
f 3314/2322 3315/2321 3303/2310 847/2306
f 844/2288 3309/2317 3316/2323 3290/2293
f 3309/2317 850/2316 3314/2322 3316/2323
f 3316/2323 3314/2322 847/2306 3300/2305
f 3290/2293 3316/2323 3300/2305 11/2268
f 92/2324 3317/2325 3321/2326 3320/2327
f 3317/2325 851/2328 3318/2329 3321/2326
f 3321/2326 3318/2329 853/2330 3319/2331
f 3320/2327 3321/2326 3319/2331 852/2332
f 851/2328 3322/2333 3324/2334 3318/2329
f 3322/2333 100/2144 3179/2143 3324/2334
f 3324/2334 3179/2143 815/2139 3323/2335
f 3318/2329 3324/2334 3323/2335 853/2330
f 853/2330 3323/2335 3326/2336 3325/2337
f 3323/2335 815/2139 3176/2138 3326/2336
f 3326/2336 3176/2138 90/2137 3233/2216
f 3325/2337 3326/2336 3233/2216 829/2214
f 852/2332 3319/2331 3328/2338 3327/2339
f 3319/2331 853/2330 3325/2337 3328/2338
f 3328/2338 3325/2337 829/2214 3230/2213
f 3327/2339 3328/2338 3230/2213 88/2212
f 78/2340 3329/2341 3333/2342 3332/2343
f 3329/2341 854/2344 3330/2345 3333/2342
f 3333/2342 3330/2345 856/2346 3331/2347
f 3332/2343 3333/2342 3331/2347 855/2348
f 854/2344 3334/2349 3336/2350 3330/2345
f 3334/2349 92/2324 3320/2327 3336/2350
f 3336/2350 3320/2327 852/2332 3335/2351
f 3330/2345 3336/2350 3335/2351 856/2346
f 856/2346 3335/2351 3338/2352 3337/2353
f 3335/2351 852/2332 3327/2339 3338/2352
f 3338/2352 3327/2339 88/2212 3311/2318
f 3337/2353 3338/2352 3311/2318 849/2314
f 855/2348 3331/2347 3340/2354 3339/2355
f 3331/2347 856/2346 3337/2353 3340/2354
f 3340/2354 3337/2353 849/2314 3307/2312
f 3339/2355 3340/2354 3307/2312 87/2284
f 92/2324 3341/2356 3344/2357 3317/2325
f 3341/2356 857/2358 3342/2359 3344/2357
f 3344/2357 3342/2359 859/2360 3343/2361
f 3317/2325 3344/2357 3343/2361 851/2328
f 857/2358 3345/2362 3348/2363 3342/2359
f 3345/2362 97/2364 3346/2365 3348/2363
f 3348/2363 3346/2365 858/2366 3347/2367
f 3342/2359 3348/2363 3347/2367 859/2360
f 859/2360 3347/2367 3351/2368 3350/2369
f 3347/2367 858/2366 3349/2370 3351/2368
f 3351/2368 3349/2370 101/2162 3192/2161
f 3350/2369 3351/2368 3192/2161 818/2157
f 851/2328 3343/2361 3352/2371 3322/2333
f 3343/2361 859/2360 3350/2369 3352/2371
f 3352/2371 3350/2369 818/2157 3189/2156
f 3322/2333 3352/2371 3189/2156 100/2144
f 102/2168 3196/2167 3356/2372 3355/2373
f 3196/2167 819/2164 3353/2374 3356/2372
f 3356/2372 3353/2374 863/2375 3354/2376
f 3355/2373 3356/2372 3354/2376 862/2377
f 819/2164 3193/2163 3359/2378 3353/2374
f 3193/2163 101/2162 3357/2379 3359/2378
f 3359/2378 3357/2379 860/2380 3358/2381
f 3353/2374 3359/2378 3358/2381 863/2375
f 863/2375 3358/2381 3363/2382 3362/2383
f 3358/2381 860/2380 3360/2384 3363/2382
f 3363/2382 3360/2384 99/2385 3361/2386
f 3362/2383 3363/2382 3361/2386 861/2387
f 862/2377 3354/2376 3366/2388 3365/2389
f 3354/2376 863/2375 3362/2383 3366/2388
f 3366/2388 3362/2383 861/2387 3364/2390
f 3365/2389 3366/2388 3364/2390 104/2391
f 97/2364 3367/2392 3370/2393 3346/2365
f 3367/2392 864/2394 3368/2395 3370/2393
f 3370/2393 3368/2395 866/2396 3369/2397
f 3346/2365 3370/2393 3369/2397 858/2366
f 864/2394 3371/2398 3374/2399 3368/2395
f 3371/2398 98/2400 3372/2401 3374/2399
f 3374/2399 3372/2401 865/2402 3373/2403
f 3368/2395 3374/2399 3373/2403 866/2396
f 866/2396 3373/2403 3377/2404 3376/2405
f 3373/2403 865/2402 3375/2406 3377/2404
f 3377/2404 3375/2406 99/2385 3360/2384
f 3376/2405 3377/2404 3360/2384 860/2380
f 858/2366 3369/2397 3378/2407 3349/2370
f 3369/2397 866/2396 3376/2405 3378/2407
f 3378/2407 3376/2405 860/2380 3357/2379
f 3349/2370 3378/2407 3357/2379 101/2162
f 106/2408 3379/2409 3383/2410 3382/2411
f 3379/2409 867/2412 3380/2413 3383/2410
f 3383/2410 3380/2413 871/2414 3381/2415
f 3382/2411 3383/2410 3381/2415 870/2416
f 867/2412 3384/2417 3387/2418 3380/2413
f 3384/2417 105/2419 3385/2420 3387/2418
f 3387/2418 3385/2420 868/2421 3386/2422
f 3380/2413 3387/2418 3386/2422 871/2414
f 871/2414 3386/2422 3391/2423 3390/2424
f 3386/2422 868/2421 3388/2425 3391/2423
f 3391/2423 3388/2425 96/2426 3389/2427
f 3390/2424 3391/2423 3389/2427 869/2428
f 870/2416 3381/2415 3394/2429 3393/2430
f 3381/2415 871/2414 3390/2424 3394/2429
f 3394/2429 3390/2424 869/2428 3392/2431
f 3393/2430 3394/2429 3392/2431 305/1187
f 93/1193 2488/1192 3398/2432 3397/2433
f 2488/1192 630/1189 3395/2434 3398/2432
f 3398/2432 3395/2434 874/2435 3396/2436
f 3397/2433 3398/2432 3396/2436 873/2437
f 630/1189 2485/1188 3400/2438 3395/2434
f 2485/1188 305/1187 3392/2431 3400/2438
f 3400/2438 3392/2431 869/2428 3399/2439
f 3395/2434 3400/2438 3399/2439 874/2435
f 874/2435 3399/2439 3403/2440 3402/2441
f 3399/2439 869/2428 3389/2427 3403/2440
f 3403/2440 3389/2427 96/2426 3401/2442
f 3402/2441 3403/2440 3401/2442 872/2443
f 873/2437 3396/2436 3406/2444 3405/2445
f 3396/2436 874/2435 3402/2441 3406/2444
f 3406/2444 3402/2441 872/2443 3404/2446
f 3405/2445 3406/2444 3404/2446 95/2447
f 92/2324 3407/2448 3410/2449 3341/2356
f 3407/2448 875/2450 3408/2451 3410/2449
f 3410/2449 3408/2451 877/2452 3409/2453
f 3341/2356 3410/2449 3409/2453 857/2358
f 875/2450 3411/2454 3413/2455 3408/2451
f 3411/2454 94/1173 2479/1175 3413/2455
f 3413/2455 2479/1175 631/1179 3412/2456
f 3408/2451 3413/2455 3412/2456 877/2452
f 877/2452 3412/2456 3416/2457 3415/2458
f 3412/2456 631/1179 2489/1191 3416/2457
f 3416/2457 2489/1191 93/1193 3414/2459
f 3415/2458 3416/2457 3414/2459 876/2460
f 857/2358 3409/2453 3418/2461 3345/2362
f 3409/2453 877/2452 3415/2458 3418/2461
f 3418/2461 3415/2458 876/2460 3417/2462
f 3345/2362 3418/2461 3417/2462 97/2364
f 93/1193 3397/2433 3421/2463 3414/2459
f 3397/2433 873/2437 3419/2464 3421/2463
f 3421/2463 3419/2464 879/2465 3420/2466
f 3414/2459 3421/2463 3420/2466 876/2460
f 873/2437 3405/2445 3424/2467 3419/2464
f 3405/2445 95/2447 3422/2468 3424/2467
f 3424/2467 3422/2468 878/2469 3423/2470
f 3419/2464 3424/2467 3423/2470 879/2465
f 879/2465 3423/2470 3427/2471 3426/2472
f 3423/2470 878/2469 3425/2473 3427/2471
f 3427/2471 3425/2473 98/2400 3371/2398
f 3426/2472 3427/2471 3371/2398 864/2394
f 876/2460 3420/2466 3428/2474 3417/2462
f 3420/2466 879/2465 3426/2472 3428/2474
f 3428/2474 3426/2472 864/2394 3367/2392
f 3417/2462 3428/2474 3367/2392 97/2364
f 307/1157 2467/1159 3432/2475 3431/2476
f 2467/1159 627/1163 3429/2477 3432/2475
f 3432/2475 3429/2477 883/2478 3430/2479
f 3431/2476 3432/2475 3430/2479 882/2480
f 627/1163 2475/1171 3435/2481 3429/2477
f 2475/1171 94/1173 3433/2482 3435/2481
f 3435/2481 3433/2482 880/2483 3434/2484
f 3429/2477 3435/2481 3434/2484 883/2478
f 883/2478 3434/2484 3439/2485 3438/2486
f 3434/2484 880/2483 3436/2487 3439/2485
f 3439/2485 3436/2487 80/2488 3437/2489
f 3438/2486 3439/2485 3437/2489 881/2490
f 882/2480 3430/2479 3442/2491 3441/2492
f 3430/2479 883/2478 3438/2486 3442/2491
f 3442/2491 3438/2486 881/2490 3440/2493
f 3441/2492 3442/2491 3440/2493 296/2494
f 94/1173 3411/2454 3445/2495 3433/2482
f 3411/2454 875/2450 3443/2496 3445/2495
f 3445/2495 3443/2496 885/2497 3444/2498
f 3433/2482 3445/2495 3444/2498 880/2483
f 875/2450 3407/2448 3447/2499 3443/2496
f 3407/2448 92/2324 3334/2349 3447/2499
f 3447/2499 3334/2349 854/2344 3446/2500
f 3443/2496 3447/2499 3446/2500 885/2497
f 885/2497 3446/2500 3450/2501 3449/2502
f 3446/2500 854/2344 3329/2341 3450/2501
f 3450/2501 3329/2341 78/2340 3448/2503
f 3449/2502 3450/2501 3448/2503 884/2504
f 880/2483 3444/2498 3452/2505 3436/2487
f 3444/2498 885/2497 3449/2502 3452/2505
f 3452/2505 3449/2502 884/2504 3451/2506
f 3436/2487 3452/2505 3451/2506 80/2488
f 297/2507 3453/2508 3457/2509 3456/2510
f 3453/2508 886/2511 3454/2512 3457/2509
f 3457/2509 3454/2512 888/2513 3455/2514
f 3456/2510 3457/2509 3455/2514 887/2515
f 886/2511 3458/2516 3460/2517 3454/2512
f 3458/2516 310/1141 2455/1143 3460/2517
f 3460/2517 2455/1143 624/1147 3459/2518
f 3454/2512 3460/2517 3459/2518 888/2513
f 888/2513 3459/2518 3462/2519 3461/2520
f 3459/2518 624/1147 2463/1155 3462/2519
f 3462/2519 2463/1155 307/1157 3431/2476
f 3461/2520 3462/2519 3431/2476 882/2480
f 887/2515 3455/2514 3464/2521 3463/2522
f 3455/2514 888/2513 3461/2520 3464/2521
f 3464/2521 3461/2520 882/2480 3441/2492
f 3463/2522 3464/2521 3441/2492 296/2494
f 310/1141 3458/2516 3467/2523 2451/1139
f 3458/2516 886/2511 3465/2524 3467/2523
f 3467/2523 3465/2524 891/2525 3466/2526
f 2451/1139 3467/2523 3466/2526 621/1131
f 886/2511 3453/2508 3470/2527 3465/2524
f 3453/2508 297/2507 3468/2528 3470/2527
f 3470/2527 3468/2528 889/2529 3469/2530
f 3465/2524 3470/2527 3469/2530 891/2525
f 891/2525 3469/2530 3474/2531 3473/2532
f 3469/2530 889/2529 3471/2533 3474/2531
f 3474/2531 3471/2533 304/2534 3472/2535
f 3473/2532 3474/2531 3472/2535 890/2536
f 621/1131 3466/2526 3476/2537 2443/1127
f 3466/2526 891/2525 3473/2532 3476/2537
f 3476/2537 3473/2532 890/2536 3475/2538
f 2443/1127 3476/2537 3475/2538 316/1114
f 304/2534 3477/2539 3480/2540 3472/2535
f 3477/2539 892/2541 3478/2542 3480/2540
f 3480/2540 3478/2542 894/2543 3479/2544
f 3472/2535 3480/2540 3479/2544 890/2536
f 892/2541 3481/2545 3484/2546 3478/2542
f 3481/2545 317/2547 3482/2548 3484/2546
f 3484/2546 3482/2548 893/2549 3483/2550
f 3478/2542 3484/2546 3483/2550 894/2543
f 894/2543 3483/2550 3487/2551 3486/2552
f 3483/2550 893/2549 3485/2553 3487/2551
f 3487/2551 3485/2553 318/1121 2435/1120
f 3486/2552 3487/2551 2435/1120 617/1116
f 890/2536 3479/2544 3488/2554 3475/2538
f 3479/2544 894/2543 3486/2552 3488/2554
f 3488/2554 3486/2552 617/1116 2432/1115
f 3475/2538 3488/2554 2432/1115 316/1114
f 317/2547 3481/2545 3492/2555 3491/2556
f 3481/2545 892/2541 3489/2557 3492/2555
f 3492/2555 3489/2557 898/2558 3490/2559
f 3491/2556 3492/2555 3490/2559 897/2560
f 892/2541 3477/2539 3495/2561 3489/2557
f 3477/2539 304/2534 3493/2562 3495/2561
f 3495/2561 3493/2562 895/2563 3494/2564
f 3489/2557 3495/2561 3494/2564 898/2558
f 898/2558 3494/2564 3499/2565 3498/2566
f 3494/2564 895/2563 3496/2567 3499/2565
f 3499/2565 3496/2567 302/2568 3497/2569
f 3498/2566 3499/2565 3497/2569 896/2570
f 897/2560 3490/2559 3502/2571 3501/2572
f 3490/2559 898/2558 3498/2566 3502/2571
f 3502/2571 3498/2566 896/2570 3500/2573
f 3501/2572 3502/2571 3500/2573 303/2574
f 304/2534 3471/2533 3505/2575 3493/2562
f 3471/2533 889/2529 3503/2576 3505/2575
f 3505/2575 3503/2576 901/2577 3504/2578
f 3493/2562 3505/2575 3504/2578 895/2563
f 889/2529 3468/2528 3508/2579 3503/2576
f 3468/2528 297/2507 3506/2580 3508/2579
f 3508/2579 3506/2580 899/2581 3507/2582
f 3503/2576 3508/2579 3507/2582 901/2577
f 901/2577 3507/2582 3512/2583 3511/2584
f 3507/2582 899/2581 3509/2585 3512/2583
f 3512/2583 3509/2585 300/2586 3510/2587
f 3511/2584 3512/2583 3510/2587 900/2588
f 895/2563 3504/2578 3514/2589 3496/2567
f 3504/2578 901/2577 3511/2584 3514/2589
f 3514/2589 3511/2584 900/2588 3513/2590
f 3496/2567 3514/2589 3513/2590 302/2568
f 297/2507 3456/2510 3517/2591 3506/2580
f 3456/2510 887/2515 3515/2592 3517/2591
f 3517/2591 3515/2592 904/2593 3516/2594
f 3506/2580 3517/2591 3516/2594 899/2581
f 887/2515 3463/2522 3520/2595 3515/2592
f 3463/2522 296/2494 3518/2596 3520/2595
f 3520/2595 3518/2596 902/2597 3519/2598
f 3515/2592 3520/2595 3519/2598 904/2593
f 904/2593 3519/2598 3524/2599 3523/2600
f 3519/2598 902/2597 3521/2601 3524/2599
f 3524/2599 3521/2601 295/2602 3522/2603
f 3523/2600 3524/2599 3522/2603 903/2604
f 899/2581 3516/2594 3526/2605 3509/2585
f 3516/2594 904/2593 3523/2600 3526/2605
f 3526/2605 3523/2600 903/2604 3525/2606
f 3509/2585 3526/2605 3525/2606 300/2586
f 79/2607 3527/2608 3531/2609 3530/2610
f 3527/2608 905/2611 3528/2612 3531/2609
f 3531/2609 3528/2612 907/2613 3529/2614
f 3530/2610 3531/2609 3529/2614 906/2615
f 905/2611 3532/2616 3534/2617 3528/2612
f 3532/2616 295/2602 3521/2601 3534/2617
f 3534/2617 3521/2601 902/2597 3533/2618
f 3528/2612 3534/2617 3533/2618 907/2613
f 907/2613 3533/2618 3536/2619 3535/2620
f 3533/2618 902/2597 3518/2596 3536/2619
f 3536/2619 3518/2596 296/2494 3440/2493
f 3535/2620 3536/2619 3440/2493 881/2490
f 906/2615 3529/2614 3538/2621 3537/2622
f 3529/2614 907/2613 3535/2620 3538/2621
f 3538/2621 3535/2620 881/2490 3437/2489
f 3537/2622 3538/2621 3437/2489 80/2488
f 80/2488 3451/2506 3541/2623 3537/2622
f 3451/2506 884/2504 3539/2624 3541/2623
f 3541/2623 3539/2624 910/2625 3540/2626
f 3537/2622 3541/2623 3540/2626 906/2615
f 884/2504 3448/2503 3544/2627 3539/2624
f 3448/2503 78/2340 3542/2628 3544/2627
f 3544/2627 3542/2628 908/2629 3543/2630
f 3539/2624 3544/2627 3543/2630 910/2625
f 910/2625 3543/2630 3548/2631 3547/2632
f 3543/2630 908/2629 3545/2633 3548/2631
f 3548/2631 3545/2633 77/2634 3546/2635
f 3547/2632 3548/2631 3546/2635 909/2636
f 906/2615 3540/2626 3550/2637 3530/2610
f 3540/2626 910/2625 3547/2632 3550/2637
f 3550/2637 3547/2632 909/2636 3549/2638
f 3530/2610 3550/2637 3549/2638 79/2607
f 1/1969 3551/2639 3554/2640 3295/2299
f 3551/2639 911/2641 3552/2642 3554/2640
f 3554/2640 3552/2642 912/2643 3553/2644
f 3295/2299 3554/2640 3553/2644 845/2292
f 911/2641 3555/2645 3557/2646 3552/2642
f 3555/2645 77/2634 3545/2633 3557/2646
f 3557/2646 3545/2633 908/2629 3556/2647
f 3552/2642 3557/2646 3556/2647 912/2643
f 912/2643 3556/2647 3559/2648 3558/2649
f 3556/2647 908/2629 3542/2628 3559/2648
f 3559/2648 3542/2628 78/2340 3332/2343
f 3558/2649 3559/2648 3332/2343 855/2348
f 845/2292 3553/2644 3560/2650 3288/2287
f 3553/2644 912/2643 3558/2649 3560/2650
f 3560/2650 3558/2649 855/2348 3339/2355
f 3288/2287 3560/2650 3339/2355 87/2284
f 77/2634 3555/2645 3564/2651 3563/2652
f 3555/2645 911/2641 3561/2653 3564/2651
f 3564/2651 3561/2653 915/2654 3562/2655
f 3563/2652 3564/2651 3562/2655 914/2656
f 911/2641 3551/2639 3566/2657 3561/2653
f 3551/2639 1/1969 3054/1972 3566/2657
f 3566/2657 3054/1972 785/1977 3565/2658
f 3561/2653 3566/2657 3565/2658 915/2654
f 915/2654 3565/2658 3569/2659 3568/2660
f 3565/2658 785/1977 3061/1984 3569/2659
f 3569/2659 3061/1984 10/1933 3567/2661
f 3568/2660 3569/2659 3567/2661 913/2662
f 914/2656 3562/2655 3572/2663 3571/2664
f 3562/2655 915/2654 3568/2660 3572/2663
f 3572/2663 3568/2660 913/2662 3570/2665
f 3571/2664 3572/2663 3570/2665 8/2666
f 8/2666 3573/2667 3576/2668 3571/2664
f 3573/2667 916/2669 3574/2670 3576/2668
f 3576/2668 3574/2670 918/2671 3575/2672
f 3571/2664 3576/2668 3575/2672 914/2656
f 916/2669 3577/2673 3580/2674 3574/2670
f 3577/2673 82/2675 3578/2676 3580/2674
f 3580/2674 3578/2676 917/2677 3579/2678
f 3574/2670 3580/2674 3579/2678 918/2671
f 918/2671 3579/2678 3583/2679 3582/2680
f 3579/2678 917/2677 3581/2681 3583/2679
f 3583/2679 3581/2681 79/2607 3549/2638
f 3582/2680 3583/2679 3549/2638 909/2636
f 914/2656 3575/2672 3584/2682 3563/2652
f 3575/2672 918/2671 3582/2680 3584/2682
f 3584/2682 3582/2680 909/2636 3546/2635
f 3563/2652 3584/2682 3546/2635 77/2634
f 295/2602 3532/2616 3588/2683 3587/2684
f 3532/2616 905/2611 3585/2685 3588/2683
f 3588/2683 3585/2685 921/2686 3586/2687
f 3587/2684 3588/2683 3586/2687 920/2688
f 905/2611 3527/2608 3590/2689 3585/2685
f 3527/2608 79/2607 3581/2681 3590/2689
f 3590/2689 3581/2681 917/2677 3589/2690
f 3585/2685 3590/2689 3589/2690 921/2686
f 921/2686 3589/2690 3593/2691 3592/2692
f 3589/2690 917/2677 3578/2676 3593/2691
f 3593/2691 3578/2676 82/2675 3591/2693
f 3592/2692 3593/2691 3591/2693 919/2694
f 920/2688 3586/2687 3596/2695 3595/2696
f 3586/2687 921/2686 3592/2692 3596/2695
f 3596/2695 3592/2692 919/2694 3594/2697
f 3595/2696 3596/2695 3594/2697 85/2698
f 85/2698 3597/2699 3600/2700 3595/2696
f 3597/2699 922/2701 3598/2702 3600/2700
f 3600/2700 3598/2702 924/2703 3599/2704
f 3595/2696 3600/2700 3599/2704 920/2688
f 922/2701 3601/2705 3604/2706 3598/2702
f 3601/2705 298/2707 3602/2708 3604/2706
f 3604/2706 3602/2708 923/2709 3603/2710
f 3598/2702 3604/2706 3603/2710 924/2703
f 924/2703 3603/2710 3607/2711 3606/2712
f 3603/2710 923/2709 3605/2713 3607/2711
f 3607/2711 3605/2713 300/2586 3525/2606
f 3606/2712 3607/2711 3525/2606 903/2604
f 920/2688 3599/2704 3608/2714 3587/2684
f 3599/2704 924/2703 3606/2712 3608/2714
f 3608/2714 3606/2712 903/2604 3522/2603
f 3587/2684 3608/2714 3522/2603 295/2602
f 302/2568 3513/2590 3612/2715 3611/2716
f 3513/2590 900/2588 3609/2717 3612/2715
f 3612/2715 3609/2717 927/2718 3610/2719
f 3611/2716 3612/2715 3610/2719 926/2720
f 900/2588 3510/2587 3614/2721 3609/2717
f 3510/2587 300/2586 3605/2713 3614/2721
f 3614/2721 3605/2713 923/2709 3613/2722
f 3609/2717 3614/2721 3613/2722 927/2718
f 927/2718 3613/2722 3617/2723 3616/2724
f 3613/2722 923/2709 3602/2708 3617/2723
f 3617/2723 3602/2708 298/2707 3615/2725
f 3616/2724 3617/2723 3615/2725 925/2726
f 926/2720 3610/2719 3620/2727 3619/2728
f 3610/2719 927/2718 3616/2724 3620/2727
f 3620/2727 3616/2724 925/2726 3618/2729
f 3619/2728 3620/2727 3618/2729 299/2730
f 303/2574 3500/2573 3624/2731 3623/2732
f 3500/2573 896/2570 3621/2733 3624/2731
f 3624/2731 3621/2733 930/2734 3622/2735
f 3623/2732 3624/2731 3622/2735 929/2736
f 896/2570 3497/2569 3626/2737 3621/2733
f 3497/2569 302/2568 3611/2716 3626/2737
f 3626/2737 3611/2716 926/2720 3625/2738
f 3621/2733 3626/2737 3625/2738 930/2734
f 930/2734 3625/2738 3629/2739 3628/2740
f 3625/2738 926/2720 3619/2728 3629/2739
f 3629/2739 3619/2728 299/2730 3627/2741
f 3628/2740 3629/2739 3627/2741 928/2742
f 929/2736 3622/2735 3632/2743 3631/2744
f 3622/2735 930/2734 3628/2740 3632/2743
f 3632/2743 3628/2740 928/2742 3630/2745
f 3631/2744 3632/2743 3630/2745 301/2746
f 84/2747 3633/2748 3637/2749 3636/2750
f 3633/2748 931/2751 3634/2752 3637/2749
f 3637/2749 3634/2752 933/2753 3635/2754
f 3636/2750 3637/2749 3635/2754 932/2755
f 931/2751 3638/2756 3640/2757 3634/2752
f 3638/2756 299/2730 3618/2729 3640/2757
f 3640/2757 3618/2729 925/2726 3639/2758
f 3634/2752 3640/2757 3639/2758 933/2753
f 933/2753 3639/2758 3642/2759 3641/2760
f 3639/2758 925/2726 3615/2725 3642/2759
f 3642/2759 3615/2725 298/2707 3601/2705
f 3641/2760 3642/2759 3601/2705 922/2701
f 932/2755 3635/2754 3644/2761 3643/2762
f 3635/2754 933/2753 3641/2760 3644/2761
f 3644/2761 3641/2760 922/2701 3597/2699
f 3643/2762 3644/2761 3597/2699 85/2698
f 86/2763 3645/2764 3649/2765 3648/2766
f 3645/2764 934/2767 3646/2768 3649/2765
f 3649/2765 3646/2768 936/2769 3647/2770
f 3648/2766 3649/2765 3647/2770 935/2771
f 934/2767 3650/2772 3652/2773 3646/2768
f 3650/2772 301/2746 3630/2745 3652/2773
f 3652/2773 3630/2745 928/2742 3651/2774
f 3646/2768 3652/2773 3651/2774 936/2769
f 936/2769 3651/2774 3654/2775 3653/2776
f 3651/2774 928/2742 3627/2741 3654/2775
f 3654/2775 3627/2741 299/2730 3638/2756
f 3653/2776 3654/2775 3638/2756 931/2751
f 935/2771 3647/2770 3656/2777 3655/2778
f 3647/2770 936/2769 3653/2776 3656/2777
f 3656/2777 3653/2776 931/2751 3633/2748
f 3655/2778 3656/2777 3633/2748 84/2747
f 81/2779 3657/2780 3661/2781 3660/2782
f 3657/2780 937/2783 3658/2784 3661/2781
f 3661/2781 3658/2784 939/2785 3659/2786
f 3660/2782 3661/2781 3659/2786 938/2787
f 937/2783 3662/2788 3664/2789 3658/2784
f 3662/2788 84/2747 3636/2750 3664/2789
f 3664/2789 3636/2750 932/2755 3663/2790
f 3658/2784 3664/2789 3663/2790 939/2785
f 939/2785 3663/2790 3666/2791 3665/2792
f 3663/2790 932/2755 3643/2762 3666/2791
f 3666/2791 3643/2762 85/2698 3594/2697
f 3665/2792 3666/2791 3594/2697 919/2694
f 938/2787 3659/2786 3668/2793 3667/2794
f 3659/2786 939/2785 3665/2792 3668/2793
f 3668/2793 3665/2792 919/2694 3591/2693
f 3667/2794 3668/2793 3591/2693 82/2675
f 7/2795 3669/2796 3673/2797 3672/2798
f 3669/2796 940/2799 3670/2800 3673/2797
f 3673/2797 3670/2800 942/2801 3671/2802
f 3672/2798 3673/2797 3671/2802 941/2803
f 940/2799 3674/2804 3676/2805 3670/2800
f 3674/2804 81/2779 3660/2782 3676/2805
f 3676/2805 3660/2782 938/2787 3675/2806
f 3670/2800 3676/2805 3675/2806 942/2801
f 942/2801 3675/2806 3678/2807 3677/2808
f 3675/2806 938/2787 3667/2794 3678/2807
f 3678/2807 3667/2794 82/2675 3577/2673
f 3677/2808 3678/2807 3577/2673 916/2669
f 941/2803 3671/2802 3680/2809 3679/2810
f 3671/2802 942/2801 3677/2808 3680/2809
f 3680/2809 3677/2808 916/2669 3573/2667
f 3679/2810 3680/2809 3573/2667 8/2666
f 8/2666 3570/2665 3683/2811 3679/2810
f 3570/2665 913/2662 3681/2812 3683/2811
f 3683/2811 3681/2812 944/2813 3682/2814
f 3679/2810 3683/2811 3682/2814 941/2803
f 913/2662 3567/2661 3685/2815 3681/2812
f 3567/2661 10/1933 3028/1936 3685/2815
f 3685/2815 3028/1936 778/1941 3684/2816
f 3681/2812 3685/2815 3684/2816 944/2813
f 944/2813 3684/2816 3688/2817 3687/2818
f 3684/2816 778/1941 3035/1948 3688/2817
f 3688/2817 3035/1948 5/1924 3686/2819
f 3687/2818 3688/2817 3686/2819 943/2820
f 941/2803 3682/2814 3690/2821 3672/2798
f 3682/2814 944/2813 3687/2818 3690/2821
f 3690/2821 3687/2818 943/2820 3689/2822
f 3672/2798 3690/2821 3689/2822 7/2795
f 5/1924 3016/1922 3693/2823 3686/2819
f 3016/1922 773/1917 3691/2824 3693/2823
f 3693/2823 3691/2824 947/2825 3692/2826
f 3686/2819 3693/2823 3692/2826 943/2820
f 773/1917 3011/1914 3696/2827 3691/2824
f 3011/1914 6/1913 3694/2828 3696/2827
f 3696/2827 3694/2828 945/2829 3695/2830
f 3691/2824 3696/2827 3695/2830 947/2825
f 947/2825 3695/2830 3700/2831 3699/2832
f 3695/2830 945/2829 3697/2833 3700/2831
f 3700/2831 3697/2833 9/2834 3698/2835
f 3699/2832 3700/2831 3698/2835 946/2836
f 943/2820 3692/2826 3702/2837 3689/2822
f 3692/2826 947/2825 3699/2832 3702/2837
f 3702/2837 3699/2832 946/2836 3701/2838
f 3689/2822 3702/2837 3701/2838 7/2795
f 81/2779 3674/2804 3706/2839 3705/2840
f 3674/2804 940/2799 3703/2841 3706/2839
f 3706/2839 3703/2841 950/2842 3704/2843
f 3705/2840 3706/2839 3704/2843 949/2844
f 940/2799 3669/2796 3708/2845 3703/2841
f 3669/2796 7/2795 3701/2838 3708/2845
f 3708/2845 3701/2838 946/2836 3707/2846
f 3703/2841 3708/2845 3707/2846 950/2842
f 950/2842 3707/2846 3711/2847 3710/2848
f 3707/2846 946/2836 3698/2835 3711/2847
f 3711/2847 3698/2835 9/2834 3709/2849
f 3710/2848 3711/2847 3709/2849 948/2850
f 949/2844 3704/2843 3714/2851 3713/2852
f 3704/2843 950/2842 3710/2848 3714/2851
f 3714/2851 3710/2848 948/2850 3712/2853
f 3713/2852 3714/2851 3712/2853 83/2854
f 83/2854 3715/2855 3718/2856 3713/2852
f 3715/2855 951/2857 3716/2858 3718/2856
f 3718/2856 3716/2858 952/2859 3717/2860
f 3713/2852 3718/2856 3717/2860 949/2844
f 951/2857 3719/2861 3721/2862 3716/2858
f 3719/2861 86/2763 3648/2766 3721/2862
f 3721/2862 3648/2766 935/2771 3720/2863
f 3716/2858 3721/2862 3720/2863 952/2859
f 952/2859 3720/2863 3723/2864 3722/2865
f 3720/2863 935/2771 3655/2778 3723/2864
f 3723/2864 3655/2778 84/2747 3662/2788
f 3722/2865 3723/2864 3662/2788 937/2783
f 949/2844 3717/2860 3724/2866 3705/2840
f 3717/2860 952/2859 3722/2865 3724/2866
f 3724/2866 3722/2865 937/2783 3657/2780
f 3705/2840 3724/2866 3657/2780 81/2779
f 99/2385 3375/2406 3728/2867 3727/2868
f 3375/2406 865/2402 3725/2869 3728/2867
f 3728/2867 3725/2869 954/2870 3726/2871
f 3727/2868 3728/2867 3726/2871 953/2872
f 865/2402 3372/2401 3730/2873 3725/2869
f 3372/2401 98/2400 3425/2473 3730/2873
f 3730/2873 3425/2473 878/2469 3729/2874
f 3725/2869 3730/2873 3729/2874 954/2870
f 954/2870 3729/2874 3732/2875 3731/2876
f 3729/2874 878/2469 3422/2468 3732/2875
f 3732/2875 3422/2468 95/2447 3404/2446
f 3731/2876 3732/2875 3404/2446 872/2443
f 953/2872 3726/2871 3734/2877 3733/2878
f 3726/2871 954/2870 3731/2876 3734/2877
f 3734/2877 3731/2876 872/2443 3401/2442
f 3733/2878 3734/2877 3401/2442 96/2426
f 96/2426 3388/2425 3737/2879 3733/2878
f 3388/2425 868/2421 3735/2880 3737/2879
f 3737/2879 3735/2880 956/2881 3736/2882
f 3733/2878 3737/2879 3736/2882 953/2872
f 868/2421 3385/2420 3740/2883 3735/2880
f 3385/2420 105/2419 3738/2884 3740/2883
f 3740/2883 3738/2884 955/2885 3739/2886
f 3735/2880 3740/2883 3739/2886 956/2881
f 956/2881 3739/2886 3743/2887 3742/2888
f 3739/2886 955/2885 3741/2889 3743/2887
f 3743/2887 3741/2889 104/2391 3364/2390
f 3742/2888 3743/2887 3364/2390 861/2387
f 953/2872 3736/2882 3744/2890 3727/2868
f 3736/2882 956/2881 3742/2888 3744/2890
f 3744/2890 3742/2888 861/2387 3361/2386
f 3727/2868 3744/2890 3361/2386 99/2385
f 105/2419 3384/2417 3747/2891 3738/2884
f 3384/2417 867/2412 3745/2892 3747/2891
f 3747/2891 3745/2892 958/2893 3746/2894
f 3738/2884 3747/2891 3746/2894 955/2885
f 867/2412 3379/2409 3750/2895 3745/2892
f 3379/2409 106/2408 3748/2896 3750/2895
f 3750/2895 3748/2896 957/2897 3749/2898
f 3745/2892 3750/2895 3749/2898 958/2893
f 958/2893 3749/2898 3753/2899 3752/2900
f 3749/2898 957/2897 3751/2901 3753/2899
f 3753/2899 3751/2901 102/2168 3355/2373
f 3752/2900 3753/2899 3355/2373 862/2377
f 955/2885 3746/2894 3754/2902 3741/2889
f 3746/2894 958/2893 3752/2900 3754/2902
f 3754/2902 3752/2900 862/2377 3365/2389
f 3741/2889 3754/2902 3365/2389 104/2391
f 56/1550 2763/1567 3757/2903 2797/1617
f 2763/1567 706/1571 3755/2904 3757/2903
f 3757/2903 3755/2904 960/2905 3756/2906
f 2797/1617 3757/2903 3756/2906 713/1606
f 706/1571 2771/1579 3760/2907 3755/2904
f 2771/1579 49/1581 3758/2908 3760/2907
f 3760/2907 3758/2908 959/2909 3759/2910
f 3755/2904 3760/2907 3759/2910 960/2905
f 960/2905 3759/2910 3763/2911 3762/2912
f 3759/2910 959/2909 3761/2913 3763/2911
f 3763/2911 3761/2913 52/1649 2832/1666
f 3762/2912 3763/2911 2832/1666 723/1661
f 713/1606 3756/2906 3764/2914 2788/1601
f 3756/2906 960/2905 3762/2912 3764/2914
f 3764/2914 3762/2912 723/1661 2827/1658
f 2788/1601 3764/2914 2827/1658 47/1598
f 103/1213 3187/2150 3767/2915 2503/1211
f 3187/2150 820/2154 3765/2916 3767/2915
f 3767/2915 3765/2916 962/2917 3766/2918
f 2503/1211 3767/2915 3766/2918 635/1199
f 820/2154 3197/2166 3769/2919 3765/2916
f 3197/2166 102/2168 3751/2901 3769/2919
f 3769/2919 3751/2901 957/2897 3768/2920
f 3765/2916 3769/2919 3768/2920 962/2917
f 962/2917 3768/2920 3772/2921 3771/2922
f 3768/2920 957/2897 3748/2896 3772/2921
f 3772/2921 3748/2896 106/2408 3770/2923
f 3771/2922 3772/2921 3770/2923 961/2924
f 635/1199 3766/2918 3774/2925 2493/1195
f 3766/2918 962/2917 3771/2922 3774/2925
f 3774/2925 3771/2922 961/2924 3773/2926
f 2493/1195 3774/2925 3773/2926 108/1022
f 108/1022 3773/2926 3777/2927 2394/1063
f 3773/2926 961/2924 3775/2928 3777/2927
f 3777/2927 3775/2928 963/2929 3776/2930
f 2394/1063 3777/2927 3776/2930 607/1064
f 961/2924 3770/2923 3779/2931 3775/2928
f 3770/2923 106/2408 3382/2411 3779/2931
f 3779/2931 3382/2411 870/2416 3778/2932
f 3775/2928 3779/2931 3778/2932 963/2929
f 963/2929 3778/2932 3781/2933 3780/2934
f 3778/2932 870/2416 3393/2430 3781/2933
f 3781/2933 3393/2430 305/1187 2484/1186
f 3780/2934 3781/2933 2484/1186 629/1182
f 607/1064 3776/2930 3782/2935 2397/1068
f 3776/2930 963/2929 3780/2934 3782/2935
f 3782/2935 3780/2934 629/1182 2481/1181
f 2397/1068 3782/2935 2481/1181 306/1069
f 50/1637 2822/1655 3785/2936 2811/1635
f 2822/1655 720/1651 3783/2937 3785/2936
f 3785/2936 3783/2937 964/2938 3784/2939
f 2811/1635 3785/2936 3784/2939 717/1623
f 720/1651 2819/1650 3787/2940 3783/2937
f 2819/1650 52/1649 3761/2913 3787/2940
f 3787/2940 3761/2913 959/2909 3786/2941
f 3783/2937 3787/2940 3786/2941 964/2938
f 964/2938 3786/2941 3789/2942 3788/2943
f 3786/2941 959/2909 3758/2908 3789/2942
f 3789/2942 3758/2908 49/1581 2770/1580
f 3788/2943 3789/2942 2770/1580 705/1577
f 717/1623 3784/2939 3790/2944 2801/1619
f 3784/2939 964/2938 3788/2943 3790/2944
f 3790/2944 3788/2943 705/1577 2767/1576
f 2801/1619 3790/2944 2767/1576 62/1549
f 208/2945 3791/2946 3795/2947 3794/2948
f 3791/2946 965/2949 3792/2950 3795/2947
f 3795/2947 3792/2950 968/2951 3793/2952
f 3794/2948 3795/2947 3793/2952 967/2953
f 965/2949 3796/2954 3799/2955 3792/2950
f 3796/2954 205/2956 3797/2957 3799/2955
f 3799/2955 3797/2957 966/2958 3798/2959
f 3792/2950 3799/2955 3798/2959 968/2951
f 968/2951 3798/2959 3802/2960 3801/2961
f 3798/2959 966/2958 3800/2962 3802/2960
f 3802/2960 3800/2962 211/1389 2630/1388
f 3801/2961 3802/2960 2630/1388 668/1385
f 967/2953 3793/2952 3804/2963 3803/2964
f 3793/2952 968/2951 3801/2961 3804/2963
f 3804/2963 3801/2961 668/1385 2627/1384
f 3803/2964 3804/2963 2627/1384 212/1383
f 205/2956 3796/2954 3808/2965 3807/2966
f 3796/2954 965/2949 3805/2967 3808/2965
f 3808/2965 3805/2967 972/2968 3806/2969
f 3807/2966 3808/2965 3806/2969 971/2970
f 965/2949 3791/2946 3811/2971 3805/2967
f 3791/2946 208/2945 3809/2972 3811/2971
f 3811/2971 3809/2972 969/2973 3810/2974
f 3805/2967 3811/2971 3810/2974 972/2968
f 972/2968 3810/2974 3815/2975 3814/2976
f 3810/2974 969/2973 3812/2977 3815/2975
f 3815/2975 3812/2977 209/2978 3813/2979
f 3814/2976 3815/2975 3813/2979 970/2980
f 971/2970 3806/2969 3818/2981 3817/2982
f 3806/2969 972/2968 3814/2976 3818/2981
f 3818/2981 3814/2976 970/2980 3816/2983
f 3817/2982 3818/2981 3816/2983 206/2984
f 205/2956 3819/2985 3822/2986 3797/2957
f 3819/2985 973/2987 3820/2988 3822/2986
f 3822/2986 3820/2988 975/2989 3821/2990
f 3797/2957 3822/2986 3821/2990 966/2958
f 973/2987 3823/2991 3826/2992 3820/2988
f 3823/2991 202/2993 3824/2994 3826/2992
f 3826/2992 3824/2994 974/2995 3825/2996
f 3820/2988 3826/2992 3825/2996 975/2989
f 975/2989 3825/2996 3829/2997 3828/2998
f 3825/2996 974/2995 3827/2999 3829/2997
f 3829/2997 3827/2999 200/1405 2642/1404
f 3828/2998 3829/2997 2642/1404 671/1401
f 966/2958 3821/2990 3830/3000 3800/2962
f 3821/2990 975/2989 3828/2998 3830/3000
f 3830/3000 3828/2998 671/1401 2639/1400
f 3800/2962 3830/3000 2639/1400 211/1389
f 206/2984 3831/3001 3834/3002 3817/2982
f 3831/3001 976/3003 3832/3004 3834/3002
f 3834/3002 3832/3004 978/3005 3833/3006
f 3817/2982 3834/3002 3833/3006 971/2970
f 976/3003 3835/3007 3838/3008 3832/3004
f 3835/3007 203/3009 3836/3010 3838/3008
f 3838/3008 3836/3010 977/3011 3837/3012
f 3832/3004 3838/3008 3837/3012 978/3005
f 978/3005 3837/3012 3841/3013 3840/3014
f 3837/3012 977/3011 3839/3015 3841/3013
f 3841/3013 3839/3015 202/2993 3823/2991
f 3840/3014 3841/3013 3823/2991 973/2987
f 971/2970 3833/3006 3842/3016 3807/2966
f 3833/3006 978/3005 3840/3014 3842/3016
f 3842/3016 3840/3014 973/2987 3819/2985
f 3807/2966 3842/3016 3819/2985 205/2956
f 207/3017 3843/3018 3847/3019 3846/3020
f 3843/3018 979/3021 3844/3022 3847/3019
f 3847/3019 3844/3022 982/3023 3845/3024
f 3846/3020 3847/3019 3845/3024 981/3025
f 979/3021 3848/3026 3851/3027 3844/3022
f 3848/3026 210/3028 3849/3029 3851/3027
f 3851/3027 3849/3029 980/3030 3850/3031
f 3844/3022 3851/3027 3850/3031 982/3023
f 982/3023 3850/3031 3854/3032 3853/3033
f 3850/3031 980/3030 3852/3034 3854/3032
f 3854/3032 3852/3034 55/1523 2728/1522
f 3853/3033 3854/3032 2728/1522 694/1518
f 981/3025 3845/3024 3856/3035 3855/3036
f 3845/3024 982/3023 3853/3033 3856/3035
f 3856/3035 3853/3033 694/1518 2725/1517
f 3855/3036 3856/3035 2725/1517 64/1509
f 210/3028 3848/3026 3860/3037 3859/3038
f 3848/3026 979/3021 3857/3039 3860/3037
f 3860/3037 3857/3039 985/3040 3858/3041
f 3859/3038 3860/3037 3858/3041 984/3042
f 979/3021 3843/3018 3863/3043 3857/3039
f 3843/3018 207/3017 3861/3044 3863/3043
f 3863/3043 3861/3044 983/3045 3862/3046
f 3857/3039 3863/3043 3862/3046 985/3040
f 985/3040 3862/3046 3866/3047 3865/3048
f 3862/3046 983/3045 3864/3049 3866/3047
f 3866/3047 3864/3049 206/2984 3816/2983
f 3865/3048 3866/3047 3816/2983 970/2980
f 984/3042 3858/3041 3868/3050 3867/3051
f 3858/3041 985/3040 3865/3048 3868/3050
f 3868/3050 3865/3048 970/2980 3813/2979
f 3867/3051 3868/3050 3813/2979 209/2978
f 199/3052 3869/3053 3873/3054 3872/3055
f 3869/3053 986/3056 3870/3057 3873/3054
f 3873/3054 3870/3057 988/3058 3871/3059
f 3872/3055 3873/3054 3871/3059 987/3060
f 986/3056 3874/3061 3876/3062 3870/3057
f 3874/3061 207/3017 3846/3020 3876/3062
f 3876/3062 3846/3020 981/3025 3875/3063
f 3870/3057 3876/3062 3875/3063 988/3058
f 988/3058 3875/3063 3878/3064 3877/3065
f 3875/3063 981/3025 3855/3036 3878/3064
f 3878/3064 3855/3036 64/1509 2718/1508
f 3877/3065 3878/3064 2718/1508 691/1505
f 987/3060 3871/3059 3880/3066 3879/3067
f 3871/3059 988/3058 3877/3065 3880/3066
f 3880/3066 3877/3065 691/1505 2715/1504
f 3879/3067 3880/3066 2715/1504 201/1485
f 207/3017 3874/3061 3883/3068 3861/3044
f 3874/3061 986/3056 3881/3069 3883/3068
f 3883/3068 3881/3069 990/3070 3882/3071
f 3861/3044 3883/3068 3882/3071 983/3045
f 986/3056 3869/3053 3886/3072 3881/3069
f 3869/3053 199/3052 3884/3073 3886/3072
f 3886/3072 3884/3073 989/3074 3885/3075
f 3881/3069 3886/3072 3885/3075 990/3070
f 990/3070 3885/3075 3889/3076 3888/3077
f 3885/3075 989/3074 3887/3078 3889/3076
f 3889/3076 3887/3078 203/3009 3835/3007
f 3888/3077 3889/3076 3835/3007 976/3003
f 983/3045 3882/3071 3890/3079 3864/3049
f 3882/3071 990/3070 3888/3077 3890/3079
f 3890/3079 3888/3077 976/3003 3831/3001
f 3864/3049 3890/3079 3831/3001 206/2984
f 203/3009 3887/3078 3894/3080 3893/3081
f 3887/3078 989/3074 3891/3082 3894/3080
f 3894/3080 3891/3082 992/3083 3892/3084
f 3893/3081 3894/3080 3892/3084 991/3085
f 989/3074 3884/3073 3896/3086 3891/3082
f 3884/3073 199/3052 3872/3055 3896/3086
f 3896/3086 3872/3055 987/3060 3895/3087
f 3891/3082 3896/3086 3895/3087 992/3083
f 992/3083 3895/3087 3898/3088 3897/3089
f 3895/3087 987/3060 3879/3067 3898/3088
f 3898/3088 3879/3067 201/1485 2701/1484
f 3897/3089 3898/3088 2701/1484 687/1480
f 991/3085 3892/3084 3900/3090 3899/3091
f 3892/3084 992/3083 3897/3089 3900/3090
f 3900/3090 3897/3089 687/1480 2698/1479
f 3899/3091 3900/3090 2698/1479 219/1419
f 202/2993 3839/3015 3903/3092 3824/2994
f 3839/3015 977/3011 3901/3093 3903/3092
f 3903/3092 3901/3093 993/3094 3902/3095
f 3824/2994 3903/3092 3902/3095 974/2995
f 977/3011 3836/3010 3905/3096 3901/3093
f 3836/3010 203/3009 3893/3081 3905/3096
f 3905/3096 3893/3081 991/3085 3904/3097
f 3901/3093 3905/3096 3904/3097 993/3094
f 993/3094 3904/3097 3907/3098 3906/3099
f 3904/3097 991/3085 3899/3091 3907/3098
f 3907/3098 3899/3091 219/1419 2652/1418
f 3906/3099 3907/3098 2652/1418 674/1414
f 974/2995 3902/3095 3908/3100 3827/2999
f 3902/3095 993/3094 3906/3099 3908/3100
f 3908/3100 3906/3099 674/1414 2649/1413
f 3827/2999 3908/3100 2649/1413 200/1405
f 31/3101 3909/3102 3913/3103 3912/3104
f 3909/3102 994/3105 3910/3106 3913/3103
f 3913/3103 3910/3106 997/3107 3911/3108
f 3912/3104 3913/3103 3911/3108 996/3109
f 994/3105 3914/3110 3917/3111 3910/3106
f 3914/3110 35/3112 3915/3113 3917/3111
f 3917/3111 3915/3113 995/3114 3916/3115
f 3910/3106 3917/3111 3916/3115 997/3107
f 997/3107 3916/3115 3920/3116 3919/3117
f 3916/3115 995/3114 3918/3118 3920/3116
f 3920/3116 3918/3118 33/1813 2967/1855
f 3919/3117 3920/3116 2967/1855 760/1851
f 996/3109 3911/3108 3922/3119 3921/3120
f 3911/3108 997/3107 3919/3117 3922/3119
f 3922/3119 3919/3117 760/1851 2964/1850
f 3921/3120 3922/3119 2964/1850 29/1849
f 35/3112 3923/3121 3927/3122 3926/3123
f 3923/3121 998/3124 3924/3125 3927/3122
f 3927/3122 3924/3125 1001/3126 3925/3127
f 3926/3123 3927/3122 3925/3127 1000/3128
f 998/3124 3928/3129 3931/3130 3924/3125
f 3928/3129 30/3131 3929/3132 3931/3130
f 3931/3130 3929/3132 999/3133 3930/3134
f 3924/3125 3931/3130 3930/3134 1001/3126
f 1001/3126 3930/3134 3934/3135 3933/3136
f 3930/3134 999/3133 3932/3137 3934/3135
f 3934/3135 3932/3137 36/1780 2913/1779
f 3933/3136 3934/3135 2913/1779 745/1775
f 1000/3128 3925/3127 3936/3138 3935/3139
f 3925/3127 1001/3126 3933/3136 3936/3138
f 3936/3138 3933/3136 745/1775 2910/1774
f 3935/3139 3936/3138 2910/1774 37/1749
f 30/3131 3937/3140 3940/3141 3929/3132
f 3937/3140 1002/3142 3938/3143 3940/3141
f 3940/3141 3938/3143 1004/3144 3939/3145
f 3929/3132 3940/3141 3939/3145 999/3133
f 1002/3142 3941/3146 3944/3147 3938/3143
f 3941/3146 24/3148 3942/3149 3944/3147
f 3944/3147 3942/3149 1003/3150 3943/3151
f 3938/3143 3944/3147 3943/3151 1004/3144
f 1004/3144 3943/3151 3947/3152 3946/3153
f 3943/3151 1003/3150 3945/3154 3947/3152
f 3947/3152 3945/3154 23/2014 3082/2013
f 3946/3153 3947/3152 3082/2013 790/2009
f 999/3133 3939/3145 3948/3155 3932/3137
f 3939/3145 1004/3144 3946/3153 3948/3155
f 3948/3155 3946/3153 790/2009 3079/2008
f 3932/3137 3948/3155 3079/2008 36/1780
f 24/3148 3949/3156 3952/3157 3942/3149
f 3949/3156 1005/3158 3950/3159 3952/3157
f 3952/3157 3950/3159 1007/3160 3951/3161
f 3942/3149 3952/3157 3951/3161 1003/3150
f 1005/3158 3953/3162 3956/3163 3950/3159
f 3953/3162 18/3164 3954/3165 3956/3163
f 3956/3163 3954/3165 1006/3166 3955/3167
f 3950/3159 3956/3163 3955/3167 1007/3160
f 1007/3160 3955/3167 3959/3168 3958/3169
f 3955/3167 1006/3166 3957/3170 3959/3168
f 3959/3168 3957/3170 73/2112 3156/2111
f 3958/3169 3959/3168 3156/2111 808/2108
f 1003/3150 3951/3161 3960/3171 3945/3154
f 3951/3161 1007/3160 3958/3169 3960/3171
f 3960/3171 3958/3169 808/2108 3153/2107
f 3945/3154 3960/3171 3153/2107 23/2014
f 18/3164 3961/3172 3964/3173 3954/3165
f 3961/3172 1008/3174 3962/3175 3964/3173
f 3964/3173 3962/3175 1010/3176 3963/3177
f 3954/3165 3964/3173 3963/3177 1006/3166
f 1008/3174 3965/3178 3968/3179 3962/3175
f 3965/3178 72/3180 3966/3181 3968/3179
f 3968/3179 3966/3181 1009/3182 3967/3183
f 3962/3175 3968/3179 3967/3183 1010/3176
f 1010/3176 3967/3183 3971/3184 3970/3185
f 3967/3183 1009/3182 3969/3186 3971/3184
f 3971/3184 3969/3186 68/2128 3168/2127
f 3970/3185 3971/3184 3168/2127 811/2124
f 1006/3166 3963/3177 3972/3187 3957/3170
f 3963/3177 1010/3176 3970/3185 3972/3187
f 3972/3187 3970/3185 811/2124 3165/2123
f 3957/3170 3972/3187 3165/2123 73/2112
f 19/3188 3973/3189 3977/3190 3976/3191
f 3973/3189 1011/3192 3974/3193 3977/3190
f 3977/3190 3974/3193 1014/3194 3975/3195
f 3976/3191 3977/3190 3975/3195 1013/3196
f 1011/3192 3978/3197 3981/3198 3974/3193
f 3978/3197 20/3199 3979/3200 3981/3198
f 3981/3198 3979/3200 1012/3201 3980/3202
f 3974/3193 3981/3198 3980/3202 1014/3194
f 1014/3194 3980/3202 3984/3203 3983/3204
f 3980/3202 1012/3201 3982/3205 3984/3203
f 3984/3203 3982/3205 17/1908 3071/1999
f 3983/3204 3984/3203 3071/1999 788/1995
f 1013/3196 3975/3195 3986/3206 3985/3207
f 3975/3195 1014/3194 3983/3204 3986/3206
f 3986/3206 3983/3204 788/1995 3068/1994
f 3985/3207 3986/3206 3068/1994 16/1993
f 72/3180 3987/3208 3991/3209 3990/3210
f 3987/3208 1015/3211 3988/3212 3991/3209
f 3991/3209 3988/3212 1017/3213 3989/3214
f 3990/3210 3991/3209 3989/3214 1016/3215
f 1015/3211 3992/3216 3994/3217 3988/3212
f 3992/3216 19/3188 3976/3191 3994/3217
f 3994/3217 3976/3191 1013/3196 3993/3218
f 3988/3212 3994/3217 3993/3218 1017/3213
f 1017/3213 3993/3218 3996/3219 3995/3220
f 3993/3218 1013/3196 3985/3207 3996/3219
f 3996/3219 3985/3207 16/1993 3256/2250
f 3995/3220 3996/3219 3256/2250 835/2246
f 1016/3215 3989/3214 3998/3221 3997/3222
f 3989/3214 1017/3213 3995/3220 3998/3221
f 3998/3221 3995/3220 835/2246 3253/2245
f 3997/3222 3998/3221 3253/2245 67/2244
f 20/3199 3999/3223 4002/3224 3979/3200
f 3999/3223 1018/3225 4000/3226 4002/3224
f 4002/3224 4000/3226 1019/3227 4001/3228
f 3979/3200 4002/3224 4001/3228 1012/3201
f 1018/3225 4003/3229 4005/3230 4000/3226
f 4003/3229 31/3101 3912/3104 4005/3230
f 4005/3230 3912/3104 996/3109 4004/3231
f 4000/3226 4005/3230 4004/3231 1019/3227
f 1019/3227 4004/3231 4007/3232 4006/3233
f 4004/3231 996/3109 3921/3120 4007/3232
f 4007/3232 3921/3120 29/1849 3009/1912
f 4006/3233 4007/3232 3009/1912 771/1910
f 1012/3201 4001/3228 4008/3234 3982/3205
f 4001/3228 1019/3227 4006/3233 4008/3234
f 4008/3234 4006/3233 771/1910 3006/1909
f 3982/3205 4008/3234 3006/1909 17/1908
f 34/1768 2941/1819 4011/3235 2905/1766
f 2941/1819 753/1815 4009/3236 4011/3235
f 4011/3235 4009/3236 1020/3237 4010/3238
f 2905/1766 4011/3235 4010/3238 743/1757
f 753/1815 2938/1814 4013/3239 4009/3236
f 2938/1814 33/1813 3918/3118 4013/3239
f 4013/3239 3918/3118 995/3114 4012/3240
f 4009/3236 4013/3239 4012/3240 1020/3237
f 1020/3237 4012/3240 4015/3241 4014/3242
f 4012/3240 995/3114 3915/3113 4015/3241
f 4015/3241 3915/3113 35/3112 3926/3123
f 4014/3242 4015/3241 3926/3123 1000/3128
f 743/1757 4010/3238 4016/3243 2896/1752
f 4010/3238 1020/3237 4014/3242 4016/3243
f 4016/3243 4014/3242 1000/3128 3935/3139
f 2896/1752 4016/3243 3935/3139 37/1749
f 72/3180 3990/3210 4019/3244 3966/3181
f 3990/3210 1016/3215 4017/3245 4019/3244
f 4019/3244 4017/3245 1021/3246 4018/3247
f 3966/3181 4019/3244 4018/3247 1009/3182
f 1016/3215 3997/3222 4021/3248 4017/3245
f 3997/3222 67/2244 3268/2265 4021/3248
f 4021/3248 3268/2265 838/2261 4020/3249
f 4017/3245 4021/3248 4020/3249 1021/3246
f 1021/3246 4020/3249 4023/3250 4022/3251
f 4020/3249 838/2261 3265/2260 4023/3250
f 4023/3250 3265/2260 70/2232 3244/2231
f 4022/3251 4023/3250 3244/2231 831/2228
f 1009/3182 4018/3247 4024/3252 3969/3186
f 4018/3247 1021/3246 4022/3251 4024/3252
f 4024/3252 4022/3251 831/2228 3241/2227
f 3969/3186 4024/3252 3241/2227 68/2128
f 21/3253 4025/3254 4029/3255 4028/3256
f 4025/3254 1022/3257 4026/3258 4029/3255
f 4029/3255 4026/3258 1025/3259 4027/3260
f 4028/3256 4029/3255 4027/3260 1024/3261
f 1022/3257 4030/3262 4033/3263 4026/3258
f 4030/3262 32/3264 4031/3265 4033/3263
f 4033/3263 4031/3265 1023/3266 4032/3267
f 4026/3258 4033/3263 4032/3267 1025/3259
f 1025/3259 4032/3267 4036/3268 4035/3269
f 4032/3267 1023/3266 4034/3270 4036/3268
f 4036/3268 4034/3270 31/3101 4003/3229
f 4035/3269 4036/3268 4003/3229 1018/3225
f 1024/3261 4027/3260 4038/3271 4037/3272
f 4027/3260 1025/3259 4035/3269 4038/3271
f 4038/3271 4035/3269 1018/3225 3999/3223
f 4037/3272 4038/3271 3999/3223 20/3199
f 22/3273 4039/3274 4043/3275 4042/3276
f 4039/3274 1026/3277 4040/3278 4043/3275
f 4043/3275 4040/3278 1028/3279 4041/3280
f 4042/3276 4043/3275 4041/3280 1027/3281
f 1026/3277 4044/3282 4046/3283 4040/3278
f 4044/3282 21/3253 4028/3256 4046/3283
f 4046/3283 4028/3256 1024/3261 4045/3284
f 4040/3278 4046/3283 4045/3284 1028/3279
f 1028/3279 4045/3284 4048/3285 4047/3286
f 4045/3284 1024/3261 4037/3272 4048/3285
f 4048/3285 4037/3272 20/3199 3978/3197
f 4047/3286 4048/3285 3978/3197 1011/3192
f 1027/3281 4041/3280 4050/3287 4049/3288
f 4041/3280 1028/3279 4047/3286 4050/3287
f 4050/3287 4047/3286 1011/3192 3973/3189
f 4049/3288 4050/3287 3973/3189 19/3188
f 21/3253 4044/3282 4054/3289 4053/3290
f 4044/3282 1026/3277 4051/3291 4054/3289
f 4054/3289 4051/3291 1031/3292 4052/3293
f 4053/3290 4054/3289 4052/3293 1030/3294
f 1026/3277 4039/3274 4057/3295 4051/3291
f 4039/3274 22/3273 4055/3296 4057/3295
f 4057/3295 4055/3296 1029/3297 4056/3298
f 4051/3291 4057/3295 4056/3298 1031/3292
f 1031/3292 4056/3298 4060/3299 4059/3300
f 4056/3298 1029/3297 4058/3301 4060/3299
f 4060/3299 4058/3301 18/3164 3953/3162
f 4059/3300 4060/3299 3953/3162 1005/3158
f 1030/3294 4052/3293 4062/3302 4061/3303
f 4052/3293 1031/3292 4059/3300 4062/3302
f 4062/3302 4059/3300 1005/3158 3949/3156
f 4061/3303 4062/3302 3949/3156 24/3148
f 32/3264 4030/3262 4066/3304 4065/3305
f 4030/3262 1022/3257 4063/3306 4066/3304
f 4066/3304 4063/3306 1033/3307 4064/3308
f 4065/3305 4066/3304 4064/3308 1032/3309
f 1022/3257 4025/3254 4068/3310 4063/3306
f 4025/3254 21/3253 4053/3290 4068/3310
f 4068/3310 4053/3290 1030/3294 4067/3311
f 4063/3306 4068/3310 4067/3311 1033/3307
f 1033/3307 4067/3311 4070/3312 4069/3313
f 4067/3311 1030/3294 4061/3303 4070/3312
f 4070/3312 4061/3303 24/3148 3941/3146
f 4069/3313 4070/3312 3941/3146 1002/3142
f 1032/3309 4064/3308 4072/3314 4071/3315
f 4064/3308 1033/3307 4069/3313 4072/3314
f 4072/3314 4069/3313 1002/3142 3937/3140
f 4071/3315 4072/3314 3937/3140 30/3131
f 372/3316 4073/3317 4076/3318 1619/3319
f 4073/3317 1034/3320 4074/3321 4076/3318
f 4076/3318 4074/3321 1037/3322 4075/3323
f 1619/3319 4076/3318 4075/3323 407/3324
f 1034/3320 4077/3325 4080/3326 4074/3321
f 4077/3325 400/3327 4078/3328 4080/3326
f 4080/3326 4078/3328 1035/3329 4079/3330
f 4074/3321 4080/3326 4079/3330 1037/3322
f 1037/3322 4079/3330 4084/3331 4083/3332
f 4079/3330 1035/3329 4081/3333 4084/3331
f 4084/3331 4081/3333 391/3334 4082/3335
f 4083/3332 4084/3331 4082/3335 1036/3336
f 407/3324 4075/3323 4086/3337 1624/3338
f 4075/3323 1037/3322 4083/3332 4086/3337
f 4086/3337 4083/3332 1036/3336 4085/3339
f 1624/3338 4086/3337 4085/3339 361/3340
f 402/3341 4087/3342 4091/3343 4090/3344
f 4087/3342 1038/3345 4088/3346 4091/3343
f 4091/3343 4088/3346 1040/3347 4089/3348
f 4090/3344 4091/3343 4089/3348 1039/3349
f 1038/3345 4092/3350 4094/3351 4088/3346
f 4092/3350 400/3327 4077/3325 4094/3351
f 4094/3351 4077/3325 1034/3320 4093/3352
f 4088/3346 4094/3351 4093/3352 1040/3347
f 1040/3347 4093/3352 4096/3353 4095/3354
f 4093/3352 1034/3320 4073/3317 4096/3353
f 4096/3353 4073/3317 372/3316 1644/3355
f 4095/3354 4096/3353 1644/3355 413/3356
f 1039/3349 4089/3348 4098/3357 4097/3358
f 4089/3348 1040/3347 4095/3354 4098/3357
f 4098/3357 4095/3354 413/3356 1641/3359
f 4097/3358 4098/3357 1641/3359 376/3360
f 400/3327 4099/3361 4102/3362 4078/3328
f 4099/3361 1041/3363 4100/3364 4102/3362
f 4102/3362 4100/3364 1044/3365 4101/3366
f 4078/3328 4102/3362 4101/3366 1035/3329
f 1041/3363 4103/3367 4106/3368 4100/3364
f 4103/3367 404/3369 4104/3370 4106/3368
f 4106/3368 4104/3370 1042/3371 4105/3372
f 4100/3364 4106/3368 4105/3372 1044/3365
f 1044/3365 4105/3372 4110/3373 4109/3374
f 4105/3372 1042/3371 4107/3375 4110/3373
f 4110/3373 4107/3375 396/3376 4108/3377
f 4109/3374 4110/3373 4108/3377 1043/3378
f 1035/3329 4101/3366 4112/3379 4081/3333
f 4101/3366 1044/3365 4109/3374 4112/3379
f 4112/3379 4109/3374 1043/3378 4111/3380
f 4081/3333 4112/3379 4111/3380 391/3334
f 404/3369 4103/3367 4116/3381 4115/3382
f 4103/3367 1041/3363 4113/3383 4116/3381
f 4116/3381 4113/3383 1047/3384 4114/3385
f 4115/3382 4116/3381 4114/3385 1046/3386
f 1041/3363 4099/3361 4118/3387 4113/3383
f 4099/3361 400/3327 4092/3350 4118/3387
f 4118/3387 4092/3350 1038/3345 4117/3388
f 4113/3383 4118/3387 4117/3388 1047/3384
f 1047/3384 4117/3388 4121/3389 4120/3390
f 4117/3388 1038/3345 4087/3342 4121/3389
f 4121/3389 4087/3342 402/3341 4119/3391
f 4120/3390 4121/3389 4119/3391 1045/3392
f 1046/3386 4114/3385 4124/3393 4123/3394
f 4114/3385 1047/3384 4120/3390 4124/3393
f 4124/3393 4120/3390 1045/3392 4122/3395
f 4123/3394 4124/3393 4122/3395 406/3396
f 391/3397 4125/3398 4128/3399 4082/3400
f 4125/3398 1048/3401 4126/3402 4128/3399
f 4128/3399 4126/3402 1050/3403 4127/3404
f 4082/3400 4128/3399 4127/3404 1036/3405
f 1048/3401 4129/3406 4132/3407 4126/3402
f 4129/3406 390/3408 4130/3409 4132/3407
f 4132/3407 4130/3409 1049/3410 4131/3411
f 4126/3402 4132/3407 4131/3411 1050/3403
f 1050/3403 4131/3411 4135/3412 4134/3413
f 4131/3411 1049/3410 4133/3414 4135/3412
f 4135/3412 4133/3414 254/100 1682/99
f 4134/3413 4135/3412 1682/99 423/95
f 1036/3405 4127/3404 4136/3415 4085/3416
f 4127/3404 1050/3403 4134/3413 4136/3415
f 4136/3415 4134/3413 423/95 1679/94
f 4085/3416 4136/3415 1679/94 361/93
f 396/3376 4137/3417 4140/3418 4108/3419
f 4137/3417 1051/3420 4138/3421 4140/3418
f 4140/3418 4138/3421 1053/3422 4139/3423
f 4108/3419 4140/3418 4139/3423 1043/3424
f 1051/3420 4141/3425 4144/3426 4138/3421
f 4141/3425 395/3427 4142/3428 4144/3426
f 4144/3426 4142/3428 1052/3429 4143/3430
f 4138/3421 4144/3426 4143/3430 1053/3422
f 1053/3422 4143/3430 4147/3431 4146/3432
f 4143/3430 1052/3429 4145/3433 4147/3431
f 4147/3431 4145/3433 390/3408 4129/3406
f 4146/3432 4147/3431 4129/3406 1048/3401
f 1043/3424 4139/3423 4148/3434 4111/3435
f 4139/3423 1053/3422 4146/3432 4148/3434
f 4148/3434 4146/3432 1048/3401 4125/3398
f 4111/3435 4148/3434 4125/3398 391/3397
f 390/3408 4149/3436 4152/3437 4130/3409
f 4149/3436 1054/3438 4150/3439 4152/3437
f 4152/3437 4150/3439 1056/3440 4151/3441
f 4130/3409 4152/3437 4151/3441 1049/3410
f 1054/3438 4153/3442 4156/3443 4150/3439
f 4153/3442 291/3444 4154/3445 4156/3443
f 4156/3443 4154/3445 1055/3446 4155/3447
f 4150/3439 4156/3443 4155/3447 1056/3440
f 1056/3440 4155/3447 4159/3448 4158/3449
f 4155/3447 1055/3446 4157/3450 4159/3448
f 4159/3448 4157/3450 242/139 1708/138
f 4158/3449 4159/3448 1708/138 430/134
f 1049/3410 4151/3441 4160/3451 4133/3414
f 4151/3441 1056/3440 4158/3449 4160/3451
f 4160/3451 4158/3449 430/134 1705/133
f 4133/3414 4160/3451 1705/133 254/100
f 395/3427 4161/3452 4164/3453 4142/3428
f 4161/3452 1057/3454 4162/3455 4164/3453
f 4164/3453 4162/3455 1059/3456 4163/3457
f 4142/3428 4164/3453 4163/3457 1052/3429
f 1057/3454 4165/3458 4168/3459 4162/3455
f 4165/3458 293/3460 4166/3461 4168/3459
f 4168/3459 4166/3461 1058/3462 4167/3463
f 4162/3455 4168/3459 4167/3463 1059/3456
f 1059/3456 4167/3463 4171/3464 4170/3465
f 4167/3463 1058/3462 4169/3466 4171/3464
f 4171/3464 4169/3466 291/3444 4153/3442
f 4170/3465 4171/3464 4153/3442 1054/3438
f 1052/3429 4163/3457 4172/3467 4145/3433
f 4163/3457 1059/3456 4170/3465 4172/3467
f 4172/3467 4170/3465 1054/3438 4149/3436
f 4145/3433 4172/3467 4149/3436 390/3408
f 291/3444 4173/3468 4176/3469 4154/3445
f 4173/3468 1060/3470 4174/3471 4176/3469
f 4176/3469 4174/3471 1062/3472 4175/3473
f 4154/3445 4176/3469 4175/3473 1055/3446
f 1060/3470 4177/3474 4180/3475 4174/3471
f 4177/3474 290/3476 4178/3477 4180/3475
f 4180/3475 4178/3477 1061/3478 4179/3479
f 4174/3471 4180/3475 4179/3479 1062/3472
f 1062/3472 4179/3479 4183/3480 4182/3481
f 4179/3479 1061/3478 4181/3482 4183/3480
f 4183/3480 4181/3482 252/175 1734/174
f 4182/3481 4183/3480 1734/174 437/170
f 1055/3446 4175/3473 4184/3483 4157/3450
f 4175/3473 1062/3472 4182/3481 4184/3483
f 4184/3483 4182/3481 437/170 1731/169
f 4157/3450 4184/3483 1731/169 242/139
f 293/3460 4185/3484 4188/3485 4166/3461
f 4185/3484 1063/3486 4186/3487 4188/3485
f 4188/3485 4186/3487 1065/3488 4187/3489
f 4166/3461 4188/3485 4187/3489 1058/3462
f 1063/3486 4189/3490 4192/3491 4186/3487
f 4189/3490 292/3492 4190/3493 4192/3491
f 4192/3491 4190/3493 1064/3494 4191/3495
f 4186/3487 4192/3491 4191/3495 1065/3488
f 1065/3488 4191/3495 4195/3496 4194/3497
f 4191/3495 1064/3494 4193/3498 4195/3496
f 4195/3496 4193/3498 290/3476 4177/3474
f 4194/3497 4195/3496 4177/3474 1060/3470
f 1058/3462 4187/3489 4196/3499 4169/3466
f 4187/3489 1065/3488 4194/3497 4196/3499
f 4196/3499 4194/3497 1060/3470 4173/3468
f 4169/3466 4196/3499 4173/3468 291/3444
f 294/3500 4197/3501 4201/3502 4200/3503
f 4197/3501 1066/3504 4198/3505 4201/3502
f 4201/3502 4198/3505 1068/3506 4199/3507
f 4200/3503 4201/3502 4199/3507 1067/3508
f 1066/3504 4202/3509 4204/3510 4198/3505
f 4202/3509 292/3492 4189/3490 4204/3510
f 4204/3510 4189/3490 1063/3486 4203/3511
f 4198/3505 4204/3510 4203/3511 1068/3506
f 1068/3506 4203/3511 4206/3512 4205/3513
f 4203/3511 1063/3486 4185/3484 4206/3512
f 4206/3512 4185/3484 293/3460 4165/3458
f 4205/3513 4206/3512 4165/3458 1057/3454
f 1067/3508 4199/3507 4208/3514 4207/3515
f 4199/3507 1068/3506 4205/3513 4208/3514
f 4208/3514 4205/3513 1057/3454 4161/3452
f 4207/3515 4208/3514 4161/3452 395/3427
f 394/3516 4209/3517 4213/3518 4212/3519
f 4209/3517 1069/3520 4210/3521 4213/3518
f 4213/3518 4210/3521 1071/3522 4211/3523
f 4212/3519 4213/3518 4211/3523 1070/3524
f 1069/3520 4214/3525 4216/3526 4210/3521
f 4214/3525 294/3500 4200/3503 4216/3526
f 4216/3526 4200/3503 1067/3508 4215/3527
f 4210/3521 4216/3526 4215/3527 1071/3522
f 1071/3522 4215/3527 4218/3528 4217/3529
f 4215/3527 1067/3508 4207/3515 4218/3528
f 4218/3528 4207/3515 395/3427 4141/3425
f 4217/3529 4218/3528 4141/3425 1051/3420
f 1070/3524 4211/3523 4220/3530 4219/3531
f 4211/3523 1071/3522 4217/3529 4220/3530
f 4220/3530 4217/3529 1051/3420 4137/3417
f 4219/3531 4220/3530 4137/3417 396/3376
f 403/3532 4221/3533 4225/3534 4224/3535
f 4221/3533 1072/3536 4222/3537 4225/3534
f 4225/3534 4222/3537 1074/3538 4223/3539
f 4224/3535 4225/3534 4223/3539 1073/3540
f 1072/3536 4226/3541 4228/3542 4222/3537
f 4226/3541 394/3516 4212/3519 4228/3542
f 4228/3542 4212/3519 1070/3524 4227/3543
f 4222/3537 4228/3542 4227/3543 1074/3538
f 1074/3538 4227/3543 4230/3544 4229/3545
f 4227/3543 1070/3524 4219/3531 4230/3544
f 4230/3544 4219/3531 396/3376 4107/3375
f 4229/3545 4230/3544 4107/3375 1042/3371
f 1073/3540 4223/3539 4232/3546 4231/3547
f 4223/3539 1074/3538 4229/3545 4232/3546
f 4232/3546 4229/3545 1042/3371 4104/3370
f 4231/3547 4232/3546 4104/3370 404/3369
f 403/3532 4224/3535 4236/3548 4235/3549
f 4224/3535 1073/3540 4233/3550 4236/3548
f 4236/3548 4233/3550 1077/3551 4234/3552
f 4235/3549 4236/3548 4234/3552 1076/3553
f 1073/3540 4231/3547 4238/3554 4233/3550
f 4231/3547 404/3369 4115/3382 4238/3554
f 4238/3554 4115/3382 1046/3386 4237/3555
f 4233/3550 4238/3554 4237/3555 1077/3551
f 1077/3551 4237/3555 4241/3556 4240/3557
f 4237/3555 1046/3386 4123/3394 4241/3556
f 4241/3556 4123/3394 406/3396 4239/3558
f 4240/3557 4241/3556 4239/3558 1075/3559
f 1076/3553 4234/3552 4244/3560 4243/3561
f 4234/3552 1077/3551 4240/3557 4244/3560
f 4244/3560 4240/3557 1075/3559 4242/3562
f 4243/3561 4244/3560 4242/3562 405/3563
f 405/3563 4242/3562 4248/3564 4247/3565
f 4242/3562 1075/3559 4245/3566 4248/3564
f 4248/3564 4245/3566 1080/3567 4246/3568
f 4247/3565 4248/3564 4246/3568 1079/3569
f 1075/3559 4239/3558 4250/3570 4245/3566
f 4239/3558 406/3396 4122/3395 4250/3570
f 4250/3570 4122/3395 1045/3392 4249/3571
f 4245/3566 4250/3570 4249/3571 1080/3567
f 1080/3567 4249/3571 4253/3572 4252/3573
f 4249/3571 1045/3392 4119/3391 4253/3572
f 4253/3572 4119/3391 402/3341 4251/3574
f 4252/3573 4253/3572 4251/3574 1078/3575
f 1079/3569 4246/3568 4256/3576 4255/3577
f 4246/3568 1080/3567 4252/3573 4256/3576
f 4256/3576 4252/3573 1078/3575 4254/3578
f 4255/3577 4256/3576 4254/3578 401/3579
f 374/3580 4257/3581 4260/3582 1813/3583
f 4257/3581 1081/3584 4258/3585 4260/3582
f 4260/3582 4258/3585 1082/3586 4259/3587
f 1813/3583 4260/3582 4259/3587 459/3588
f 1081/3584 4261/3589 4263/3590 4258/3585
f 4261/3589 401/3579 4254/3578 4263/3590
f 4263/3590 4254/3578 1078/3575 4262/3591
f 4258/3585 4263/3590 4262/3591 1082/3586
f 1082/3586 4262/3591 4265/3592 4264/3593
f 4262/3591 1078/3575 4251/3574 4265/3592
f 4265/3592 4251/3574 402/3341 4090/3344
f 4264/3593 4265/3592 4090/3344 1039/3349
f 459/3588 4259/3587 4266/3594 1818/3595
f 4259/3587 1082/3586 4264/3593 4266/3594
f 4266/3594 4264/3593 1039/3349 4097/3358
f 1818/3595 4266/3594 4097/3358 376/3360
f 401/3579 4261/3589 4270/3596 4269/3597
f 4261/3589 1081/3584 4267/3598 4270/3596
f 4270/3596 4267/3598 1085/3599 4268/3600
f 4269/3597 4270/3596 4268/3600 1084/3601
f 1081/3584 4257/3581 4272/3602 4267/3598
f 4257/3581 374/3580 1837/3603 4272/3602
f 4272/3602 1837/3603 464/3604 4271/3605
f 4267/3598 4272/3602 4271/3605 1085/3599
f 1085/3599 4271/3605 4275/3606 4274/3607
f 4271/3605 464/3604 1834/3608 4275/3606
f 4275/3606 1834/3608 366/3609 4273/3610
f 4274/3607 4275/3606 4273/3610 1083/3611
f 1084/3601 4268/3600 4278/3612 4277/3613
f 4268/3600 1085/3599 4274/3607 4278/3612
f 4278/3612 4274/3607 1083/3611 4276/3614
f 4277/3613 4278/3612 4276/3614 398/3615
f 401/3579 4269/3597 4281/3616 4255/3577
f 4269/3597 1084/3601 4279/3617 4281/3616
f 4281/3616 4279/3617 1088/3618 4280/3619
f 4255/3577 4281/3616 4280/3619 1079/3569
f 1084/3601 4277/3613 4284/3620 4279/3617
f 4277/3613 398/3615 4282/3621 4284/3620
f 4284/3620 4282/3621 1086/3622 4283/3623
f 4279/3617 4284/3620 4283/3623 1088/3618
f 1088/3618 4283/3623 4288/3624 4287/3625
f 4283/3623 1086/3622 4285/3626 4288/3624
f 4288/3624 4285/3626 399/3627 4286/3628
f 4287/3625 4288/3624 4286/3628 1087/3629
f 1079/3569 4280/3619 4290/3630 4247/3565
f 4280/3619 1088/3618 4287/3625 4290/3630
f 4290/3630 4287/3625 1087/3629 4289/3631
f 4247/3565 4290/3630 4289/3631 405/3563
f 405/3563 4289/3631 4293/3632 4243/3561
f 4289/3631 1087/3629 4291/3633 4293/3632
f 4293/3632 4291/3633 1091/3634 4292/3635
f 4243/3561 4293/3632 4292/3635 1076/3553
f 1087/3629 4286/3628 4296/3636 4291/3633
f 4286/3628 399/3627 4294/3637 4296/3636
f 4296/3636 4294/3637 1089/3638 4295/3639
f 4291/3633 4296/3636 4295/3639 1091/3634
f 1091/3634 4295/3639 4300/3640 4299/3641
f 4295/3639 1089/3638 4297/3642 4300/3640
f 4300/3640 4297/3642 388/3643 4298/3644
f 4299/3641 4300/3640 4298/3644 1090/3645
f 1076/3553 4292/3635 4302/3646 4235/3549
f 4292/3635 1091/3634 4299/3641 4302/3646
f 4302/3646 4299/3641 1090/3645 4301/3647
f 4235/3549 4302/3646 4301/3647 403/3532
f 403/3532 4301/3647 4305/3648 4221/3533
f 4301/3647 1090/3645 4303/3649 4305/3648
f 4305/3648 4303/3649 1094/3650 4304/3651
f 4221/3533 4305/3648 4304/3651 1072/3536
f 1090/3645 4298/3644 4308/3652 4303/3649
f 4298/3644 388/3643 4306/3653 4308/3652
f 4308/3652 4306/3653 1092/3654 4307/3655
f 4303/3649 4308/3652 4307/3655 1094/3650
f 1094/3650 4307/3655 4312/3656 4311/3657
f 4307/3655 1092/3654 4309/3658 4312/3656
f 4312/3656 4309/3658 393/3659 4310/3660
f 4311/3657 4312/3656 4310/3660 1093/3661
f 1072/3536 4304/3651 4314/3662 4226/3541
f 4304/3651 1094/3650 4311/3657 4314/3662
f 4314/3662 4311/3657 1093/3661 4313/3663
f 4226/3541 4314/3662 4313/3663 394/3516
f 294/3500 4214/3525 4318/3664 4317/3665
f 4214/3525 1069/3520 4315/3666 4318/3664
f 4318/3664 4315/3666 1097/3667 4316/3668
f 4317/3665 4318/3664 4316/3668 1096/3669
f 1069/3520 4209/3517 4320/3670 4315/3666
f 4209/3517 394/3516 4313/3663 4320/3670
f 4320/3670 4313/3663 1093/3661 4319/3671
f 4315/3666 4320/3670 4319/3671 1097/3667
f 1097/3667 4319/3671 4323/3672 4322/3673
f 4319/3671 1093/3661 4310/3660 4323/3672
f 4323/3672 4310/3660 393/3659 4321/3674
f 4322/3673 4323/3672 4321/3674 1095/3675
f 1096/3669 4316/3668 4326/3676 4325/3677
f 4316/3668 1097/3667 4322/3673 4326/3676
f 4326/3676 4322/3673 1095/3675 4324/3678
f 4325/3677 4326/3676 4324/3678 392/3679
f 294/3500 4317/3665 4329/3680 4197/3501
f 4317/3665 1096/3669 4327/3681 4329/3680
f 4329/3680 4327/3681 1100/3682 4328/3683
f 4197/3501 4329/3680 4328/3683 1066/3504
f 1096/3669 4325/3677 4332/3684 4327/3681
f 4325/3677 392/3679 4330/3685 4332/3684
f 4332/3684 4330/3685 1098/3686 4331/3687
f 4327/3681 4332/3684 4331/3687 1100/3682
f 1100/3682 4331/3687 4336/3688 4335/3689
f 4331/3687 1098/3686 4333/3690 4336/3688
f 4336/3688 4333/3690 289/3691 4334/3692
f 4335/3689 4336/3688 4334/3692 1099/3693
f 1066/3504 4328/3683 4338/3694 4202/3509
f 4328/3683 1100/3682 4335/3689 4338/3694
f 4338/3694 4335/3689 1099/3693 4337/3695
f 4202/3509 4338/3694 4337/3695 292/3492
f 292/3492 4337/3695 4341/3696 4190/3493
f 4337/3695 1099/3693 4339/3697 4341/3696
f 4341/3696 4339/3697 1103/3698 4340/3699
f 4190/3493 4341/3696 4340/3699 1064/3494
f 1099/3693 4334/3692 4344/3700 4339/3697
f 4334/3692 289/3691 4342/3701 4344/3700
f 4344/3700 4342/3701 1101/3702 4343/3703
f 4339/3697 4344/3700 4343/3703 1103/3698
f 1103/3698 4343/3703 4348/3704 4347/3705
f 4343/3703 1101/3702 4345/3706 4348/3704
f 4348/3704 4345/3706 286/3707 4346/3708
f 4347/3705 4348/3704 4346/3708 1102/3709
f 1064/3494 4340/3699 4350/3710 4193/3498
f 4340/3699 1103/3698 4347/3705 4350/3710
f 4350/3710 4347/3705 1102/3709 4349/3711
f 4193/3498 4350/3710 4349/3711 290/3476
f 290/3476 4349/3711 4353/3712 4178/3477
f 4349/3711 1102/3709 4351/3713 4353/3712
f 4353/3712 4351/3713 1105/3714 4352/3715
f 4178/3477 4353/3712 4352/3715 1061/3478
f 1102/3709 4346/3708 4356/3716 4351/3713
f 4346/3708 286/3707 4354/3717 4356/3716
f 4356/3716 4354/3717 1104/3718 4355/3719
f 4351/3713 4356/3716 4355/3719 1105/3714
f 1105/3714 4355/3719 4359/3720 4358/3721
f 4355/3719 1104/3718 4357/3722 4359/3720
f 4359/3720 4357/3722 253/421 1917/420
f 4358/3721 4359/3720 1917/420 484/416
f 1061/3478 4352/3715 4360/3723 4181/3482
f 4352/3715 1105/3714 4358/3721 4360/3723
f 4360/3723 4358/3721 484/416 1914/415
f 4181/3482 4360/3723 1914/415 252/175
f 286/3707 4361/3724 4364/3725 4354/3717
f 4361/3724 1106/3726 4362/3727 4364/3725
f 4364/3725 4362/3727 1108/3728 4363/3729
f 4354/3717 4364/3725 4363/3729 1104/3718
f 1106/3726 4365/3730 4368/3731 4362/3727
f 4365/3730 287/3732 4366/3733 4368/3731
f 4368/3731 4366/3733 1107/3734 4367/3735
f 4362/3727 4368/3731 4367/3735 1108/3728
f 1108/3728 4367/3735 4371/3736 4370/3737
f 4367/3735 1107/3734 4369/3738 4371/3736
f 4371/3736 4369/3738 248/439 1930/438
f 4370/3737 4371/3736 1930/438 487/434
f 1104/3718 4363/3729 4372/3739 4357/3722
f 4363/3729 1108/3728 4370/3737 4372/3739
f 4372/3739 4370/3737 487/434 1927/433
f 4357/3722 4372/3739 1927/433 253/421
f 286/3707 4345/3706 4375/3740 4361/3724
f 4345/3706 1101/3702 4373/3741 4375/3740
f 4375/3740 4373/3741 1111/3742 4374/3743
f 4361/3724 4375/3740 4374/3743 1106/3726
f 1101/3702 4342/3701 4378/3744 4373/3741
f 4342/3701 289/3691 4376/3745 4378/3744
f 4378/3744 4376/3745 1109/3746 4377/3747
f 4373/3741 4378/3744 4377/3747 1111/3742
f 1111/3742 4377/3747 4382/3748 4381/3749
f 4377/3747 1109/3746 4379/3750 4382/3748
f 4382/3748 4379/3750 288/3751 4380/3752
f 4381/3749 4382/3748 4380/3752 1110/3753
f 1106/3726 4374/3743 4384/3754 4365/3730
f 4374/3743 1111/3742 4381/3749 4384/3754
f 4384/3754 4381/3749 1110/3753 4383/3755
f 4365/3730 4384/3754 4383/3755 287/3732
f 289/3691 4333/3690 4387/3756 4376/3745
f 4333/3690 1098/3686 4385/3757 4387/3756
f 4387/3756 4385/3757 1114/3758 4386/3759
f 4376/3745 4387/3756 4386/3759 1109/3746
f 1098/3686 4330/3685 4390/3760 4385/3757
f 4330/3685 392/3679 4388/3761 4390/3760
f 4390/3760 4388/3761 1112/3762 4389/3763
f 4385/3757 4390/3760 4389/3763 1114/3758
f 1114/3758 4389/3763 4394/3764 4393/3765
f 4389/3763 1112/3762 4391/3766 4394/3764
f 4394/3764 4391/3766 389/3767 4392/3768
f 4393/3765 4394/3764 4392/3768 1113/3769
f 1109/3746 4386/3759 4396/3770 4379/3750
f 4386/3759 1114/3758 4393/3765 4396/3770
f 4396/3770 4393/3765 1113/3769 4395/3771
f 4379/3750 4396/3770 4395/3771 288/3751
f 393/3659 4397/3772 4400/3773 4321/3674
f 4397/3772 1115/3774 4398/3775 4400/3773
f 4400/3773 4398/3775 1117/3776 4399/3777
f 4321/3674 4400/3773 4399/3777 1095/3675
f 1115/3774 4401/3778 4404/3779 4398/3775
f 4401/3778 381/3780 4402/3781 4404/3779
f 4404/3779 4402/3781 1116/3782 4403/3783
f 4398/3775 4404/3779 4403/3783 1117/3776
f 1117/3776 4403/3783 4407/3784 4406/3785
f 4403/3783 1116/3782 4405/3786 4407/3784
f 4407/3784 4405/3786 389/3767 4391/3766
f 4406/3785 4407/3784 4391/3766 1112/3762
f 1095/3675 4399/3777 4408/3787 4324/3678
f 4399/3777 1117/3776 4406/3785 4408/3787
f 4408/3787 4406/3785 1112/3762 4388/3761
f 4324/3678 4408/3787 4388/3761 392/3679
f 388/3643 4409/3788 4412/3789 4306/3653
f 4409/3788 1118/3790 4410/3791 4412/3789
f 4412/3789 4410/3791 1120/3792 4411/3793
f 4306/3653 4412/3789 4411/3793 1092/3654
f 1118/3790 4413/3794 4416/3795 4410/3791
f 4413/3794 386/3796 4414/3797 4416/3795
f 4416/3795 4414/3797 1119/3798 4415/3799
f 4410/3791 4416/3795 4415/3799 1120/3792
f 1120/3792 4415/3799 4419/3800 4418/3801
f 4415/3799 1119/3798 4417/3802 4419/3800
f 4419/3800 4417/3802 381/3780 4401/3778
f 4418/3801 4419/3800 4401/3778 1115/3774
f 1092/3654 4411/3793 4420/3803 4309/3658
f 4411/3793 1120/3792 4418/3801 4420/3803
f 4420/3803 4418/3801 1115/3774 4397/3772
f 4309/3658 4420/3803 4397/3772 393/3659
f 388/3643 4297/3642 4423/3804 4409/3788
f 4297/3642 1089/3638 4421/3805 4423/3804
f 4423/3804 4421/3805 1123/3806 4422/3807
f 4409/3788 4423/3804 4422/3807 1118/3790
f 1089/3638 4294/3637 4426/3808 4421/3805
f 4294/3637 399/3627 4424/3809 4426/3808
f 4426/3808 4424/3809 1121/3810 4425/3811
f 4421/3805 4426/3808 4425/3811 1123/3806
f 1123/3806 4425/3811 4430/3812 4429/3813
f 4425/3811 1121/3810 4427/3814 4430/3812
f 4430/3812 4427/3814 387/3815 4428/3816
f 4429/3813 4430/3812 4428/3816 1122/3817
f 1118/3790 4422/3807 4432/3818 4413/3794
f 4422/3807 1123/3806 4429/3813 4432/3818
f 4432/3818 4429/3813 1122/3817 4431/3819
f 4413/3794 4432/3818 4431/3819 386/3796
f 398/3615 4433/3820 4436/3821 4282/3621
f 4433/3820 1124/3822 4434/3823 4436/3821
f 4436/3821 4434/3823 1126/3824 4435/3825
f 4282/3621 4436/3821 4435/3825 1086/3622
f 1124/3822 4437/3826 4440/3827 4434/3823
f 4437/3826 397/3828 4438/3829 4440/3827
f 4440/3827 4438/3829 1125/3830 4439/3831
f 4434/3823 4440/3827 4439/3831 1126/3824
f 1126/3824 4439/3831 4443/3832 4442/3833
f 4439/3831 1125/3830 4441/3834 4443/3832
f 4443/3832 4441/3834 387/3815 4427/3814
f 4442/3833 4443/3832 4427/3814 1121/3810
f 1086/3622 4435/3825 4444/3835 4285/3626
f 4435/3825 1126/3824 4442/3833 4444/3835
f 4444/3835 4442/3833 1121/3810 4424/3809
f 4285/3626 4444/3835 4424/3809 399/3627
f 366/3609 2011/3836 4447/3837 4273/3610
f 2011/3836 510/3838 4445/3839 4447/3837
f 4447/3837 4445/3839 1128/3840 4446/3841
f 4273/3610 4447/3837 4446/3841 1083/3611
f 510/3838 2019/3842 4450/3843 4445/3839
f 2019/3842 364/3844 4448/3845 4450/3843
f 4450/3843 4448/3845 1127/3846 4449/3847
f 4445/3839 4450/3843 4449/3847 1128/3840
f 1128/3840 4449/3847 4453/3848 4452/3849
f 4449/3847 1127/3846 4451/3850 4453/3848
f 4453/3848 4451/3850 397/3828 4437/3826
f 4452/3849 4453/3848 4437/3826 1124/3822
f 1083/3611 4446/3841 4454/3851 4276/3614
f 4446/3841 1128/3840 4452/3849 4454/3851
f 4454/3851 4452/3849 1124/3822 4433/3820
f 4276/3614 4454/3851 4433/3820 398/3615
f 397/3828 4451/3850 4458/3852 4457/3853
f 4451/3850 1127/3846 4455/3854 4458/3852
f 4458/3852 4455/3854 1131/3855 4456/3856
f 4457/3853 4458/3852 4456/3856 1130/3857
f 1127/3846 4448/3845 4460/3858 4455/3854
f 4448/3845 364/3844 2033/3859 4460/3858
f 4460/3858 2033/3859 514/3860 4459/3861
f 4455/3854 4460/3858 4459/3861 1131/3855
f 1131/3855 4459/3861 4463/3862 4462/3863
f 4459/3861 514/3860 2030/3864 4463/3862
f 4463/3862 2030/3864 351/3865 4461/3866
f 4462/3863 4463/3862 4461/3866 1129/3867
f 1130/3857 4456/3856 4466/3868 4465/3869
f 4456/3856 1131/3855 4462/3863 4466/3868
f 4466/3868 4462/3863 1129/3867 4464/3870
f 4465/3869 4466/3868 4464/3870 383/3871
f 383/3871 4467/3872 4470/3873 4465/3869
f 4467/3872 1132/3874 4468/3875 4470/3873
f 4470/3873 4468/3875 1134/3876 4469/3877
f 4465/3869 4470/3873 4469/3877 1130/3857
f 1132/3874 4471/3878 4474/3879 4468/3875
f 4471/3878 385/3880 4472/3881 4474/3879
f 4474/3879 4472/3881 1133/3882 4473/3883
f 4468/3875 4474/3879 4473/3883 1134/3876
f 1134/3876 4473/3883 4477/3884 4476/3885
f 4473/3883 1133/3882 4475/3886 4477/3884
f 4477/3884 4475/3886 387/3815 4441/3834
f 4476/3885 4477/3884 4441/3834 1125/3830
f 1130/3857 4469/3877 4478/3887 4457/3853
f 4469/3877 1134/3876 4476/3885 4478/3887
f 4478/3887 4476/3885 1125/3830 4438/3829
f 4457/3853 4478/3887 4438/3829 397/3828
f 380/3888 4479/3889 4483/3890 4482/3891
f 4479/3889 1135/3892 4480/3893 4483/3890
f 4483/3890 4480/3893 1137/3894 4481/3895
f 4482/3891 4483/3890 4481/3895 1136/3896
f 1135/3892 4484/3897 4486/3898 4480/3893
f 4484/3897 386/3796 4431/3819 4486/3898
f 4486/3898 4431/3819 1122/3817 4485/3899
f 4480/3893 4486/3898 4485/3899 1137/3894
f 1137/3894 4485/3899 4488/3900 4487/3901
f 4485/3899 1122/3817 4428/3816 4488/3900
f 4488/3900 4428/3816 387/3815 4475/3886
f 4487/3901 4488/3900 4475/3886 1133/3882
f 1136/3896 4481/3895 4490/3902 4489/3903
f 4481/3895 1137/3894 4487/3901 4490/3902
f 4490/3902 4487/3901 1133/3882 4472/3881
f 4489/3903 4490/3902 4472/3881 385/3880
f 386/3796 4484/3897 4493/3904 4414/3797
f 4484/3897 1135/3892 4491/3905 4493/3904
f 4493/3904 4491/3905 1140/3906 4492/3907
f 4414/3797 4493/3904 4492/3907 1119/3798
f 1135/3892 4479/3889 4496/3908 4491/3905
f 4479/3889 380/3888 4494/3909 4496/3908
f 4496/3908 4494/3909 1138/3910 4495/3911
f 4491/3905 4496/3908 4495/3911 1140/3906
f 1140/3906 4495/3911 4500/3912 4499/3913
f 4495/3911 1138/3910 4497/3914 4500/3912
f 4500/3912 4497/3914 379/3915 4498/3916
f 4499/3913 4500/3912 4498/3916 1139/3917
f 1119/3798 4492/3907 4502/3918 4417/3802
f 4492/3907 1140/3906 4499/3913 4502/3918
f 4502/3918 4499/3913 1139/3917 4501/3919
f 4417/3802 4502/3918 4501/3919 381/3780
f 389/3767 4405/3786 4506/3920 4505/3921
f 4405/3786 1116/3782 4503/3922 4506/3920
f 4506/3920 4503/3922 1143/3923 4504/3924
f 4505/3921 4506/3920 4504/3924 1142/3925
f 1116/3782 4402/3781 4508/3926 4503/3922
f 4402/3781 381/3780 4501/3919 4508/3926
f 4508/3926 4501/3919 1139/3917 4507/3927
f 4503/3922 4508/3926 4507/3927 1143/3923
f 1143/3923 4507/3927 4511/3928 4510/3929
f 4507/3927 1139/3917 4498/3916 4511/3928
f 4511/3928 4498/3916 379/3915 4509/3930
f 4510/3929 4511/3928 4509/3930 1141/3931
f 1142/3925 4504/3924 4514/3932 4513/3933
f 4504/3924 1143/3923 4510/3929 4514/3932
f 4514/3932 4510/3929 1141/3931 4512/3934
f 4513/3933 4514/3932 4512/3934 285/3935
f 288/3751 4395/3771 4518/3936 4517/3937
f 4395/3771 1113/3769 4515/3938 4518/3936
f 4518/3936 4515/3938 1146/3939 4516/3940
f 4517/3937 4518/3936 4516/3940 1145/3941
f 1113/3769 4392/3768 4520/3942 4515/3938
f 4392/3768 389/3767 4505/3921 4520/3942
f 4520/3942 4505/3921 1142/3925 4519/3943
f 4515/3938 4520/3942 4519/3943 1146/3939
f 1146/3939 4519/3943 4523/3944 4522/3945
f 4519/3943 1142/3925 4513/3933 4523/3944
f 4523/3944 4513/3933 285/3935 4521/3946
f 4522/3945 4523/3944 4521/3946 1144/3947
f 1145/3941 4516/3940 4526/3948 4525/3949
f 4516/3940 1146/3939 4522/3945 4526/3948
f 4526/3948 4522/3945 1144/3947 4524/3950
f 4525/3949 4526/3948 4524/3950 283/3951
f 283/3951 4527/3952 4530/3953 4525/3949
f 4527/3952 1147/3954 4528/3955 4530/3953
f 4530/3953 4528/3955 1149/3956 4529/3957
f 4525/3949 4530/3953 4529/3957 1145/3941
f 1147/3954 4531/3958 4534/3959 4528/3955
f 4531/3958 282/3960 4532/3961 4534/3959
f 4534/3959 4532/3961 1148/3962 4533/3963
f 4528/3955 4534/3959 4533/3963 1149/3956
f 1149/3956 4533/3963 4537/3964 4536/3965
f 4533/3963 1148/3962 4535/3966 4537/3964
f 4537/3964 4535/3966 287/3732 4383/3755
f 4536/3965 4537/3964 4383/3755 1110/3753
f 1145/3941 4529/3957 4538/3967 4517/3937
f 4529/3957 1149/3956 4536/3965 4538/3967
f 4538/3967 4536/3965 1110/3753 4380/3752
f 4517/3937 4538/3967 4380/3752 288/3751
f 248/439 4369/3738 4541/3968 2107/674
f 4369/3738 1107/3734 4539/3969 4541/3968
f 4541/3968 4539/3969 1151/3970 4540/3971
f 2107/674 4541/3968 4540/3971 534/676
f 1107/3734 4366/3733 4543/3972 4539/3969
f 4366/3733 287/3732 4535/3966 4543/3972
f 4543/3972 4535/3966 1148/3962 4542/3973
f 4539/3969 4543/3972 4542/3973 1151/3970
f 1151/3970 4542/3973 4546/3974 4545/3975
f 4542/3973 1148/3962 4532/3961 4546/3974
f 4546/3974 4532/3961 282/3960 4544/3976
f 4545/3975 4546/3974 4544/3976 1150/3977
f 534/676 4540/3971 4548/3978 2111/680
f 4540/3971 1151/3970 4545/3975 4548/3978
f 4548/3978 4545/3975 1150/3977 4547/3979
f 2111/680 4548/3978 4547/3979 247/682
f 247/682 4547/3979 4551/3980 2119/690
f 4547/3979 1150/3977 4549/3981 4551/3980
f 4551/3980 4549/3981 1154/3982 4550/3983
f 2119/690 4551/3980 4550/3983 537/692
f 1150/3977 4544/3976 4554/3984 4549/3981
f 4544/3976 282/3960 4552/3985 4554/3984
f 4554/3984 4552/3985 1152/3986 4553/3987
f 4549/3981 4554/3984 4553/3987 1154/3982
f 1154/3982 4553/3987 4558/3988 4557/3989
f 4553/3987 1152/3986 4555/3990 4558/3988
f 4558/3988 4555/3990 280/3991 4556/3992
f 4557/3989 4558/3988 4556/3992 1153/3993
f 537/692 4550/3983 4560/3994 2123/696
f 4550/3983 1154/3982 4557/3989 4560/3994
f 4560/3994 4557/3989 1153/3993 4559/3995
f 2123/696 4560/3994 4559/3995 238/698
f 282/3960 4531/3958 4563/3996 4552/3985
f 4531/3958 1147/3954 4561/3997 4563/3996
f 4563/3996 4561/3997 1157/3998 4562/3999
f 4552/3985 4563/3996 4562/3999 1152/3986
f 1147/3954 4527/3952 4566/4000 4561/3997
f 4527/3952 283/3951 4564/4001 4566/4000
f 4566/4000 4564/4001 1155/4002 4565/4003
f 4561/3997 4566/4000 4565/4003 1157/3998
f 1157/3998 4565/4003 4570/4004 4569/4005
f 4565/4003 1155/4002 4567/4006 4570/4004
f 4570/4004 4567/4006 281/4007 4568/4008
f 4569/4005 4570/4004 4568/4008 1156/4009
f 1152/3986 4562/3999 4572/4010 4555/3990
f 4562/3999 1157/3998 4569/4005 4572/4010
f 4572/4010 4569/4005 1156/4009 4571/4011
f 4555/3990 4572/4010 4571/4011 280/3991
f 284/4012 4573/4013 4577/4014 4576/4015
f 4573/4013 1158/4016 4574/4017 4577/4014
f 4577/4014 4574/4017 1160/4018 4575/4019
f 4576/4015 4577/4014 4575/4019 1159/4020
f 1158/4016 4578/4021 4580/4022 4574/4017
f 4578/4021 281/4007 4567/4006 4580/4022
f 4580/4022 4567/4006 1155/4002 4579/4023
f 4574/4017 4580/4022 4579/4023 1160/4018
f 1160/4018 4579/4023 4582/4024 4581/4025
f 4579/4023 1155/4002 4564/4001 4582/4024
f 4582/4024 4564/4001 283/3951 4524/3950
f 4581/4025 4582/4024 4524/3950 1144/3947
f 1159/4020 4575/4019 4584/4026 4583/4027
f 4575/4019 1160/4018 4581/4025 4584/4026
f 4584/4026 4581/4025 1144/3947 4521/3946
f 4583/4027 4584/4026 4521/3946 285/3935
f 377/4028 4585/4029 4589/4030 4588/4031
f 4585/4029 1161/4032 4586/4033 4589/4030
f 4589/4030 4586/4033 1163/4034 4587/4035
f 4588/4031 4589/4030 4587/4035 1162/4036
f 1161/4032 4590/4037 4592/4038 4586/4033
f 4590/4037 284/4012 4576/4015 4592/4038
f 4592/4038 4576/4015 1159/4020 4591/4039
f 4586/4033 4592/4038 4591/4039 1163/4034
f 1163/4034 4591/4039 4594/4040 4593/4041
f 4591/4039 1159/4020 4583/4027 4594/4040
f 4594/4040 4583/4027 285/3935 4512/3934
f 4593/4041 4594/4040 4512/3934 1141/3931
f 1162/4036 4587/4035 4596/4042 4595/4043
f 4587/4035 1163/4034 4593/4041 4596/4042
f 4596/4042 4593/4041 1141/3931 4509/3930
f 4595/4043 4596/4042 4509/3930 379/3915
f 378/4044 4597/4045 4601/4046 4600/4047
f 4597/4045 1164/4048 4598/4049 4601/4046
f 4601/4046 4598/4049 1166/4050 4599/4051
f 4600/4047 4601/4046 4599/4051 1165/4052
f 1164/4048 4602/4053 4604/4054 4598/4049
f 4602/4053 377/4028 4588/4031 4604/4054
f 4604/4054 4588/4031 1162/4036 4603/4055
f 4598/4049 4604/4054 4603/4055 1166/4050
f 1166/4050 4603/4055 4606/4056 4605/4057
f 4603/4055 1162/4036 4595/4043 4606/4056
f 4606/4056 4595/4043 379/3915 4497/3914
f 4605/4057 4606/4056 4497/3914 1138/3910
f 1165/4052 4599/4051 4608/4058 4607/4059
f 4599/4051 1166/4050 4605/4057 4608/4058
f 4608/4058 4605/4057 1138/3910 4494/3909
f 4607/4059 4608/4058 4494/3909 380/3888
f 384/4060 4609/4061 4613/4062 4612/4063
f 4609/4061 1167/4064 4610/4065 4613/4062
f 4613/4062 4610/4065 1169/4066 4611/4067
f 4612/4063 4613/4062 4611/4067 1168/4068
f 1167/4064 4614/4069 4616/4070 4610/4065
f 4614/4069 378/4044 4600/4047 4616/4070
f 4616/4070 4600/4047 1165/4052 4615/4071
f 4610/4065 4616/4070 4615/4071 1169/4066
f 1169/4066 4615/4071 4618/4072 4617/4073
f 4615/4071 1165/4052 4607/4059 4618/4072
f 4618/4072 4607/4059 380/3888 4482/3891
f 4617/4073 4618/4072 4482/3891 1136/3896
f 1168/4068 4611/4067 4620/4074 4619/4075
f 4611/4067 1169/4066 4617/4073 4620/4074
f 4620/4074 4617/4073 1136/3896 4489/3903
f 4619/4075 4620/4074 4489/3903 385/3880
f 385/3880 4471/3878 4623/4076 4619/4075
f 4471/3878 1132/3874 4621/4077 4623/4076
f 4623/4076 4621/4077 1172/4078 4622/4079
f 4619/4075 4623/4076 4622/4079 1168/4068
f 1132/3874 4467/3872 4626/4080 4621/4077
f 4467/3872 383/3871 4624/4081 4626/4080
f 4626/4080 4624/4081 1170/4082 4625/4083
f 4621/4077 4626/4080 4625/4083 1172/4078
f 1172/4078 4625/4083 4630/4084 4629/4085
f 4625/4083 1170/4082 4627/4086 4630/4084
f 4630/4084 4627/4086 382/4087 4628/4088
f 4629/4085 4630/4084 4628/4088 1171/4089
f 1168/4068 4622/4079 4632/4090 4612/4063
f 4622/4079 1172/4078 4629/4085 4632/4090
f 4632/4090 4629/4085 1171/4089 4631/4091
f 4612/4063 4632/4090 4631/4091 384/4060
f 351/3865 2207/4092 4635/4093 4461/3866
f 2207/4092 560/4094 4633/4095 4635/4093
f 4635/4093 4633/4095 1174/4096 4634/4097
f 4461/3866 4635/4093 4634/4097 1129/3867
f 560/4094 2215/4098 4638/4099 4633/4095
f 2215/4098 349/4100 4636/4101 4638/4099
f 4638/4099 4636/4101 1173/4102 4637/4103
f 4633/4095 4638/4099 4637/4103 1174/4096
f 1174/4096 4637/4103 4641/4104 4640/4105
f 4637/4103 1173/4102 4639/4106 4641/4104
f 4641/4104 4639/4106 382/4087 4627/4086
f 4640/4105 4641/4104 4627/4086 1170/4082
f 1129/3867 4634/4097 4642/4107 4464/3870
f 4634/4097 1174/4096 4640/4105 4642/4107
f 4642/4107 4640/4105 1170/4082 4624/4081
f 4464/3870 4642/4107 4624/4081 383/3871
f 315/4108 4643/4109 4646/4110 2217/4111
f 4643/4109 1175/4112 4644/4113 4646/4110
f 4646/4110 4644/4113 1177/4114 4645/4115
f 2217/4111 4646/4110 4645/4115 562/4116
f 1175/4112 4647/4117 4650/4118 4644/4113
f 4647/4117 334/4119 4648/4120 4650/4118
f 4650/4118 4648/4120 1176/4121 4649/4122
f 4644/4113 4650/4118 4649/4122 1177/4114
f 1177/4114 4649/4122 4653/4123 4652/4124
f 4649/4122 1176/4121 4651/4125 4653/4123
f 4653/4123 4651/4125 382/4087 4639/4106
f 4652/4124 4653/4123 4639/4106 1173/4102
f 562/4116 4645/4115 4654/4126 2222/4127
f 4645/4115 1177/4114 4652/4124 4654/4126
f 4654/4126 4652/4124 1173/4102 4636/4101
f 2222/4127 4654/4126 4636/4101 349/4100
f 334/4119 4655/4128 4658/4129 4648/4120
f 4655/4128 1178/4130 4656/4131 4658/4129
f 4658/4129 4656/4131 1180/4132 4657/4133
f 4648/4120 4658/4129 4657/4133 1176/4121
f 1178/4130 4659/4134 4662/4135 4656/4131
f 4659/4134 335/4136 4660/4137 4662/4135
f 4662/4135 4660/4137 1179/4138 4661/4139
f 4656/4131 4662/4135 4661/4139 1180/4132
f 1180/4132 4661/4139 4665/4140 4664/4141
f 4661/4139 1179/4138 4663/4142 4665/4140
f 4665/4140 4663/4142 384/4060 4631/4091
f 4664/4141 4665/4140 4631/4091 1171/4089
f 1176/4121 4657/4133 4666/4143 4651/4125
f 4657/4133 1180/4132 4664/4141 4666/4143
f 4666/4143 4664/4141 1171/4089 4628/4088
f 4651/4125 4666/4143 4628/4088 382/4087
f 330/4144 4667/4145 4671/4146 4670/4147
f 4667/4145 1181/4148 4668/4149 4671/4146
f 4671/4146 4668/4149 1183/4150 4669/4151
f 4670/4147 4671/4146 4669/4151 1182/4152
f 1181/4148 4672/4153 4674/4154 4668/4149
f 4672/4153 378/4044 4614/4069 4674/4154
f 4674/4154 4614/4069 1167/4064 4673/4155
f 4668/4149 4674/4154 4673/4155 1183/4150
f 1183/4150 4673/4155 4676/4156 4675/4157
f 4673/4155 1167/4064 4609/4061 4676/4156
f 4676/4156 4609/4061 384/4060 4663/4142
f 4675/4157 4676/4156 4663/4142 1179/4138
f 1182/4152 4669/4151 4678/4158 4677/4159
f 4669/4151 1183/4150 4675/4157 4678/4158
f 4678/4158 4675/4157 1179/4138 4660/4137
f 4677/4159 4678/4158 4660/4137 335/4136
f 330/4144 4679/4160 4682/4161 4667/4145
f 4679/4160 1184/4162 4680/4163 4682/4161
f 4682/4161 4680/4163 1186/4164 4681/4165
f 4667/4145 4682/4161 4681/4165 1181/4148
f 1184/4162 4683/4166 4686/4167 4680/4163
f 4683/4166 279/4168 4684/4169 4686/4167
f 4686/4167 4684/4169 1185/4170 4685/4171
f 4680/4163 4686/4167 4685/4171 1186/4164
f 1186/4164 4685/4171 4689/4172 4688/4173
f 4685/4171 1185/4170 4687/4174 4689/4172
f 4689/4172 4687/4174 377/4028 4602/4053
f 4688/4173 4689/4172 4602/4053 1164/4048
f 1181/4148 4681/4165 4690/4175 4672/4153
f 4681/4165 1186/4164 4688/4173 4690/4175
f 4690/4175 4688/4173 1164/4048 4597/4045
f 4672/4153 4690/4175 4597/4045 378/4044
f 279/4168 4691/4176 4694/4177 4684/4169
f 4691/4176 1187/4178 4692/4179 4694/4177
f 4694/4177 4692/4179 1189/4180 4693/4181
f 4684/4169 4694/4177 4693/4181 1185/4170
f 1187/4178 4695/4182 4698/4183 4692/4179
f 4695/4182 278/4184 4696/4185 4698/4183
f 4698/4183 4696/4185 1188/4186 4697/4187
f 4692/4179 4698/4183 4697/4187 1189/4180
f 1189/4180 4697/4187 4701/4188 4700/4189
f 4697/4187 1188/4186 4699/4190 4701/4188
f 4701/4188 4699/4190 284/4012 4590/4037
f 4700/4189 4701/4188 4590/4037 1161/4032
f 1185/4170 4693/4181 4702/4191 4687/4174
f 4693/4181 1189/4180 4700/4189 4702/4191
f 4702/4191 4700/4189 1161/4032 4585/4029
f 4687/4174 4702/4191 4585/4029 377/4028
f 281/4007 4578/4021 4706/4192 4705/4193
f 4578/4021 1158/4016 4703/4194 4706/4192
f 4706/4192 4703/4194 1192/4195 4704/4196
f 4705/4193 4706/4192 4704/4196 1191/4197
f 1158/4016 4573/4013 4708/4198 4703/4194
f 4573/4013 284/4012 4699/4190 4708/4198
f 4708/4198 4699/4190 1188/4186 4707/4199
f 4703/4194 4708/4198 4707/4199 1192/4195
f 1192/4195 4707/4199 4711/4200 4710/4201
f 4707/4199 1188/4186 4696/4185 4711/4200
f 4711/4200 4696/4185 278/4184 4709/4202
f 4710/4201 4711/4200 4709/4202 1190/4203
f 1191/4197 4704/4196 4714/4204 4713/4205
f 4704/4196 1192/4195 4710/4201 4714/4204
f 4714/4204 4710/4201 1190/4203 4712/4206
f 4713/4205 4714/4204 4712/4206 275/4207
f 275/4207 4715/4208 4718/4209 4713/4205
f 4715/4208 1193/4210 4716/4211 4718/4209
f 4718/4209 4716/4211 1195/4212 4717/4213
f 4713/4205 4718/4209 4717/4213 1191/4197
f 1193/4210 4719/4214 4722/4215 4716/4211
f 4719/4214 274/4216 4720/4217 4722/4215
f 4722/4215 4720/4217 1194/4218 4721/4219
f 4716/4211 4722/4215 4721/4219 1195/4212
f 1195/4212 4721/4219 4725/4220 4724/4221
f 4721/4219 1194/4218 4723/4222 4725/4220
f 4725/4220 4723/4222 280/3991 4571/4011
f 4724/4221 4725/4220 4571/4011 1156/4009
f 1191/4197 4717/4213 4726/4223 4705/4193
f 4717/4213 1195/4212 4724/4221 4726/4223
f 4726/4223 4724/4221 1156/4009 4568/4008
f 4705/4193 4726/4223 4568/4008 281/4007
f 238/698 4559/3995 4729/4224 2303/938
f 4559/3995 1153/3993 4727/4225 4729/4224
f 4729/4224 4727/4225 1197/4226 4728/4227
f 2303/938 4729/4224 4728/4227 584/940
f 1153/3993 4556/3992 4731/4228 4727/4225
f 4556/3992 280/3991 4723/4222 4731/4228
f 4731/4228 4723/4222 1194/4218 4730/4229
f 4727/4225 4731/4228 4730/4229 1197/4226
f 1197/4226 4730/4229 4734/4230 4733/4231
f 4730/4229 1194/4218 4720/4217 4734/4230
f 4734/4230 4720/4217 274/4216 4732/4232
f 4733/4231 4734/4230 4732/4232 1196/4233
f 584/940 4728/4227 4736/4234 2307/944
f 4728/4227 1197/4226 4733/4231 4736/4234
f 4736/4234 4733/4231 1196/4233 4735/4235
f 2307/944 4736/4234 4735/4235 230/946
f 272/4236 4737/4237 4741/4238 4740/4239
f 4737/4237 1198/4240 4738/4241 4741/4238
f 4741/4238 4738/4241 1200/4242 4739/4243
f 4740/4239 4741/4238 4739/4243 1199/4244
f 1198/4240 4742/4245 4744/4246 4738/4241
f 4742/4245 225/973 2326/972 4744/4246
f 4744/4246 2326/972 588/969 4743/4247
f 4738/4241 4744/4246 4743/4247 1200/4242
f 1200/4242 4743/4247 4746/4248 4745/4249
f 4743/4247 588/969 2323/968 4746/4248
f 4746/4248 2323/968 230/946 4735/4235
f 4745/4249 4746/4248 4735/4235 1196/4233
f 1199/4244 4739/4243 4748/4250 4747/4251
f 4739/4243 1200/4242 4745/4249 4748/4250
f 4748/4250 4745/4249 1196/4233 4732/4232
f 4747/4251 4748/4250 4732/4232 274/4216
f 274/4216 4719/4214 4751/4252 4747/4251
f 4719/4214 1193/4210 4749/4253 4751/4252
f 4751/4252 4749/4253 1203/4254 4750/4255
f 4747/4251 4751/4252 4750/4255 1199/4244
f 1193/4210 4715/4208 4754/4256 4749/4253
f 4715/4208 275/4207 4752/4257 4754/4256
f 4754/4256 4752/4257 1201/4258 4753/4259
f 4749/4253 4754/4256 4753/4259 1203/4254
f 1203/4254 4753/4259 4758/4260 4757/4261
f 4753/4259 1201/4258 4755/4262 4758/4260
f 4758/4260 4755/4262 276/4263 4756/4264
f 4757/4261 4758/4260 4756/4264 1202/4265
f 1199/4244 4750/4255 4760/4266 4740/4239
f 4750/4255 1203/4254 4757/4261 4760/4266
f 4760/4266 4757/4261 1202/4265 4759/4267
f 4740/4239 4760/4266 4759/4267 272/4236
f 276/4263 4755/4262 4764/4268 4763/4269
f 4755/4262 1201/4258 4761/4270 4764/4268
f 4764/4268 4761/4270 1206/4271 4762/4272
f 4763/4269 4764/4268 4762/4272 1205/4273
f 1201/4258 4752/4257 4766/4274 4761/4270
f 4752/4257 275/4207 4712/4206 4766/4274
f 4766/4274 4712/4206 1190/4203 4765/4275
f 4761/4270 4766/4274 4765/4275 1206/4271
f 1206/4271 4765/4275 4769/4276 4768/4277
f 4765/4275 1190/4203 4709/4202 4769/4276
f 4769/4276 4709/4202 278/4184 4767/4278
f 4768/4277 4769/4276 4767/4278 1204/4279
f 1205/4273 4762/4272 4772/4280 4771/4281
f 4762/4272 1206/4271 4768/4277 4772/4280
f 4772/4280 4768/4277 1204/4279 4770/4282
f 4771/4281 4772/4280 4770/4282 277/4283
f 277/4283 4770/4282 4776/4284 4775/4285
f 4770/4282 1204/4279 4773/4286 4776/4284
f 4776/4284 4773/4286 1209/4287 4774/4288
f 4775/4285 4776/4284 4774/4288 1208/4289
f 1204/4279 4767/4278 4778/4290 4773/4286
f 4767/4278 278/4184 4695/4182 4778/4290
f 4778/4290 4695/4182 1187/4178 4777/4291
f 4773/4286 4778/4290 4777/4291 1209/4287
f 1209/4287 4777/4291 4781/4292 4780/4293
f 4777/4291 1187/4178 4691/4176 4781/4292
f 4781/4292 4691/4176 279/4168 4779/4294
f 4780/4293 4781/4292 4779/4294 1207/4295
f 1208/4289 4774/4288 4784/4296 4783/4297
f 4774/4288 1209/4287 4780/4293 4784/4296
f 4784/4296 4780/4293 1207/4295 4782/4298
f 4783/4297 4784/4296 4782/4298 182/4299
f 183/4300 4785/4301 4789/4302 4788/4303
f 4785/4301 1210/4304 4786/4305 4789/4302
f 4789/4302 4786/4305 1212/4306 4787/4307
f 4788/4303 4789/4302 4787/4307 1211/4308
f 1210/4304 4790/4309 4792/4310 4786/4305
f 4790/4309 182/4299 4782/4298 4792/4310
f 4792/4310 4782/4298 1207/4295 4791/4311
f 4786/4305 4792/4310 4791/4311 1212/4306
f 1212/4306 4791/4311 4794/4312 4793/4313
f 4791/4311 1207/4295 4779/4294 4794/4312
f 4794/4312 4779/4294 279/4168 4683/4166
f 4793/4313 4794/4312 4683/4166 1184/4162
f 1211/4308 4787/4307 4796/4314 4795/4315
f 4787/4307 1212/4306 4793/4313 4796/4314
f 4796/4314 4793/4313 1184/4162 4679/4160
f 4795/4315 4796/4314 4679/4160 330/4144
f 330/4144 4670/4147 4800/4316 4799/4317
f 4670/4147 1182/4152 4797/4318 4800/4316
f 4800/4316 4797/4318 1216/4319 4798/4320
f 4799/4317 4800/4316 4798/4320 1215/4321
f 1182/4152 4677/4159 4803/4322 4797/4318
f 4677/4159 335/4136 4801/4323 4803/4322
f 4803/4322 4801/4323 1213/4324 4802/4325
f 4797/4318 4803/4322 4802/4325 1216/4319
f 1216/4319 4802/4325 4807/4326 4806/4327
f 4802/4325 1213/4324 4804/4328 4807/4326
f 4807/4326 4804/4328 333/4329 4805/4330
f 4806/4327 4807/4326 4805/4330 1214/4331
f 1215/4321 4798/4320 4810/4332 4809/4333
f 4798/4320 1216/4319 4806/4327 4810/4332
f 4810/4332 4806/4327 1214/4331 4808/4334
f 4809/4333 4810/4332 4808/4334 329/4335
f 330/4144 4799/4317 4813/4336 4795/4315
f 4799/4317 1215/4321 4811/4337 4813/4336
f 4813/4336 4811/4337 1219/4338 4812/4339
f 4795/4315 4813/4336 4812/4339 1211/4308
f 1215/4321 4809/4333 4816/4340 4811/4337
f 4809/4333 329/4335 4814/4341 4816/4340
f 4816/4340 4814/4341 1217/4342 4815/4343
f 4811/4337 4816/4340 4815/4343 1219/4338
f 1219/4338 4815/4343 4820/4344 4819/4345
f 4815/4343 1217/4342 4817/4346 4820/4344
f 4820/4344 4817/4346 328/4347 4818/4348
f 4819/4345 4820/4344 4818/4348 1218/4349
f 1211/4308 4812/4339 4822/4350 4788/4303
f 4812/4339 1219/4338 4819/4345 4822/4350
f 4822/4350 4819/4345 1218/4349 4821/4351
f 4788/4303 4822/4350 4821/4351 183/4300
f 331/4352 4823/4353 4827/4354 4826/4355
f 4823/4353 1220/4356 4824/4357 4827/4354
f 4827/4354 4824/4357 1222/4358 4825/4359
f 4826/4355 4827/4354 4825/4359 1221/4360
f 1220/4356 4828/4361 4830/4362 4824/4357
f 4828/4361 333/4329 4804/4328 4830/4362
f 4830/4362 4804/4328 1213/4324 4829/4363
f 4824/4357 4830/4362 4829/4363 1222/4358
f 1222/4358 4829/4363 4832/4364 4831/4365
f 4829/4363 1213/4324 4801/4323 4832/4364
f 4832/4364 4801/4323 335/4136 4659/4134
f 4831/4365 4832/4364 4659/4134 1178/4130
f 1221/4360 4825/4359 4834/4366 4833/4367
f 4825/4359 1222/4358 4831/4365 4834/4366
f 4834/4366 4831/4365 1178/4130 4655/4128
f 4833/4367 4834/4366 4655/4128 334/4119
f 319/4368 4835/4369 4838/4370 2415/4371
f 4835/4369 1223/4372 4836/4373 4838/4370
f 4838/4370 4836/4373 1224/4374 4837/4375
f 2415/4371 4838/4370 4837/4375 613/4376
f 1223/4372 4839/4377 4841/4378 4836/4373
f 4839/4377 331/4352 4826/4355 4841/4378
f 4841/4378 4826/4355 1221/4360 4840/4379
f 4836/4373 4841/4378 4840/4379 1224/4374
f 1224/4374 4840/4379 4843/4380 4842/4381
f 4840/4379 1221/4360 4833/4367 4843/4380
f 4843/4380 4833/4367 334/4119 4647/4117
f 4842/4381 4843/4380 4647/4117 1175/4112
f 613/4376 4837/4375 4844/4382 2420/4383
f 4837/4375 1224/4374 4842/4381 4844/4382
f 4844/4382 4842/4381 1175/4112 4643/4109
f 2420/4383 4844/4382 4643/4109 315/4108
f 331/4352 4839/4377 4848/4384 4847/4385
f 4839/4377 1223/4372 4845/4386 4848/4384
f 4848/4384 4845/4386 1227/4387 4846/4388
f 4847/4385 4848/4384 4846/4388 1226/4389
f 1223/4372 4835/4369 4850/4390 4845/4386
f 4835/4369 319/4368 2439/4391 4850/4390
f 4850/4390 2439/4391 618/4392 4849/4393
f 4845/4386 4850/4390 4849/4393 1227/4387
f 1227/4387 4849/4393 4853/4394 4852/4395
f 4849/4393 618/4392 2436/4396 4853/4394
f 4853/4394 2436/4396 318/4397 4851/4398
f 4852/4395 4853/4394 4851/4398 1225/4399
f 1226/4389 4846/4388 4856/4400 4855/4401
f 4846/4388 1227/4387 4852/4395 4856/4400
f 4856/4400 4852/4395 1225/4399 4854/4402
f 4855/4401 4856/4400 4854/4402 338/4403
f 338/4403 4857/4404 4860/4405 4855/4401
f 4857/4404 1228/4406 4858/4407 4860/4405
f 4860/4405 4858/4407 1230/4408 4859/4409
f 4855/4401 4860/4405 4859/4409 1226/4389
f 1228/4406 4861/4410 4864/4411 4858/4407
f 4861/4410 332/4412 4862/4413 4864/4411
f 4864/4411 4862/4413 1229/4414 4863/4415
f 4858/4407 4864/4411 4863/4415 1230/4408
f 1230/4408 4863/4415 4867/4416 4866/4417
f 4863/4415 1229/4414 4865/4418 4867/4416
f 4867/4416 4865/4418 333/4329 4828/4361
f 4866/4417 4867/4416 4828/4361 1220/4356
f 1226/4389 4859/4409 4868/4419 4847/4385
f 4859/4409 1230/4408 4866/4417 4868/4419
f 4868/4419 4866/4417 1220/4356 4823/4353
f 4847/4385 4868/4419 4823/4353 331/4352
f 332/4412 4869/4420 4872/4421 4862/4413
f 4869/4420 1231/4422 4870/4423 4872/4421
f 4872/4421 4870/4423 1233/4424 4871/4425
f 4862/4413 4872/4421 4871/4425 1229/4414
f 1231/4422 4873/4426 4876/4427 4870/4423
f 4873/4426 337/4428 4874/4429 4876/4427
f 4876/4427 4874/4429 1232/4430 4875/4431
f 4870/4423 4876/4427 4875/4431 1233/4424
f 1233/4424 4875/4431 4879/4432 4878/4433
f 4875/4431 1232/4430 4877/4434 4879/4432
f 4879/4432 4877/4434 329/4335 4808/4334
f 4878/4433 4879/4432 4808/4334 1214/4331
f 1229/4414 4871/4425 4880/4435 4865/4418
f 4871/4425 1233/4424 4878/4433 4880/4435
f 4880/4435 4878/4433 1214/4331 4805/4330
f 4865/4418 4880/4435 4805/4330 333/4329
f 337/4428 4881/4436 4884/4437 4874/4429
f 4881/4436 1234/4438 4882/4439 4884/4437
f 4884/4437 4882/4439 1236/4440 4883/4441
f 4874/4429 4884/4437 4883/4441 1232/4430
f 1234/4438 4885/4442 4888/4443 4882/4439
f 4885/4442 187/4444 4886/4445 4888/4443
f 4888/4443 4886/4445 1235/4446 4887/4447
f 4882/4439 4888/4443 4887/4447 1236/4440
f 1236/4440 4887/4447 4891/4448 4890/4449
f 4887/4447 1235/4446 4889/4450 4891/4448
f 4891/4448 4889/4450 328/4347 4817/4346
f 4890/4449 4891/4448 4817/4346 1217/4342
f 1232/4430 4883/4441 4892/4451 4877/4434
f 4883/4441 1236/4440 4890/4449 4892/4451
f 4892/4451 4890/4449 1217/4342 4814/4341
f 4877/4434 4892/4451 4814/4341 329/4335
f 187/4444 4893/4452 4896/4453 4886/4445
f 4893/4452 1237/4454 4894/4455 4896/4453
f 4896/4453 4894/4455 1240/4456 4895/4457
f 4886/4445 4896/4453 4895/4457 1235/4446
f 1237/4454 4897/4458 4900/4459 4894/4455
f 4897/4458 188/4460 4898/4461 4900/4459
f 4900/4459 4898/4461 1238/4462 4899/4463
f 4894/4455 4900/4459 4899/4463 1240/4456
f 1240/4456 4899/4463 4904/4464 4903/4465
f 4899/4463 1238/4462 4901/4466 4904/4464
f 4904/4464 4901/4466 336/4467 4902/4468
f 4903/4465 4904/4464 4902/4468 1239/4469
f 1235/4446 4895/4457 4906/4470 4889/4450
f 4895/4457 1240/4456 4903/4465 4906/4470
f 4906/4470 4903/4465 1239/4469 4905/4471
f 4889/4450 4906/4470 4905/4471 328/4347
f 183/4300 4907/4472 4910/4473 4785/4301
f 4907/4472 1241/4474 4908/4475 4910/4473
f 4910/4473 4908/4475 1244/4476 4909/4477
f 4785/4301 4910/4473 4909/4477 1210/4304
f 1241/4474 4911/4478 4914/4479 4908/4475
f 4911/4478 181/4480 4912/4481 4914/4479
f 4914/4479 4912/4481 1242/4482 4913/4483
f 4908/4475 4914/4479 4913/4483 1244/4476
f 1244/4476 4913/4483 4918/4484 4917/4485
f 4913/4483 1242/4482 4915/4486 4918/4484
f 4918/4484 4915/4486 179/4487 4916/4488
f 4917/4485 4918/4484 4916/4488 1243/4489
f 1210/4304 4909/4477 4920/4490 4790/4309
f 4909/4477 1244/4476 4917/4485 4920/4490
f 4920/4490 4917/4485 1243/4489 4919/4491
f 4790/4309 4920/4490 4919/4491 182/4299
f 182/4299 4919/4491 4923/4492 4783/4297
f 4919/4491 1243/4489 4921/4493 4923/4492
f 4923/4492 4921/4493 1247/4494 4922/4495
f 4783/4297 4923/4492 4922/4495 1208/4289
f 1243/4489 4916/4488 4926/4496 4921/4493
f 4916/4488 179/4487 4924/4497 4926/4496
f 4926/4496 4924/4497 1245/4498 4925/4499
f 4921/4493 4926/4496 4925/4499 1247/4494
f 1247/4494 4925/4499 4930/4500 4929/4501
f 4925/4499 1245/4498 4927/4502 4930/4500
f 4930/4500 4927/4502 178/4503 4928/4504
f 4929/4501 4930/4500 4928/4504 1246/4505
f 1208/4289 4922/4495 4932/4506 4775/4285
f 4922/4495 1247/4494 4929/4501 4932/4506
f 4932/4506 4929/4501 1246/4505 4931/4507
f 4775/4285 4932/4506 4931/4507 277/4283
f 276/4263 4763/4269 4936/4508 4935/4509
f 4763/4269 1205/4273 4933/4510 4936/4508
f 4936/4508 4933/4510 1250/4511 4934/4512
f 4935/4509 4936/4508 4934/4512 1249/4513
f 1205/4273 4771/4281 4938/4514 4933/4510
f 4771/4281 277/4283 4931/4507 4938/4514
f 4938/4514 4931/4507 1246/4505 4937/4515
f 4933/4510 4938/4514 4937/4515 1250/4511
f 1250/4511 4937/4515 4941/4516 4940/4517
f 4937/4515 1246/4505 4928/4504 4941/4516
f 4941/4516 4928/4504 178/4503 4939/4518
f 4940/4517 4941/4516 4939/4518 1248/4519
f 1249/4513 4934/4512 4944/4520 4943/4521
f 4934/4512 1250/4511 4940/4517 4944/4520
f 4944/4520 4940/4517 1248/4519 4942/4522
f 4943/4521 4944/4520 4942/4522 168/4523
f 272/4236 4759/4267 4948/4524 4947/4525
f 4759/4267 1202/4265 4945/4526 4948/4524
f 4948/4524 4945/4526 1253/4527 4946/4528
f 4947/4525 4948/4524 4946/4528 1252/4529
f 1202/4265 4756/4264 4950/4530 4945/4526
f 4756/4264 276/4263 4935/4509 4950/4530
f 4950/4530 4935/4509 1249/4513 4949/4531
f 4945/4526 4950/4530 4949/4531 1253/4527
f 1253/4527 4949/4531 4953/4532 4952/4533
f 4949/4531 1249/4513 4943/4521 4953/4532
f 4953/4532 4943/4521 168/4523 4951/4534
f 4952/4533 4953/4532 4951/4534 1251/4535
f 1252/4529 4946/4528 4956/4536 4955/4537
f 4946/4528 1253/4527 4952/4533 4956/4536
f 4956/4536 4952/4533 1251/4535 4954/4538
f 4955/4537 4956/4536 4954/4538 273/4539
f 272/4236 4957/4540 4960/4541 4737/4237
f 4957/4540 1254/4542 4958/4543 4960/4541
f 4960/4541 4958/4543 1256/4544 4959/4545
f 4737/4237 4960/4541 4959/4545 1198/4240
f 1254/4542 4961/4546 4964/4547 4958/4543
f 4961/4546 271/4548 4962/4549 4964/4547
f 4964/4547 4962/4549 1255/4550 4963/4551
f 4958/4543 4964/4547 4963/4551 1256/4544
f 1256/4544 4963/4551 4967/4552 4966/4553
f 4963/4551 1255/4550 4965/4554 4967/4552
f 4967/4552 4965/4554 224/1275 2548/1274
f 4966/4553 4967/4552 2548/1274 646/1270
f 1198/4240 4959/4545 4968/4555 4742/4245
f 4959/4545 1256/4544 4966/4553 4968/4555
f 4968/4555 4966/4553 646/1270 2545/1269
f 4742/4245 4968/4555 2545/1269 225/973
f 272/4236 4969/4556 4972/4557 4957/4540
f 4969/4556 1257/4558 4970/4559 4972/4557
f 4972/4557 4970/4559 1260/4560 4971/4561
f 4957/4540 4972/4557 4971/4561 1254/4542
f 1257/4558 4973/4562 4976/4563 4970/4559
f 4973/4562 269/4564 4974/4565 4976/4563
f 4976/4563 4974/4565 1258/4566 4975/4567
f 4970/4559 4976/4563 4975/4567 1260/4560
f 1260/4560 4975/4567 4980/4568 4979/4569
f 4975/4567 1258/4566 4977/4570 4980/4568
f 4980/4568 4977/4570 270/4571 4978/4572
f 4979/4569 4980/4568 4978/4572 1259/4573
f 1254/4542 4971/4561 4982/4574 4961/4546
f 4971/4561 1260/4560 4979/4569 4982/4574
f 4982/4574 4979/4569 1259/4573 4981/4575
f 4961/4546 4982/4574 4981/4575 271/4548
f 272/4236 4947/4525 4985/4576 4969/4556
f 4947/4525 1252/4529 4983/4577 4985/4576
f 4985/4576 4983/4577 1263/4578 4984/4579
f 4969/4556 4985/4576 4984/4579 1257/4558
f 1252/4529 4955/4537 4988/4580 4983/4577
f 4955/4537 273/4539 4986/4581 4988/4580
f 4988/4580 4986/4581 1261/4582 4987/4583
f 4983/4577 4988/4580 4987/4583 1263/4578
f 1263/4578 4987/4583 4992/4584 4991/4585
f 4987/4583 1261/4582 4989/4586 4992/4584
f 4992/4584 4989/4586 267/4587 4990/4588
f 4991/4585 4992/4584 4990/4588 1262/4589
f 1257/4558 4984/4579 4994/4590 4973/4562
f 4984/4579 1263/4578 4991/4585 4994/4590
f 4994/4590 4991/4585 1262/4589 4993/4591
f 4973/4562 4994/4590 4993/4591 269/4564
f 271/4548 4981/4575 4997/4592 4962/4549
f 4981/4575 1259/4573 4995/4593 4997/4592
f 4997/4592 4995/4593 1265/4594 4996/4595
f 4962/4549 4997/4592 4996/4595 1255/4550
f 1259/4573 4978/4572 5000/4596 4995/4593
f 4978/4572 270/4571 4998/4597 5000/4596
f 5000/4596 4998/4597 1264/4598 4999/4599
f 4995/4593 5000/4596 4999/4599 1265/4594
f 1265/4594 4999/4599 5003/4600 5002/4601
f 4999/4599 1264/4598 5001/4602 5003/4600
f 5003/4600 5001/4602 214/1329 2587/1328
f 5002/4601 5003/4600 2587/1328 657/1324
f 1255/4550 4996/4595 5004/4603 4965/4554
f 4996/4595 1265/4594 5002/4601 5004/4603
f 5004/4603 5002/4601 657/1324 2584/1323
f 4965/4554 5004/4603 2584/1323 224/1275
f 214/1329 5001/4602 5007/4604 2593/1334
f 5001/4602 1264/4598 5005/4605 5007/4604
f 5007/4604 5005/4605 1268/4606 5006/4607
f 2593/1334 5007/4604 5006/4607 660/1336
f 1264/4598 4998/4597 5010/4608 5005/4605
f 4998/4597 270/4571 5008/4609 5010/4608
f 5010/4608 5008/4609 1266/4610 5009/4611
f 5005/4605 5010/4608 5009/4611 1268/4606
f 1268/4606 5009/4611 5014/4612 5013/4613
f 5009/4611 1266/4610 5011/4614 5014/4612
f 5014/4612 5011/4614 264/4615 5012/4616
f 5013/4613 5014/4612 5012/4616 1267/4617
f 660/1336 5006/4607 5016/4618 2597/1340
f 5006/4607 1268/4606 5013/4613 5016/4618
f 5016/4618 5013/4613 1267/4617 5015/4619
f 2597/1340 5016/4618 5015/4619 213/1342
f 269/4564 5017/4620 5020/4621 4974/4565
f 5017/4620 1269/4622 5018/4623 5020/4621
f 5020/4621 5018/4623 1271/4624 5019/4625
f 4974/4565 5020/4621 5019/4625 1258/4566
f 1269/4622 5021/4626 5024/4627 5018/4623
f 5021/4626 268/4628 5022/4629 5024/4627
f 5024/4627 5022/4629 1270/4630 5023/4631
f 5018/4623 5024/4627 5023/4631 1271/4624
f 1271/4624 5023/4631 5027/4632 5026/4633
f 5023/4631 1270/4630 5025/4634 5027/4632
f 5027/4632 5025/4634 264/4615 5011/4614
f 5026/4633 5027/4632 5011/4614 1266/4610
f 1258/4566 5019/4625 5028/4635 4977/4570
f 5019/4625 1271/4624 5026/4633 5028/4635
f 5028/4635 5026/4633 1266/4610 5008/4609
f 4977/4570 5028/4635 5008/4609 270/4571
f 264/4615 5029/4636 5032/4637 5012/4616
f 5029/4636 1272/4638 5030/4639 5032/4637
f 5032/4637 5030/4639 1274/4640 5031/4641
f 5012/4616 5032/4637 5031/4641 1267/4617
f 1272/4638 5033/4642 5036/4643 5030/4639
f 5033/4642 259/4644 5034/4645 5036/4643
f 5036/4643 5034/4645 1273/4646 5035/4647
f 5030/4639 5036/4643 5035/4647 1274/4640
f 1274/4640 5035/4647 5039/4648 5038/4649
f 5035/4647 1273/4646 5037/4650 5039/4648
f 5039/4648 5037/4650 212/1383 2626/1382
f 5038/4649 5039/4648 2626/1382 667/1378
f 1267/4617 5031/4641 5040/4651 5015/4619
f 5031/4641 1274/4640 5038/4649 5040/4651
f 5040/4651 5038/4649 667/1378 2623/1377
f 5015/4619 5040/4651 2623/1377 213/1342
f 268/4628 5041/4652 5044/4653 5022/4629
f 5041/4652 1275/4654 5042/4655 5044/4653
f 5044/4653 5042/4655 1277/4656 5043/4657
f 5022/4629 5044/4653 5043/4657 1270/4630
f 1275/4654 5045/4658 5048/4659 5042/4655
f 5045/4658 260/4660 5046/4661 5048/4659
f 5048/4659 5046/4661 1276/4662 5047/4663
f 5042/4655 5048/4659 5047/4663 1277/4656
f 1277/4656 5047/4663 5051/4664 5050/4665
f 5047/4663 1276/4662 5049/4666 5051/4664
f 5051/4664 5049/4666 259/4644 5033/4642
f 5050/4665 5051/4664 5033/4642 1272/4638
f 1270/4630 5043/4657 5052/4667 5025/4634
f 5043/4657 1277/4656 5050/4665 5052/4667
f 5052/4667 5050/4665 1272/4638 5029/4636
f 5025/4634 5052/4667 5029/4636 264/4615
f 268/4628 5053/4668 5056/4669 5041/4652
f 5053/4668 1278/4670 5054/4671 5056/4669
f 5056/4669 5054/4671 1281/4672 5055/4673
f 5041/4652 5056/4669 5055/4673 1275/4654
f 1278/4670 5057/4674 5060/4675 5054/4671
f 5057/4674 265/4676 5058/4677 5060/4675
f 5060/4675 5058/4677 1279/4678 5059/4679
f 5054/4671 5060/4675 5059/4679 1281/4672
f 1281/4672 5059/4679 5064/4680 5063/4681
f 5059/4679 1279/4678 5061/4682 5064/4680
f 5064/4680 5061/4682 266/4683 5062/4684
f 5063/4681 5064/4680 5062/4684 1280/4685
f 1275/4654 5055/4673 5066/4686 5045/4658
f 5055/4673 1281/4672 5063/4681 5066/4686
f 5066/4686 5063/4681 1280/4685 5065/4687
f 5045/4658 5066/4686 5065/4687 260/4660
f 267/4587 5067/4688 5070/4689 4990/4588
f 5067/4688 1282/4690 5068/4691 5070/4689
f 5070/4689 5068/4691 1283/4692 5069/4693
f 4990/4588 5070/4689 5069/4693 1262/4589
f 1282/4690 5071/4694 5073/4695 5068/4691
f 5071/4694 265/4676 5057/4674 5073/4695
f 5073/4695 5057/4674 1278/4670 5072/4696
f 5068/4691 5073/4695 5072/4696 1283/4692
f 1283/4692 5072/4696 5075/4697 5074/4698
f 5072/4696 1278/4670 5053/4668 5075/4697
f 5075/4697 5053/4668 268/4628 5021/4626
f 5074/4698 5075/4697 5021/4626 1269/4622
f 1262/4589 5069/4693 5076/4699 4993/4591
f 5069/4693 1283/4692 5074/4698 5076/4699
f 5076/4699 5074/4698 1269/4622 5017/4620
f 4993/4591 5076/4699 5017/4620 269/4564
f 152/4700 5077/4701 5081/4702 5080/4703
f 5077/4701 1284/4704 5078/4705 5081/4702
f 5081/4702 5078/4705 1287/4706 5079/4707
f 5080/4703 5081/4702 5079/4707 1286/4708
f 1284/4704 5082/4709 5085/4710 5078/4705
f 5082/4709 153/4711 5083/4712 5085/4710
f 5085/4710 5083/4712 1285/4713 5084/4714
f 5078/4705 5085/4710 5084/4714 1287/4706
f 1287/4706 5084/4714 5088/4715 5087/4716
f 5084/4714 1285/4713 5086/4717 5088/4715
f 5088/4715 5086/4717 265/4676 5071/4694
f 5087/4716 5088/4715 5071/4694 1282/4690
f 1286/4708 5079/4707 5090/4718 5089/4719
f 5079/4707 1287/4706 5087/4716 5090/4718
f 5090/4718 5087/4716 1282/4690 5067/4688
f 5089/4719 5090/4718 5067/4688 267/4587
f 148/4720 5091/4721 5095/4722 5094/4723
f 5091/4721 1288/4724 5092/4725 5095/4722
f 5095/4722 5092/4725 1290/4726 5093/4727
f 5094/4723 5095/4722 5093/4727 1289/4728
f 1288/4724 5096/4729 5098/4730 5092/4725
f 5096/4729 152/4700 5080/4703 5098/4730
f 5098/4730 5080/4703 1286/4708 5097/4731
f 5092/4725 5098/4730 5097/4731 1290/4726
f 1290/4726 5097/4731 5100/4732 5099/4733
f 5097/4731 1286/4708 5089/4719 5100/4732
f 5100/4732 5089/4719 267/4587 4989/4586
f 5099/4733 5100/4732 4989/4586 1261/4582
f 1289/4728 5093/4727 5102/4734 5101/4735
f 5093/4727 1290/4726 5099/4733 5102/4734
f 5102/4734 5099/4733 1261/4582 4986/4581
f 5101/4735 5102/4734 4986/4581 273/4539
f 265/4676 5086/4717 5105/4736 5058/4677
f 5086/4717 1285/4713 5103/4737 5105/4736
f 5105/4736 5103/4737 1293/4738 5104/4739
f 5058/4677 5105/4736 5104/4739 1279/4678
f 1285/4713 5083/4712 5108/4740 5103/4737
f 5083/4712 153/4711 5106/4741 5108/4740
f 5108/4740 5106/4741 1291/4742 5107/4743
f 5103/4737 5108/4740 5107/4743 1293/4738
f 1293/4738 5107/4743 5112/4744 5111/4745
f 5107/4743 1291/4742 5109/4746 5112/4744
f 5112/4744 5109/4746 261/4747 5110/4748
f 5111/4745 5112/4744 5110/4748 1292/4749
f 1279/4678 5104/4739 5114/4750 5061/4682
f 5104/4739 1293/4738 5111/4745 5114/4750
f 5114/4750 5111/4745 1292/4749 5113/4751
f 5061/4682 5114/4750 5113/4751 266/4683
f 150/4752 5115/4753 5119/4754 5118/4755
f 5115/4753 1294/4756 5116/4757 5119/4754
f 5119/4754 5116/4757 1297/4758 5117/4759
f 5118/4755 5119/4754 5117/4759 1296/4760
f 1294/4756 5120/4761 5123/4762 5116/4757
f 5120/4761 151/4763 5121/4764 5123/4762
f 5123/4762 5121/4764 1295/4765 5122/4766
f 5116/4757 5123/4762 5122/4766 1297/4758
f 1297/4758 5122/4766 5126/4767 5125/4768
f 5122/4766 1295/4765 5124/4769 5126/4767
f 5126/4767 5124/4769 261/4747 5109/4746
f 5125/4768 5126/4767 5109/4746 1291/4742
f 1296/4760 5117/4759 5128/4770 5127/4771
f 5117/4759 1297/4758 5125/4768 5128/4770
f 5128/4770 5125/4768 1291/4742 5106/4741
f 5127/4771 5128/4770 5106/4741 153/4711
f 150/4752 5129/4772 5132/4773 5115/4753
f 5129/4772 1298/4774 5130/4775 5132/4773
f 5132/4773 5130/4775 1300/4776 5131/4777
f 5115/4753 5132/4773 5131/4777 1294/4756
f 1298/4774 5133/4778 5135/4779 5130/4775
f 5133/4778 63/1529 2732/1528 5135/4779
f 5135/4779 2732/1528 695/1525 5134/4780
f 5130/4775 5135/4779 5134/4780 1300/4776
f 1300/4776 5134/4780 5138/4781 5137/4782
f 5134/4780 695/1525 2729/1524 5138/4781
f 5138/4781 2729/1524 55/1523 5136/4783
f 5137/4782 5138/4781 5136/4783 1299/4784
f 1294/4756 5131/4777 5140/4785 5120/4761
f 5131/4777 1300/4776 5137/4782 5140/4785
f 5140/4785 5137/4782 1299/4784 5139/4786
f 5120/4761 5140/4785 5139/4786 151/4763
f 150/4752 5141/4787 5144/4788 5129/4772
f 5141/4787 1301/4789 5142/4790 5144/4788
f 5144/4788 5142/4790 1303/4791 5143/4792
f 5129/4772 5144/4788 5143/4792 1298/4774
f 1301/4789 5145/4793 5148/4794 5142/4790
f 5145/4793 149/4795 5146/4796 5148/4794
f 5148/4794 5146/4796 1302/4797 5147/4798
f 5142/4790 5148/4794 5147/4798 1303/4791
f 1303/4791 5147/4798 5151/4799 5150/4800
f 5147/4798 1302/4797 5149/4801 5151/4799
f 5151/4799 5149/4801 53/1543 2742/1542
f 5150/4800 5151/4799 2742/1542 698/1538
f 1298/4774 5143/4792 5152/4802 5133/4778
f 5143/4792 1303/4791 5150/4800 5152/4802
f 5152/4802 5150/4800 698/1538 2739/1537
f 5133/4778 5152/4802 2739/1537 63/1529
f 144/4803 5153/4804 5157/4805 5156/4806
f 5153/4804 1304/4807 5154/4808 5157/4805
f 5157/4805 5154/4808 1306/4809 5155/4810
f 5156/4806 5157/4805 5155/4810 1305/4811
f 1304/4807 5158/4812 5160/4813 5154/4808
f 5158/4812 150/4752 5118/4755 5160/4813
f 5160/4813 5118/4755 1296/4760 5159/4814
f 5154/4808 5160/4813 5159/4814 1306/4809
f 1306/4809 5159/4814 5162/4815 5161/4816
f 5159/4814 1296/4760 5127/4771 5162/4815
f 5162/4815 5127/4771 153/4711 5082/4709
f 5161/4816 5162/4815 5082/4709 1284/4704
f 1305/4811 5155/4810 5164/4817 5163/4818
f 5155/4810 1306/4809 5161/4816 5164/4817
f 5164/4817 5161/4816 1284/4704 5077/4701
f 5163/4818 5164/4817 5077/4701 152/4700
f 144/4803 5165/4819 5168/4820 5153/4804
f 5165/4819 1307/4821 5166/4822 5168/4820
f 5168/4820 5166/4822 1309/4823 5167/4824
f 5153/4804 5168/4820 5167/4824 1304/4807
f 1307/4821 5169/4825 5172/4826 5166/4822
f 5169/4825 142/4827 5170/4828 5172/4826
f 5172/4826 5170/4828 1308/4829 5171/4830
f 5166/4822 5172/4826 5171/4830 1309/4823
f 1309/4823 5171/4830 5175/4831 5174/4832
f 5171/4830 1308/4829 5173/4833 5175/4831
f 5175/4831 5173/4833 149/4795 5145/4793
f 5174/4832 5175/4831 5145/4793 1301/4789
f 1304/4807 5167/4824 5176/4834 5158/4812
f 5167/4824 1309/4823 5174/4832 5176/4834
f 5176/4834 5174/4832 1301/4789 5141/4787
f 5158/4812 5176/4834 5141/4787 150/4752
f 152/4700 5096/4729 5179/4835 5163/4818
f 5096/4729 1288/4724 5177/4836 5179/4835
f 5179/4835 5177/4836 1312/4837 5178/4838
f 5163/4818 5179/4835 5178/4838 1305/4811
f 1288/4724 5091/4721 5182/4839 5177/4836
f 5091/4721 148/4720 5180/4840 5182/4839
f 5182/4839 5180/4840 1310/4841 5181/4842
f 5177/4836 5182/4839 5181/4842 1312/4837
f 1312/4837 5181/4842 5186/4843 5185/4844
f 5181/4842 1310/4841 5183/4845 5186/4843
f 5186/4843 5183/4845 145/4846 5184/4847
f 5185/4844 5186/4843 5184/4847 1311/4848
f 1305/4811 5178/4838 5188/4849 5156/4806
f 5178/4838 1312/4837 5185/4844 5188/4849
f 5188/4849 5185/4844 1311/4848 5187/4850
f 5156/4806 5188/4849 5187/4850 144/4803
f 140/4851 5189/4852 5193/4853 5192/4854
f 5189/4852 1313/4855 5190/4856 5193/4853
f 5193/4853 5190/4856 1316/4857 5191/4858
f 5192/4854 5193/4853 5191/4858 1315/4859
f 1313/4855 5194/4860 5196/4861 5190/4856
f 5194/4860 144/4803 5187/4850 5196/4861
f 5196/4861 5187/4850 1311/4848 5195/4862
f 5190/4856 5196/4861 5195/4862 1316/4857
f 1316/4857 5195/4862 5199/4863 5198/4864
f 5195/4862 1311/4848 5184/4847 5199/4863
f 5199/4863 5184/4847 145/4846 5197/4865
f 5198/4864 5199/4863 5197/4865 1314/4866
f 1315/4859 5191/4858 5202/4867 5201/4868
f 5191/4858 1316/4857 5198/4864 5202/4867
f 5202/4867 5198/4864 1314/4866 5200/4869
f 5201/4868 5202/4867 5200/4869 141/4870
f 149/4795 5203/4871 5206/4872 5146/4796
f 5203/4871 1317/4873 5204/4874 5206/4872
f 5206/4872 5204/4874 1319/4875 5205/4876
f 5146/4796 5206/4872 5205/4876 1302/4797
f 1317/4873 5207/4877 5210/4878 5204/4874
f 5207/4877 51/4879 5208/4880 5210/4878
f 5210/4878 5208/4880 1318/4881 5209/4882
f 5204/4874 5210/4878 5209/4882 1319/4875
f 1319/4875 5209/4882 5213/4883 5212/4884
f 5209/4882 1318/4881 5211/4885 5213/4883
f 5213/4883 5211/4885 54/1631 2806/1630
f 5212/4884 5213/4883 2806/1630 715/1626
f 1302/4797 5205/4876 5214/4886 5149/4801
f 5205/4876 1319/4875 5212/4884 5214/4886
f 5214/4886 5212/4884 715/1626 2803/1625
f 5149/4801 5214/4886 2803/1625 53/1543
f 46/1638 2816/1641 5218/4887 5217/4888
f 2816/1641 721/1646 5215/4889 5218/4887
f 5218/4887 5215/4889 1322/4890 5216/4891
f 5217/4888 5218/4887 5216/4891 1321/4892
f 721/1646 2825/1657 5220/4893 5215/4889
f 2825/1657 54/1631 5211/4885 5220/4893
f 5220/4893 5211/4885 1318/4881 5219/4894
f 5215/4889 5220/4893 5219/4894 1322/4890
f 1322/4890 5219/4894 5223/4895 5222/4896
f 5219/4894 1318/4881 5208/4880 5223/4895
f 5223/4895 5208/4880 51/4879 5221/4897
f 5222/4896 5223/4895 5221/4897 1320/4898
f 1321/4892 5216/4891 5226/4899 5225/4900
f 5216/4891 1322/4890 5222/4896 5226/4899
f 5226/4899 5222/4896 1320/4898 5224/4901
f 5225/4900 5226/4899 5224/4901 143/4902
f 140/4851 5227/4903 5231/4904 5230/4905
f 5227/4903 1323/4906 5228/4907 5231/4904
f 5231/4904 5228/4907 1325/4908 5229/4909
f 5230/4905 5231/4904 5229/4909 1324/4910
f 1323/4906 5232/4911 5234/4912 5228/4907
f 5232/4911 45/1676 2838/1675 5234/4912
f 5234/4912 2838/1675 724/1672 5233/4913
f 5228/4907 5234/4912 5233/4913 1325/4908
f 1325/4908 5233/4913 5236/4914 5235/4915
f 5233/4913 724/1672 2835/1671 5236/4914
f 5236/4914 2835/1671 46/1638 5217/4888
f 5235/4915 5236/4914 5217/4888 1321/4892
f 1324/4910 5229/4909 5238/4916 5237/4917
f 5229/4909 1325/4908 5235/4915 5238/4916
f 5238/4916 5235/4915 1321/4892 5225/4900
f 5237/4917 5238/4916 5225/4900 143/4902
f 45/1676 5232/4911 5241/4918 2841/1677
f 5232/4911 1323/4906 5239/4919 5241/4918
f 5241/4918 5239/4919 1327/4920 5240/4921
f 2841/1677 5241/4918 5240/4921 727/1679
f 1323/4906 5227/4903 5243/4922 5239/4919
f 5227/4903 140/4851 5192/4854 5243/4922
f 5243/4922 5192/4854 1315/4859 5242/4923
f 5239/4919 5243/4922 5242/4923 1327/4920
f 1327/4920 5242/4923 5246/4924 5245/4925
f 5242/4923 1315/4859 5201/4868 5246/4924
f 5246/4924 5201/4868 141/4870 5244/4926
f 5245/4925 5246/4924 5244/4926 1326/4927
f 727/1679 5240/4921 5248/4928 2845/1683
f 5240/4921 1327/4920 5245/4925 5248/4928
f 5248/4928 5245/4925 1326/4927 5247/4929
f 2845/1683 5248/4928 5247/4929 26/1685
f 122/4930 5249/4931 5253/4932 5252/4933
f 5249/4931 1328/4934 5250/4935 5253/4932
f 5253/4932 5250/4935 1330/4936 5251/4937
f 5252/4933 5253/4932 5251/4937 1329/4938
f 1328/4934 5254/4939 5256/4940 5250/4935
f 5254/4939 27/1712 2864/1711 5256/4940
f 5256/4940 2864/1711 731/1708 5255/4941
f 5250/4935 5256/4940 5255/4941 1330/4936
f 1330/4936 5255/4941 5258/4942 5257/4943
f 5255/4941 731/1708 2861/1707 5258/4942
f 5258/4942 2861/1707 26/1685 5247/4929
f 5257/4943 5258/4942 5247/4929 1326/4927
f 1329/4938 5251/4937 5260/4944 5259/4945
f 5251/4937 1330/4936 5257/4943 5260/4944
f 5260/4944 5257/4943 1326/4927 5244/4926
f 5259/4945 5260/4944 5244/4926 141/4870
f 122/4930 5252/4933 5264/4946 5263/4947
f 5252/4933 1329/4938 5261/4948 5264/4946
f 5264/4946 5261/4948 1333/4949 5262/4950
f 5263/4947 5264/4946 5262/4950 1332/4951
f 1329/4938 5259/4945 5266/4952 5261/4948
f 5259/4945 141/4870 5200/4869 5266/4952
f 5266/4952 5200/4869 1314/4866 5265/4953
f 5261/4948 5266/4952 5265/4953 1333/4949
f 1333/4949 5265/4953 5269/4954 5268/4955
f 5265/4953 1314/4866 5197/4865 5269/4954
f 5269/4954 5197/4865 145/4846 5267/4956
f 5268/4955 5269/4954 5267/4956 1331/4957
f 1332/4951 5262/4950 5272/4958 5271/4959
f 5262/4950 1333/4949 5268/4955 5272/4958
f 5272/4958 5268/4955 1331/4957 5270/4960
f 5271/4959 5272/4958 5270/4960 146/4961
f 27/1712 5254/4939 5275/4962 2879/1729
f 5254/4939 1328/4934 5273/4963 5275/4962
f 5275/4962 5273/4963 1336/4964 5274/4965
f 2879/1729 5275/4962 5274/4965 737/1731
f 1328/4934 5249/4931 5278/4966 5273/4963
f 5249/4931 122/4930 5276/4967 5278/4966
f 5278/4966 5276/4967 1334/4968 5277/4969
f 5273/4963 5278/4966 5277/4969 1336/4964
f 1336/4964 5277/4969 5282/4970 5281/4971
f 5277/4969 1334/4968 5279/4972 5282/4970
f 5282/4970 5279/4972 120/4973 5280/4974
f 5281/4971 5282/4970 5280/4974 1335/4975
f 737/1731 5274/4965 5284/4976 2883/1735
f 5274/4965 1336/4964 5281/4971 5284/4976
f 5284/4976 5281/4971 1335/4975 5283/4977
f 2883/1735 5284/4976 5283/4977 40/1737
f 126/4978 5285/4979 5289/4980 5288/4981
f 5285/4979 1337/4982 5286/4983 5289/4980
f 5289/4980 5286/4983 1340/4984 5287/4985
f 5288/4981 5289/4980 5287/4985 1339/4986
f 1337/4982 5290/4987 5293/4988 5286/4983
f 5290/4987 124/4989 5291/4990 5293/4988
f 5293/4988 5291/4990 1338/4991 5292/4992
f 5286/4983 5293/4988 5292/4992 1340/4984
f 1340/4984 5292/4992 5296/4993 5295/4994
f 5292/4992 1338/4991 5294/4995 5296/4993
f 5296/4993 5294/4995 120/4973 5279/4972
f 5295/4994 5296/4993 5279/4972 1334/4968
f 1339/4986 5287/4985 5298/4996 5297/4997
f 5287/4985 1340/4984 5295/4994 5298/4996
f 5298/4996 5295/4994 1334/4968 5276/4967
f 5297/4997 5298/4996 5276/4967 122/4930
f 122/4930 5263/4947 5301/4998 5297/4997
f 5263/4947 1332/4951 5299/4999 5301/4998
f 5301/4998 5299/4999 1343/5000 5300/5001
f 5297/4997 5301/4998 5300/5001 1339/4986
f 1332/4951 5271/4959 5304/5002 5299/4999
f 5271/4959 146/4961 5302/5003 5304/5002
f 5304/5002 5302/5003 1341/5004 5303/5005
f 5299/4999 5304/5002 5303/5005 1343/5000
f 1343/5000 5303/5005 5308/5006 5307/5007
f 5303/5005 1341/5004 5305/5008 5308/5006
f 5308/5006 5305/5008 133/5009 5306/5010
f 5307/5007 5308/5006 5306/5010 1342/5011
f 1339/4986 5300/5001 5310/5012 5288/4981
f 5300/5001 1343/5000 5307/5007 5310/5012
f 5310/5012 5307/5007 1342/5011 5309/5013
f 5288/4981 5310/5012 5309/5013 126/4978
f 120/4973 5311/5014 5314/5015 5280/4974
f 5311/5014 1344/5016 5312/5017 5314/5015
f 5314/5015 5312/5017 1346/5018 5313/5019
f 5280/4974 5314/5015 5313/5019 1335/4975
f 1344/5016 5315/5020 5318/5021 5312/5017
f 5315/5020 121/5022 5316/5023 5318/5021
f 5318/5021 5316/5023 1345/5024 5317/5025
f 5312/5017 5318/5021 5317/5025 1346/5018
f 1346/5018 5317/5025 5321/5026 5320/5027
f 5317/5025 1345/5024 5319/5028 5321/5026
f 5321/5026 5319/5028 41/1798 2926/1797
f 5320/5027 5321/5026 2926/1797 748/1793
f 1335/4975 5313/5019 5322/5029 5283/4977
f 5313/5019 1346/5018 5320/5027 5322/5029
f 5322/5029 5320/5027 748/1793 2923/1792
f 5283/4977 5322/5029 2923/1792 40/1737
f 121/5022 5315/5020 5326/5030 5325/5031
f 5315/5020 1344/5016 5323/5032 5326/5030
f 5326/5030 5323/5032 1349/5033 5324/5034
f 5325/5031 5326/5030 5324/5034 1348/5035
f 1344/5016 5311/5014 5328/5036 5323/5032
f 5311/5014 120/4973 5294/4995 5328/5036
f 5328/5036 5294/4995 1338/4991 5327/5037
f 5323/5032 5328/5036 5327/5037 1349/5033
f 1349/5033 5327/5037 5331/5038 5330/5039
f 5327/5037 1338/4991 5291/4990 5331/5038
f 5331/5038 5291/4990 124/4989 5329/5040
f 5330/5039 5331/5038 5329/5040 1347/5041
f 1348/5035 5324/5034 5334/5042 5333/5043
f 5324/5034 1349/5033 5330/5039 5334/5042
f 5334/5042 5330/5039 1347/5041 5332/5044
f 5333/5043 5334/5042 5332/5044 123/5045
f 116/5046 5335/5047 5339/5048 5338/5049
f 5335/5047 1350/5050 5336/5051 5339/5048
f 5339/5048 5336/5051 1352/5052 5337/5053
f 5338/5049 5339/5048 5337/5053 1351/5054
f 1350/5050 5340/5055 5342/5056 5336/5051
f 5340/5055 25/1840 2956/1839 5342/5056
f 5342/5056 2956/1839 756/1836 5341/5057
f 5336/5051 5342/5056 5341/5057 1352/5052
f 1352/5052 5341/5057 5344/5058 5343/5059
f 5341/5057 756/1836 2953/1835 5344/5058
f 5344/5058 2953/1835 41/1798 5319/5028
f 5343/5059 5344/5058 5319/5028 1345/5024
f 1351/5054 5337/5053 5346/5060 5345/5061
f 5337/5053 1352/5052 5343/5059 5346/5060
f 5346/5060 5343/5059 1345/5024 5316/5023
f 5345/5061 5346/5060 5316/5023 121/5022
f 116/5046 5338/5049 5350/5062 5349/5063
f 5338/5049 1351/5054 5347/5064 5350/5062
f 5350/5062 5347/5064 1355/5065 5348/5066
f 5349/5063 5350/5062 5348/5066 1354/5067
f 1351/5054 5345/5061 5352/5068 5347/5064
f 5345/5061 121/5022 5325/5031 5352/5068
f 5352/5068 5325/5031 1348/5035 5351/5069
f 5347/5064 5352/5068 5351/5069 1355/5065
f 1355/5065 5351/5069 5355/5070 5354/5071
f 5351/5069 1348/5035 5333/5043 5355/5070
f 5355/5070 5333/5043 123/5045 5353/5072
f 5354/5071 5355/5070 5353/5072 1353/5073
f 1354/5067 5348/5066 5358/5074 5357/5075
f 5348/5066 1355/5065 5354/5071 5358/5074
f 5358/5074 5354/5071 1353/5073 5356/5076
f 5357/5075 5358/5074 5356/5076 118/5077
f 109/5078 5359/5079 5363/5080 5362/5081
f 5359/5079 1356/5082 5360/5083 5363/5080
f 5363/5080 5360/5083 1358/5084 5361/5085
f 5362/5081 5363/5080 5361/5085 1357/5086
f 1356/5082 5364/5087 5366/5088 5360/5083
f 5364/5087 4/1876 2982/1875 5366/5088
f 5366/5088 2982/1875 763/1872 5365/5089
f 5360/5083 5366/5088 5365/5089 1358/5084
f 1358/5084 5365/5089 5368/5090 5367/5091
f 5365/5089 763/1872 2979/1871 5368/5090
f 5368/5090 2979/1871 25/1840 5340/5055
f 5367/5091 5368/5090 5340/5055 1350/5050
f 1357/5086 5361/5085 5370/5092 5369/5093
f 5361/5085 1358/5084 5367/5091 5370/5092
f 5370/5092 5367/5091 1350/5050 5335/5047
f 5369/5093 5370/5092 5335/5047 116/5046
f 116/5046 5371/5094 5374/5095 5369/5093
f 5371/5094 1359/5096 5372/5097 5374/5095
f 5374/5095 5372/5097 1362/5098 5373/5099
f 5369/5093 5374/5095 5373/5099 1357/5086
f 1359/5096 5375/5100 5378/5101 5372/5097
f 5375/5100 117/5102 5376/5103 5378/5101
f 5378/5101 5376/5103 1360/5104 5377/5105
f 5372/5097 5378/5101 5377/5105 1362/5098
f 1362/5098 5377/5105 5382/5106 5381/5107
f 5377/5105 1360/5104 5379/5108 5382/5106
f 5382/5106 5379/5108 111/5109 5380/5110
f 5381/5107 5382/5106 5380/5110 1361/5111
f 1357/5086 5373/5099 5384/5112 5362/5081
f 5373/5099 1362/5098 5381/5107 5384/5112
f 5384/5112 5381/5107 1361/5111 5383/5113
f 5362/5081 5384/5112 5383/5113 109/5078
f 116/5046 5349/5063 5387/5114 5371/5094
f 5349/5063 1354/5067 5385/5115 5387/5114
f 5387/5114 5385/5115 1365/5116 5386/5117
f 5371/5094 5387/5114 5386/5117 1359/5096
f 1354/5067 5357/5075 5390/5118 5385/5115
f 5357/5075 118/5077 5388/5119 5390/5118
f 5390/5118 5388/5119 1363/5120 5389/5121
f 5385/5115 5390/5118 5389/5121 1365/5116
f 1365/5116 5389/5121 5394/5122 5393/5123
f 5389/5121 1363/5120 5391/5124 5394/5122
f 5394/5122 5391/5124 119/5125 5392/5126
f 5393/5123 5394/5122 5392/5126 1364/5127
f 1359/5096 5386/5117 5396/5128 5375/5100
f 5386/5117 1365/5116 5393/5123 5396/5128
f 5396/5128 5393/5123 1364/5127 5395/5129
f 5375/5100 5396/5128 5395/5129 117/5102
f 6/1913 3014/1916 5400/5130 5399/5131
f 3014/1916 775/1921 5397/5132 5400/5130
f 5400/5130 5397/5132 1368/5133 5398/5134
f 5399/5131 5400/5130 5398/5134 1367/5135
f 775/1921 3023/1932 5402/5136 5397/5132
f 3023/1932 4/1876 5364/5087 5402/5136
f 5402/5136 5364/5087 1356/5082 5401/5137
f 5397/5132 5402/5136 5401/5137 1368/5133
f 1368/5133 5401/5137 5405/5138 5404/5139
f 5401/5137 1356/5082 5359/5079 5405/5138
f 5405/5138 5359/5079 109/5078 5403/5140
f 5404/5139 5405/5138 5403/5140 1366/5141
f 1367/5135 5398/5134 5408/5142 5407/5143
f 5398/5134 1368/5133 5404/5139 5408/5142
f 5408/5142 5404/5139 1366/5141 5406/5144
f 5407/5143 5408/5142 5406/5144 110/5145
f 114/5146 5409/5147 5413/5148 5412/5149
f 5409/5147 1369/5150 5410/5151 5413/5148
f 5413/5148 5410/5151 1371/5152 5411/5153
f 5412/5149 5413/5148 5411/5153 1370/5154
f 1369/5150 5414/5155 5416/5156 5410/5151
f 5414/5155 110/5145 5406/5144 5416/5156
f 5416/5156 5406/5144 1366/5141 5415/5157
f 5410/5151 5416/5156 5415/5157 1371/5152
f 1371/5152 5415/5157 5418/5158 5417/5159
f 5415/5157 1366/5141 5403/5140 5418/5158
f 5418/5158 5403/5140 109/5078 5383/5113
f 5417/5159 5418/5158 5383/5113 1361/5111
f 1370/5154 5411/5153 5420/5160 5419/5161
f 5411/5153 1371/5152 5417/5159 5420/5160
f 5420/5160 5417/5159 1361/5111 5380/5110
f 5419/5161 5420/5160 5380/5110 111/5109
f 154/5162 5421/5163 5425/5164 5424/5165
f 5421/5163 1372/5166 5422/5167 5425/5164
f 5425/5164 5422/5167 1375/5168 5423/5169
f 5424/5165 5425/5164 5423/5169 1374/5170
f 1372/5166 5426/5171 5428/5172 5422/5167
f 5426/5171 111/5109 5379/5108 5428/5172
f 5428/5172 5379/5108 1360/5104 5427/5173
f 5422/5167 5428/5172 5427/5173 1375/5168
f 1375/5168 5427/5173 5431/5174 5430/5175
f 5427/5173 1360/5104 5376/5103 5431/5174
f 5431/5174 5376/5103 117/5102 5429/5176
f 5430/5175 5431/5174 5429/5176 1373/5177
f 1374/5170 5423/5169 5434/5178 5433/5179
f 5423/5169 1375/5168 5430/5175 5434/5178
f 5434/5178 5430/5175 1373/5177 5432/5180
f 5433/5179 5434/5178 5432/5180 137/5181
f 115/5182 5435/5183 5439/5184 5438/5185
f 5435/5183 1376/5186 5436/5187 5439/5184
f 5439/5184 5436/5187 1378/5188 5437/5189
f 5438/5185 5439/5184 5437/5189 1377/5190
f 1376/5186 5440/5191 5442/5192 5436/5187
f 5440/5191 114/5146 5412/5149 5442/5192
f 5442/5192 5412/5149 1370/5154 5441/5193
f 5436/5187 5442/5192 5441/5193 1378/5188
f 1378/5188 5441/5193 5444/5194 5443/5195
f 5441/5193 1370/5154 5419/5161 5444/5194
f 5444/5194 5419/5161 111/5109 5426/5171
f 5443/5195 5444/5194 5426/5171 1372/5166
f 1377/5190 5437/5189 5446/5196 5445/5197
f 5437/5189 1378/5188 5443/5195 5446/5196
f 5446/5196 5443/5195 1372/5166 5421/5163
f 5445/5197 5446/5196 5421/5163 154/5162
f 137/5181 5432/5180 5450/5198 5449/5199
f 5432/5180 1373/5177 5447/5200 5450/5198
f 5450/5198 5447/5200 1381/5201 5448/5202
f 5449/5199 5450/5198 5448/5202 1380/5203
f 1373/5177 5429/5176 5452/5204 5447/5200
f 5429/5176 117/5102 5395/5129 5452/5204
f 5452/5204 5395/5129 1364/5127 5451/5205
f 5447/5200 5452/5204 5451/5205 1381/5201
f 1381/5201 5451/5205 5455/5206 5454/5207
f 5451/5205 1364/5127 5392/5126 5455/5206
f 5455/5206 5392/5126 119/5125 5453/5208
f 5454/5207 5455/5206 5453/5208 1379/5209
f 1380/5203 5448/5202 5458/5210 5457/5211
f 5448/5202 1381/5201 5454/5207 5458/5210
f 5458/5210 5454/5207 1379/5209 5456/5212
f 5457/5211 5458/5210 5456/5212 136/5213
f 146/4961 5459/5214 5462/5215 5302/5003
f 5459/5214 1382/5216 5460/5217 5462/5215
f 5462/5215 5460/5217 1385/5218 5461/5219
f 5302/5003 5462/5215 5461/5219 1341/5004
f 1382/5216 5463/5220 5466/5221 5460/5217
f 5463/5220 147/5222 5464/5223 5466/5221
f 5466/5221 5464/5223 1383/5224 5465/5225
f 5460/5217 5466/5221 5465/5225 1385/5218
f 1385/5218 5465/5225 5470/5226 5469/5227
f 5465/5225 1383/5224 5467/5228 5470/5226
f 5470/5226 5467/5228 134/5229 5468/5230
f 5469/5227 5470/5226 5468/5230 1384/5231
f 1341/5004 5461/5219 5472/5232 5305/5008
f 5461/5219 1385/5218 5469/5227 5472/5232
f 5472/5232 5469/5227 1384/5231 5471/5233
f 5305/5008 5472/5232 5471/5233 133/5009
f 148/4720 5473/5234 5476/5235 5180/4840
f 5473/5234 1386/5236 5474/5237 5476/5235
f 5476/5235 5474/5237 1387/5238 5475/5239
f 5180/4840 5476/5235 5475/5239 1310/4841
f 1386/5236 5477/5240 5479/5241 5474/5237
f 5477/5240 147/5222 5463/5220 5479/5241
f 5479/5241 5463/5220 1382/5216 5478/5242
f 5474/5237 5479/5241 5478/5242 1387/5238
f 1387/5238 5478/5242 5481/5243 5480/5244
f 5478/5242 1382/5216 5459/5214 5481/5243
f 5481/5243 5459/5214 146/4961 5270/4960
f 5480/5244 5481/5243 5270/4960 1331/4957
f 1310/4841 5475/5239 5482/5245 5183/4845
f 5475/5239 1387/5238 5480/5244 5482/5245
f 5482/5245 5480/5244 1331/4957 5267/4956
f 5183/4845 5482/5245 5267/4956 145/4846
f 148/4720 5094/4723 5486/5246 5485/5247
f 5094/4723 1289/4728 5483/5248 5486/5246
f 5486/5246 5483/5248 1390/5249 5484/5250
f 5485/5247 5486/5246 5484/5250 1389/5251
f 1289/4728 5101/4735 5488/5252 5483/5248
f 5101/4735 273/4539 4954/4538 5488/5252
f 5488/5252 4954/4538 1251/4535 5487/5253
f 5483/5248 5488/5252 5487/5253 1390/5249
f 1390/5249 5487/5253 5491/5254 5490/5255
f 5487/5253 1251/4535 4951/4534 5491/5254
f 5491/5254 4951/4534 168/4523 5489/5256
f 5490/5255 5491/5254 5489/5256 1388/5257
f 1389/5251 5484/5250 5494/5258 5493/5259
f 5484/5250 1390/5249 5490/5255 5494/5258
f 5494/5258 5490/5255 1388/5257 5492/5260
f 5493/5259 5494/5258 5492/5260 166/5261
f 166/5261 5495/5262 5498/5263 5493/5259
f 5495/5262 1391/5264 5496/5265 5498/5263
f 5498/5263 5496/5265 1393/5266 5497/5267
f 5493/5259 5498/5263 5497/5267 1389/5251
f 1391/5264 5499/5268 5502/5269 5496/5265
f 5499/5268 165/5270 5500/5271 5502/5269
f 5502/5269 5500/5271 1392/5272 5501/5273
f 5496/5265 5502/5269 5501/5273 1393/5266
f 1393/5266 5501/5273 5505/5274 5504/5275
f 5501/5273 1392/5272 5503/5276 5505/5274
f 5505/5274 5503/5276 147/5222 5477/5240
f 5504/5275 5505/5274 5477/5240 1386/5236
f 1389/5251 5497/5267 5506/5277 5485/5247
f 5497/5267 1393/5266 5504/5275 5506/5277
f 5506/5277 5504/5275 1386/5236 5473/5234
f 5485/5247 5506/5277 5473/5234 148/4720
f 167/5278 5507/5279 5511/5280 5510/5281
f 5507/5279 1394/5282 5508/5283 5511/5280
f 5511/5280 5508/5283 1396/5284 5509/5285
f 5510/5281 5511/5280 5509/5285 1395/5286
f 1394/5282 5512/5287 5514/5288 5508/5283
f 5512/5287 166/5261 5492/5260 5514/5288
f 5514/5288 5492/5260 1388/5257 5513/5289
f 5508/5283 5514/5288 5513/5289 1396/5284
f 1396/5284 5513/5289 5516/5290 5515/5291
f 5513/5289 1388/5257 5489/5256 5516/5290
f 5516/5290 5489/5256 168/4523 4942/4522
f 5515/5291 5516/5290 4942/4522 1248/4519
f 1395/5286 5509/5285 5518/5292 5517/5293
f 5509/5285 1396/5284 5515/5291 5518/5292
f 5518/5292 5515/5291 1248/4519 4939/4518
f 5517/5293 5518/5292 4939/4518 178/4503
f 167/5278 5519/5294 5522/5295 5507/5279
f 5519/5294 1397/5296 5520/5297 5522/5295
f 5522/5295 5520/5297 1399/5298 5521/5299
f 5507/5279 5522/5295 5521/5299 1394/5282
f 1397/5296 5523/5300 5526/5301 5520/5297
f 5523/5300 162/5302 5524/5303 5526/5301
f 5526/5301 5524/5303 1398/5304 5525/5305
f 5520/5297 5526/5301 5525/5305 1399/5298
f 1399/5298 5525/5305 5529/5306 5528/5307
f 5525/5305 1398/5304 5527/5308 5529/5306
f 5529/5306 5527/5308 165/5270 5499/5268
f 5528/5307 5529/5306 5499/5268 1391/5264
f 1394/5282 5521/5299 5530/5309 5512/5287
f 5521/5299 1399/5298 5528/5307 5530/5309
f 5530/5309 5528/5307 1391/5264 5495/5262
f 5512/5287 5530/5309 5495/5262 166/5261
f 165/5270 5531/5310 5534/5311 5500/5271
f 5531/5310 1400/5312 5532/5313 5534/5311
f 5534/5311 5532/5313 1402/5314 5533/5315
f 5500/5271 5534/5311 5533/5315 1392/5272
f 1400/5312 5535/5316 5538/5317 5532/5313
f 5535/5316 158/5318 5536/5319 5538/5317
f 5538/5317 5536/5319 1401/5320 5537/5321
f 5532/5313 5538/5317 5537/5321 1402/5314
f 1402/5314 5537/5321 5541/5322 5540/5323
f 5537/5321 1401/5320 5539/5324 5541/5322
f 5541/5322 5539/5324 134/5229 5467/5228
f 5540/5323 5541/5322 5467/5228 1383/5224
f 1392/5272 5533/5315 5542/5325 5503/5276
f 5533/5315 1402/5314 5540/5323 5542/5325
f 5542/5325 5540/5323 1383/5224 5464/5223
f 5503/5276 5542/5325 5464/5223 147/5222
f 162/5302 5543/5326 5546/5327 5524/5303
f 5543/5326 1403/5328 5544/5329 5546/5327
f 5546/5327 5544/5329 1405/5330 5545/5331
f 5524/5303 5546/5327 5545/5331 1398/5304
f 1403/5328 5547/5332 5550/5333 5544/5329
f 5547/5332 159/5334 5548/5335 5550/5333
f 5550/5333 5548/5335 1404/5336 5549/5337
f 5544/5329 5550/5333 5549/5337 1405/5330
f 1405/5330 5549/5337 5553/5338 5552/5339
f 5549/5337 1404/5336 5551/5340 5553/5338
f 5553/5338 5551/5340 158/5318 5535/5316
f 5552/5339 5553/5338 5535/5316 1400/5312
f 1398/5304 5545/5331 5554/5341 5527/5308
f 5545/5331 1405/5330 5552/5339 5554/5341
f 5554/5341 5552/5339 1400/5312 5531/5310
f 5527/5308 5554/5341 5531/5310 165/5270
f 179/4487 4915/4486 5558/5342 5557/5343
f 4915/4486 1242/4482 5555/5344 5558/5342
f 5558/5342 5555/5344 1409/5345 5556/5346
f 5557/5343 5558/5342 5556/5346 1408/5347
f 1242/4482 4912/4481 5561/5348 5555/5344
f 4912/4481 181/4480 5559/5349 5561/5348
f 5561/5348 5559/5349 1406/5350 5560/5351
f 5555/5344 5561/5348 5560/5351 1409/5345
f 1409/5345 5560/5351 5565/5352 5564/5353
f 5560/5351 1406/5350 5562/5354 5565/5352
f 5565/5352 5562/5354 193/5355 5563/5356
f 5564/5353 5565/5352 5563/5356 1407/5357
f 1408/5347 5556/5346 5568/5358 5567/5359
f 5556/5346 1409/5345 5564/5353 5568/5358
f 5568/5358 5564/5353 1407/5357 5566/5360
f 5567/5359 5568/5358 5566/5360 185/5361
f 181/4480 5569/5362 5572/5363 5559/5349
f 5569/5362 1410/5364 5570/5365 5572/5363
f 5572/5363 5570/5365 1413/5366 5571/5367
f 5559/5349 5572/5363 5571/5367 1406/5350
f 1410/5364 5573/5368 5576/5369 5570/5365
f 5573/5368 195/5370 5574/5371 5576/5369
f 5576/5369 5574/5371 1411/5372 5575/5373
f 5570/5365 5576/5369 5575/5373 1413/5366
f 1413/5366 5575/5373 5580/5374 5579/5375
f 5575/5373 1411/5372 5577/5376 5580/5374
f 5580/5374 5577/5376 194/5377 5578/5378
f 5579/5375 5580/5374 5578/5378 1412/5379
f 1406/5350 5571/5367 5582/5380 5562/5354
f 5571/5367 1413/5366 5579/5375 5582/5380
f 5582/5380 5579/5375 1412/5379 5581/5381
f 5562/5354 5582/5380 5581/5381 193/5355
f 167/5278 5510/5281 5586/5382 5585/5383
f 5510/5281 1395/5286 5583/5384 5586/5382
f 5586/5382 5583/5384 1415/5385 5584/5386
f 5585/5383 5586/5382 5584/5386 1414/5387
f 1395/5286 5517/5293 5588/5388 5583/5384
f 5517/5293 178/4503 4927/4502 5588/5388
f 5588/5388 4927/4502 1245/4498 5587/5389
f 5583/5384 5588/5388 5587/5389 1415/5385
f 1415/5385 5587/5389 5590/5390 5589/5391
f 5587/5389 1245/4498 4924/4497 5590/5390
f 5590/5390 4924/4497 179/4487 5557/5343
f 5589/5391 5590/5390 5557/5343 1408/5347
f 1414/5387 5584/5386 5592/5392 5591/5393
f 5584/5386 1415/5385 5589/5391 5592/5392
f 5592/5392 5589/5391 1408/5347 5567/5359
f 5591/5393 5592/5392 5567/5359 185/5361
f 167/5278 5593/5394 5596/5395 5519/5294
f 5593/5394 1416/5396 5594/5397 5596/5395
f 5596/5395 5594/5397 1419/5398 5595/5399
f 5519/5294 5596/5395 5595/5399 1397/5296
f 1416/5396 5597/5400 5600/5401 5594/5397
f 5597/5400 164/5402 5598/5403 5600/5401
f 5600/5401 5598/5403 1417/5404 5599/5405
f 5594/5397 5600/5401 5599/5405 1419/5398
f 1419/5398 5599/5405 5604/5406 5603/5407
f 5599/5405 1417/5404 5601/5408 5604/5406
f 5604/5406 5601/5408 161/5409 5602/5410
f 5603/5407 5604/5406 5602/5410 1418/5411
f 1397/5296 5595/5399 5606/5412 5523/5300
f 5595/5399 1419/5398 5603/5407 5606/5412
f 5606/5412 5603/5407 1418/5411 5605/5413
f 5523/5300 5606/5412 5605/5413 162/5302
f 167/5278 5585/5383 5609/5414 5593/5394
f 5585/5383 1414/5387 5607/5415 5609/5414
f 5609/5414 5607/5415 1422/5416 5608/5417
f 5593/5394 5609/5414 5608/5417 1416/5396
f 1414/5387 5591/5393 5612/5418 5607/5415
f 5591/5393 185/5361 5610/5419 5612/5418
f 5612/5418 5610/5419 1420/5420 5611/5421
f 5607/5415 5612/5418 5611/5421 1422/5416
f 1422/5416 5611/5421 5616/5422 5615/5423
f 5611/5421 1420/5420 5613/5424 5616/5422
f 5616/5422 5613/5424 184/5425 5614/5426
f 5615/5423 5616/5422 5614/5426 1421/5427
f 1416/5396 5608/5417 5618/5428 5597/5400
f 5608/5417 1422/5416 5615/5423 5618/5428
f 5618/5428 5615/5423 1421/5427 5617/5429
f 5597/5400 5618/5428 5617/5429 164/5402
f 161/5409 5619/5430 5622/5431 5602/5410
f 5619/5430 1423/5432 5620/5433 5622/5431
f 5622/5431 5620/5433 1425/5434 5621/5435
f 5602/5410 5622/5431 5621/5435 1418/5411
f 1423/5432 5623/5436 5626/5437 5620/5433
f 5623/5436 160/5438 5624/5439 5626/5437
f 5626/5437 5624/5439 1424/5440 5625/5441
f 5620/5433 5626/5437 5625/5441 1425/5434
f 1425/5434 5625/5441 5629/5442 5628/5443
f 5625/5441 1424/5440 5627/5444 5629/5442
f 5629/5442 5627/5444 159/5334 5547/5332
f 5628/5443 5629/5442 5547/5332 1403/5328
f 1418/5411 5621/5435 5630/5445 5605/5413
f 5621/5435 1425/5434 5628/5443 5630/5445
f 5630/5445 5628/5443 1403/5328 5543/5326
f 5605/5413 5630/5445 5543/5326 162/5302
f 155/5446 5631/5447 5635/5448 5634/5449
f 5631/5447 1426/5450 5632/5451 5635/5448
f 5635/5448 5632/5451 1429/5452 5633/5453
f 5634/5449 5635/5448 5633/5453 1428/5454
f 1426/5450 5636/5455 5638/5456 5632/5451
f 5636/5455 137/5181 5449/5199 5638/5456
f 5638/5456 5449/5199 1380/5203 5637/5457
f 5632/5451 5638/5456 5637/5457 1429/5452
f 1429/5452 5637/5457 5641/5458 5640/5459
f 5637/5457 1380/5203 5457/5211 5641/5458
f 5641/5458 5457/5211 136/5213 5639/5460
f 5640/5459 5641/5458 5639/5460 1427/5461
f 1428/5454 5633/5453 5644/5462 5643/5463
f 5633/5453 1429/5452 5640/5459 5644/5462
f 5644/5462 5640/5459 1427/5461 5642/5464
f 5643/5463 5644/5462 5642/5464 157/5465
f 161/5409 5645/5466 5648/5467 5619/5430
f 5645/5466 1430/5468 5646/5469 5648/5467
f 5648/5467 5646/5469 1432/5470 5647/5471
f 5619/5430 5648/5467 5647/5471 1423/5432
f 1430/5468 5649/5472 5651/5473 5646/5469
f 5649/5472 155/5446 5634/5449 5651/5473
f 5651/5473 5634/5449 1428/5454 5650/5474
f 5646/5469 5651/5473 5650/5474 1432/5470
f 1432/5470 5650/5474 5654/5475 5653/5476
f 5650/5474 1428/5454 5643/5463 5654/5475
f 5654/5475 5643/5463 157/5465 5652/5477
f 5653/5476 5654/5475 5652/5477 1431/5478
f 1423/5432 5647/5471 5656/5479 5623/5436
f 5647/5471 1432/5470 5653/5476 5656/5479
f 5656/5479 5653/5476 1431/5478 5655/5480
f 5623/5436 5656/5479 5655/5480 160/5438
f 163/5481 5657/5482 5661/5483 5660/5484
f 5657/5482 1433/5485 5658/5486 5661/5483
f 5661/5483 5658/5486 1435/5487 5659/5488
f 5660/5484 5661/5483 5659/5488 1434/5489
f 1433/5485 5662/5490 5664/5491 5658/5486
f 5662/5490 154/5162 5424/5165 5664/5491
f 5664/5491 5424/5165 1374/5170 5663/5492
f 5658/5486 5664/5491 5663/5492 1435/5487
f 1435/5487 5663/5492 5666/5493 5665/5494
f 5663/5492 1374/5170 5433/5179 5666/5493
f 5666/5493 5433/5179 137/5181 5636/5455
f 5665/5494 5666/5493 5636/5455 1426/5450
f 1434/5489 5659/5488 5668/5495 5667/5496
f 5659/5488 1435/5487 5665/5494 5668/5495
f 5668/5495 5665/5494 1426/5450 5631/5447
f 5667/5496 5668/5495 5631/5447 155/5446
f 177/5497 5669/5498 5673/5499 5672/5500
f 5669/5498 1436/5501 5670/5502 5673/5499
f 5673/5499 5670/5502 1438/5503 5671/5504
f 5672/5500 5673/5499 5671/5504 1437/5505
f 1436/5501 5674/5506 5676/5507 5670/5502
f 5674/5506 115/5182 5438/5185 5676/5507
f 5676/5507 5438/5185 1377/5190 5675/5508
f 5670/5502 5676/5507 5675/5508 1438/5503
f 1438/5503 5675/5508 5678/5509 5677/5510
f 5675/5508 1377/5190 5445/5197 5678/5509
f 5678/5509 5445/5197 154/5162 5662/5490
f 5677/5510 5678/5509 5662/5490 1433/5485
f 1437/5505 5671/5504 5680/5511 5679/5512
f 5671/5504 1438/5503 5677/5510 5680/5511
f 5680/5511 5677/5510 1433/5485 5657/5482
f 5679/5512 5680/5511 5657/5482 163/5481
f 155/5446 5649/5472 5683/5513 5667/5496
f 5649/5472 1430/5468 5681/5514 5683/5513
f 5683/5513 5681/5514 1440/5515 5682/5516
f 5667/5496 5683/5513 5682/5516 1434/5489
f 1430/5468 5645/5466 5685/5517 5681/5514
f 5645/5466 161/5409 5601/5408 5685/5517
f 5685/5517 5601/5408 1417/5404 5684/5518
f 5681/5514 5685/5517 5684/5518 1440/5515
f 1440/5515 5684/5518 5688/5519 5687/5520
f 5684/5518 1417/5404 5598/5403 5688/5519
f 5688/5519 5598/5403 164/5402 5686/5521
f 5687/5520 5688/5519 5686/5521 1439/5522
f 1434/5489 5682/5516 5690/5523 5660/5484
f 5682/5516 1440/5515 5687/5520 5690/5523
f 5690/5523 5687/5520 1439/5522 5689/5524
f 5660/5484 5690/5523 5689/5524 163/5481
f 177/5497 5672/5500 5694/5525 5693/5526
f 5672/5500 1437/5505 5691/5527 5694/5525
f 5694/5525 5691/5527 1442/5528 5692/5529
f 5693/5526 5694/5525 5692/5529 1441/5530
f 1437/5505 5679/5512 5696/5531 5691/5527
f 5679/5512 163/5481 5689/5524 5696/5531
f 5696/5531 5689/5524 1439/5522 5695/5532
f 5691/5527 5696/5531 5695/5532 1442/5528
f 1442/5528 5695/5532 5698/5533 5697/5534
f 5695/5532 1439/5522 5686/5521 5698/5533
f 5698/5533 5686/5521 164/5402 5617/5429
f 5697/5534 5698/5533 5617/5429 1421/5427
f 1441/5530 5692/5529 5700/5535 5699/5536
f 5692/5529 1442/5528 5697/5534 5700/5535
f 5700/5535 5697/5534 1421/5427 5614/5426
f 5699/5536 5700/5535 5614/5426 184/5425
f 186/5537 5701/5538 5705/5539 5704/5540
f 5701/5538 1443/5541 5702/5542 5705/5539
f 5705/5539 5702/5542 1445/5543 5703/5544
f 5704/5540 5705/5539 5703/5544 1444/5545
f 1443/5541 5706/5546 5708/5547 5702/5542
f 5706/5546 184/5425 5613/5424 5708/5547
f 5708/5547 5613/5424 1420/5420 5707/5548
f 5702/5542 5708/5547 5707/5548 1445/5543
f 1445/5543 5707/5548 5710/5549 5709/5550
f 5707/5548 1420/5420 5610/5419 5710/5549
f 5710/5549 5610/5419 185/5361 5566/5360
f 5709/5550 5710/5549 5566/5360 1407/5357
f 1444/5545 5703/5544 5712/5551 5711/5552
f 5703/5544 1445/5543 5709/5550 5712/5551
f 5712/5551 5709/5550 1407/5357 5563/5356
f 5711/5552 5712/5551 5563/5356 193/5355
f 174/5553 5713/5554 5717/5555 5716/5556
f 5713/5554 1446/5557 5714/5558 5717/5555
f 5717/5555 5714/5558 1448/5559 5715/5560
f 5716/5556 5717/5555 5715/5560 1447/5561
f 1446/5557 5718/5562 5720/5563 5714/5558
f 5718/5562 177/5497 5693/5526 5720/5563
f 5720/5563 5693/5526 1441/5530 5719/5564
f 5714/5558 5720/5563 5719/5564 1448/5559
f 1448/5559 5719/5564 5722/5565 5721/5566
f 5719/5564 1441/5530 5699/5536 5722/5565
f 5722/5565 5699/5536 184/5425 5706/5546
f 5721/5566 5722/5565 5706/5546 1443/5541
f 1447/5561 5715/5560 5724/5567 5723/5568
f 5715/5560 1448/5559 5721/5566 5724/5567
f 5724/5567 5721/5566 1443/5541 5701/5538
f 5723/5568 5724/5567 5701/5538 186/5537
f 186/5537 5704/5540 5728/5569 5727/5570
f 5704/5540 1444/5545 5725/5571 5728/5569
f 5728/5569 5725/5571 1451/5572 5726/5573
f 5727/5570 5728/5569 5726/5573 1450/5574
f 1444/5545 5711/5552 5730/5575 5725/5571
f 5711/5552 193/5355 5581/5381 5730/5575
f 5730/5575 5581/5381 1412/5379 5729/5576
f 5725/5571 5730/5575 5729/5576 1451/5572
f 1451/5572 5729/5576 5733/5577 5732/5578
f 5729/5576 1412/5379 5578/5378 5733/5577
f 5733/5577 5578/5378 194/5377 5731/5579
f 5732/5578 5733/5577 5731/5579 1449/5580
f 1450/5574 5726/5573 5736/5581 5735/5582
f 5726/5573 1451/5572 5732/5578 5736/5581
f 5736/5581 5732/5578 1449/5580 5734/5583
f 5735/5582 5736/5581 5734/5583 189/5584
f 195/5370 5737/5585 5740/5586 5574/5371
f 5737/5585 1452/5587 5738/5588 5740/5586
f 5740/5586 5738/5588 1455/5589 5739/5590
f 5574/5371 5740/5586 5739/5590 1411/5372
f 1452/5587 5741/5591 5744/5592 5738/5588
f 5741/5591 196/5593 5742/5594 5744/5592
f 5744/5592 5742/5594 1453/5595 5743/5596
f 5738/5588 5744/5592 5743/5596 1455/5589
f 1455/5589 5743/5596 5748/5597 5747/5598
f 5743/5596 1453/5595 5745/5599 5748/5597
f 5748/5597 5745/5599 180/5600 5746/5601
f 5747/5598 5748/5597 5746/5601 1454/5602
f 1411/5372 5739/5590 5750/5603 5577/5376
f 5739/5590 1455/5589 5747/5598 5750/5603
f 5750/5603 5747/5598 1454/5602 5749/5604
f 5577/5376 5750/5603 5749/5604 194/5377
f 189/5584 5734/5583 5754/5605 5753/5606
f 5734/5583 1449/5580 5751/5607 5754/5605
f 5754/5605 5751/5607 1458/5608 5752/5609
f 5753/5606 5754/5605 5752/5609 1457/5610
f 1449/5580 5731/5579 5756/5611 5751/5607
f 5731/5579 194/5377 5749/5604 5756/5611
f 5756/5611 5749/5604 1454/5602 5755/5612
f 5751/5607 5756/5611 5755/5612 1458/5608
f 1458/5608 5755/5612 5759/5613 5758/5614
f 5755/5612 1454/5602 5746/5601 5759/5613
f 5759/5613 5746/5601 180/5600 5757/5615
f 5758/5614 5759/5613 5757/5615 1456/5616
f 1457/5610 5752/5609 5762/5617 5761/5618
f 5752/5609 1458/5608 5758/5614 5762/5617
f 5762/5617 5758/5614 1456/5616 5760/5619
f 5761/5618 5762/5617 5760/5619 190/5620
f 198/5621 5763/5622 5767/5623 5766/5624
f 5763/5622 1459/5625 5764/5626 5767/5623
f 5767/5623 5764/5626 1463/5627 5765/5628
f 5766/5624 5767/5623 5765/5628 1462/5629
f 1459/5625 5768/5630 5771/5631 5764/5626
f 5768/5630 336/4467 5769/5632 5771/5631
f 5771/5631 5769/5632 1460/5633 5770/5634
f 5764/5626 5771/5631 5770/5634 1463/5627
f 1463/5627 5770/5634 5775/5635 5774/5636
f 5770/5634 1460/5633 5772/5637 5775/5635
f 5775/5635 5772/5637 192/5638 5773/5639
f 5774/5636 5775/5635 5773/5639 1461/5640
f 1462/5629 5765/5628 5778/5641 5777/5642
f 5765/5628 1463/5627 5774/5636 5778/5641
f 5778/5641 5774/5636 1461/5640 5776/5643
f 5777/5642 5778/5641 5776/5643 197/5644
f 188/4460 5779/5645 5782/5646 4898/4461
f 5779/5645 1464/5647 5780/5648 5782/5646
f 5782/5646 5780/5648 1466/5649 5781/5650
f 4898/4461 5782/5646 5781/5650 1238/4462
f 1464/5647 5783/5651 5786/5652 5780/5648
f 5783/5651 191/5653 5784/5654 5786/5652
f 5786/5652 5784/5654 1465/5655 5785/5656
f 5780/5648 5786/5652 5785/5656 1466/5649
f 1466/5649 5785/5656 5789/5657 5788/5658
f 5785/5656 1465/5655 5787/5659 5789/5657
f 5789/5657 5787/5659 192/5638 5772/5637
f 5788/5658 5789/5657 5772/5637 1460/5633
f 1238/4462 5781/5650 5790/5660 4901/4466
f 5781/5650 1466/5649 5788/5658 5790/5660
f 5790/5660 5788/5658 1460/5633 5769/5632
f 4901/4466 5790/5660 5769/5632 336/4467
f 186/5537 5727/5570 5794/5661 5793/5662
f 5727/5570 1450/5574 5791/5663 5794/5661
f 5794/5661 5791/5663 1469/5664 5792/5665
f 5793/5662 5794/5661 5792/5665 1468/5666
f 1450/5574 5735/5582 5797/5667 5791/5663
f 5735/5582 189/5584 5795/5668 5797/5667
f 5797/5667 5795/5668 1467/5669 5796/5670
f 5791/5663 5797/5667 5796/5670 1469/5664
f 1469/5664 5796/5670 5800/5671 5799/5672
f 5796/5670 1467/5669 5798/5673 5800/5671
f 5800/5671 5798/5673 188/4460 4897/4458
f 5799/5672 5800/5671 4897/4458 1237/4454
f 1468/5666 5792/5665 5802/5674 5801/5675
f 5792/5665 1469/5664 5799/5672 5802/5674
f 5802/5674 5799/5672 1237/4454 4893/4452
f 5801/5675 5802/5674 4893/4452 187/4444
f 188/4460 5798/5673 5805/5676 5779/5645
f 5798/5673 1467/5669 5803/5677 5805/5676
f 5805/5676 5803/5677 1471/5678 5804/5679
f 5779/5645 5805/5676 5804/5679 1464/5647
f 1467/5669 5795/5668 5807/5680 5803/5677
f 5795/5668 189/5584 5753/5606 5807/5680
f 5807/5680 5753/5606 1457/5610 5806/5681
f 5803/5677 5807/5680 5806/5681 1471/5678
f 1471/5678 5806/5681 5810/5682 5809/5683
f 5806/5681 1457/5610 5761/5618 5810/5682
f 5810/5682 5761/5618 190/5620 5808/5684
f 5809/5683 5810/5682 5808/5684 1470/5685
f 1464/5647 5804/5679 5812/5686 5783/5651
f 5804/5679 1471/5678 5809/5683 5812/5686
f 5812/5686 5809/5683 1470/5685 5811/5687
f 5783/5651 5812/5686 5811/5687 191/5653
f 337/4428 5813/5688 5816/5689 4881/4436
f 5813/5688 1472/5690 5814/5691 5816/5689
f 5816/5689 5814/5691 1475/5692 5815/5693
f 4881/4436 5816/5689 5815/5693 1234/4438
f 1472/5690 5817/5694 5820/5695 5814/5691
f 5817/5694 327/5696 5818/5697 5820/5695
f 5820/5695 5818/5697 1473/5698 5819/5699
f 5814/5691 5820/5695 5819/5699 1475/5692
f 1475/5692 5819/5699 5824/5700 5823/5701
f 5819/5699 1473/5698 5821/5702 5824/5700
f 5824/5700 5821/5702 176/5703 5822/5704
f 5823/5701 5824/5700 5822/5704 1474/5705
f 1234/4438 5815/5693 5826/5706 4885/4442
f 5815/5693 1475/5692 5823/5701 5826/5706
f 5826/5706 5823/5701 1474/5705 5825/5707
f 4885/4442 5826/5706 5825/5707 187/4444
f 187/4444 5825/5707 5829/5708 5801/5675
f 5825/5707 1474/5705 5827/5709 5829/5708
f 5829/5708 5827/5709 1477/5710 5828/5711
f 5801/5675 5829/5708 5828/5711 1468/5666
f 1474/5705 5822/5704 5832/5712 5827/5709
f 5822/5704 176/5703 5830/5713 5832/5712
f 5832/5712 5830/5713 1476/5714 5831/5715
f 5827/5709 5832/5712 5831/5715 1477/5710
f 1477/5710 5831/5715 5835/5716 5834/5717
f 5831/5715 1476/5714 5833/5718 5835/5716
f 5835/5716 5833/5718 174/5553 5716/5556
f 5834/5717 5835/5716 5716/5556 1447/5561
f 1468/5666 5828/5711 5836/5719 5793/5662
f 5828/5711 1477/5710 5834/5717 5836/5719
f 5836/5719 5834/5717 1447/5561 5723/5568
f 5793/5662 5836/5719 5723/5568 186/5537
f 325/5720 5837/5721 5841/5722 5840/5723
f 5837/5721 1478/5724 5838/5725 5841/5722
f 5841/5722 5838/5725 1480/5726 5839/5727
f 5840/5723 5841/5722 5839/5727 1479/5728
f 1478/5724 5842/5729 5844/5730 5838/5725
f 5842/5729 327/5696 5817/5694 5844/5730
f 5844/5730 5817/5694 1472/5690 5843/5731
f 5838/5725 5844/5730 5843/5731 1480/5726
f 1480/5726 5843/5731 5846/5732 5845/5733
f 5843/5731 1472/5690 5813/5688 5846/5732
f 5846/5732 5813/5688 337/4428 4873/4426
f 5845/5733 5846/5732 4873/4426 1231/4422
f 1479/5728 5839/5727 5848/5734 5847/5735
f 5839/5727 1480/5726 5845/5733 5848/5734
f 5848/5734 5845/5733 1231/4422 4869/4420
f 5847/5735 5848/5734 4869/4420 332/4412
f 332/4412 4861/4410 5851/5736 5847/5735
f 4861/4410 1228/4406 5849/5737 5851/5736
f 5851/5736 5849/5737 1483/5738 5850/5739
f 5847/5735 5851/5736 5850/5739 1479/5728
f 1228/4406 4857/4404 5854/5740 5849/5737
f 4857/4404 338/4403 5852/5741 5854/5740
f 5854/5740 5852/5741 1481/5742 5853/5743
f 5849/5737 5854/5740 5853/5743 1483/5738
f 1483/5738 5853/5743 5858/5744 5857/5745
f 5853/5743 1481/5742 5855/5746 5858/5744
f 5858/5744 5855/5746 324/5747 5856/5748
f 5857/5745 5858/5744 5856/5748 1482/5749
f 1479/5728 5850/5739 5860/5750 5840/5723
f 5850/5739 1483/5738 5857/5745 5860/5750
f 5860/5750 5857/5745 1482/5749 5859/5751
f 5840/5723 5860/5750 5859/5751 325/5720
f 324/5747 5855/5746 5864/5752 5863/5753
f 5855/5746 1481/5742 5861/5754 5864/5752
f 5864/5752 5861/5754 1485/5755 5862/5756
f 5863/5753 5864/5752 5862/5756 1484/5757
f 1481/5742 5852/5741 5866/5758 5861/5754
f 5852/5741 338/4403 4854/4402 5866/5758
f 5866/5758 4854/4402 1225/4399 5865/5759
f 5861/5754 5866/5758 5865/5759 1485/5755
f 1485/5755 5865/5759 5868/5760 5867/5761
f 5865/5759 1225/4399 4851/4398 5868/5760
f 5868/5760 4851/4398 318/4397 3485/5762
f 5867/5761 5868/5760 3485/5762 893/5763
f 1484/5757 5862/5756 5870/5764 5869/5765
f 5862/5756 1485/5755 5867/5761 5870/5764
f 5870/5764 5867/5761 893/5763 3482/5766
f 5869/5765 5870/5764 3482/5766 317/5767
f 317/5767 3491/5768 5873/5769 5869/5765
f 3491/5768 897/5770 5871/5771 5873/5769
f 5873/5769 5871/5771 1488/5772 5872/5773
f 5869/5765 5873/5769 5872/5773 1484/5757
f 897/5770 3501/5774 5876/5775 5871/5771
f 3501/5774 303/5776 5874/5777 5876/5775
f 5876/5775 5874/5777 1486/5778 5875/5779
f 5871/5771 5876/5775 5875/5779 1488/5772
f 1488/5772 5875/5779 5880/5780 5879/5781
f 5875/5779 1486/5778 5877/5782 5880/5780
f 5880/5780 5877/5782 323/5783 5878/5784
f 5879/5781 5880/5780 5878/5784 1487/5785
f 1484/5757 5872/5773 5882/5786 5863/5753
f 5872/5773 1488/5772 5879/5781 5882/5786
f 5882/5786 5879/5781 1487/5785 5881/5787
f 5863/5753 5882/5786 5881/5787 324/5747
f 324/5747 5881/5787 5885/5788 5856/5748
f 5881/5787 1487/5785 5883/5789 5885/5788
f 5885/5788 5883/5789 1491/5790 5884/5791
f 5856/5748 5885/5788 5884/5791 1482/5749
f 1487/5785 5878/5784 5888/5792 5883/5789
f 5878/5784 323/5783 5886/5793 5888/5792
f 5888/5792 5886/5793 1489/5794 5887/5795
f 5883/5789 5888/5792 5887/5795 1491/5790
f 1491/5790 5887/5795 5892/5796 5891/5797
f 5887/5795 1489/5794 5889/5798 5892/5796
f 5892/5796 5889/5798 322/5799 5890/5800
f 5891/5797 5892/5796 5890/5800 1490/5801
f 1482/5749 5884/5791 5894/5802 5859/5751
f 5884/5791 1491/5790 5891/5797 5894/5802
f 5894/5802 5891/5797 1490/5801 5893/5803
f 5859/5751 5894/5802 5893/5803 325/5720
f 325/5720 5893/5803 5897/5804 5837/5721
f 5893/5803 1490/5801 5895/5805 5897/5804
f 5897/5804 5895/5805 1494/5806 5896/5807
f 5837/5721 5897/5804 5896/5807 1478/5724
f 1490/5801 5890/5800 5900/5808 5895/5805
f 5890/5800 322/5799 5898/5809 5900/5808
f 5900/5808 5898/5809 1492/5810 5899/5811
f 5895/5805 5900/5808 5899/5811 1494/5806
f 1494/5806 5899/5811 5904/5812 5903/5813
f 5899/5811 1492/5810 5901/5814 5904/5812
f 5904/5812 5901/5814 326/5815 5902/5816
f 5903/5813 5904/5812 5902/5816 1493/5817
f 1478/5724 5896/5807 5906/5818 5842/5729
f 5896/5807 1494/5806 5903/5813 5906/5818
f 5906/5818 5903/5813 1493/5817 5905/5819
f 5842/5729 5906/5818 5905/5819 327/5696
f 175/5820 5907/5821 5911/5822 5910/5823
f 5907/5821 1495/5824 5908/5825 5911/5822
f 5911/5822 5908/5825 1497/5826 5909/5827
f 5910/5823 5911/5822 5909/5827 1496/5828
f 1495/5824 5912/5829 5914/5830 5908/5825
f 5912/5829 176/5703 5821/5702 5914/5830
f 5914/5830 5821/5702 1473/5698 5913/5831
f 5908/5825 5914/5830 5913/5831 1497/5826
f 1497/5826 5913/5831 5916/5832 5915/5833
f 5913/5831 1473/5698 5818/5697 5916/5832
f 5916/5832 5818/5697 327/5696 5905/5819
f 5915/5833 5916/5832 5905/5819 1493/5817
f 1496/5828 5909/5827 5918/5834 5917/5835
f 5909/5827 1497/5826 5915/5833 5918/5834
f 5918/5834 5915/5833 1493/5817 5902/5816
f 5917/5835 5918/5834 5902/5816 326/5815
f 176/5703 5912/5829 5921/5836 5830/5713
f 5912/5829 1495/5824 5919/5837 5921/5836
f 5921/5836 5919/5837 1500/5838 5920/5839
f 5830/5713 5921/5836 5920/5839 1476/5714
f 1495/5824 5907/5821 5924/5840 5919/5837
f 5907/5821 175/5820 5922/5841 5924/5840
f 5924/5840 5922/5841 1498/5842 5923/5843
f 5919/5837 5924/5840 5923/5843 1500/5838
f 1500/5838 5923/5843 5928/5844 5927/5845
f 5923/5843 1498/5842 5925/5846 5928/5844
f 5928/5844 5925/5846 171/5847 5926/5848
f 5927/5845 5928/5844 5926/5848 1499/5849
f 1476/5714 5920/5839 5930/5850 5833/5718
f 5920/5839 1500/5838 5927/5845 5930/5850
f 5930/5850 5927/5845 1499/5849 5929/5851
f 5833/5718 5930/5850 5929/5851 174/5553
f 115/5182 5674/5506 5934/5852 5933/5853
f 5674/5506 1436/5501 5931/5854 5934/5852
f 5934/5852 5931/5854 1502/5855 5932/5856
f 5933/5853 5934/5852 5932/5856 1501/5857
f 1436/5501 5669/5498 5936/5858 5931/5854
f 5669/5498 177/5497 5718/5562 5936/5858
f 5936/5858 5718/5562 1446/5557 5935/5859
f 5931/5854 5936/5858 5935/5859 1502/5855
f 1502/5855 5935/5859 5938/5860 5937/5861
f 5935/5859 1446/5557 5713/5554 5938/5860
f 5938/5860 5713/5554 174/5553 5929/5851
f 5937/5861 5938/5860 5929/5851 1499/5849
f 1501/5857 5932/5856 5940/5862 5939/5863
f 5932/5856 1502/5855 5937/5861 5940/5862
f 5940/5862 5937/5861 1499/5849 5926/5848
f 5939/5863 5940/5862 5926/5848 171/5847
f 171/5847 5941/5864 5944/5865 5939/5863
f 5941/5864 1503/5866 5942/5867 5944/5865
f 5944/5865 5942/5867 1505/5868 5943/5869
f 5939/5863 5944/5865 5943/5869 1501/5857
f 1503/5866 5945/5870 5948/5871 5942/5867
f 5945/5870 113/5872 5946/5873 5948/5871
f 5948/5871 5946/5873 1504/5874 5947/5875
f 5942/5867 5948/5871 5947/5875 1505/5868
f 1505/5868 5947/5875 5951/5876 5950/5877
f 5947/5875 1504/5874 5949/5878 5951/5876
f 5951/5876 5949/5878 114/5146 5440/5191
f 5950/5877 5951/5876 5440/5191 1376/5186
f 1501/5857 5943/5869 5952/5879 5933/5853
f 5943/5869 1505/5868 5950/5877 5952/5879
f 5952/5879 5950/5877 1376/5186 5435/5183
f 5933/5853 5952/5879 5435/5183 115/5182
f 113/5872 5945/5870 5956/5880 5955/5881
f 5945/5870 1503/5866 5953/5882 5956/5880
f 5956/5880 5953/5882 1508/5883 5954/5884
f 5955/5881 5956/5880 5954/5884 1507/5885
f 1503/5866 5941/5864 5958/5886 5953/5882
f 5941/5864 171/5847 5925/5846 5958/5886
f 5958/5886 5925/5846 1498/5842 5957/5887
f 5953/5882 5958/5886 5957/5887 1508/5883
f 1508/5883 5957/5887 5961/5888 5960/5889
f 5957/5887 1498/5842 5922/5841 5961/5888
f 5961/5888 5922/5841 175/5820 5959/5890
f 5960/5889 5961/5888 5959/5890 1506/5891
f 1507/5885 5954/5884 5964/5892 5963/5893
f 5954/5884 1508/5883 5960/5889 5964/5892
f 5964/5892 5960/5889 1506/5891 5962/5894
f 5963/5893 5964/5892 5962/5894 170/5895
f 326/5815 5965/5896 5968/5897 5917/5835
f 5965/5896 1509/5898 5966/5899 5968/5897
f 5968/5897 5966/5899 1511/5900 5967/5901
f 5917/5835 5968/5897 5967/5901 1496/5828
f 1509/5898 5969/5902 5972/5903 5966/5899
f 5969/5902 173/5904 5970/5905 5972/5903
f 5972/5903 5970/5905 1510/5906 5971/5907
f 5966/5899 5972/5903 5971/5907 1511/5900
f 1511/5900 5971/5907 5975/5908 5974/5909
f 5971/5907 1510/5906 5973/5910 5975/5908
f 5975/5908 5973/5910 170/5895 5962/5894
f 5974/5909 5975/5908 5962/5894 1506/5891
f 1496/5828 5967/5901 5976/5911 5910/5823
f 5967/5901 1511/5900 5974/5909 5976/5911
f 5976/5911 5974/5909 1506/5891 5959/5890
f 5910/5823 5976/5911 5959/5890 175/5820
f 173/5904 5969/5902 5980/5912 5979/5913
f 5969/5902 1509/5898 5977/5914 5980/5912
f 5980/5912 5977/5914 1514/5915 5978/5916
f 5979/5913 5980/5912 5978/5916 1513/5917
f 1509/5898 5965/5896 5982/5918 5977/5914
f 5965/5896 326/5815 5901/5814 5982/5918
f 5982/5918 5901/5814 1492/5810 5981/5919
f 5977/5914 5982/5918 5981/5919 1514/5915
f 1514/5915 5981/5919 5985/5920 5984/5921
f 5981/5919 1492/5810 5898/5809 5985/5920
f 5985/5920 5898/5809 322/5799 5983/5922
f 5984/5921 5985/5920 5983/5922 1512/5923
f 1513/5917 5978/5916 5988/5924 5987/5925
f 5978/5916 1514/5915 5984/5921 5988/5924
f 5988/5924 5984/5921 1512/5923 5986/5926
f 5987/5925 5988/5924 5986/5926 321/5927
f 323/5783 5989/5928 5992/5929 5886/5793
f 5989/5928 1515/5930 5990/5931 5992/5929
f 5992/5929 5990/5931 1517/5932 5991/5933
f 5886/5793 5992/5929 5991/5933 1489/5794
f 1515/5930 5993/5934 5996/5935 5990/5931
f 5993/5934 320/5936 5994/5937 5996/5935
f 5996/5935 5994/5937 1516/5938 5995/5939
f 5990/5931 5996/5935 5995/5939 1517/5932
f 1517/5932 5995/5939 5999/5940 5998/5941
f 5995/5939 1516/5938 5997/5942 5999/5940
f 5999/5940 5997/5942 321/5927 5986/5926
f 5998/5941 5999/5940 5986/5926 1512/5923
f 1489/5794 5991/5933 6000/5943 5889/5798
f 5991/5933 1517/5932 5998/5941 6000/5943
f 6000/5943 5998/5941 1512/5923 5983/5922
f 5889/5798 6000/5943 5983/5922 322/5799
f 303/5776 3623/5944 6003/5945 5874/5777
f 3623/5944 929/5946 6001/5947 6003/5945
f 6003/5945 6001/5947 1519/5948 6002/5949
f 5874/5777 6003/5945 6002/5949 1486/5778
f 929/5946 3631/5950 6006/5951 6001/5947
f 3631/5950 301/5952 6004/5953 6006/5951
f 6006/5951 6004/5953 1518/5954 6005/5955
f 6001/5947 6006/5951 6005/5955 1519/5948
f 1519/5948 6005/5955 6009/5956 6008/5957
f 6005/5955 1518/5954 6007/5958 6009/5956
f 6009/5956 6007/5958 320/5936 5993/5934
f 6008/5957 6009/5956 5993/5934 1515/5930
f 1486/5778 6002/5949 6010/5959 5877/5782
f 6002/5949 1519/5948 6008/5957 6010/5959
f 6010/5959 6008/5957 1515/5930 5989/5928
f 5877/5782 6010/5959 5989/5928 323/5783
f 172/5960 6011/5961 6015/5962 6014/5963
f 6011/5961 1520/5964 6012/5965 6015/5962
f 6015/5962 6012/5965 1522/5966 6013/5967
f 6014/5963 6015/5962 6013/5967 1521/5968
f 1520/5964 6016/5969 6018/5970 6012/5965
f 6016/5969 173/5904 5979/5913 6018/5970
f 6018/5970 5979/5913 1513/5917 6017/5971
f 6012/5965 6018/5970 6017/5971 1522/5966
f 1522/5966 6017/5971 6020/5972 6019/5973
f 6017/5971 1513/5917 5987/5925 6020/5972
f 6020/5972 5987/5925 321/5927 5997/5942
f 6019/5973 6020/5972 5997/5942 1516/5938
f 1521/5968 6013/5967 6022/5974 6021/5975
f 6013/5967 1522/5966 6019/5973 6022/5974
f 6022/5974 6019/5973 1516/5938 5994/5937
f 6021/5975 6022/5974 5994/5937 320/5936
f 86/2763 6023/5976 6026/5977 3645/5978
f 6023/5976 1523/5979 6024/5980 6026/5977
f 6026/5977 6024/5980 1524/5981 6025/5982
f 3645/5978 6026/5977 6025/5982 934/5983
f 1523/5979 6027/5984 6029/5985 6024/5980
f 6027/5984 172/5960 6014/5963 6029/5985
f 6029/5985 6014/5963 1521/5968 6028/5986
f 6024/5980 6029/5985 6028/5986 1524/5981
f 1524/5981 6028/5986 6031/5987 6030/5988
f 6028/5986 1521/5968 6021/5975 6031/5987
f 6031/5987 6021/5975 320/5936 6007/5958
f 6030/5988 6031/5987 6007/5958 1518/5954
f 934/5983 6025/5982 6032/5989 3650/5990
f 6025/5982 1524/5981 6030/5988 6032/5989
f 6032/5989 6030/5988 1518/5954 6004/5953
f 3650/5990 6032/5989 6004/5953 301/5952
f 169/5991 6033/5992 6037/5993 6036/5994
f 6033/5992 1525/5995 6034/5996 6037/5993
f 6037/5993 6034/5996 1527/5997 6035/5998
f 6036/5994 6037/5993 6035/5998 1526/5999
f 1525/5995 6038/6000 6040/6001 6034/5996
f 6038/6000 170/5895 5973/5910 6040/6001
f 6040/6001 5973/5910 1510/5906 6039/6002
f 6034/5996 6040/6001 6039/6002 1527/5997
f 1527/5997 6039/6002 6042/6003 6041/6004
f 6039/6002 1510/5906 5970/5905 6042/6003
f 6042/6003 5970/5905 173/5904 6016/5969
f 6041/6004 6042/6003 6016/5969 1520/5964
f 1526/5999 6035/5998 6044/6005 6043/6006
f 6035/5998 1527/5997 6041/6004 6044/6005
f 6044/6005 6041/6004 1520/5964 6011/5961
f 6043/6006 6044/6005 6011/5961 172/5960
f 112/6007 6045/6008 6049/6009 6048/6010
f 6045/6008 1528/6011 6046/6012 6049/6009
f 6049/6009 6046/6012 1530/6013 6047/6014
f 6048/6010 6049/6009 6047/6014 1529/6015
f 1528/6011 6050/6016 6052/6017 6046/6012
f 6050/6016 113/5872 5955/5881 6052/6017
f 6052/6017 5955/5881 1507/5885 6051/6018
f 6046/6012 6052/6017 6051/6018 1530/6013
f 1530/6013 6051/6018 6054/6019 6053/6020
f 6051/6018 1507/5885 5963/5893 6054/6019
f 6054/6019 5963/5893 170/5895 6038/6000
f 6053/6020 6054/6019 6038/6000 1525/5995
f 1529/6015 6047/6014 6056/6021 6055/6022
f 6047/6014 1530/6013 6053/6020 6056/6021
f 6056/6021 6053/6020 1525/5995 6033/5992
f 6055/6022 6056/6021 6033/5992 169/5991
f 113/5872 6050/6016 6059/6023 5946/5873
f 6050/6016 1528/6011 6057/6024 6059/6023
f 6059/6023 6057/6024 1532/6025 6058/6026
f 5946/5873 6059/6023 6058/6026 1504/5874
f 1528/6011 6045/6008 6062/6027 6057/6024
f 6045/6008 112/6007 6060/6028 6062/6027
f 6062/6027 6060/6028 1531/6029 6061/6030
f 6057/6024 6062/6027 6061/6030 1532/6025
f 1532/6025 6061/6030 6065/6031 6064/6032
f 6061/6030 1531/6029 6063/6033 6065/6031
f 6065/6031 6063/6033 110/5145 5414/5155
f 6064/6032 6065/6031 5414/5155 1369/5150
f 1504/5874 6058/6026 6066/6034 5949/5878
f 6058/6026 1532/6025 6064/6032 6066/6034
f 6066/6034 6064/6032 1369/5150 5409/5147
f 5949/5878 6066/6034 5409/5147 114/5146
f 110/5145 6063/6033 6069/6035 5407/5143
f 6063/6033 1531/6029 6067/6036 6069/6035
f 6069/6035 6067/6036 1534/6037 6068/6038
f 5407/5143 6069/6035 6068/6038 1367/5135
f 1531/6029 6060/6028 6072/6039 6067/6036
f 6060/6028 112/6007 6070/6040 6072/6039
f 6072/6039 6070/6040 1533/6041 6071/6042
f 6067/6036 6072/6039 6071/6042 1534/6037
f 1534/6037 6071/6042 6075/6043 6074/6044
f 6071/6042 1533/6041 6073/6045 6075/6043
f 6075/6043 6073/6045 9/2834 3697/2833
f 6074/6044 6075/6043 3697/2833 945/2829
f 1367/5135 6068/6038 6076/6046 5399/5131
f 6068/6038 1534/6037 6074/6044 6076/6046
f 6076/6046 6074/6044 945/2829 3694/2828
f 5399/5131 6076/6046 3694/2828 6/1913
f 169/5991 6077/6047 6080/6048 6055/6022
f 6077/6047 1535/6049 6078/6050 6080/6048
f 6080/6048 6078/6050 1536/6051 6079/6052
f 6055/6022 6080/6048 6079/6052 1529/6015
f 1535/6049 6081/6053 6083/6054 6078/6050
f 6081/6053 83/2854 3712/2853 6083/6054
f 6083/6054 3712/2853 948/2850 6082/6055
f 6078/6050 6083/6054 6082/6055 1536/6051
f 1536/6051 6082/6055 6085/6056 6084/6057
f 6082/6055 948/2850 3709/2849 6085/6056
f 6085/6056 3709/2849 9/2834 6073/6045
f 6084/6057 6085/6056 6073/6045 1533/6041
f 1529/6015 6079/6052 6086/6058 6048/6010
f 6079/6052 1536/6051 6084/6057 6086/6058
f 6086/6058 6084/6057 1533/6041 6070/6040
f 6048/6010 6086/6058 6070/6040 112/6007
f 83/2854 6081/6053 6089/6059 3715/2855
f 6081/6053 1535/6049 6087/6060 6089/6059
f 6089/6059 6087/6060 1537/6061 6088/6062
f 3715/2855 6089/6059 6088/6062 951/2857
f 1535/6049 6077/6047 6091/6063 6087/6060
f 6077/6047 169/5991 6036/5994 6091/6063
f 6091/6063 6036/5994 1526/5999 6090/6064
f 6087/6060 6091/6063 6090/6064 1537/6061
f 1537/6061 6090/6064 6093/6065 6092/6066
f 6090/6064 1526/5999 6043/6006 6093/6065
f 6093/6065 6043/6006 172/5960 6027/5984
f 6092/6066 6093/6065 6027/5984 1523/5979
f 951/2857 6088/6062 6094/6067 3719/2861
f 6088/6062 1537/6061 6092/6066 6094/6067
f 6094/6067 6092/6066 1523/5979 6023/5976
f 3719/2861 6094/6067 6023/5976 86/2763
f 180/5600 6095/6068 6098/6069 5757/5615
f 6095/6068 1538/6070 6096/6071 6098/6069
f 6098/6069 6096/6071 1539/6072 6097/6073
f 5757/5615 6098/6069 6097/6073 1456/5616
f 1538/6070 6099/6074 6101/6075 6096/6071
f 6099/6074 192/5638 5787/5659 6101/6075
f 6101/6075 5787/5659 1465/5655 6100/6076
f 6096/6071 6101/6075 6100/6076 1539/6072
f 1539/6072 6100/6076 6103/6077 6102/6078
f 6100/6076 1465/5655 5784/5654 6103/6077
f 6103/6077 5784/5654 191/5653 5811/5687
f 6102/6078 6103/6077 5811/5687 1470/5685
f 1456/5616 6097/6073 6104/6079 5760/5619
f 6097/6073 1539/6072 6102/6078 6104/6079
f 6104/6079 6102/6078 1470/5685 5808/5684
f 5760/5619 6104/6079 5808/5684 190/5620
f 192/5638 6099/6074 6107/6080 5773/5639
f 6099/6074 1538/6070 6105/6081 6107/6080
f 6107/6080 6105/6081 1541/6082 6106/6083
f 5773/5639 6107/6080 6106/6083 1461/5640
f 1538/6070 6095/6068 6109/6084 6105/6081
f 6095/6068 180/5600 5745/5599 6109/6084
f 6109/6084 5745/5599 1453/5595 6108/6085
f 6105/6081 6109/6084 6108/6085 1541/6082
f 1541/6082 6108/6085 6112/6086 6111/6087
f 6108/6085 1453/5595 5742/5594 6112/6086
f 6112/6086 5742/5594 196/5593 6110/6088
f 6111/6087 6112/6086 6110/6088 1540/6089
f 1461/5640 6106/6083 6114/6090 5776/5643
f 6106/6083 1541/6082 6111/6087 6114/6090
f 6114/6090 6111/6087 1540/6089 6113/6091
f 5776/5643 6114/6090 6113/6091 197/5644
f 197/5644 6113/6091 6117/6092 5777/5642
f 6113/6091 1540/6089 6115/6093 6117/6092
f 6117/6092 6115/6093 1543/6094 6116/6095
f 5777/5642 6117/6092 6116/6095 1462/5629
f 1540/6089 6110/6088 6119/6096 6115/6093
f 6110/6088 196/5593 5741/5591 6119/6096
f 6119/6096 5741/5591 1452/5587 6118/6097
f 6115/6093 6119/6096 6118/6097 1543/6094
f 1543/6094 6118/6097 6122/6098 6121/6099
f 6118/6097 1452/5587 5737/5585 6122/6098
f 6122/6098 5737/5585 195/5370 6120/6100
f 6121/6099 6122/6098 6120/6100 1542/6101
f 1462/5629 6116/6095 6124/6102 5766/5624
f 6116/6095 1543/6094 6121/6099 6124/6102
f 6124/6102 6121/6099 1542/6101 6123/6103
f 5766/5624 6124/6102 6123/6103 198/5621
f 144/4803 5194/4860 6127/6104 5165/4819
f 5194/4860 1313/4855 6125/6105 6127/6104
f 6127/6104 6125/6105 1545/6106 6126/6107
f 5165/4819 6127/6104 6126/6107 1307/4821
f 1313/4855 5189/4852 6129/6108 6125/6105
f 5189/4852 140/4851 5230/4905 6129/6108
f 6129/6108 5230/4905 1324/4910 6128/6109
f 6125/6105 6129/6108 6128/6109 1545/6106
f 1545/6106 6128/6109 6132/6110 6131/6111
f 6128/6109 1324/4910 5237/4917 6132/6110
f 6132/6110 5237/4917 143/4902 6130/6112
f 6131/6111 6132/6110 6130/6112 1544/6113
f 1307/4821 6126/6107 6134/6114 5169/4825
f 6126/6107 1545/6106 6131/6111 6134/6114
f 6134/6114 6131/6111 1544/6113 6133/6115
f 5169/4825 6134/6114 6133/6115 142/4827
f 181/4480 4911/4478 6137/6116 5569/5362
f 4911/4478 1241/4474 6135/6117 6137/6116
f 6137/6116 6135/6117 1547/6118 6136/6119
f 5569/5362 6137/6116 6136/6119 1410/5364
f 1241/4474 4907/4472 6140/6120 6135/6117
f 4907/4472 183/4300 6138/6121 6140/6120
f 6140/6120 6138/6121 1546/6122 6139/6123
f 6135/6117 6140/6120 6139/6123 1547/6118
f 1547/6118 6139/6123 6143/6124 6142/6125
f 6139/6123 1546/6122 6141/6126 6143/6124
f 6143/6124 6141/6126 198/5621 6123/6103
f 6142/6125 6143/6124 6123/6103 1542/6101
f 1410/5364 6136/6119 6144/6127 5573/5368
f 6136/6119 1547/6118 6142/6125 6144/6127
f 6144/6127 6142/6125 1542/6101 6120/6100
f 5573/5368 6144/6127 6120/6100 195/5370
f 183/4300 4821/4351 6147/6128 6138/6121
f 4821/4351 1218/4349 6145/6129 6147/6128
f 6147/6128 6145/6129 1548/6130 6146/6131
f 6138/6121 6147/6128 6146/6131 1546/6122
f 1218/4349 4818/4348 6149/6132 6145/6129
f 4818/4348 328/4347 4905/4471 6149/6132
f 6149/6132 4905/4471 1239/4469 6148/6133
f 6145/6129 6149/6132 6148/6133 1548/6130
f 1548/6130 6148/6133 6151/6134 6150/6135
f 6148/6133 1239/4469 4902/4468 6151/6134
f 6151/6134 4902/4468 336/4467 5768/5630
f 6150/6135 6151/6134 5768/5630 1459/5625
f 1546/6122 6146/6131 6152/6136 6141/6126
f 6146/6131 1548/6130 6150/6135 6152/6136
f 6152/6136 6150/6135 1459/5625 5763/5622
f 6141/6126 6152/6136 5763/5622 198/5621
f 51/4879 5207/4877 6155/6137 5221/4897
f 5207/4877 1317/4873 6153/6138 6155/6137
f 6155/6137 6153/6138 1549/6139 6154/6140
f 5221/4897 6155/6137 6154/6140 1320/4898
f 1317/4873 5203/4871 6157/6141 6153/6138
f 5203/4871 149/4795 5173/4833 6157/6141
f 6157/6141 5173/4833 1308/4829 6156/6142
f 6153/6138 6157/6141 6156/6142 1549/6139
f 1549/6139 6156/6142 6159/6143 6158/6144
f 6156/6142 1308/4829 5170/4828 6159/6143
f 6159/6143 5170/4828 142/4827 6133/6115
f 6158/6144 6159/6143 6133/6115 1544/6113
f 1320/4898 6154/6140 6160/6145 5224/4901
f 6154/6140 1549/6139 6158/6144 6160/6145
f 6160/6145 6158/6144 1544/6113 6130/6112
f 5224/4901 6160/6145 6130/6112 143/4902
f 208/2945 3794/2948 6164/6146 6163/6147
f 3794/2948 967/2953 6161/6148 6164/6146
f 6164/6146 6161/6148 1552/6149 6162/6150
f 6163/6147 6164/6146 6162/6150 1551/6151
f 967/2953 3803/2964 6166/6152 6161/6148
f 3803/2964 212/1383 5037/4650 6166/6152
f 6166/6152 5037/4650 1273/4646 6165/6153
f 6161/6148 6166/6152 6165/6153 1552/6149
f 1552/6149 6165/6153 6169/6154 6168/6155
f 6165/6153 1273/4646 5034/4645 6169/6154
f 6169/6154 5034/4645 259/4644 6167/6156
f 6168/6155 6169/6154 6167/6156 1550/6157
f 1551/6151 6162/6150 6172/6158 6171/6159
f 6162/6150 1552/6149 6168/6155 6172/6158
f 6172/6158 6168/6155 1550/6157 6170/6160
f 6171/6159 6172/6158 6170/6160 255/6161
f 255/6161 6173/6162 6176/6163 6171/6159
f 6173/6162 1553/6164 6174/6165 6176/6163
f 6176/6163 6174/6165 1555/6166 6175/6167
f 6171/6159 6176/6163 6175/6167 1551/6151
f 1553/6164 6177/6168 6180/6169 6174/6165
f 6177/6168 256/6170 6178/6171 6180/6169
f 6180/6169 6178/6171 1554/6172 6179/6173
f 6174/6165 6180/6169 6179/6173 1555/6166
f 1555/6166 6179/6173 6183/6174 6182/6175
f 6179/6173 1554/6172 6181/6176 6183/6174
f 6183/6174 6181/6176 209/2978 3812/2977
f 6182/6175 6183/6174 3812/2977 969/2973
f 1551/6151 6175/6167 6184/6177 6163/6147
f 6175/6167 1555/6166 6182/6175 6184/6177
f 6184/6177 6182/6175 969/2973 3809/2972
f 6163/6147 6184/6177 3809/2972 208/2945
f 255/6161 6170/6160 6188/6178 6187/6179
f 6170/6160 1550/6157 6185/6180 6188/6178
f 6188/6178 6185/6180 1558/6181 6186/6182
f 6187/6179 6188/6178 6186/6182 1557/6183
f 1550/6157 6167/6156 6190/6184 6185/6180
f 6167/6156 259/4644 5049/4666 6190/6184
f 6190/6184 5049/4666 1276/4662 6189/6185
f 6185/6180 6190/6184 6189/6185 1558/6181
f 1558/6181 6189/6185 6193/6186 6192/6187
f 6189/6185 1276/4662 5046/4661 6193/6186
f 6193/6186 5046/4661 260/4660 6191/6188
f 6192/6187 6193/6186 6191/6188 1556/6189
f 1557/6183 6186/6182 6196/6190 6195/6191
f 6186/6182 1558/6181 6192/6187 6196/6190
f 6196/6190 6192/6187 1556/6189 6194/6192
f 6195/6191 6196/6190 6194/6192 262/6193
f 256/6170 6177/6168 6200/6194 6199/6195
f 6177/6168 1553/6164 6197/6196 6200/6194
f 6200/6194 6197/6196 1561/6197 6198/6198
f 6199/6195 6200/6194 6198/6198 1560/6199
f 1553/6164 6173/6162 6202/6200 6197/6196
f 6173/6162 255/6161 6187/6179 6202/6200
f 6202/6200 6187/6179 1557/6183 6201/6201
f 6197/6196 6202/6200 6201/6201 1561/6197
f 1561/6197 6201/6201 6205/6202 6204/6203
f 6201/6201 1557/6183 6195/6191 6205/6202
f 6205/6202 6195/6191 262/6193 6203/6204
f 6204/6203 6205/6202 6203/6204 1559/6205
f 1560/6199 6198/6198 6208/6206 6207/6207
f 6198/6198 1561/6197 6204/6203 6208/6206
f 6208/6206 6204/6203 1559/6205 6206/6208
f 6207/6207 6208/6206 6206/6208 263/6209
f 257/6210 6209/6211 6213/6212 6212/6213
f 6209/6211 1562/6214 6210/6215 6213/6212
f 6213/6212 6210/6215 1564/6216 6211/6217
f 6212/6213 6213/6212 6211/6217 1563/6218
f 1562/6214 6214/6219 6216/6220 6210/6215
f 6214/6219 151/4763 5139/4786 6216/6220
f 6216/6220 5139/4786 1299/4784 6215/6221
f 6210/6215 6216/6220 6215/6221 1564/6216
f 1564/6216 6215/6221 6218/6222 6217/6223
f 6215/6221 1299/4784 5136/4783 6218/6222
f 6218/6222 5136/4783 55/1523 3852/3034
f 6217/6223 6218/6222 3852/3034 980/3030
f 1563/6218 6211/6217 6220/6224 6219/6225
f 6211/6217 1564/6216 6217/6223 6220/6224
f 6220/6224 6217/6223 980/3030 3849/3029
f 6219/6225 6220/6224 3849/3029 210/3028
f 210/3028 3859/3038 6223/6226 6219/6225
f 3859/3038 984/3042 6221/6227 6223/6226
f 6223/6226 6221/6227 1566/6228 6222/6229
f 6219/6225 6223/6226 6222/6229 1563/6218
f 984/3042 3867/3051 6225/6230 6221/6227
f 3867/3051 209/2978 6181/6176 6225/6230
f 6225/6230 6181/6176 1554/6172 6224/6231
f 6221/6227 6225/6230 6224/6231 1566/6228
f 1566/6228 6224/6231 6228/6232 6227/6233
f 6224/6231 1554/6172 6178/6171 6228/6232
f 6228/6232 6178/6171 256/6170 6226/6234
f 6227/6233 6228/6232 6226/6234 1565/6235
f 1563/6218 6222/6229 6230/6236 6212/6213
f 6222/6229 1566/6228 6227/6233 6230/6236
f 6230/6236 6227/6233 1565/6235 6229/6237
f 6212/6213 6230/6236 6229/6237 257/6210
f 258/6238 6231/6239 6235/6240 6234/6241
f 6231/6239 1567/6242 6232/6243 6235/6240
f 6235/6240 6232/6243 1569/6244 6233/6245
f 6234/6241 6235/6240 6233/6245 1568/6246
f 1567/6242 6236/6247 6238/6248 6232/6243
f 6236/6247 261/4747 5124/4769 6238/6248
f 6238/6248 5124/4769 1295/4765 6237/6249
f 6232/6243 6238/6248 6237/6249 1569/6244
f 1569/6244 6237/6249 6240/6250 6239/6251
f 6237/6249 1295/4765 5121/4764 6240/6250
f 6240/6250 5121/4764 151/4763 6214/6219
f 6239/6251 6240/6250 6214/6219 1562/6214
f 1568/6246 6233/6245 6242/6252 6241/6253
f 6233/6245 1569/6244 6239/6251 6242/6252
f 6242/6252 6239/6251 1562/6214 6209/6211
f 6241/6253 6242/6252 6209/6211 257/6210
f 257/6210 6229/6237 6245/6254 6241/6253
f 6229/6237 1565/6235 6243/6255 6245/6254
f 6245/6254 6243/6255 1571/6256 6244/6257
f 6241/6253 6245/6254 6244/6257 1568/6246
f 1565/6235 6226/6234 6247/6258 6243/6255
f 6226/6234 256/6170 6199/6195 6247/6258
f 6247/6258 6199/6195 1560/6199 6246/6259
f 6243/6255 6247/6258 6246/6259 1571/6256
f 1571/6256 6246/6259 6250/6260 6249/6261
f 6246/6259 1560/6199 6207/6207 6250/6260
f 6250/6260 6207/6207 263/6209 6248/6262
f 6249/6261 6250/6260 6248/6262 1570/6263
f 1568/6246 6244/6257 6252/6264 6234/6241
f 6244/6257 1571/6256 6249/6261 6252/6264
f 6252/6264 6249/6261 1570/6263 6251/6265
f 6234/6241 6252/6264 6251/6265 258/6238
f 263/6209 6253/6266 6256/6267 6248/6262
f 6253/6266 1572/6268 6254/6269 6256/6267
f 6256/6267 6254/6269 1573/6270 6255/6271
f 6248/6262 6256/6267 6255/6271 1570/6263
f 1572/6268 6257/6272 6259/6273 6254/6269
f 6257/6272 266/4683 5113/4751 6259/6273
f 6259/6273 5113/4751 1292/4749 6258/6274
f 6254/6269 6259/6273 6258/6274 1573/6270
f 1573/6270 6258/6274 6261/6275 6260/6276
f 6258/6274 1292/4749 5110/4748 6261/6275
f 6261/6275 5110/4748 261/4747 6236/6247
f 6260/6276 6261/6275 6236/6247 1567/6242
f 1570/6263 6255/6271 6262/6277 6251/6265
f 6255/6271 1573/6270 6260/6276 6262/6277
f 6262/6277 6260/6276 1567/6242 6231/6239
f 6251/6265 6262/6277 6231/6239 258/6238
f 262/6193 6194/6192 6265/6278 6203/6204
f 6194/6192 1556/6189 6263/6279 6265/6278
f 6265/6278 6263/6279 1574/6280 6264/6281
f 6203/6204 6265/6278 6264/6281 1559/6205
f 1556/6189 6191/6188 6267/6282 6263/6279
f 6191/6188 260/4660 5065/4687 6267/6282
f 6267/6282 5065/4687 1280/4685 6266/6283
f 6263/6279 6267/6282 6266/6283 1574/6280
f 1574/6280 6266/6283 6269/6284 6268/6285
f 6266/6283 1280/4685 5062/4684 6269/6284
f 6269/6284 5062/4684 266/4683 6257/6272
f 6268/6285 6269/6284 6257/6272 1572/6268
f 1559/6205 6264/6281 6270/6286 6206/6208
f 6264/6281 1574/6280 6268/6285 6270/6286
f 6270/6286 6268/6285 1572/6268 6253/6266
f 6206/6208 6270/6286 6253/6266 263/6209
f 128/6287 6271/6288 6275/6289 6274/6290
f 6271/6288 1575/6291 6272/6292 6275/6289
f 6275/6289 6272/6292 1578/6293 6273/6294
f 6274/6290 6275/6289 6273/6294 1577/6295
f 1575/6291 6276/6296 6278/6297 6272/6292
f 6276/6296 118/5077 5356/5076 6278/6297
f 6278/6297 5356/5076 1353/5073 6277/6298
f 6272/6292 6278/6297 6277/6298 1578/6293
f 1578/6293 6277/6298 6281/6299 6280/6300
f 6277/6298 1353/5073 5353/5072 6281/6299
f 6281/6299 5353/5072 123/5045 6279/6301
f 6280/6300 6281/6299 6279/6301 1576/6302
f 1577/6295 6273/6294 6284/6303 6283/6304
f 6273/6294 1578/6293 6280/6300 6284/6303
f 6284/6303 6280/6300 1576/6302 6282/6305
f 6283/6304 6284/6303 6282/6305 125/6306
f 125/6306 6285/6307 6289/6308 6288/6309
f 6285/6307 1579/6310 6286/6311 6289/6308
f 6289/6308 6286/6311 1582/6312 6287/6313
f 6288/6309 6289/6308 6287/6313 1581/6314
f 1579/6310 6290/6315 6292/6316 6286/6311
f 6290/6315 126/4978 5309/5013 6292/6316
f 6292/6316 5309/5013 1342/5011 6291/6317
f 6286/6311 6292/6316 6291/6317 1582/6312
f 1582/6312 6291/6317 6295/6318 6294/6319
f 6291/6317 1342/5011 5306/5010 6295/6318
f 6295/6318 5306/5010 133/5009 6293/6320
f 6294/6319 6295/6318 6293/6320 1580/6321
f 1581/6314 6287/6313 6298/6322 6297/6323
f 6287/6313 1582/6312 6294/6319 6298/6322
f 6298/6322 6294/6319 1580/6321 6296/6324
f 6297/6323 6298/6322 6296/6324 127/6325
f 127/6325 6296/6324 6302/6326 6301/6327
f 6296/6324 1580/6321 6299/6328 6302/6326
f 6302/6326 6299/6328 1585/6329 6300/6330
f 6301/6327 6302/6326 6300/6330 1584/6331
f 1580/6321 6293/6320 6304/6332 6299/6328
f 6293/6320 133/5009 5471/5233 6304/6332
f 6304/6332 5471/5233 1384/5231 6303/6333
f 6299/6328 6304/6332 6303/6333 1585/6329
f 1585/6329 6303/6333 6307/6334 6306/6335
f 6303/6333 1384/5231 5468/5230 6307/6334
f 6307/6334 5468/5230 134/5229 6305/6336
f 6306/6335 6307/6334 6305/6336 1583/6337
f 1584/6331 6300/6330 6310/6338 6309/6339
f 6300/6330 1585/6329 6306/6335 6310/6338
f 6310/6338 6306/6335 1583/6337 6308/6340
f 6309/6339 6310/6338 6308/6340 135/6341
f 135/6341 6308/6340 6314/6342 6313/6343
f 6308/6340 1583/6337 6311/6344 6314/6342
f 6314/6342 6311/6344 1588/6345 6312/6346
f 6313/6343 6314/6342 6312/6346 1587/6347
f 1583/6337 6305/6336 6316/6348 6311/6344
f 6305/6336 134/5229 5539/5324 6316/6348
f 6316/6348 5539/5324 1401/5320 6315/6349
f 6311/6344 6316/6348 6315/6349 1588/6345
f 1588/6345 6315/6349 6319/6350 6318/6351
f 6315/6349 1401/5320 5536/5319 6319/6350
f 6319/6350 5536/5319 158/5318 6317/6352
f 6318/6351 6319/6350 6317/6352 1586/6353
f 1587/6347 6312/6346 6322/6354 6321/6355
f 6312/6346 1588/6345 6318/6351 6322/6354
f 6322/6354 6318/6351 1586/6353 6320/6356
f 6321/6355 6322/6354 6320/6356 138/6357
f 138/6357 6320/6356 6326/6358 6325/6359
f 6320/6356 1586/6353 6323/6360 6326/6358
f 6326/6358 6323/6360 1591/6361 6324/6362
f 6325/6359 6326/6358 6324/6362 1590/6363
f 1586/6353 6317/6352 6328/6364 6323/6360
f 6317/6352 158/5318 5551/5340 6328/6364
f 6328/6364 5551/5340 1404/5336 6327/6365
f 6323/6360 6328/6364 6327/6365 1591/6361
f 1591/6361 6327/6365 6331/6366 6330/6367
f 6327/6365 1404/5336 5548/5335 6331/6366
f 6331/6366 5548/5335 159/5334 6329/6368
f 6330/6367 6331/6366 6329/6368 1589/6369
f 1590/6363 6324/6362 6334/6370 6333/6371
f 6324/6362 1591/6361 6330/6367 6334/6370
f 6334/6370 6330/6367 1589/6369 6332/6372
f 6333/6371 6334/6370 6332/6372 156/6373
f 139/6374 6335/6375 6339/6376 6338/6377
f 6335/6375 1592/6378 6336/6379 6339/6376
f 6339/6376 6336/6379 1595/6380 6337/6381
f 6338/6377 6339/6376 6337/6381 1594/6382
f 1592/6378 6340/6383 6342/6384 6336/6379
f 6340/6383 136/5213 5456/5212 6342/6384
f 6342/6384 5456/5212 1379/5209 6341/6385
f 6336/6379 6342/6384 6341/6385 1595/6380
f 1595/6380 6341/6385 6345/6386 6344/6387
f 6341/6385 1379/5209 5453/5208 6345/6386
f 6345/6386 5453/5208 119/5125 6343/6388
f 6344/6387 6345/6386 6343/6388 1593/6389
f 1594/6382 6337/6381 6348/6390 6347/6391
f 6337/6381 1595/6380 6344/6387 6348/6390
f 6348/6390 6344/6387 1593/6389 6346/6392
f 6347/6391 6348/6390 6346/6392 130/6393
f 156/6373 6349/6394 6353/6395 6352/6396
f 6349/6394 1596/6397 6350/6398 6353/6395
f 6353/6395 6350/6398 1598/6399 6351/6400
f 6352/6396 6353/6395 6351/6400 1597/6401
f 1596/6397 6354/6402 6356/6403 6350/6398
f 6354/6402 157/5465 5642/5464 6356/6403
f 6356/6403 5642/5464 1427/5461 6355/6404
f 6350/6398 6356/6403 6355/6404 1598/6399
f 1598/6399 6355/6404 6358/6405 6357/6406
f 6355/6404 1427/5461 5639/5460 6358/6405
f 6358/6405 5639/5460 136/5213 6340/6383
f 6357/6406 6358/6405 6340/6383 1592/6378
f 1597/6401 6351/6400 6360/6407 6359/6408
f 6351/6400 1598/6399 6357/6406 6360/6407
f 6360/6407 6357/6406 1592/6378 6335/6375
f 6359/6408 6360/6407 6335/6375 139/6374
f 130/6393 6346/6392 6364/6409 6363/6410
f 6346/6392 1593/6389 6361/6411 6364/6409
f 6364/6409 6361/6411 1600/6412 6362/6413
f 6363/6410 6364/6409 6362/6413 1599/6414
f 1593/6389 6343/6388 6366/6415 6361/6411
f 6343/6388 119/5125 5391/5124 6366/6415
f 6366/6415 5391/5124 1363/5120 6365/6416
f 6361/6411 6366/6415 6365/6416 1600/6412
f 1600/6412 6365/6416 6368/6417 6367/6418
f 6365/6416 1363/5120 5388/5119 6368/6417
f 6368/6417 5388/5119 118/5077 6276/6296
f 6367/6418 6368/6417 6276/6296 1575/6291
f 1599/6414 6362/6413 6370/6419 6369/6420
f 6362/6413 1600/6412 6367/6418 6370/6419
f 6370/6419 6367/6418 1575/6291 6271/6288
f 6369/6420 6370/6419 6271/6288 128/6287
f 124/4989 5290/4987 6373/6421 5329/5040
f 5290/4987 1337/4982 6371/6422 6373/6421
f 6373/6421 6371/6422 1601/6423 6372/6424
f 5329/5040 6373/6421 6372/6424 1347/5041
f 1337/4982 5285/4979 6375/6425 6371/6422
f 5285/4979 126/4978 6290/6315 6375/6425
f 6375/6425 6290/6315 1579/6310 6374/6426
f 6371/6422 6375/6425 6374/6426 1601/6423
f 1601/6423 6374/6426 6377/6427 6376/6428
f 6374/6426 1579/6310 6285/6307 6377/6427
f 6377/6427 6285/6307 125/6306 6282/6305
f 6376/6428 6377/6427 6282/6305 1576/6302
f 1347/5041 6372/6424 6378/6429 5332/5044
f 6372/6424 1601/6423 6376/6428 6378/6429
f 6378/6429 6376/6428 1576/6302 6279/6301
f 5332/5044 6378/6429 6279/6301 123/5045
f 156/6373 6332/6372 6381/6430 6349/6394
f 6332/6372 1589/6369 6379/6431 6381/6430
f 6381/6430 6379/6431 1602/6432 6380/6433
f 6349/6394 6381/6430 6380/6433 1596/6397
f 1589/6369 6329/6368 6383/6434 6379/6431
f 6329/6368 159/5334 5627/5444 6383/6434
f 6383/6434 5627/5444 1424/5440 6382/6435
f 6379/6431 6383/6434 6382/6435 1602/6432
f 1602/6432 6382/6435 6385/6436 6384/6437
f 6382/6435 1424/5440 5624/5439 6385/6436
f 6385/6436 5624/5439 160/5438 5655/5480
f 6384/6437 6385/6436 5655/5480 1431/5478
f 1596/6397 6380/6433 6386/6438 6354/6402
f 6380/6433 1602/6432 6384/6437 6386/6438
f 6386/6438 6384/6437 1431/5478 5652/5477
f 6354/6402 6386/6438 5652/5477 157/5465
f 131/6439 6387/6440 6391/6441 6390/6442
f 6387/6440 1603/6443 6388/6444 6391/6441
f 6391/6441 6388/6444 1606/6445 6389/6446
f 6390/6442 6391/6441 6389/6446 1605/6447
f 1603/6443 6392/6448 6394/6449 6388/6444
f 6392/6448 130/6393 6363/6410 6394/6449
f 6394/6449 6363/6410 1599/6414 6393/6450
f 6388/6444 6394/6449 6393/6450 1606/6445
f 1606/6445 6393/6450 6397/6451 6396/6452
f 6393/6450 1599/6414 6369/6420 6397/6451
f 6397/6451 6369/6420 128/6287 6395/6453
f 6396/6452 6397/6451 6395/6453 1604/6454
f 1605/6447 6389/6446 6400/6455 6399/6456
f 6389/6446 1606/6445 6396/6452 6400/6455
f 6400/6455 6396/6452 1604/6454 6398/6457
f 6399/6456 6400/6455 6398/6457 129/6458
f 132/6459 6401/6460 6405/6461 6404/6462
f 6401/6460 1607/6463 6402/6464 6405/6461
f 6405/6461 6402/6464 1609/6465 6403/6466
f 6404/6462 6405/6461 6403/6466 1608/6467
f 1607/6463 6406/6468 6408/6469 6402/6464
f 6406/6468 139/6374 6338/6377 6408/6469
f 6408/6469 6338/6377 1594/6382 6407/6470
f 6402/6464 6408/6469 6407/6470 1609/6465
f 1609/6465 6407/6470 6410/6471 6409/6472
f 6407/6470 1594/6382 6347/6391 6410/6471
f 6410/6471 6347/6391 130/6393 6392/6448
f 6409/6472 6410/6471 6392/6448 1603/6443
f 1608/6467 6403/6466 6412/6473 6411/6474
f 6403/6466 1609/6465 6409/6472 6412/6473
f 6412/6473 6409/6472 1603/6443 6387/6440
f 6411/6474 6412/6473 6387/6440 131/6439
f 131/6439 6413/6475 6416/6476 6411/6474
f 6413/6475 1610/6477 6414/6478 6416/6476
f 6416/6476 6414/6478 1612/6479 6415/6480
f 6411/6474 6416/6476 6415/6480 1608/6467
f 1610/6477 6417/6481 6419/6482 6414/6478
f 6417/6481 135/6341 6313/6343 6419/6482
f 6419/6482 6313/6343 1587/6347 6418/6483
f 6414/6478 6419/6482 6418/6483 1612/6479
f 1612/6479 6418/6483 6422/6484 6421/6485
f 6418/6483 1587/6347 6321/6355 6422/6484
f 6422/6484 6321/6355 138/6357 6420/6486
f 6421/6485 6422/6484 6420/6486 1611/6487
f 1608/6467 6415/6480 6424/6488 6404/6462
f 6415/6480 1612/6479 6421/6485 6424/6488
f 6424/6488 6421/6485 1611/6487 6423/6489
f 6404/6462 6424/6488 6423/6489 132/6459
f 129/6458 6425/6490 6428/6491 6399/6456
f 6425/6490 1613/6492 6426/6493 6428/6491
f 6428/6491 6426/6493 1614/6494 6427/6495
f 6399/6456 6428/6491 6427/6495 1605/6447
f 1613/6492 6429/6496 6431/6497 6426/6493
f 6429/6496 127/6325 6301/6327 6431/6497
f 6431/6497 6301/6327 1584/6331 6430/6498
f 6426/6493 6431/6497 6430/6498 1614/6494
f 1614/6494 6430/6498 6433/6499 6432/6500
f 6430/6498 1584/6331 6309/6339 6433/6499
f 6433/6499 6309/6339 135/6341 6417/6481
f 6432/6500 6433/6499 6417/6481 1610/6477
f 1605/6447 6427/6495 6434/6501 6390/6442
f 6427/6495 1614/6494 6432/6500 6434/6501
f 6434/6501 6432/6500 1610/6477 6413/6475
f 6390/6442 6434/6501 6413/6475 131/6439
f 139/6374 6406/6468 6437/6502 6359/6408
f 6406/6468 1607/6463 6435/6503 6437/6502
f 6437/6502 6435/6503 1615/6504 6436/6505
f 6359/6408 6437/6502 6436/6505 1597/6401
f 1607/6463 6401/6460 6439/6506 6435/6503
f 6401/6460 132/6459 6423/6489 6439/6506
f 6439/6506 6423/6489 1611/6487 6438/6507
f 6435/6503 6439/6506 6438/6507 1615/6504
f 1615/6504 6438/6507 6441/6508 6440/6509
f 6438/6507 1611/6487 6420/6486 6441/6508
f 6441/6508 6420/6486 138/6357 6325/6359
f 6440/6509 6441/6508 6325/6359 1590/6363
f 1597/6401 6436/6505 6442/6510 6352/6396
f 6436/6505 1615/6504 6440/6509 6442/6510
f 6442/6510 6440/6509 1590/6363 6333/6371
f 6352/6396 6442/6510 6333/6371 156/6373
f 127/6325 6429/6496 6445/6511 6297/6323
f 6429/6496 1613/6492 6443/6512 6445/6511
f 6445/6511 6443/6512 1616/6513 6444/6514
f 6297/6323 6445/6511 6444/6514 1581/6314
f 1613/6492 6425/6490 6447/6515 6443/6512
f 6425/6490 129/6458 6398/6457 6447/6515
f 6447/6515 6398/6457 1604/6454 6446/6516
f 6443/6512 6447/6515 6446/6516 1616/6513
f 1616/6513 6446/6516 6449/6517 6448/6518
f 6446/6516 1604/6454 6395/6453 6449/6517
f 6449/6517 6395/6453 128/6287 6274/6290
f 6448/6518 6449/6517 6274/6290 1577/6295
f 1581/6314 6444/6514 6450/6519 6288/6309
f 6444/6514 1616/6513 6448/6518 6450/6519
f 6450/6519 6448/6518 1577/6295 6283/6304
f 6288/6309 6450/6519 6283/6304 125/6306
f 30/3131 3928/3129 6453/6520 4071/3315
f 3928/3129 998/3124 6451/6521 6453/6520
f 6453/6520 6451/6521 1617/6522 6452/6523
f 4071/3315 6453/6520 6452/6523 1032/3309
f 998/3124 3923/3121 6455/6524 6451/6521
f 3923/3121 35/3112 3914/3110 6455/6524
f 6455/6524 3914/3110 994/3105 6454/6525
f 6451/6521 6455/6524 6454/6525 1617/6522
f 1617/6522 6454/6525 6457/6526 6456/6527
f 6454/6525 994/3105 3909/3102 6457/6526
f 6457/6526 3909/3102 31/3101 4034/3270
f 6456/6527 6457/6526 4034/3270 1023/3266
f 1032/3309 6452/6523 6458/6528 4065/3305
f 6452/6523 1617/6522 6456/6527 6458/6528
f 6458/6528 6456/6527 1023/3266 4031/3265
f 4065/3305 6458/6528 4031/3265 32/3264
f 19/3188 3992/3216 6461/6529 4049/3288
f 3992/3216 1015/3211 6459/6530 6461/6529
f 6461/6529 6459/6530 1618/6531 6460/6532
f 4049/3288 6461/6529 6460/6532 1027/3281
f 1015/3211 3987/3208 6463/6533 6459/6530
f 3987/3208 72/3180 3965/3178 6463/6533
f 6463/6533 3965/3178 1008/3174 6462/6534
f 6459/6530 6463/6533 6462/6534 1618/6531
f 1618/6531 6462/6534 6465/6535 6464/6536
f 6462/6534 1008/3174 3961/3172 6465/6535
f 6465/6535 3961/3172 18/3164 4058/3301
f 6464/6536 6465/6535 4058/3301 1029/3297
f 1027/3281 6460/6532 6466/6537 4042/3276
f 6460/6532 1618/6531 6464/6536 6466/6537
f 6466/6537 6464/6536 1029/3297 4055/3296
f 4042/3276 6466/6537 4055/3296 22/3273

 