# File exported by ZBrush version 2022
# www.zbrush.com
#Vertex Count 6498
#UV Vertex Count 6569
#Face Count 6496
#Auto scale x=1.000000 y=1.000000 z=1.000000
#Auto offset x=-0.000000 y=-0.000000 z=-0.000000
mtllib VZ_head.mtl
usemtl defaultMat
v -0.62552332 0.54478061 0.49916017
v -0.41146311 0.4718939 0.77352225
v -0.21815247 0.50721925 0.86053031
v -0.00001688 0.51662623 0.88209843
v -0.26676961 0.74800068 0.77121877
v 0.00009248 0.77113753 0.80914968
v -0.3012686 0.98191702 0.59101146
v -0.54624807 0.86444068 0.46265417
v 0.00002389 1.02231919 0.64194011
v -0.48899114 0.67432957 0.6627686
v -0.64055037 0.29899573 0.53099572
v -0.67580705 0.13741207 0.47350883
v -0.67251604 -0.09059397 0.5009787
v -0.50208717 0.2915183 0.75993305
v -0.37632697 0.31762206 0.8532589
v -0.41859218 0.20511683 0.78264439
v -0.3415502 0.22761499 0.81716555
v -0.40210399 0.12899117 0.74401366
v -0.39409682 0.18819813 0.76616597
v -0.33142155 0.2047424 0.79135155
v -0.33192038 0.1597435 0.7996785
v -0.38505205 0.16092124 0.77269977
v -0.35972467 0.0497953 0.77870762
v -0.34652614 0.11720944 0.77796906
v 0.00004524 0.32261082 0.91693007
v 0.00111879 0.00800188 1.03041827
v 0.0011047 0.09588384 0.97726577
v -0.18305663 0.29672786 0.90688377
v -0.23646958 0.22680546 0.8059079
v -0.26616585 0.12115546 0.77335387
v -0.25571003 0.19724454 0.77734595
v -0.27186662 0.16093987 0.78751045
v -0.16208322 0.18003882 0.7729963
v -0.11945889 0.13960588 0.78993153
v -0.18940907 0.14895935 0.73690891
v -0.25460159 0.06742607 0.78577911
v -0.15665569 0.10098852 0.77149516
v -0.07912105 0.1467188 0.87777322
v -0.09155343 0.21137815 0.86005932
v 0.00088917 0.15680897 0.93739473
v 0.00039326 0.21969442 0.90848499
v -0.09979946 0.06776104 0.87925666
v -0.36529472 -0.04612717 0.7701044
v -0.39735335 -0.21224485 0.80063772
v 0.00091408 -0.10477467 1.10428595
v 0.001627 -0.24562203 1.13976335
v -0.10627712 -0.12077935 1.01563012
v -0.10335978 -0.02072104 0.95321941
v -0.13391187 -0.23902612 0.94493365
v -0.04639928 -0.28203493 1.03694641
v 0.04437478 -0.27694433 1.02718699
v -0.07842618 -0.2586036 1.05641949
v 0.00038724 -0.31859779 0.99025279
v 0.00250003 -0.30372658 1.06166398
v 0.0002278 -0.47899234 0.97187429
v -0.18179382 -0.16887953 0.85757809
v -0.22213342 -0.00800216 0.7961024
v -0.21234087 -0.08984777 0.84114736
v -0.12967942 -0.3071528 0.89477932
v -0.29033327 -0.3308385 0.82858604
v -0.24271868 -0.41092243 0.8624528
v -0.05296543 -0.26285454 0.92835629
v 0.00025924 -0.34540298 0.94930458
v -0.09192457 -0.46251475 0.9634372
v -0.55059397 0.40484103 0.64919298
v -0.56961309 0.22875896 0.66518533
v -0.46899029 0.16662882 0.71806156
v -0.47562149 0.09818053 0.66431158
v -0.58109152 0.13627527 0.60544377
v -0.49545657 0.13014648 0.66900146
v -0.56649309 0.02974851 0.63118326
v -0.4345256 0.15349894 0.69784623
v -0.43730974 0.06104042 0.72489327
v -0.48683825 -0.0345844 0.70622587
v -0.55570405 -0.18899534 0.66732209
v -0.58109593 -0.44894594 0.58176422
v -0.69324517 0.6762005 0.28844568
v -0.76263678 0.44902926 0.12170559
v -0.74673026 0.76960569 0.04947802
v -0.80402439 0.50717335 -0.11634349
v -0.3227894 1.15739691 0.33012294
v -0.5782243 0.99355375 0.20650027
v -0.00003264 1.21615827 0.3787181
v -0.3362576 1.24666142 0.0199814
v -0.59244769 1.07552468 -0.05246521
v -0.00028092 1.31843805 0.04212196
v -0.70103985 0.37717446 0.34581592
v -0.74871736 0.15961954 0.25997749
v -0.67803043 -0.37478926 0.39334529
v -0.74565911 -0.08779962 0.23561161
v -0.73596048 -0.32519745 0.17194192
v -0.776097 0.18817599 -0.02139188
v -0.92133349 0.14964915 -0.27333143
v -0.80457818 0.22320097 -0.27034658
v -0.86957448 0.07170107 -0.2549594
v -0.87317842 -0.05447941 -0.25106245
v -0.8212465 0.10383284 -0.1507117
v -0.82423543 0.02414871 -0.17519848
v -0.77603989 -0.07400323 -0.15772455
v -0.75889295 -0.08797047 0.01025269
v -0.75016063 -0.0959494 -0.08089899
v -0.80334597 -0.29430207 -0.05918101
v -0.69925797 -0.30077964 -0.00621635
v -0.81888169 -0.17932367 -0.09018704
v -0.84651505 -0.16694591 -0.15514086
v -0.82406395 -0.28562632 -0.17280264
v -0.68406218 -0.49369895 0.04818846
v -0.70324277 -0.30283999 -0.14200709
v 0.21809126 0.50720614 0.86046111
v 0.26666545 0.74784165 0.77096134
v 0.4108532 0.47169685 0.77273583
v 0.30098715 0.98138833 0.590456
v 0.54581707 0.86416417 0.46232342
v 0.48787093 0.67385065 0.66168659
v 0.62388074 0.54441851 0.49837294
v 0.18302333 0.29672232 0.90685677
v 0.37631031 0.31762543 0.85319721
v 0.23649759 0.22679442 0.80595725
v 0.34158039 0.22768445 0.81719434
v 0.07930424 0.14667341 0.87721645
v 0.09165491 0.21140685 0.85977798
v 0.09995748 0.06767924 0.87902283
v 0.16211156 0.18002498 0.772951
v 0.11950915 0.13960576 0.78988671
v 0.18943648 0.14896716 0.73694694
v 0.15664854 0.10099283 0.77149409
v 0.26616615 0.12112231 0.77336299
v 0.25572654 0.19730038 0.77736002
v 0.27185475 0.16100229 0.7875117
v 0.33204767 0.20377676 0.7919203
v 0.3319413 0.1597363 0.79967457
v 0.38509014 0.16101864 0.77268141
v 0.25458109 0.06742877 0.78573828
v 0.35970455 0.04983048 0.77875155
v 0.34655085 0.11725408 0.77802091
v 0.41845688 0.20512549 0.78256332
v 0.50193083 0.29153603 0.75976973
v 0.40188375 0.12908297 0.74361664
v 0.39425009 0.18811863 0.76646792
v 0.10633153 -0.12107388 1.01560485
v 0.10361109 -0.02095346 0.95301294
v 0.13259735 -0.23875659 0.94600558
v 0.07786846 -0.25946766 1.05320644
v 0.18178656 -0.16885587 0.85759985
v 0.21247491 -0.08986104 0.84140956
v 0.22210809 -0.00799686 0.79621619
v 0.36523789 -0.04610069 0.77017229
v 0.39742592 -0.21235582 0.80075407
v 0.05647598 -0.26521125 0.92806184
v 0.12998236 -0.30716094 0.89458233
v 0.09231253 -0.46253237 0.96325355
v 0.29083165 -0.33117145 0.82851237
v 0.24346283 -0.41154742 0.86198759
v 0.55019837 0.40477055 0.648817
v 0.56965208 0.22879545 0.66524857
v 0.43432259 0.15345698 0.69772172
v 0.46871653 0.16653227 0.71787387
v 0.43734815 0.061078 0.72496658
v 0.47585919 0.09810676 0.66456359
v 0.49570387 0.13005936 0.66930341
v 0.58129864 0.13634139 0.60564929
v 0.56668216 0.02980919 0.63131266
v 0.6403166 0.29916659 0.53099507
v 0.6755914 0.13793042 0.47359633
v 0.48692485 -0.03456724 0.70639956
v 0.55589091 -0.18897822 0.66762584
v 0.67273861 -0.09000492 0.50099968
v 0.58077353 -0.44900837 0.58228194
v 0.32307425 1.1579523 0.33035612
v 0.57850498 0.99384343 0.20661801
v 0.69156688 0.67580872 0.28799444
v 0.33619281 1.24680411 0.01985443
v 0.59252286 1.07571339 -0.0525561
v 0.76186239 0.44961786 0.12258079
v 0.74647539 0.76954573 0.0496035
v 0.80395561 0.50754654 -0.11536936
v 0.70018053 0.37761393 0.34609875
v 0.6779955 -0.37414947 0.39369601
v 0.73610532 -0.32380792 0.17203503
v 0.77643853 -0.0741063 -0.15952351
v 0.69945699 -0.30022388 -0.00704434
v 0.6841579 -0.49346363 0.04854445
v 0.70365494 -0.30322739 -0.14205896
v 0.74849253 0.16090157 0.26053062
v 0.74592226 -0.08627001 0.23510259
v 0.77620285 0.18981541 -0.02075769
v 0.80449986 0.22308768 -0.26958194
v 0.9203692 0.14992404 -0.27342194
v 0.82121932 0.10461165 -0.15092283
v 0.82364994 0.02484566 -0.17520137
v 0.86941814 0.07282523 -0.25497871
v 0.87275004 -0.05361035 -0.25138998
v 0.75908672 -0.08639645 0.00848112
v 0.74887394 -0.09530873 -0.08259232
v 0.80347383 -0.29468217 -0.06116147
v 0.81775683 -0.18112042 -0.09267728
v 0.84421247 -0.16957266 -0.15594695
v 0.82354611 -0.28509414 -0.17443005
v -0.15385194 -0.5132516 0.90268641
v -0.19760978 -0.56096518 0.84301972
v -0.19256383 -0.49590027 0.88794112
v -0.1583832 -0.53947985 0.88093084
v -0.19397214 -0.52639645 0.85281473
v -0.13549797 -0.66213882 0.86780571
v -0.09211986 -0.55273675 0.93076026
v -0.07349589 -0.52672481 0.92568558
v -0.08011899 -0.49983215 0.94977736
v 0.00003057 -0.55833721 0.94518965
v 0.00008761 -0.53811657 0.93132311
v 0.00011766 -0.50782603 0.96171492
v -0.11645661 -0.58864861 0.91680353
v -0.00001049 -0.59670829 0.94265866
v -0.12708678 -0.52292746 0.90284007
v -0.00005237 -0.6728664 0.87695378
v 0.0001057 -0.79248988 0.89262729
v -0.36523431 -0.52264261 0.7903667
v -0.46971979 -0.50872725 0.74305379
v -0.32223784 -0.8355838 0.6892786
v -0.3104504 -0.53184586 0.7988578
v -0.26527401 -0.52993547 0.81065577
v -0.2395391 -0.61531478 0.80690729
v -0.28027197 -0.68424171 0.77115917
v -0.15360106 -0.76454055 0.83999437
v -0.1716386 -0.8718478 0.83141738
v 0.00009482 -0.92673277 0.86938679
v 0.00016876 -1.0062524 0.7328006
v -0.53433781 -0.74161565 0.47879472
v -0.64031553 -0.63346564 0.26924803
v -0.39391532 -0.92196667 0.30191236
v -0.22617255 -1.02688062 0.44624626
v -0.00028422 -1.09507644 0.51261264
v -0.52401924 -0.79281026 0.13323807
v -0.60492247 -0.61713147 -0.08211226
v -0.369825 -1.12825727 0.15644915
v -0.51878082 -0.99404561 0.02363884
v -0.55232977 -1.18016624 -0.09669916
v -0.41167333 -1.32852327 0.04351165
v -0.19853723 -1.23738372 0.28115269
v -0.00073022 -1.32131946 0.37801414
v -0.21759161 -1.45040464 0.1512092
v -0.96824866 -1.77369773 -0.1598351
v -0.64835417 -2.07119631 0.06141549
v 0.00005791 -2.07832384 0.12392773
v -0.4415546 -1.50495457 -0.05435463
v -0.54497009 -1.68023467 -0.03653598
v -0.27730438 -1.77779805 0.05326774
v -0.2368306 -1.61988651 0.05158083
v -0.00041904 -1.51909446 0.20094125
v -0.00017138 -1.66588234 0.08802215
v -0.63301843 -1.88222003 -0.00457219
v -0.31710228 -1.92845237 0.08256252
v -0.3619925 -2.0739994 0.09874698
v -0.00004024 -1.9407742 0.10914081
v -0.0001037 -1.80245804 0.06752023
v -0.00001031 -2.03718137 -0.18717797
v 0.09236001 -0.55258548 0.9306302
v 0.07380339 -0.52640515 0.92569428
v 0.08045953 -0.49964577 0.94991546
v 0.15429689 -0.51347553 0.90210294
v 0.11657543 -0.58858883 0.91674941
v 0.12754879 -0.52286636 0.9026736
v 0.19793517 -0.56121283 0.84287649
v 0.19265438 -0.49657982 0.88673585
v 0.15870071 -0.53931903 0.88052737
v 0.19462284 -0.52596879 0.85200792
v 0.13549479 -0.66226196 0.86776423
v 0.31094047 -0.53256046 0.79807531
v 0.2655029 -0.5304802 0.80983501
v 0.36521035 -0.52307277 0.79010623
v 0.23961293 -0.6158697 0.80675178
v 0.27994358 -0.68465876 0.77129763
v 0.15365478 -0.764835 0.84000939
v 0.171324 -0.87098109 0.83185207
v 0.32155409 -0.83574545 0.68977057
v 0.46927583 -0.5089029 0.74332058
v 0.22551693 -1.02707529 0.4470621
v 0.39317494 -0.92235904 0.30299279
v 0.53363972 -0.74194765 0.4801535
v 0.64008009 -0.63353008 0.27025768
v 0.52371555 -0.79322242 0.13394562
v 0.60483568 -0.61744797 -0.08204492
v 0.19815552 -1.23766911 0.2815513
v 0.36951535 -1.12837612 0.15666721
v 0.21750807 -1.45052671 0.15141925
v 0.41178721 -1.32843172 0.04351339
v 0.51866126 -0.99418926 0.02380112
v 0.55241078 -1.18000197 -0.09680837
v 0.27725422 -1.77769374 0.05320786
v 0.2368211 -1.61981177 0.0516603
v 0.44171086 -1.50467968 -0.05440574
v 0.54502487 -1.68001854 -0.03668453
v 0.31708499 -1.92841506 0.08254196
v 0.36192256 -2.07398319 0.0985845
v 0.63302236 -1.88216972 -0.00460492
v 0.64835673 -2.07119178 0.0613994
v 0.96830987 -1.77372121 -0.15984764
v -0.76064121 0.85832202 -0.20083893
v -0.8086282 0.58467793 -0.3575243
v -0.71737188 0.68964839 -0.65845084
v -0.5826922 1.1324321 -0.28711336
v -0.36456587 1.26824879 -0.35276079
v -0.68398296 0.97513592 -0.47872304
v 0.0005299 1.34422254 -0.3997254
v -0.41751423 1.11502742 -0.73038387
v 0.00164847 1.17564964 -0.82710254
v -0.43442934 0.78990393 -0.95977473
v -0.87470769 -0.038812 -0.31708401
v -0.78300613 -0.0398508 -0.34137493
v -0.77172136 0.28119048 -0.4793089
v -0.70423382 -0.03509736 -0.49380517
v -0.66745728 -0.3911533 -0.36118346
v -0.67458212 0.35463458 -0.76151812
v -0.5951125 0.01056461 -0.76552563
v -0.3516291 0.08238277 -1.01259326
v -0.52989858 -0.31215363 -0.70065945
v -0.29290372 -0.25002086 -0.93004465
v -0.00023352 -0.21271732 -1.00086665
v -0.40823459 0.43381708 -1.03339421
v 0.00083635 0.82503151 -1.06073582
v 0.0001608 0.46866402 -1.12325751
v -0.00001811 0.1227298 -1.09374117
v 0.36421352 1.26853692 -0.35174834
v 0.58244919 1.13275766 -0.28722843
v 0.68400543 0.97511255 -0.47881305
v 0.42132711 1.11184585 -0.73146188
v 0.43415445 0.78925263 -0.9602158
v 0.71715396 0.68960291 -0.65898054
v 0.76063221 0.85838341 -0.2008176
v 0.8086822 0.58483356 -0.35709926
v 0.78224152 -0.04019759 -0.34119239
v 0.70341515 -0.0352635 -0.49510502
v 0.66719263 -0.39133653 -0.36183875
v 0.35064852 0.08264733 -1.01315665
v 0.67422384 0.35472849 -0.76208806
v 0.5937981 0.01052894 -0.76739037
v 0.29212883 -0.24999734 -0.9303711
v 0.5291087 -0.3121818 -0.70175355
v 0.87277442 -0.03876591 -0.31715267
v 0.7716453 0.28126916 -0.47911089
v 0.40783178 0.43403747 -1.03359937
v -0.68955689 -1.20470488 -0.39752709
v -1.00683736 -1.1982696 -0.72155988
v -0.71347707 -1.07166934 -0.58756423
v -0.6146717 -0.81765908 -0.17248761
v -0.63272446 -0.66317194 -0.40642866
v -0.61465066 -1.0183804 -0.27854588
v -0.6111378 -0.89250689 -0.4708451
v -0.52423197 -0.57768678 -0.68709814
v -0.52634882 -0.7996068 -0.70425087
v -0.29534733 -0.53744101 -0.91900581
v -0.00014176 -0.51868867 -0.98009324
v -0.31551829 -0.75551372 -0.91958296
v -0.00010601 -0.75741916 -0.98022007
v -0.58986955 -0.99661386 -0.79778075
v -1.26645028 -1.54009413 -0.42371311
v -0.77649247 -1.52767562 -0.22271683
v -0.94634831 -1.36558079 -0.46479842
v -0.81332469 -2.06931066 -0.17677013
v -0.95483064 -2.06202149 -0.50266999
v -0.58873975 -1.35820424 -0.22312042
v -0.40960434 -2.06481313 -0.19458058
v -0.45471108 -2.06665778 -0.54593288
v 0.00001533 -2.0643928 -0.55329513
v -0.79833155 -1.19239413 -1.0166043
v -0.33439928 -0.9812498 -0.95654678
v -0.0001215 -0.97908377 -1.014719
v -0.41947984 -1.25750482 -1.15750956
v -0.00011524 -1.29591727 -1.16798842
v -1.30333352 -1.39428412 -0.88787043
v -0.9764266 -2.06563544 -0.88288879
v -0.98235368 -1.5007168 -1.29264545
v -0.87918794 -2.02630162 -1.21204209
v -0.47451394 -2.06556367 -0.9166876
v 0.00002067 -2.06679248 -0.93018972
v -0.493923 -1.65869903 -1.35541677
v -0.00005384 -1.70810329 -1.31136941
v -0.48226702 -2.0710752 -1.28182566
v 0.0000229 -2.0556724 -1.27632212
v 0.61464327 -0.8178035 -0.17240969
v 0.63277351 -0.66321426 -0.40617546
v 0.61465752 -1.01829505 -0.27860441
v 0.61115229 -0.89244079 -0.47078239
v 0.68956935 -1.20453882 -0.3976413
v 0.29538989 -0.53750425 -0.91899704
v 0.31554299 -0.75548917 -0.91958975
v 0.52446782 -0.57761794 -0.68672192
v 0.52645194 -0.79954385 -0.70405781
v 0.71347409 -1.07163381 -0.58761692
v 0.58985495 -0.99661862 -0.79785108
v 1.00676393 -1.19823467 -0.72154736
v 0.58883708 -1.35786604 -0.22326842
v 0.40960335 -2.06481289 -0.19457702
v 0.45474204 -2.06665706 -0.54592967
v 0.77650779 -1.52753055 -0.22280657
v 0.9463067 -1.36556422 -0.46479567
v 1.26640081 -1.54016268 -0.4236854
v 0.81339216 -2.06930923 -0.17671376
v 0.95472413 -2.06210994 -0.50281775
v 0.33431002 -0.98127889 -0.95662951
v 0.41941374 -1.25749194 -1.15759885
v 0.79828035 -1.1923716 -1.01664149
v 0.47448074 -2.06556296 -0.91666466
v 0.49391871 -1.65869236 -1.35542571
v 0.48225331 -2.07104635 -1.28187024
v 1.3031125 -1.39503693 -0.88716018
v 0.97639972 -2.06566405 -0.88283497
v 0.98268079 -1.5008701 -1.29266691
v 0.87928092 -2.02637791 -1.21195447
v 0.00001816 -2.06447863 -0.74117809
v -0.22321374 -2.06536221 -0.55187654
v -0.46783849 -2.06209921 -0.72927415
v -0.23435729 -2.05233168 -0.92723113
v -0.22975638 -2.07664752 -0.73794311
v -0.24243897 -2.0642488 -1.28544712
v -0.00001199 -2.06608676 -1.11242437
v -0.47759056 -2.06624078 -1.10036897
v -0.23765988 -2.06636285 -1.11012351
v -0.69948726 -2.06605362 -0.53494352
v -0.98401582 -2.06336069 -0.68835693
v -0.72573328 -2.06657815 -0.89926135
v -0.72036892 -2.06626439 -0.71289104
v -0.93360757 -2.05734396 -1.07769238
v -0.71504312 -2.06902551 -1.25048387
v -0.71600854 -2.06772995 -1.08302497
v 0.0000125 -2.0643599 -0.3695707
v -0.2044329 -2.04948639 -0.18964234
v -0.43465089 -2.06151747 -0.36825418
v -0.21346938 -2.09971904 -0.37304732
v -0.61500459 -2.06560254 -0.19693262
v -0.89626956 -2.06796026 -0.33002972
v -0.66270357 -2.06581211 -0.36184033
v 0.00001014 -2.06483864 -0.01059316
v -0.18423064 -2.07696008 0.11737024
v -0.38264292 -2.06590271 -0.02967317
v -0.19340577 -2.06586504 -0.01554934
v -0.52812349 -2.07173347 0.0743555
v -0.72459435 -2.06901717 -0.03595902
v -0.56217134 -2.06608343 -0.04658024
v -0.00000417 -2.01709461 0.13783106
v -0.15962395 -1.9379518 0.10337947
v -0.33749935 -2.00787663 0.10888896
v -0.1716232 -2.01519274 0.13130745
v -0.47220936 -1.91100728 0.04531224
v -0.65476703 -1.98749208 0.03975179
v -0.49541902 -1.99605965 0.07558056
v -0.95450758 -1.94538569 -0.13879464
v -0.80455219 -1.83819007 -0.06948109
v -0.82816922 -1.97392916 -0.00436314
v -1.14001727 -1.81400764 -0.46642595
v -1.12870073 -1.67495644 -0.26375582
v -1.06044399 -1.88629555 -0.29535499
v -1.13864028 -1.73333573 -0.86596518
v -1.34827184 -1.4203614 -0.63759428
v -1.17444872 -1.75592017 -0.66044741
v -1.16692638 -1.42184174 -1.12002158
v -0.91208279 -1.78118515 -1.21196246
v -1.0505855 -1.74106538 -1.06290388
v -0.74617379 -1.5872761 -1.3654865
v -0.49487197 -1.87968707 -1.35155785
v -0.72772294 -1.84522903 -1.30757284
v 0.00000963 -1.89747011 -1.31825411
v -0.24366906 -1.69599986 -1.32999861
v -0.24749016 -1.89449453 -1.33523142
v -0.46517574 -1.44779932 -1.26891017
v -0.21061009 -1.28487622 -1.17041897
v -0.00006604 -1.50210535 -1.24741995
v -0.23006926 -1.48781132 -1.25918793
v -0.90763795 -1.32811915 -1.15137231
v -0.62114018 -1.22283995 -1.10882461
v -0.70006686 -1.38583636 -1.24439489
v -1.16567063 -1.26858174 -0.79913973
v -0.93338823 -1.17625534 -0.87935489
v -1.067294 -1.28237748 -0.99330389
v -1.13714838 -1.42773997 -0.46340856
v -1.01019263 -1.2664833 -0.58186364
v -1.19348228 -1.31950652 -0.62039506
v -0.90072339 -1.63347291 -0.18308688
v -0.86365592 -1.45690941 -0.34975558
v -1.02812302 -1.53565287 -0.30521419
v -0.59594756 -1.78088641 -0.02590283
v -0.67064184 -1.60306549 -0.11171565
v -0.7527728 -1.71579909 -0.0924753
v -0.29803267 -1.8536992 0.0669685
v -0.41283997 -1.73882722 0.01815743
v -0.44547504 -1.82543087 0.02840193
v -0.00010524 -1.87424826 0.08614622
v -0.13879391 -1.79727256 0.06383034
v -0.14921748 -1.86978673 0.0830435
v -0.000114 -1.73003423 0.06419033
v -0.12202619 -1.65327596 0.07863417
v -0.2535617 -1.69528293 0.03517837
v -0.12847913 -1.72153365 0.05658069
v -0.3440077 -1.568838 0.00728917
v -0.48155391 -1.59087371 -0.06508966
v -0.37212237 -1.65082311 -0.00404763
v -0.52387082 -1.43347764 -0.13271592
v -0.65516829 -1.44899833 -0.25388559
v -0.57747209 -1.5211929 -0.14912532
v -0.64446401 -1.28041744 -0.31139344
v -0.79187822 -1.28919982 -0.44219255
v -0.72607237 -1.37068676 -0.35225805
v -0.71453368 -1.13439977 -0.48961579
v -0.84376144 -1.13445162 -0.65009725
v -0.83825993 -1.20528686 -0.53774482
v -0.67135208 -1.02437174 -0.69313675
v -0.68464648 -1.081972 -0.89442515
v -0.79134541 -1.09260356 -0.77782565
v -0.47513237 -0.98553669 -0.88736426
v -0.37130555 -1.10607886 -1.03803014
v -0.5399369 -1.09111881 -0.97938275
v -0.17276758 -0.97939562 -0.99994432
v -0.00012797 -1.12445044 -1.08014118
v -0.1888974 -1.11908268 -1.07057452
v -0.32155987 -0.85849797 -0.92291021
v -0.16192507 -0.75459474 -0.97001946
v -0.00012464 -0.85631072 -0.99037158
v -0.16689468 -0.85544669 -0.97514724
v -0.53519713 -0.90527069 -0.73510795
v -0.44005233 -0.77014255 -0.82473689
v -0.44343146 -0.87623554 -0.83645242
v -0.57934141 -0.84145283 -0.58066934
v -0.63197439 -0.99356055 -0.5270279
v -0.59701204 -0.94491112 -0.6276806
v -0.62918549 -1.11552405 -0.34160769
v -0.62217301 -0.95194774 -0.37349697
v -0.64071011 -1.05150437 -0.43388706
v -0.5611093 -1.26757669 -0.16551815
v -0.59321194 -1.09481692 -0.18296378
v -0.60279393 -1.18755602 -0.25157994
v -0.4267565 -1.42296791 -0.0113547
v -0.49095147 -1.25852012 -0.02203116
v -0.50332266 -1.34744572 -0.08483195
v -0.23007321 -1.5463221 0.09934364
v -0.31531292 -1.39096307 0.10126356
v -0.33320066 -1.48927557 0.05353346
v -0.00024883 -1.59653747 0.14116938
v -0.11507055 -1.49854588 0.18605011
v -0.12051086 -1.58436954 0.12831765
v -0.00063973 -1.42594277 0.28339898
v -0.11087582 -1.29035115 0.34136048
v -0.19841854 -1.34120142 0.20331592
v -0.10993901 -1.39580953 0.25607401
v -0.27695795 -1.178038 0.21198602
v -0.39057585 -1.22975397 0.10025914
v -0.28689131 -1.28323853 0.14591877
v -0.5385037 -1.08976376 -0.03207789
v -0.45337802 -1.06979692 0.09813524
v -0.47402951 -1.16586458 0.04122224
v -0.61385172 -0.9192413 -0.22195838
v -0.57279849 -0.90586859 -0.06926284
v -0.58534967 -1.00232112 -0.12201082
v -0.61898511 -0.78071558 -0.4334453
v -0.63422095 -0.7340703 -0.28380852
v -0.62670135 -0.84492182 -0.32411608
v -0.52666091 -0.69351875 -0.69417804
v -0.59617584 -0.61236923 -0.54296028
v -0.58739173 -0.73117739 -0.55798071
v -0.42571085 -0.55487555 -0.82272738
v -0.30546757 -0.65358007 -0.92093235
v -0.43369534 -0.66857135 -0.82564419
v -0.14635539 -0.52459996 -0.96523523
v -0.00008656 -0.64876848 -0.97804772
v -0.15375836 -0.64902013 -0.9672718
v -0.00021939 -0.37014192 -0.9816482
v -0.2876507 -0.39939886 -0.91478544
v -0.14681574 -0.22413179 -0.98418951
v -0.14294226 -0.37959653 -0.96647286
v -0.52378523 -0.45044291 -0.68939077
v -0.42282256 -0.27968201 -0.83278209
v -0.41508516 -0.42276465 -0.81979888
v -0.614986 -0.34457334 -0.54638201
v -0.64853119 -0.53955048 -0.38513544
v -0.60404479 -0.48523819 -0.53709667
v -0.61211121 -0.71194279 -0.12869854
v -0.65116411 -0.52361267 -0.20305971
v -0.64692968 -0.6222136 -0.24815514
v -0.49875289 -0.88702035 0.07509948
v -0.5728178 -0.70858156 0.02926049
v -0.5532118 -0.79955172 -0.02340308
v -0.36649182 -1.02135455 0.22459079
v -0.46584707 -0.86505579 0.2222622
v -0.43918317 -0.96214485 0.15592986
v -0.19947846 -1.11966133 0.35515862
v -0.31270828 -0.97333002 0.37910366
v -0.28114238 -1.06870997 0.28831121
v -0.00054944 -1.18054676 0.42850333
v -0.12066656 -1.07225716 0.49196127
v -0.10581065 -1.16258192 0.40572726
v -0.2708176 -0.94300174 0.55407047
v -0.00004134 -1.04666805 0.62031483
v -0.16055576 -0.97121441 0.71789538
v -0.1446384 -1.0115087 0.60068428
v -0.45645755 -0.79299318 0.58273512
v -0.45855566 -0.83992826 0.38789501
v -0.37404671 -0.88756132 0.47813871
v -0.59416645 -0.6889922 0.37521696
v -0.5826621 -0.7247098 0.19315455
v -0.52663058 -0.78727483 0.29279211
v -0.67492216 -0.57236701 0.15771202
v -0.63622504 -0.55181539 -0.02119912
v -0.62455785 -0.64769154 0.08634614
v -0.68910014 -0.33386734 -0.2368651
v -0.66360932 -0.39826804 -0.0457876
v -0.64385223 -0.44863709 -0.12671403
v -0.68370974 -0.20243983 -0.44618862
v -0.66084057 -0.01810463 -0.62041825
v -0.55550462 -0.15682226 -0.73186397
v -0.6312834 -0.1850328 -0.58268642
v -0.75530028 -0.17961126 -0.27828019
v -0.74226367 -0.038403 -0.39667132
v -0.72252351 -0.19300924 -0.34164741
v -0.31870132 -0.09012734 -0.97258663
v -0.49245512 0.04678244 -0.90372657
v -0.45190358 -0.1233365 -0.8686245
v -0.00015665 -0.04921979 -1.04958403
v -0.18077626 0.11140234 -1.07397484
v -0.16186311 -0.06123429 -1.03019487
v -0.38256979 0.25888565 -1.03371155
v -0.21048465 0.46123379 -1.10293018
v 0.00005101 0.29478532 -1.1191318
v -0.19775641 0.28667905 -1.09976804
v -0.63623595 0.18300084 -0.77710199
v -0.56892108 0.39627051 -0.91435039
v -0.53292661 0.22144265 -0.92124056
v -0.73623216 0.12661927 -0.50262284
v -0.73991572 0.31517055 -0.61128288
v -0.70149815 0.1496302 -0.63257545
v -0.80021798 0.09722098 -0.33517259
v -0.78943657 0.25315627 -0.37238407
v -0.76735299 0.11203154 -0.40253201
v -0.83885645 -0.04657034 -0.34957718
v -0.89414811 0.08909791 -0.32662445
v -0.91063904 0.1994732 -0.29169145
v -0.87276554 0.09833006 -0.35423275
v -0.71826213 -0.41962707 0.11442777
v -0.72348535 -0.30809986 0.0647162
v -0.68854707 -0.33651652 -0.05130714
v -0.69353324 -0.36636701 0.0169772
v -0.66933059 -0.50950199 0.33620724
v -0.7155689 -0.34793043 0.28615683
v -0.70568972 -0.46763292 0.22680519
v -0.5710259 -0.60149639 0.53878998
v -0.62941557 -0.40956881 0.48942512
v -0.6235069 -0.55414855 0.43871825
v -0.4325664 -0.66403085 0.71336674
v -0.52865797 -0.48449748 0.67127364
v -0.50721323 -0.64514863 0.63637626
v -0.00086802 -0.97979736 0.81322401
v -0.10838128 -0.91594439 0.86124056
v -0.22396959 -0.86817407 0.78318172
v -0.13768519 -0.95432555 0.80303734
v -0.16771952 -0.82637912 0.83782166
v -0.22276437 -0.73413026 0.8055647
v -0.30701309 -0.74145585 0.74988949
v -0.23897041 -0.79751884 0.7905361
v -0.33996123 -0.61685246 0.76666677
v -0.41250628 -0.51965969 0.7823109
v -0.37742367 -0.64333403 0.75705462
v 0.00036334 -0.8609038 0.89547985
v -0.08005476 -0.784922 0.87804067
v -0.09111923 -0.85110437 0.88335239
v -0.00003162 -0.72791326 0.86871373
v -0.06854835 -0.669981 0.87445044
v -0.14328068 -0.70860606 0.84789884
v -0.07173943 -0.72262924 0.86058205
v -0.19330455 -0.64337199 0.84133923
v -0.25835406 -0.64542508 0.78826713
v -0.20633094 -0.6841669 0.8207702
v -0.00004548 -0.63080787 0.9128856
v -0.06044451 -0.59530943 0.93653446
v -0.12712062 -0.62144959 0.89609968
v -0.06545179 -0.6291905 0.90971839
v -0.1619492 -0.57384526 0.88334476
v -0.21902245 -0.58472251 0.82490527
v -0.17812787 -0.60393154 0.8648169
v -0.23955164 -0.55010885 0.80456632
v -0.29324397 -0.53428781 0.80234944
v -0.28611582 -0.58166104 0.78175383
v -0.26682698 -0.56499785 0.79160511
v -0.33018428 -0.52604514 0.79434549
v -0.3075664 -0.59669238 0.7730118
v -0.33754795 -0.42344465 0.81185144
v -0.28130459 -0.47293135 0.83497321
v -0.26269748 -0.36914852 0.84104406
v -0.30495917 -0.44908079 0.82415324
v -0.45636013 -0.35905373 0.77674758
v -0.34277489 -0.27921828 0.83533996
v -0.39319911 -0.39372572 0.81363189
v -0.23070386 -0.50969713 0.84546136
v -0.22148484 -0.45482569 0.87801045
v -0.2585307 -0.49365723 0.83933979
v -0.19146384 -0.34978938 0.87957733
v -0.14586941 -0.47936591 0.93303352
v -0.11633499 -0.38632729 0.93608814
v -0.17510983 -0.41121631 0.91089969
v -0.04777843 -0.45882555 0.97116541
v 0.00027449 -0.40029007 0.94261032
v -0.06250898 -0.33437457 0.94123965
v -0.0585635 -0.38796892 0.95692592
v 0.00023068 -0.32626918 0.96679765
v -0.03911743 -0.30020564 0.97181654
v -0.10427214 -0.28191098 0.92297136
v -0.05413908 -0.30958592 0.94856488
v -0.23422345 -0.24631646 0.83145016
v -0.18362213 -0.24509337 0.8588553
v -0.21537765 -0.29434883 0.84639519
v -0.11685445 -0.25260096 0.91915923
v -0.17113666 -0.22413681 0.92574697
v -0.14982226 -0.25535199 0.91729438
v -0.19603884 -0.12730123 0.84977877
v -0.29514652 -0.13863199 0.82537859
v -0.27071377 -0.19019964 0.84220826
v -0.10746546 -0.06577306 0.98506879
v -0.15033327 -0.05042002 0.89005386
v -0.1449023 -0.13269902 0.94500869
v -0.14699468 -0.08714295 0.91241282
v 0.00103265 -0.31318938 1.02251839
v -0.02911829 -0.300408 1.05421125
v -0.03404767 -0.25642871 0.98470163
v -0.03220898 -0.30287066 1.01147341
v -0.05356962 -0.25098067 1.12218809
v -0.05181376 -0.28037333 1.04966664
v 0.00314344 -0.2881402 1.1063162
v -0.0374961 -0.28783556 1.0943433
v -0.1085129 -0.18844336 1.05129659
v 0.00078808 -0.17094063 1.13762211
v -0.06190666 -0.10947425 1.08013355
v -0.06484462 -0.17652671 1.11426055
v 0.00106549 -0.04597897 1.06386506
v -0.05622896 0.00184729 1.01091504
v -0.0585454 -0.05062438 1.04354512
v -0.09905499 0.02182016 0.91893267
v 0.00111535 0.05563383 1.00122165
v -0.05514637 0.09134238 0.95718908
v -0.05504747 0.04917737 0.98072552
v -0.1566673 0.02355008 0.82677781
v -0.21736663 -0.04918398 0.82080286
v -0.15205112 -0.01215803 0.8625735
v 0.00103836 0.12800668 0.95660346
v -0.04587245 0.15459258 0.92449384
v -0.08462762 0.11452287 0.88356566
v -0.05051239 0.125063 0.94015908
v -0.13022151 0.08142259 0.81049692
v -0.09724614 0.14080166 0.82055312
v -0.13153718 0.12217486 0.78065556
v -0.10866103 0.11319644 0.82398957
v -0.2001605 0.08236843 0.77106303
v -0.23718446 0.03205537 0.78436493
v -0.17165724 0.04948564 0.78490489
v 0.00066166 0.1866115 0.92080318
v -0.05017278 0.21683009 0.90023553
v -0.07950861 0.17746026 0.86629796
v -0.04520557 0.18438199 0.91010463
v -0.12438194 0.20199577 0.80493855
v -0.13427536 0.15683379 0.77704727
v -0.09783043 0.17065225 0.80470126
v -0.11993717 0.25045266 0.86816215
v 0.00018627 0.26214495 0.90634757
v -0.08540147 0.31721985 0.92153197
v -0.06480535 0.25746741 0.90529298
v -0.2163361 0.25281223 0.84320932
v -0.19527228 0.20668993 0.7832635
v -0.16422364 0.22895413 0.82209044
v -0.20049344 0.40251499 0.9008429
v -0.00002123 0.41016373 0.91649216
v -0.10991486 0.51374965 0.87561684
v -0.09971384 0.40796744 0.91638922
v -0.3203938 0.49358433 0.8251034
v -0.39179658 0.38923758 0.8241378
v -0.28986966 0.31373062 0.88747447
v -0.29923805 0.39803135 0.86529624
v -0.35386464 0.26559481 0.83568501
v -0.29084777 0.23120328 0.81950575
v -0.28562417 0.26309433 0.84904873
v -0.13645421 0.76426476 0.79724955
v -0.23981066 0.62203359 0.81596213
v 0.00005316 0.63885146 0.84832704
v -0.12243764 0.63401246 0.83817732
v -0.44712555 0.56896376 0.72434997
v -0.38635772 0.71923285 0.72709918
v -0.34893772 0.60073119 0.77765345
v -0.52996081 0.34540665 0.71423846
v -0.44772237 0.30944719 0.80924743
v -0.48979395 0.44307106 0.71422159
v -0.47009617 0.37169805 0.77294284
v -0.58678406 0.4727351 0.58079046
v -0.57276636 0.61636614 0.58660036
v -0.52823734 0.52659982 0.65711998
v -0.45889264 0.24036118 0.78104871
v -0.38334968 0.2187749 0.80576604
v -0.41242966 0.25701716 0.81300056
v -0.30972749 0.0558566 0.79199928
v -0.36047953 0.00707656 0.77137446
v -0.29444453 -0.03115325 0.78463703
v -0.3013325 0.01663099 0.78382974
v -0.38076439 -0.11135436 0.78427481
v -0.29732108 -0.08368337 0.80496853
v -0.48527494 -0.2083556 0.73307579
v -0.57296699 -0.30721238 0.62490844
v -0.51530492 -0.33408567 0.70572918
v -0.43022248 -0.04710853 0.74250489
v -0.52979409 -0.09957638 0.70041948
v -0.45741474 -0.11548227 0.74386072
v -0.67611515 -0.23762156 0.4448516
v -0.6163665 -0.15340238 0.59371203
v -0.63048839 -0.27233195 0.54200321
v -0.53543937 -0.00930872 0.66829246
v -0.62661087 -0.01678553 0.59312784
v -0.58869504 -0.06825779 0.64680749
v -0.40301919 0.05125096 0.75678902
v -0.45947933 0.01904321 0.71855974
v -0.41467055 0.00794774 0.75077366
v -0.46197351 0.07714282 0.68981856
v -0.51037704 0.06667973 0.64689469
v -0.4914596 0.03858013 0.67939353
v -0.74227297 -0.21137955 0.21276216
v -0.76127523 -0.08566875 0.11092359
v -0.73908317 -0.2140132 0.0142554
v -0.74573582 -0.20793992 0.09837459
v -0.79917764 -0.09962958 -0.04609775
v -0.79692393 -0.20021763 -0.05240785
v -0.77612698 -0.32020539 -0.03006542
v -0.77597075 -0.22144234 -0.02468518
v -0.71652799 -0.09081229 0.3629477
v -0.71603256 -0.2202658 0.33254528
v -0.57657152 0.08141703 0.60560739
v -0.62811112 0.13630725 0.54685384
v -0.68147677 0.03605762 0.47837853
v -0.63340908 0.05755707 0.55685186
v -0.72271758 0.14594785 0.3789865
v -0.75104451 0.03744393 0.24621285
v -0.72374111 0.03207422 0.37165188
v -0.48442855 0.11746882 0.66227763
v -0.52954274 0.13234049 0.64720815
v -0.5229696 0.10009504 0.63829779
v -0.51477408 0.19196164 0.70429658
v -0.44804987 0.18761163 0.75154447
v -0.54207009 0.26482304 0.71032506
v -0.49254757 0.21869082 0.7426306
v -0.48162457 0.14674629 0.68778246
v -0.58235853 0.1851549 0.62896621
v -0.52625072 0.16292429 0.67037028
v -0.60800427 0.26378655 0.60481661
v -0.60221308 0.35852837 0.58694982
v -0.57587206 0.31032058 0.65622907
v -0.6754654 0.33761087 0.44610509
v -0.66824591 0.46737164 0.41824796
v -0.63771957 0.41213634 0.51016873
v -0.6618942 0.22491268 0.49064496
v -0.62359529 0.20558288 0.56624656
v -0.72542387 0.27345725 0.29087281
v -0.70326191 0.24819633 0.40127745
v -0.77262258 0.04669324 0.003349
v -0.7648825 0.17546394 0.12652333
v -0.7671647 0.04456984 0.11481278
v -0.77651435 0.32499244 0.04365433
v -0.72829842 0.41490098 0.23599097
v -0.7514714 0.29965305 0.17002457
v -0.85715043 0.13361935 -0.09547869
v -0.79166281 0.0078924 -0.12201288
v -0.79422998 0.03106123 -0.06760114
v -0.74915248 -0.09329842 -0.13005204
v -0.77540785 -0.14349092 -0.12255367
v -0.80228954 -0.23370687 -0.08413448
v -0.79928708 -0.16268505 -0.07665264
v -0.82521337 0.05792538 -0.17255726
v -0.79115849 -0.02116685 -0.18125817
v -0.78853172 -0.01684534 -0.16386471
v -0.83045989 -0.21784727 -0.16451706
v -0.86576604 -0.11066622 -0.20786909
v -0.86971592 -0.04575114 -0.2856732
v -0.86417961 -0.1740646 -0.26618212
v -0.85262709 -0.13391239 -0.2461726
v -0.87296533 0.01389688 -0.25546529
v -0.87743985 0.1391254 -0.28520512
v -0.87243759 0.05673376 -0.3004837
v -0.79188537 0.23645794 -0.14432947
v -0.91283297 0.15223361 -0.2004747
v -0.89687162 0.19926051 -0.17194809
v -0.85676652 0.05117235 -0.21190756
v -0.86488026 0.13695704 -0.22705194
v -0.8044995 0.36722964 -0.20088678
v -0.81598436 0.54232311 -0.23343777
v -0.79632842 0.43467083 -0.42649716
v -0.80788481 0.39816141 -0.31131273
v -0.78545248 0.47794279 0.00236111
v -0.79049545 0.34725782 -0.08034218
v -0.70194345 0.52347856 -0.72070252
v -0.77724278 0.63450086 -0.49775701
v -0.76354146 0.47730851 -0.56242317
v -0.60868305 0.74625009 -0.82530087
v -0.42511212 0.610228 -1.01184046
v -0.59435355 0.57032078 -0.88296139
v -0.22185321 0.81646853 -1.03832972
v 0.00037903 0.64444679 -1.10638296
v -0.21718788 0.63637274 -1.08536636
v -0.43665805 0.96527296 -0.87107628
v -0.21749088 1.16343152 -0.80511355
v 0.00152556 1.00689244 -0.97380495
v -0.22419244 0.99727869 -0.94975668
v -0.71460354 0.84409374 -0.57734155
v -0.57941567 1.04846608 -0.61635214
v -0.60577601 0.91085499 -0.73739486
v -0.79774868 0.72695046 -0.28122508
v -0.73744636 0.91051125 -0.33674982
v -0.77378052 0.78161996 -0.4217002
v -0.76134538 0.81229537 -0.07294496
v -0.78687638 0.64094209 -0.03253709
v -0.79970526 0.68035107 -0.15343609
v -0.73703998 0.56710898 0.20433253
v -0.72196388 0.72618472 0.1700325
v -0.76419997 0.60530281 0.08677066
v -0.66105622 0.61444288 0.40030795
v -0.70070391 0.52018475 0.31498754
v -0.52522116 0.77719974 0.57657998
v -0.6317833 0.77644902 0.37671658
v -0.60727429 0.70219427 0.49105271
v -0.56303119 0.9356597 0.33624619
v -0.67590677 0.88842362 0.13043846
v -0.65623468 0.83813941 0.25515395
v -0.58901983 1.03921377 0.07741843
v -0.68854969 0.97300171 -0.12026719
v -0.68918746 0.93270319 0.00619767
v -0.58994656 1.10836148 -0.1826802
v -0.63271409 1.07447147 -0.37041378
v -0.67297273 1.0164535 -0.24893894
v -0.50337463 1.19895815 -0.31562092
v -0.38977909 1.2166326 -0.55087715
v -0.54108715 1.15024721 -0.47125953
v -0.18805483 1.32269513 -0.38461607
v 0.00132508 1.2916764 -0.62603724
v -0.19939623 1.27195692 -0.6070612
v -0.34736296 1.27235508 -0.15846844
v -0.47564581 1.16872143 -0.00746114
v -0.48366403 1.19523501 -0.15920579
v -0.00028101 1.34721982 -0.16707557
v -0.17404094 1.29733598 0.036032
v -0.18086528 1.32464087 -0.16282942
v -0.32875895 1.20917487 0.18085186
v -0.45951691 1.08380806 0.27399867
v -0.46848735 1.13264679 0.13584618
v -0.31416761 1.08142519 0.46922785
v -0.4352951 0.9347015 0.53693407
v -0.44775009 1.01706683 0.40874391
v -0.28762465 0.87066167 0.69564616
v -0.41996845 0.83716058 0.65122342
v 0.0000776 0.8994826 0.73732537
v -0.15506492 1.01259696 0.62885236
v -0.14668084 0.89110142 0.72483336
v -0.00001354 1.12842488 0.51926803
v -0.16583162 1.20046198 0.36556348
v -0.16135689 1.11759829 0.50678449
v -0.00013886 1.27565443 0.22061905
v -0.16918821 1.25670194 0.20959398
v -0.80066973 -0.06643563 -0.2105185
v -0.82618099 -0.01054296 -0.21825747
v -0.82891684 -0.17783488 -0.11731717
v -0.79911613 -0.11752252 -0.16994857
v -0.80717063 -0.32384741 -0.0997143
v -0.81442076 -0.25193873 -0.11073115
v -0.10705 -0.23722678 0.99726975
v -0.14604263 -0.19903193 0.98394745
v -0.76954323 -0.30003216 -0.17355039
v -0.74695432 -0.36214613 -0.08517464
v -0.80332064 -0.18017093 -0.27166625
v -0.06263271 -0.21930654 0.96707528
v -0.04770096 -0.55669564 0.94109422
v -0.10439867 -0.56685942 0.92723494
v 0.00000893 -0.57220351 0.94903039
v -0.05382743 -0.57089996 0.94311398
v 0.0000527 -0.54684168 0.9364953
v -0.03756244 -0.53214544 0.92734026
v -0.08120358 -0.53980779 0.92942559
v -0.04173175 -0.54309582 0.9334405
v -0.12978924 -0.54709726 0.90798652
v -0.17717996 -0.54772937 0.86318999
v -0.14560496 -0.55751109 0.89727419
v -0.10595101 -0.52398234 0.91605782
v -0.13992287 -0.52976459 0.89377641
v -0.11536139 -0.5353083 0.91399848
v -0.04048111 -0.50259184 0.95802342
v 0.00016627 -0.49797904 0.96715599
v -0.08157084 -0.48881739 0.95599263
v -0.04217005 -0.48860174 0.96600425
v -0.07617855 -0.51322907 0.93848305
v 0.00009182 -0.52377682 0.94653964
v -0.03864118 -0.5182774 0.94291865
v -0.11936161 -0.50469541 0.93094807
v -0.17060694 -0.50990694 0.89653408
v -0.12750734 -0.49843448 0.93191528
v -0.13868624 -0.51818937 0.90385228
v -0.11123868 -0.51385843 0.92553186
v -0.17933486 -0.52147829 0.87421178
v -0.22449326 -0.52619028 0.83183097
v -0.20258219 -0.51893168 0.86133915
v -0.17930769 -0.53194481 0.85964828
v -0.20477269 -0.53868192 0.83142405
v -0.15962286 -0.52481591 0.88167154
v -0.21818567 0.17762257 0.75491893
v -0.18012321 0.16020461 0.76366233
v -0.25025063 0.20383608 0.7926408
v -0.21039748 0.18666005 0.77077877
v -0.22465825 0.13405606 0.74953436
v -0.26398566 0.09861123 0.78507494
v -0.17433123 0.12550172 0.74990516
v -0.21646681 0.11449805 0.76508444
v -0.30737057 0.11446274 0.78112208
v -0.35648351 0.09003208 0.7823801
v -0.31226876 0.09114623 0.79308956
v -0.37728202 0.12292536 0.76327365
v -0.42171883 0.10008421 0.73995208
v -0.39265215 0.09341538 0.7639597
v -0.42182073 0.13815386 0.72001493
v -0.45517632 0.12193123 0.68376094
v -0.44298407 0.10971517 0.70969843
v -0.36637049 0.19877967 0.7819125
v -0.33521887 0.20887722 0.80356258
v -0.4015682 0.19033083 0.77921032
v -0.37079167 0.20202681 0.79654735
v -0.41889089 0.17347873 0.73618072
v -0.44771766 0.15635214 0.70897144
v -0.42672145 0.17757694 0.74412047
v -0.29306972 0.20535697 0.79074299
v -0.29339674 0.21105398 0.80488359
v -0.15817636 0.14107273 0.76753532
v -0.46272203 0.13350886 0.68522226
v -0.29594862 0.16087716 0.79782271
v -0.26304301 0.17787925 0.78294318
v -0.3297998 0.18223306 0.79998982
v -0.29265144 0.18413172 0.79626464
v -0.36388644 0.15991075 0.78699743
v -0.38951367 0.17344272 0.76976144
v -0.36318576 0.17874454 0.78780603
v -0.39537903 0.14658089 0.76173758
v -0.33818641 0.13603232 0.79107171
v -0.37031343 0.1407471 0.77821737
v -0.26612052 0.14069287 0.78018838
v -0.2999309 0.13431543 0.79084926
v 0.23432688 -2.05232811 -0.92720067
v 0.4679186 -2.06209898 -0.72928226
v 0.22317755 -2.06536173 -0.55184811
v 0.22975778 -2.07664918 -0.73794513
v 0.47732225 -2.0662384 -1.09985792
v 0.24241171 -2.06424856 -1.28545153
v 0.23766563 -2.06636452 -1.11011874
v 0.72575402 -2.06657695 -0.89908695
v 0.98396778 -2.06339979 -0.6884067
v 0.69960951 -2.0660541 -0.53497999
v 0.72054046 -2.06626606 -0.71292728
v 0.71507787 -2.06887769 -1.25067329
v 0.93370854 -2.05729079 -1.07753622
v 0.71600592 -2.06772518 -1.08227622
v 0.43469429 -2.06151747 -0.36828014
v 0.20440785 -2.04947495 -0.18963953
v 0.21346232 -2.09972119 -0.3730416
v 0.89620912 -2.06800937 -0.33018192
v 0.61503768 -2.06560254 -0.19689972
v 0.66269421 -2.06581044 -0.36191159
v 0.3826259 -2.06589913 -0.02978329
v 0.18423321 -2.07694363 0.11721944
v 0.19342637 -2.0658667 -0.01564449
v 0.72466421 -2.06901526 -0.03587716
v 0.52811002 -2.07172465 0.0743107
v 0.56219458 -2.06608128 -0.04656089
v 0.33748725 -2.00779771 0.10886217
v 0.15954984 -1.93790435 0.10336279
v 0.17165015 -2.01509857 0.13127677
v 0.6547684 -1.98749065 0.03975407
v 0.47223675 -1.91094923 0.04527132
v 0.49541527 -1.99602675 0.07556872
v 0.80462223 -1.83821892 -0.06949344
v 0.95448112 -1.94541931 -0.13877813
v 0.82818186 -1.97390246 -0.00437287
v 1.12865269 -1.67501044 -0.26372921
v 1.13999068 -1.81405997 -0.46644377
v 1.06040918 -1.88635051 -0.29535526
v 1.34817647 -1.42047488 -0.63741523
v 1.13860869 -1.73377955 -0.86558008
v 1.1744008 -1.75603628 -0.66040229
v 0.9123243 -1.78157711 -1.21169614
v 1.16695725 -1.4223175 -1.11958742
v 1.050776 -1.74157416 -1.06231975
v 0.49486726 -1.87966036 -1.35156393
v 0.74625945 -1.58725059 -1.36548733
v 0.72779196 -1.84502422 -1.30759513
v 0.24358618 -1.69601059 -1.32999718
v 0.24747973 -1.89449644 -1.33523082
v 0.21045221 -1.28488671 -1.17048001
v 0.46511155 -1.44782245 -1.26896548
v 0.22998496 -1.487782 -1.25920319
v 0.62114024 -1.22287464 -1.10893487
v 0.90757352 -1.32816827 -1.15147292
v 0.70004451 -1.3858757 -1.24445772
v 0.9332661 -1.17618036 -0.8793115
v 1.16563558 -1.26855564 -0.79891467
v 1.06705176 -1.28222179 -0.9932245
v 1.01014626 -1.26646447 -0.58185774
v 1.13701558 -1.42783725 -0.46326506
v 1.19341361 -1.31952107 -0.62032574
v 0.8636741 -1.45682847 -0.34980666
v 0.90079462 -1.63351798 -0.18313041
v 1.02810704 -1.53569364 -0.30516991
v 0.67068606 -1.60287714 -0.11185097
v 0.59599965 -1.7807765 -0.02600237
v 0.75283938 -1.7157762 -0.09255246
v 0.41285735 -1.73865807 0.01803126
v 0.29799336 -1.85363268 0.06692694
v 0.44545909 -1.82532417 0.02833248
v 0.13863402 -1.79721605 0.06382301
v 0.14907807 -1.86975681 0.08302245
v 0.25347867 -1.69514703 0.03520649
v 0.12180417 -1.6532669 0.07873234
v 0.12831753 -1.72149455 0.05660212
v 0.48164445 -1.59059834 -0.06518761
v 0.3441236 -1.56864893 0.00730856
v 0.37217691 -1.6506288 -0.00411202
v 0.65523332 -1.44871139 -0.25404429
v 0.52400583 -1.4331355 -0.13283015
v 0.57756614 -1.52088797 -0.14923569
v 0.79189592 -1.28906595 -0.44229537
v 0.64452165 -1.28015637 -0.31154212
v 0.72610533 -1.3704648 -0.35240596
v 0.84375584 -1.13442313 -0.65016764
v 0.71454167 -1.13431608 -0.48970431
v 0.83828741 -1.20524013 -0.53781247
v 0.6846506 -1.08198964 -0.89454168
v 0.67135173 -1.02435982 -0.69318193
v 0.79135084 -1.09260141 -0.77786856
v 0.37122765 -1.10609436 -1.0381509
v 0.47509542 -0.98556339 -0.8874492
v 0.53991967 -1.09114742 -0.97952461
v 0.17257994 -0.97941446 -1.00000023
v 0.18870209 -1.11910045 -1.07065582
v 0.16178876 -0.75459367 -0.97004604
v 0.32148447 -0.85850882 -0.92296314
v 0.16670328 -0.85546022 -0.97518646
v 0.44016987 -0.77010023 -0.82463079
v 0.53520935 -0.90525865 -0.73508173
v 0.44342055 -0.87623506 -0.83646583
v 0.63196402 -0.99351489 -0.52705782
v 0.57940179 -0.84139257 -0.58051526
v 0.59701532 -0.94487792 -0.62766087
v 0.62217146 -0.95189487 -0.37350651
v 0.62919038 -1.11535477 -0.34172147
v 0.64070105 -1.05141496 -0.43395462
v 0.59324479 -1.09466218 -0.18305422
v 0.56122422 -1.26723504 -0.16568496
v 0.60284817 -1.18730247 -0.25173193
v 0.49106788 -1.25834989 -0.0221053
v 0.42694431 -1.42273187 -0.01139579
v 0.5034883 -1.34712564 -0.08496313
v 0.31541475 -1.39095902 0.10135275
v 0.2300609 -1.54631853 0.09948331
v 0.33335462 -1.48915064 0.05358831
v 0.11453717 -1.49872446 0.18631491
v 0.12017697 -1.58441841 0.12847387
v 0.19818471 -1.3413937 0.20354586
v 0.10995589 -1.29075419 0.34195169
v 0.1092009 -1.3961848 0.25656139
v 0.39053341 -1.22978901 0.10030857
v 0.27665504 -1.17818486 0.21225433
v 0.28682264 -1.28330898 0.14602425
v 0.45316025 -1.06993913 0.09833972
v 0.53850597 -1.08974397 -0.03207559
v 0.47402396 -1.16585385 0.04124155
v 0.57273984 -0.90603369 -0.06916356
v 0.61384511 -0.91925913 -0.22192852
v 0.58535111 -1.00231742 -0.12201584
v 0.6342054 -0.73416638 -0.28369584
v 0.61903363 -0.78071773 -0.43321403
v 0.62670004 -0.84494549 -0.32402706
v 0.59633564 -0.61233687 -0.54260575
v 0.52691102 -0.69341009 -0.69376117
v 0.58754354 -0.73110485 -0.55758714
v 0.30559173 -0.653544 -0.92088139
v 0.42590576 -0.55485367 -0.82252997
v 0.43394023 -0.66850978 -0.82540637
v 0.1461758 -0.52464264 -0.96527135
v 0.15368634 -0.64903914 -0.96728289
v 0.14625482 -0.22415278 -0.98426985
v 0.28730863 -0.39951133 -0.91495549
v 0.14254845 -0.37969905 -0.96654832
v 0.42189231 -0.27963861 -0.83358722
v 0.52362138 -0.4504607 -0.68963843
v 0.41481855 -0.42280238 -0.82005292
v 0.64846992 -0.53969645 -0.38525348
v 0.61441266 -0.34470164 -0.54736167
v 0.60393625 -0.48526567 -0.53729599
v 0.65110009 -0.52380198 -0.20318354
v 0.6120426 -0.71218431 -0.12861135
v 0.64691138 -0.6223219 -0.24824625
v 0.57266229 -0.70893931 0.02964964
v 0.49849838 -0.88731068 0.07552374
v 0.55306172 -0.79982084 -0.02317971
v 0.46530601 -0.86548268 0.22321829
v 0.36585772 -1.0216155 0.22519423
v 0.43873709 -0.9625014 0.15648312
v 0.31192514 -0.97360682 0.38017484
v 0.19887833 -1.11988723 0.35576376
v 0.28052091 -1.06887352 0.28894156
v 0.12006109 -1.07232797 0.49237078
v 0.10489911 -1.16275107 0.40610232
v 0.16061009 -0.97111928 0.71743243
v 0.27015921 -0.94311875 0.55496245
v 0.14433248 -1.01146745 0.60103792
v 0.45784974 -0.84040236 0.38925954
v 0.45547786 -0.79313212 0.58378821
v 0.37317764 -0.88790446 0.47935882
v 0.58237922 -0.72507572 0.19408133
v 0.59372192 -0.68925905 0.37651145
v 0.52614235 -0.78770488 0.29403242
v 0.63621687 -0.55193859 -0.02100813
v 0.67492365 -0.57229089 0.15833394
v 0.62449628 -0.64799755 0.08688454
v 0.66375559 -0.39801999 -0.04540775
v 0.68919628 -0.33407962 -0.23699668
v 0.64380914 -0.44860038 -0.12644705
v 0.55422127 -0.15683791 -0.73359203
v 0.65978288 -0.01828182 -0.62234407
v 0.68301278 -0.2025748 -0.4474335
v 0.63018006 -0.18520258 -0.58439135
v 0.74161934 -0.03873147 -0.39735689
v 0.75487738 -0.17960421 -0.27818256
v 0.72214716 -0.19308705 -0.34218469
v 0.49103003 0.0469734 -0.90502315
v 0.31766656 -0.0899698 -0.97308301
v 0.45054748 -0.12322136 -0.86982911
v 0.18041423 0.11171427 -1.07412862
v 0.16139009 -0.06111691 -1.03031289
v 0.21056591 0.46132201 -1.10292995
v 0.38192325 0.25918278 -1.03405642
v 0.19765017 0.28686446 -1.09981083
v 0.56840211 0.39644873 -0.91486638
v 0.6354267 0.18309819 -0.77833598
v 0.53194624 0.22167678 -0.92212206
v 0.7397201 0.31525272 -0.61152946
v 0.73573726 0.12646129 -0.50325012
v 0.7008962 0.14961779 -0.63366466
v 0.78931355 0.25302258 -0.37184763
v 0.80010718 0.0963792 -0.33500438
v 0.76682531 0.1114336 -0.40265134
v 0.90940272 0.19853963 -0.29237505
v 0.8939597 0.08844155 -0.32694795
v 0.83846277 -0.04710923 -0.34957608
v 0.87305301 0.09753214 -0.35512265
v 0.68844503 -0.33684995 -0.05058952
v 0.72349178 -0.30677059 0.06444413
v 0.71841239 -0.41877111 0.11484625
v 0.69364881 -0.36553543 0.01739559
v 0.71567893 -0.34688097 0.28641292
v 0.66916352 -0.50916355 0.33694195
v 0.70577561 -0.46700808 0.22734969
v 0.62926513 -0.40931084 0.48990586
v 0.57043474 -0.60166013 0.53978163
v 0.6231563 -0.55410897 0.43968525
v 0.52824997 -0.48466414 0.67174154
v 0.43185326 -0.66420978 0.71381574
v 0.50642418 -0.64533627 0.63715046
v 0.22402922 -0.86797529 0.78335982
v 0.1081901 -0.91012156 0.86423122
v 0.13885679 -0.9527685 0.80393356
v 0.3064779 -0.74176996 0.75014692
v 0.22259496 -0.73451143 0.8056842
v 0.16773709 -0.82651108 0.83780747
v 0.23871943 -0.79781335 0.79075539
v 0.41222074 -0.51993668 0.78231811
v 0.33959394 -0.61726528 0.76651579
v 0.37681222 -0.64359134 0.75712329
v 0.08023024 -0.78501111 0.87799125
v 0.09139224 -0.8511151 0.88320684
v 0.14330191 -0.70885092 0.84789896
v 0.06849675 -0.67002868 0.87441903
v 0.07174156 -0.72276574 0.86059236
v 0.25817391 -0.64588928 0.78828615
v 0.19329156 -0.64365834 0.84126657
v 0.20624664 -0.68452405 0.82078582
v 0.12716831 -0.62149274 0.89605629
v 0.06047622 -0.595254 0.93655049
v 0.06542883 -0.62919002 0.90970993
v 0.21925793 -0.58523643 0.82474464
v 0.16211105 -0.57388472 0.88320845
v 0.17819923 -0.60413616 0.86470401
v 0.28654491 -0.58245456 0.78133255
v 0.29365092 -0.53503495 0.80151438
v 0.23997645 -0.55083221 0.80427843
v 0.26735046 -0.56594753 0.79125249
v 0.33052453 -0.52666699 0.7938078
v 0.30751949 -0.59723168 0.77285057
v 0.26342579 -0.36967673 0.84081864
v 0.2818368 -0.47356998 0.83430427
v 0.33783838 -0.4238792 0.81171608
v 0.30546018 -0.44966059 0.82379895
v 0.34296178 -0.27946198 0.83530592
v 0.45623707 -0.3592073 0.77696138
v 0.39327174 -0.39401155 0.81364417
v 0.22189456 -0.45561015 0.8771041
v 0.23112301 -0.50988233 0.84408718
v 0.25899645 -0.49426615 0.83833885
v 0.11682498 -0.38640561 0.93601292
v 0.14626376 -0.47966173 0.93239724
v 0.19212514 -0.35013565 0.87928539
v 0.17574195 -0.41158366 0.91051572
v 0.0629085 -0.33443611 0.94107914
v 0.04816612 -0.45876491 0.97114735
v 0.05905097 -0.38797214 0.95684468
v 0.1046182 -0.28200146 0.92288279
v 0.03946252 -0.29924902 0.97147464
v 0.05433138 -0.30927527 0.94850474
v 0.18378105 -0.24497094 0.85843753
v 0.2347781 -0.24644282 0.83153331
v 0.21599383 -0.29459366 0.84614241
v 0.17035014 -0.22422091 0.92575252
v 0.1172208 -0.25256228 0.92021954
v 0.14942377 -0.25501906 0.91741871
v 0.29524099 -0.1386546 0.82554626
v 0.19612215 -0.12735597 0.8498311
v 0.27099207 -0.19023749 0.8422299
v 0.14475405 -0.13283737 0.9455114
v 0.15030656 -0.05050191 0.89023244
v 0.10760553 -0.06606018 0.98491364
v 0.14696721 -0.08730146 0.91260206
v 0.03504896 -0.25578662 0.977189
v 0.0327438 -0.29869136 1.04869341
v 0.03386044 -0.30059772 1.00907111
v 0.05339578 -0.27781119 1.04558599
v 0.05481946 -0.25384298 1.11918532
v 0.03934704 -0.28878414 1.08732247
v 0.06273119 -0.109843 1.07942569
v 0.10860109 -0.18935273 1.05126154
v 0.06564779 -0.1773639 1.11374199
v 0.0573121 0.00129727 1.00991416
v 0.05961405 -0.05106622 1.04270839
v 0.05630563 0.09092526 0.95618414
v 0.09928391 0.02163235 0.91864699
v 0.05612051 0.04858837 0.97960966
v 0.21745842 -0.04914005 0.82108658
v 0.15665093 0.02356891 0.82689446
v 0.15205864 -0.01216055 0.86274075
v 0.08485653 0.11445032 0.88308495
v 0.04690645 0.15446139 0.92369055
v 0.05165265 0.12483015 0.93921542
v 0.13156969 0.12218313 0.78063082
v 0.09730265 0.14080146 0.82040768
v 0.13021221 0.08144412 0.8105005
v 0.10871405 0.11321454 0.82391405
v 0.23714201 0.03204963 0.78436029
v 0.20013545 0.08236445 0.77105265
v 0.17160086 0.04947813 0.7849195
v 0.07964156 0.1774652 0.86583095
v 0.05070177 0.21683022 0.89995986
v 0.04600304 0.1843308 0.90954321
v 0.1343158 0.15682874 0.77701306
v 0.12442795 0.20196224 0.80486816
v 0.09788557 0.17063775 0.80457919
v 0.08546686 0.31719711 0.92149055
v 0.11998579 0.25045269 0.86805677
v 0.06505602 0.257456 0.90520554
v 0.19528676 0.20668555 0.78324741
v 0.21633169 0.25283938 0.84316086
v 0.16423292 0.22894646 0.8220393
v 0.10986368 0.51374334 0.87558692
v 0.20044894 0.40253055 0.90075898
v 0.0996631 0.40797561 0.91630393
v 0.28983753 0.31374275 0.88742619
v 0.39171555 0.38920977 0.82404702
v 0.32028886 0.49355071 0.82499527
v 0.29913705 0.3979952 0.86513191
v 0.29087063 0.23119768 0.81960451
v 0.35384869 0.26559746 0.8356772
v 0.28561875 0.26310777 0.84904003
v 0.23971264 0.62199562 0.81586843
v 0.13657757 0.76429224 0.79736673
v 0.12252251 0.63405919 0.83831942
v 0.3860057 0.71898049 0.72659361
v 0.44600001 0.5685606 0.72314435
v 0.34856358 0.60055989 0.77718526
v 0.48920148 0.44289198 0.71356535
v 0.44763246 0.3094404 0.80912655
v 0.52966433 0.34537398 0.71400135
v 0.47005137 0.37169536 0.77287507
v 0.57148784 0.61590254 0.58558923
v 0.58603638 0.47255855 0.58027768
v 0.52671241 0.52614504 0.65572053
v 0.38345471 0.21894078 0.80582451
v 0.45881387 0.24031558 0.78102117
v 0.41237494 0.25700897 0.81295418
v 0.29438173 -0.03113299 0.7846592
v 0.36045041 0.00710697 0.77147841
v 0.30970817 0.05587529 0.79202139
v 0.30129468 0.01665062 0.78386318
v 0.3807542 -0.11135312 0.78438836
v 0.29736447 -0.08366669 0.80511897
v 0.57282298 -0.30718305 0.62514942
v 0.48527541 -0.208406 0.73325491
v 0.51518291 -0.33417075 0.70601064
v 0.52997005 -0.09952863 0.70069032
v 0.4302093 -0.04707847 0.74262154
v 0.45746839 -0.11547954 0.74403727
v 0.61655515 -0.15314643 0.5938797
v 0.67619967 -0.23693195 0.44493085
v 0.63046842 -0.27201765 0.5421909
v 0.62728846 -0.01650698 0.59360832
v 0.53559142 -0.00927255 0.66844916
v 0.58905214 -0.06812617 0.6471275
v 0.45949927 0.01904975 0.71864372
v 0.40302208 0.05128179 0.75686341
v 0.4146431 0.00797033 0.75084453
v 0.51021897 0.06664654 0.64667999
v 0.46206492 0.07721618 0.68990111
v 0.49150317 0.03856898 0.67944675
v 0.73979151 -0.21315324 0.0126843
v 0.76152807 -0.08391241 0.10999336
v 0.74248373 -0.20979106 0.21240609
v 0.74588346 -0.20628668 0.09756933
v 0.77732509 -0.32097795 -0.0308406
v 0.79742348 -0.19942902 -0.05383843
v 0.79882454 -0.09848219 -0.04849381
v 0.77634644 -0.22093555 -0.02631295
v 0.71675914 -0.08971194 0.3627288
v 0.71617806 -0.21909266 0.3324421
v 0.68146413 0.03665816 0.47838595
v 0.62822973 0.13654138 0.54703825
v 0.57649028 0.08149476 0.60548406
v 0.63361251 0.05784103 0.55699825
v 0.75119262 0.03890216 0.2462054
v 0.7225027 0.14688143 0.37927901
v 0.72384637 0.0331421 0.37170422
v 0.52945452 0.13243588 0.64708417
v 0.48481419 0.11723516 0.6628288
v 0.52264732 0.10014873 0.63785922
v 0.54185789 0.26485803 0.71015125
v 0.44772613 0.18748036 0.7513557
v 0.51466459 0.19196519 0.7042424
v 0.49246203 0.21864374 0.74261134
v 0.58261829 0.18517521 0.62919879
v 0.48184463 0.14654782 0.68811631
v 0.52613341 0.16303286 0.67028665
v 0.60182207 0.35854217 0.58671933
v 0.60798841 0.26385256 0.6048246
v 0.57558482 0.31033864 0.65599715
v 0.66688621 0.46736988 0.41797933
v 0.67499804 0.33791074 0.44623211
v 0.63715022 0.41217863 0.50998425
v 0.66166114 0.22525849 0.49073961
v 0.62373501 0.2057331 0.56643611
v 0.72496742 0.27434492 0.29151099
v 0.70295596 0.24884864 0.40160697
v 0.76472187 0.17696502 0.12725988
v 0.77283561 0.04834862 0.00245428
v 0.76724481 0.0462501 0.11460002
v 0.72723561 0.4154303 0.23655045
v 0.77629935 0.32607033 0.04485561
v 0.7510308 0.30068832 0.17099407
v 0.79133957 0.00880363 -0.12324443
v 0.85674667 0.13487152 -0.09549778
v 0.79530715 0.03213646 -0.06855077
v 0.80195891 -0.23475357 -0.08589682
v 0.77619433 -0.14391073 -0.12346836
v 0.74931919 -0.09298102 -0.13151466
v 0.80006659 -0.162509 -0.0783656
v 0.79114913 -0.02071695 -0.18176741
v 0.82504189 0.05860066 -0.17277193
v 0.78856629 -0.01597261 -0.16506508
v 0.8628692 -0.17335265 -0.26708546
v 0.86944544 -0.0453082 -0.28530633
v 0.86482703 -0.1118461 -0.20941633
v 0.82942664 -0.21854201 -0.16583974
v 0.85178309 -0.13325637 -0.24669563
v 0.87720376 0.13951173 -0.28437787
v 0.87228125 0.01478745 -0.25479733
v 0.87198686 0.05666155 -0.29901456
v 0.9124552 0.15294119 -0.20027716
v 0.79166668 0.23738183 -0.14351807
v 0.89593356 0.19987177 -0.17243056
v 0.85621029 0.05216062 -0.21198855
v 0.86498665 0.13765685 -0.22662797
v 0.79636895 0.43483454 -0.42595538
v 0.8160001 0.54256719 -0.23270815
v 0.80444228 0.36778923 -0.19979366
v 0.80790728 0.39844542 -0.31042966
v 0.78522598 0.47845009 0.00339811
v 0.79046541 0.34822741 -0.07910302
v 0.77721083 0.63455879 -0.49780672
v 0.70171409 0.5234828 -0.72111755
v 0.76347607 0.47735285 -0.56243032
v 0.42469844 0.61021846 -1.01210153
v 0.6082521 0.7458052 -0.8260197
v 0.59388124 0.57035321 -0.88350302
v 0.22265692 0.81590557 -1.03835737
v 0.21748767 0.63629525 -1.08533167
v 0.22051784 1.16186308 -0.80596137
v 0.43737506 0.96379554 -0.87162226
v 0.22617685 0.9959371 -0.95003956
v 0.58012652 1.04766356 -0.61652702
v 0.71454173 0.84398078 -0.57770955
v 0.60586255 0.91009891 -0.73799794
v 0.73735362 0.91072237 -0.33680746
v 0.79775017 0.72706145 -0.28103122
v 0.77374535 0.78175079 -0.42180106
v 0.7867558 0.6410765 -0.03200702
v 0.76132118 0.81229996 -0.07282842
v 0.79969221 0.68045884 -0.15303838
v 0.72059977 0.72587734 0.1697705
v 0.7352271 0.56714665 0.20441289
v 0.76360482 0.60541832 0.08726414
v 0.65806007 0.61380368 0.39922303
v 0.69860082 0.52015769 0.31474861
v 0.63000065 0.77570205 0.37581017
v 0.52458834 0.77683466 0.57602846
v 0.60570478 0.70158225 0.49013349
v 0.67570817 0.88835293 0.13040399
v 0.56279552 0.93559509 0.33613127
v 0.65511351 0.83762031 0.254707
v 0.68857276 0.97309875 -0.12031644
v 0.58930504 1.03948855 0.07748507
v 0.68926316 0.93276226 0.00620077
v 0.63258653 1.07470083 -0.37048161
v 0.58980608 1.10861766 -0.18285796
v 0.67284947 1.01668596 -0.24908205
v 0.38949292 1.21695828 -0.55057579
v 0.50319165 1.19916367 -0.3153738
v 0.54181635 1.15001344 -0.47076869
v 0.18799737 1.32272553 -0.38446494
v 0.20064708 1.27168262 -0.60688722
v 0.47568804 1.16894531 -0.00758867
v 0.34696272 1.27255201 -0.15850608
v 0.48340225 1.19548475 -0.15931937
v 0.17368313 1.29746615 0.03595965
v 0.18033903 1.32474851 -0.16282026
v 0.46024972 1.08466804 0.27441439
v 0.32888177 1.20950079 0.18086838
v 0.46886682 1.13311588 0.13593301
v 0.43524745 0.93459457 0.53683823
v 0.31422621 1.08143889 0.46922487
v 0.44829398 1.01766359 0.40917208
v 0.28729251 0.87008798 0.69490957
v 0.41959878 0.83673298 0.65069246
v 0.15491163 1.01187741 0.62816751
v 0.14665333 0.89070868 0.72435402
v 0.16582022 1.2006154 0.36565345
v 0.16134204 1.11752224 0.50671249
v 0.16903984 1.25687933 0.20958453
v 0.80050164 -0.06595868 -0.21102002
v 0.82584327 -0.00987512 -0.21820038
v 0.82708793 -0.18072228 -0.11943081
v 0.79839122 -0.11907629 -0.17128987
v 0.80695629 -0.3237074 -0.1005915
v 0.81395691 -0.25335183 -0.11175435
v 0.10592246 -0.23725296 0.99603343
v 0.14586393 -0.19961847 0.98396605
v 0.76948928 -0.30016928 -0.17380769
v 0.7475143 -0.3626241 -0.08488858
v 0.80294603 -0.18043403 -0.27231851
v 0.06982759 -0.21822048 0.96092367
v 0.10458717 -0.56672197 0.9271419
v 0.04782383 -0.55661851 0.94103014
v 0.05390559 -0.5708158 0.94308656
v 0.08143331 -0.5395565 0.92922157
v 0.03777134 -0.53191918 0.9273175
v 0.04187955 -0.54296249 0.93328744
v 0.17747649 -0.5476253 0.8628605
v 0.13006584 -0.54693275 0.90767008
v 0.14582656 -0.5574032 0.89705067
v 0.14027251 -0.5296598 0.89339268
v 0.10634867 -0.52375853 0.915982
v 0.11564639 -0.53505313 0.91361713
v 0.08189307 -0.4887554 0.95596575
v 0.04071957 -0.50239616 0.95814979
v 0.04246362 -0.48852688 0.96599376
v 0.07656454 -0.51293283 0.93883121
v 0.03887835 -0.51800787 0.94327324
v 0.1709755 -0.51018321 0.89557594
v 0.11976535 -0.50470781 0.93076902
v 0.12788286 -0.49861526 0.93152529
v 0.1391371 -0.51819884 0.90349847
v 0.1117237 -0.5137161 0.92554038
v 0.22472453 -0.5260421 0.83107048
v 0.17972779 -0.52146291 0.8733204
v 0.20324747 -0.51876014 0.8602088
v 0.17979104 -0.53161603 0.85902124
v 0.20520904 -0.53865271 0.83085525
v 0.15993329 -0.52488285 0.88115137
v 0.25029707 0.20385395 0.79268097
v 0.18012107 0.16020208 0.76363992
v 0.21815933 0.17761661 0.75492203
v 0.2103459 0.18663641 0.770783
v 0.17435766 0.12546187 0.7499578
v 0.26397857 0.09860912 0.78504413
v 0.22471298 0.13404077 0.74957764
v 0.21651177 0.11450376 0.76508063
v 0.35647097 0.09015895 0.78241133
v 0.3073734 0.11464655 0.78120434
v 0.31226229 0.0911545 0.79309624
v 0.4217565 0.10041894 0.73991441
v 0.3773438 0.12304233 0.7632668
v 0.39266821 0.0936606 0.76400524
v 0.45538389 0.12188809 0.68402105
v 0.42196345 0.13820849 0.72000539
v 0.44313263 0.11004008 0.7097792
v 0.40157741 0.1902883 0.77935075
v 0.33532831 0.20888809 0.80371463
v 0.36659735 0.19868005 0.78217673
v 0.37104278 0.20212489 0.79689222
v 0.44719088 0.15628661 0.70852518
v 0.41885685 0.17342488 0.73624879
v 0.42624986 0.17752105 0.74371725
v 0.29319688 0.20520781 0.79078859
v 0.29343244 0.21108003 0.80501413
v 0.15818813 0.14106275 0.76750308
v 0.46292054 0.13338625 0.68549245
v 0.32984623 0.18214173 0.79999673
v 0.26303762 0.1778931 0.78293931
v 0.29594993 0.1608686 0.79782092
v 0.29266995 0.18411111 0.79627436
v 0.38951304 0.17353247 0.76975899
v 0.36395826 0.1600499 0.78697371
v 0.36323177 0.17883428 0.78776782
v 0.33819821 0.13604094 0.79107266
v 0.39545279 0.14667512 0.76168566
v 0.37039598 0.14089712 0.77821797
v 0.26618033 0.14071351 0.78022515
v 0.29993581 0.13431268 0.79084879
v 0.41186687 0.15793138 0.74633342
v 0.23711091 0.15977647 0.7651261
v -0.23698011 0.15980631 0.76501745
v -0.41187819 0.15793295 0.74631857
v -0.00001478 -2.06815147 -0.83568739
v -0.1143353 -2.06452059 -0.74067455
v -0.23240971 -2.07285833 -0.83320307
v -0.11684366 -2.051615 -0.92958849
v -0.11493028 -2.08197212 -0.83391028
v 0.00001694 -2.06453084 -0.64684093
v -0.11104066 -2.06425523 -0.5530126
v -0.22676266 -2.06417965 -0.6448003
v -0.1128344 -2.06433177 -0.64646434
v -0.3373757 -2.07696366 -0.54933697
v -0.4621315 -2.06518435 -0.63699644
v -0.34763753 -2.03902196 -0.73530787
v -0.34298026 -2.06825852 -0.64181125
v -0.47195577 -2.06446576 -0.822622
v -0.35296136 -2.06631088 -0.92328369
v -0.35045373 -2.05417704 -0.82920759
v -0.36240926 -2.06866693 -1.2875278
v -0.23993453 -2.06773376 -1.19861853
v -0.35666447 -2.06630063 -1.10657596
v -0.48060119 -2.06795167 -1.18960928
v -0.35976463 -2.06776785 -1.19562745
v -0.12145106 -2.05877852 -1.28003466
v 0.00002267 -2.06775665 -1.20149791
v -0.11888855 -2.06621384 -1.11197447
v -0.11994393 -2.06774592 -1.2008183
v 0.00002222 -2.06215882 -1.02231788
v -0.23591032 -2.06594085 -1.02044653
v -0.11786641 -2.06459116 -1.02205419
v -0.4755975 -2.06570839 -1.01013708
v -0.35466095 -2.06613445 -1.01658117
v -0.59198445 -2.06526327 -0.72169536
v -0.7248497 -2.06639647 -0.80480217
v -0.59921979 -2.06553316 -0.90779209
v -0.59671121 -2.06538391 -0.81384551
v -0.57522904 -2.06513309 -0.5417419
v -0.71197825 -2.06615853 -0.62298744
v -0.58488833 -2.06518983 -0.63106757
v -0.82849943 -2.06827807 -0.52274352
v -0.97303253 -2.06165742 -0.59422475
v -0.85017889 -2.06863069 -0.70213562
v -0.84195882 -2.0684576 -0.61122012
v -0.98519957 -2.06609749 -0.78423792
v -0.84749335 -2.06888485 -0.89030528
v -0.85231232 -2.06877827 -0.79522162
v -0.95829004 -2.06190848 -0.98299336
v -0.82196915 -2.06968045 -1.07453382
v -0.72290426 -2.06691217 -0.99447393
v -0.83623254 -2.06906247 -0.98527705
v -0.90768349 -2.04917335 -1.16152191
v -0.81424766 -2.05846977 -1.23568129
v -0.71051818 -2.06945419 -1.16426837
v -0.81166583 -2.07110166 -1.1570003
v -0.60383373 -2.07053113 -1.26898241
v -0.59994119 -2.06657171 -1.09306037
v -0.60077166 -2.06843972 -1.1790899
v -0.59991663 -2.06578111 -1.00236821
v -0.21899633 -2.06694412 -0.46027508
v -0.32395622 -2.03919744 -0.36939954
v -0.44547554 -2.06480836 -0.45643028
v -0.33070343 -2.06748104 -0.45874133
v 0.00001343 -2.06353497 -0.46097007
v -0.10677889 -2.07084059 -0.36958304
v -0.10897473 -2.06360793 -0.46088138
v 0.00001319 -2.10581493 -0.27634903
v -0.10292232 -2.02453708 -0.18787056
v -0.20969457 -2.05867147 -0.27915912
v -0.10417486 -2.09454441 -0.27776047
v -0.30653092 -2.06435012 -0.19187469
v -0.42263722 -2.06374931 -0.28100901
v -0.31527021 -2.05184006 -0.28038275
v -0.68262183 -2.06593251 -0.44773548
v -0.78062981 -2.06762313 -0.35099536
v -0.92935442 -2.06566906 -0.41444835
v -0.80727171 -2.06797432 -0.43611457
v -0.54817277 -2.06500673 -0.36639437
v -0.56290108 -2.06506133 -0.45342883
v -0.51289945 -2.06503748 -0.196987
v -0.64011228 -2.06569671 -0.27812919
v -0.53137618 -2.06500244 -0.28088706
v -0.7162311 -2.06695652 -0.19138161
v -0.85643613 -2.06969404 -0.25035125
v -0.75009352 -2.06727457 -0.26948887
v -0.19866913 -2.0629599 -0.10012304
v -0.28882744 -2.06603813 -0.02156793
v -0.39596256 -2.06509637 -0.1096019
v -0.2975879 -2.06500387 -0.10426637
v 0.00000021 -2.05645585 -0.09664542
v -0.09694895 -2.06524419 -0.01183133
v -0.09942921 -2.05698561 -0.09755334
v 0.00001809 -2.06980252 0.06486287
v -0.09251701 -2.07794594 0.12226359
v -0.18854628 -2.06940698 0.05869827
v -0.09466372 -2.06970739 0.06333117
v -0.27418485 -2.07557153 0.10943448
v -0.37082079 -2.06826591 0.0407917
v -0.28083318 -2.06889057 0.05123352
v -0.58808755 -2.06561255 -0.11912058
v -0.64800822 -2.06715941 -0.04492007
v -0.76821732 -2.06891751 -0.10520529
v -0.68057352 -2.06678557 -0.11700813
v -0.47415101 -2.06579923 -0.03941819
v -0.49325478 -2.06516528 -0.11542034
v -0.44663405 -2.07252168 0.08549905
v -0.54351699 -2.06786513 0.02558434
v -0.45759743 -2.06772613 0.02788049
v -0.59978574 -2.07152891 0.06471624
v -0.68111914 -2.06960153 0.02283734
v -0.62128382 -2.06868124 0.02251196
v -0.1794392 -2.06139731 0.14772509
v -0.25562006 -2.01221633 0.12185709
v -0.35182651 -2.05231237 0.12454009
v -0.26682832 -2.05734109 0.13779152
v 0.00006019 -2.06419801 0.15466179
v -0.08616969 -2.01670646 0.13646362
v -0.09015057 -2.06363296 0.15319834
v -0.00003387 -1.97710251 0.1228784
v -0.07994604 -1.9400804 0.1078747
v -0.16527007 -1.9750719 0.11658325
v -0.08289723 -1.9766395 0.12151987
v -0.23874487 -1.93413937 0.09501428
v -0.3266786 -1.96760058 0.09479254
v -0.2466799 -1.97213959 0.10756042
v -0.51264971 -2.03971862 0.09237281
v -0.57390821 -1.99115419 0.05751327
v -0.65985375 -2.04148602 0.06589086
v -0.58814352 -2.03914666 0.07797177
v -0.41714695 -2.00230526 0.09327048
v -0.43398109 -2.04661703 0.10936078
v -0.39460867 -1.92080354 0.06596214
v -0.48354986 -1.95394802 0.05960759
v -0.405236 -1.96144843 0.07872824
v -0.55127775 -1.89847958 0.0215986
v -0.64509093 -1.9330672 0.0152896
v -0.56315892 -1.94495582 0.03837642
v -0.98481214 -1.85468053 -0.12780968
v -0.89909893 -1.96412921 -0.06263478
v -0.81913101 -1.90209686 -0.04167655
v -0.88847917 -1.80900657 -0.11144402
v -0.90327525 -1.87953651 -0.07918295
v -0.89462786 -2.02085876 -0.15699037
v -0.78719031 -2.03764534 -0.01769083
v -0.8436678 -2.03122878 -0.08489678
v -0.73927319 -1.98162794 0.01990078
v -0.73205339 -2.05129098 0.0480451
v -0.71801394 -1.86203968 -0.03430903
v -0.73127192 -1.91854989 -0.01090987
v -1.21507179 -1.66839373 -0.44819715
v -1.10534966 -1.85040974 -0.37760248
v -1.10628449 -1.7774589 -0.28194892
v -1.20463049 -1.61016583 -0.33383584
v -1.16760289 -1.72582423 -0.35951328
v -1.05169117 -1.95222139 -0.48543834
v -0.98771309 -1.98751282 -0.31297051
v -1.02295911 -1.96778225 -0.39704954
v -1.00692367 -1.91800248 -0.2191475
v -0.9437322 -2.00638651 -0.23250332
v -1.04860854 -1.73133826 -0.21274535
v -1.04224681 -1.82103812 -0.21020814
v -1.21456646 -1.54735779 -0.87077301
v -1.16533803 -1.7408719 -0.76237922
v -1.25851392 -1.57144641 -0.64964693
v -1.34310412 -1.39763975 -0.76203495
v -1.24937415 -1.55207276 -0.75857555
v -1.06408691 -1.92159521 -0.87189781
v -1.08287966 -1.93041205 -0.67455977
v -1.08038032 -1.92496728 -0.77253222
v -1.16477465 -1.78159141 -0.56135922
v -1.07273054 -1.93972659 -0.57834267
v -1.31148707 -1.47097957 -0.52627354
v -1.24547946 -1.61327469 -0.54593664
v -1.24378645 -1.40270423 -1.00929272
v -1.10652029 -1.56985819 -1.08404982
v -1.10032451 -1.73325872 -0.96770036
v -1.1683067 -1.55352425 -0.98195159
v -1.0796467 -1.45665776 -1.21577107
v -0.93597954 -1.6339488 -1.2316823
v -0.98733186 -1.75677669 -1.14537024
v -1.0259943 -1.59704768 -1.16701948
v -0.89328622 -1.92813348 -1.20867896
v -0.99831378 -1.91695749 -1.06561064
v -0.95165282 -1.91934728 -1.14632511
v -1.03576493 -1.91770875 -0.97194945
v -0.8689087 -1.54542088 -1.34056329
v -0.73919576 -1.7169727 -1.332358
v -0.82640397 -1.81377673 -1.26477682
v -0.84421575 -1.67653608 -1.29015767
v -0.61923372 -1.62600517 -1.36743652
v -0.49715018 -1.77073764 -1.36725115
v -0.61531591 -1.86629962 -1.3376795
v -0.62191367 -1.74793565 -1.3634758
v -0.49032467 -1.97942709 -1.32522285
v -0.72012007 -1.97079253 -1.28645682
v -0.6101709 -1.97870135 -1.31028664
v -0.81670475 -1.95102548 -1.25404012
v -0.00003818 -1.80615496 -1.33473694
v -0.12302741 -1.89678669 -1.32351005
v -0.24691182 -1.79832959 -1.34557175
v -0.12120588 -1.70489823 -1.3174498
v -0.12240912 -1.80396699 -1.33752942
v 0.00001836 -1.981323 -1.29972064
v -0.2461766 -1.98115038 -1.31614661
v -0.12302242 -1.98163938 -1.30529809
v -0.37260812 -1.88801443 -1.34548378
v -0.36803454 -1.97968006 -1.32441043
v -0.36879849 -1.6816678 -1.34291863
v -0.37300145 -1.78759563 -1.35801899
v -0.48344078 -1.55216205 -1.31528055
v -0.3463861 -1.47096836 -1.26611423
v -0.23795963 -1.59252619 -1.29667234
v -0.35930126 -1.57616996 -1.30680513
v -0.44315019 -1.34872961 -1.2162733
v -0.31543907 -1.27269852 -1.16750347
v -0.22081519 -1.38387894 -1.21724557
v -0.3315624 -1.36854577 -1.21995425
v -0.10546281 -1.29284822 -1.16947615
v -0.00012383 -1.39748156 -1.20922339
v -0.11483866 -1.49841797 -1.25119698
v -0.11036957 -1.39386856 -1.21211814
v -0.0000409 -1.6063354 -1.28157949
v -0.11863133 -1.6027596 -1.28646564
v -0.72678917 -1.47755169 -1.30672729
v -0.58506625 -1.41867065 -1.26408875
v -0.60614508 -1.51752686 -1.31854045
v -0.94562333 -1.40189075 -1.22000074
v -0.80935394 -1.3553667 -1.20708394
v -0.84210544 -1.43877232 -1.27426064
v -0.85636347 -1.25843417 -1.08322382
v -0.71400874 -1.20680713 -1.06853139
v -0.66427767 -1.30174291 -1.17763853
v -0.76526612 -1.27884972 -1.137573
v -0.52212297 -1.24030101 -1.138291
v -0.55519849 -1.32583749 -1.20322525
v -1.11328637 -1.33725202 -1.0528959
v -0.99356043 -1.30318343 -1.07872462
v -1.0353856 -1.36736142 -1.14404678
v -1.23143243 -1.30530834 -0.84125226
v -1.12650132 -1.26948761 -0.8979696
v -1.1794815 -1.31470596 -0.95090866
v -1.09314668 -1.23483359 -0.76065415
v -0.9786036 -1.1813097 -0.80038434
v -1.0046525 -1.22774028 -0.93592816
v -1.0568906 -1.22457873 -0.84908926
v -0.87354856 -1.18149375 -0.95299279
v -0.93739855 -1.24053847 -1.01502752
v -1.27323889 -1.34198093 -0.63055115
v -1.19054067 -1.28614175 -0.70492321
v -1.26421773 -1.31341469 -0.73201948
v -1.21853959 -1.4594649 -0.43779212
v -1.17392325 -1.36914002 -0.54096311
v -1.25848448 -1.39314651 -0.53241705
v -1.04213523 -1.39837443 -0.47139138
v -0.98356032 -1.31384873 -0.52084004
v -1.10798704 -1.29548513 -0.60531222
v -1.0835973 -1.34284126 -0.53769964
v -1.01852166 -1.22755086 -0.6487382
v -1.11247181 -1.26023638 -0.67794519
v -0.93972194 -1.70229208 -0.17821967
v -0.96657753 -1.58652603 -0.23929172
v -1.0906018 -1.59900724 -0.29082357
v -1.01328063 -1.65522849 -0.23208501
v -0.84607422 -1.57050466 -0.19306737
v -0.8212341 -1.49391078 -0.28685995
v -0.9488126 -1.49134635 -0.32700169
v -0.90051579 -1.52988243 -0.25555545
v -0.90544712 -1.41422975 -0.40908557
v -1.08692479 -1.48293364 -0.38302773
v -0.99501776 -1.44962012 -0.40180879
v -1.16125154 -1.52948999 -0.35760241
v -0.78179788 -1.77693808 -0.08630678
v -0.8290897 -1.67649579 -0.13415965
v -0.86293596 -1.742419 -0.12905333
v -0.61626815 -1.83164751 -0.01854717
v -0.67418015 -1.75086057 -0.05709894
v -0.69865381 -1.80662941 -0.04987055
v -0.57262748 -1.72977101 -0.02943017
v -0.60933738 -1.64318049 -0.07061972
v -0.71629536 -1.65539133 -0.09637019
v -0.64496678 -1.6949855 -0.06054069
v -0.72662049 -1.5636121 -0.16271439
v -0.78417789 -1.61302745 -0.14001515
v -0.45946812 -1.86819517 0.0347694
v -0.51981622 -1.80561649 0.00253263
v -0.53664225 -1.85203838 0.0094432
v -0.30757299 -1.89066469 0.07336355
v -0.37180331 -1.84122264 0.05038434
v -0.38344723 -1.88082027 0.05645679
v -0.28825548 -1.81689441 0.0617058
v -0.34575873 -1.76077079 0.0396883
v -0.4303033 -1.78245449 0.02442972
v -0.35958761 -1.80162668 0.04618937
v -0.47929135 -1.71224844 -0.00731458
v -0.50112569 -1.7588247 -0.00120079
v -0.15428829 -1.90317881 0.09237632
v -0.22376628 -1.86319279 0.07751057
v -0.23117561 -1.89806854 0.08513335
v -0.00007654 -1.90705382 0.09713567
v -0.0746596 -1.87327373 0.085451
v -0.07724333 -1.90613043 0.09608744
v -0.00010498 -1.83929908 0.07579077
v -0.0694649 -1.80116188 0.06655355
v -0.14413797 -1.83496725 0.07324188
v -0.07209874 -1.83821225 0.07512051
v -0.20812687 -1.7899537 0.05995322
v -0.21629157 -1.82828319 0.06995211
v -0.13341467 -1.75886106 0.05733547
v -0.19157543 -1.71072626 0.0473811
v -0.26505935 -1.73584568 0.04159729
v -0.19955872 -1.74970877 0.05083504
v -0.0001065 -1.76539826 0.06324494
v -0.06454417 -1.72790586 0.06230773
v -0.06689553 -1.76391232 0.06161667
v -0.0001401 -1.69678449 0.07225851
v -0.06172324 -1.66232097 0.08573601
v -0.12451061 -1.68626058 0.06356465
v -0.06270945 -1.69396936 0.07016478
v -0.18040844 -1.63927507 0.06697966
v -0.24389895 -1.65653765 0.03839096
v -0.18501488 -1.67383873 0.05277506
v -0.31383568 -1.67505204 0.01862966
v -0.39218294 -1.69389295 0.00592606
v -0.3293915 -1.71714031 0.02704455
v -0.29146772 -1.59614276 0.0318372
v -0.35546469 -1.60944986 -0.0048417
v -0.3008238 -1.63479769 0.01960668
v -0.39428016 -1.53815937 -0.02141535
v -0.45749208 -1.54795599 -0.06598261
v -0.42822194 -1.62255108 -0.03178319
v -0.40786632 -1.58016181 -0.03306716
v -0.51210641 -1.63426721 -0.05290526
v -0.45321637 -1.66620075 -0.02077454
v -0.53148341 -1.55674469 -0.10425379
v -0.61975097 -1.56234002 -0.13743974
v -0.5681082 -1.59891927 -0.09125493
v -0.48487889 -1.46991181 -0.09165143
v -0.54588711 -1.47763276 -0.14622227
v -0.50359237 -1.51359283 -0.10393369
v -0.55833071 -1.39615488 -0.17695653
v -0.61683392 -1.40373754 -0.24239024
v -0.61858284 -1.48537397 -0.19977639
v -0.58346849 -1.44110715 -0.19308315
v -0.70698201 -1.4932816 -0.25219583
v -0.66558438 -1.52737081 -0.19275456
v -0.78838199 -1.41564309 -0.35782492
v -0.76052331 -1.330361 -0.39708164
v -0.8632065 -1.328956 -0.45506119
v -0.82714229 -1.3735913 -0.40675374
v -0.69018793 -1.41062963 -0.30579149
v -0.7477501 -1.45593762 -0.30736893
v -0.61725235 -1.31939637 -0.2681185
v -0.67986846 -1.32552433 -0.33464428
v -0.64871025 -1.36506712 -0.29001012
v -0.66906523 -1.24200415 -0.35399797
v -0.73426264 -1.24716866 -0.42236134
v -0.70857691 -1.28609669 -0.37831512
v -0.91805321 -1.23645901 -0.55816543
v -0.84745955 -1.16709506 -0.5913949
v -0.92362833 -1.16509378 -0.68516397
v -0.92839533 -1.19662284 -0.61845946
v -0.81865865 -1.2468779 -0.48861062
v -0.89500266 -1.28187847 -0.50443434
v -0.70483124 -1.1688404 -0.44286921
v -0.76976484 -1.1713128 -0.51504325
v -0.7549988 -1.20875322 -0.4678843
v -0.71833401 -1.10163354 -0.53766471
v -0.77314358 -1.10423839 -0.61794769
v -0.77683591 -1.1359719 -0.56478554
v -0.82517951 -1.10918438 -0.71340447
v -0.86188012 -1.13211751 -0.82709074
v -0.90145164 -1.14355063 -0.7560817
v -0.69784283 -1.04572367 -0.63957643
v -0.72755366 -1.05725395 -0.73257565
v -0.75694185 -1.0775361 -0.67451727
v -0.63532424 -1.00794291 -0.74679696
v -0.6336354 -1.0370078 -0.8410505
v -0.74382233 -1.08394408 -0.83932822
v -0.68600463 -1.04373526 -0.78907436
v -0.73968476 -1.13351619 -0.95336961
v -0.80679774 -1.12916636 -0.89415544
v -0.57940506 -1.15311074 -1.04180085
v -0.45788437 -1.09851014 -1.0116775
v -0.39522799 -1.17632937 -1.09571039
v -0.48942059 -1.16489863 -1.07262706
v -0.61603611 -1.08517611 -0.94087421
v -0.66332542 -1.14223372 -1.00227761
v -0.53605914 -0.98959553 -0.84467983
v -0.50421237 -1.03703522 -0.92814302
v -0.57230693 -1.03567218 -0.88709014
v -0.40777495 -0.98279762 -0.92490083
v -0.35030046 -1.04320251 -0.99176001
v -0.42999082 -1.03988266 -0.96326744
v -0.19977593 -1.19538152 -1.11944639
v -0.09491366 -1.12272584 -1.07801342
v -0.00013975 -1.20209527 -1.12515771
v -0.10025221 -1.20031535 -1.12404441
v -0.28130209 -1.11317479 -1.05751657
v -0.2983807 -1.18663477 -1.11093568
v -0.25565335 -0.98023736 -0.98177337
v -0.17949822 -1.04836142 -1.02989018
v -0.26644179 -1.0461024 -1.01406765
v -0.08710741 -0.97891295 -1.01073539
v -0.00011846 -1.05077159 -1.04204762
v -0.09037901 -1.04998564 -1.03907442
v -0.32525277 -0.91827279 -0.93392539
v -0.24720758 -0.85569191 -0.95414507
v -0.1689725 -0.91376221 -0.98222303
v -0.24980899 -0.91509801 -0.96220588
v -0.31880965 -0.80537998 -0.91962021
v -0.24108129 -0.75379741 -0.95080578
v -0.16485407 -0.80366396 -0.97241067
v -0.24457433 -0.80327636 -0.95156025
v -0.0810905 -0.75640869 -0.9783771
v -0.00011996 -0.80616003 -0.98550581
v -0.08401892 -0.85583484 -0.98685109
v -0.08280625 -0.8051905 -0.98290908
v -0.00013246 -0.91304332 -0.99777686
v -0.08521103 -0.91304397 -0.99378156
v -0.38660106 -0.86587864 -0.88272535
v -0.44046232 -0.8215934 -0.8266263
v -0.38217249 -0.76096338 -0.87671005
v -0.38427922 -0.81161308 -0.87711608
v -0.45435547 -0.93220067 -0.8565067
v -0.39327603 -0.92423641 -0.89810133
v -0.55625575 -0.95382112 -0.76273214
v -0.49301993 -0.88940399 -0.78712075
v -0.50884699 -0.94166719 -0.81110978
v -0.52643489 -0.85286009 -0.71518003
v -0.48785567 -0.78318142 -0.76622664
v -0.48759239 -0.83570587 -0.77217769
v -0.59763729 -0.86596471 -0.5235694
v -0.581191 -0.89550244 -0.59977799
v -0.61751657 -0.96852773 -0.57603454
v -0.61343985 -0.94565254 -0.49682545
v -0.59967136 -0.91992837 -0.54637026
v -0.55610746 -0.81917536 -0.6415258
v -0.56980121 -0.92391228 -0.68146836
v -0.5573852 -0.87283629 -0.65700572
v -0.62750458 -0.98775935 -0.6590681
v -0.5957123 -0.96949189 -0.71163994
v -0.66593384 -1.03537511 -0.55752825
v -0.65081811 -1.01015305 -0.6073926
v -0.67089033 -1.09521126 -0.46287518
v -0.63941359 -1.02144527 -0.4800769
v -0.67223876 -1.06383144 -0.50947988
v -0.65383642 -1.16128563 -0.37050482
v -0.63685417 -1.08287584 -0.38777363
v -0.66463667 -1.12758195 -0.41642484
v -0.6168611 -1.06747376 -0.31070542
v -0.62036788 -0.98424923 -0.32613459
v -0.62483537 -1.00335097 -0.40326169
v -0.62266612 -1.0347197 -0.35710904
v -0.61929822 -0.9212141 -0.42133536
v -0.62185931 -0.9735043 -0.44959327
v -0.57089406 -1.31244158 -0.19668909
v -0.58395743 -1.22697711 -0.20782622
v -0.61879879 -1.23434114 -0.28329044
v -0.59613937 -1.27302885 -0.24002385
v -0.55653947 -1.22389435 -0.13125832
v -0.57567071 -1.13742435 -0.13819849
v -0.59559863 -1.14101409 -0.21745207
v -0.57845377 -1.18201875 -0.17321072
v -0.60574394 -1.05506098 -0.23032727
v -0.61774629 -1.15027236 -0.29630583
v -0.6079896 -1.10260963 -0.26380077
v -0.63828587 -1.19695758 -0.32655829
v -0.43167945 -1.46378815 -0.03573203
v -0.46755069 -1.38596773 -0.0469967
v -0.51009029 -1.39009583 -0.11194816
v -0.47343421 -1.42765545 -0.0721703
v -0.4202744 -1.37713933 0.01564406
v -0.45379582 -1.29455292 0.01179821
v -0.49775522 -1.30366492 -0.05402534
v -0.4613696 -1.34127676 -0.01839677
v -0.52374959 -1.22053206 -0.05816505
v -0.53434771 -1.30795884 -0.12440927
v -0.5294466 -1.26457059 -0.09164165
v -0.54251134 -1.35161054 -0.15362477
v -0.38140013 -1.45735669 0.02266199
v -0.32676059 -1.44263792 0.07884715
v -0.3645249 -1.36037063 0.07318562
v -0.37481424 -1.41079819 0.04853342
v -0.33691778 -1.52986943 0.02755774
v -0.38571313 -1.49799811 -0.00242698
v -0.23243458 -1.58454084 0.07308413
v -0.28274864 -1.51917374 0.07916572
v -0.28577214 -1.55873727 0.05293801
v -0.22595445 -1.50184619 0.12630093
v -0.26666507 -1.42121923 0.12786325
v -0.27716779 -1.47324812 0.10495784
v -0.00020278 -1.63267445 0.11287211
v -0.06149867 -1.59356689 0.13763402
v -0.12119745 -1.62068641 0.10152423
v -0.06165255 -1.62972855 0.10974974
v -0.00031766 -1.55901563 0.16983102
v -0.05931199 -1.51322603 0.19686503
v -0.11858832 -1.54413604 0.15624596
v -0.06063328 -1.55520784 0.16606722
v -0.16740711 -1.47701549 0.17062069
v -0.17641976 -1.5685172 0.11540135
v -0.17343103 -1.52594876 0.14311711
v -0.17796973 -1.60572683 0.0889881
v -0.00052957 -1.47411954 0.23847368
v -0.05936003 -1.41697311 0.27549445
v -0.11171822 -1.44826984 0.21894525
v -0.05867579 -1.46650219 0.23293769
v -0.00069797 -1.37303566 0.32807904
v -0.05933499 -1.31200385 0.36682972
v -0.10913565 -1.34283626 0.29666981
v -0.05866734 -1.36393106 0.31871557
v -0.15757179 -1.26584935 0.31364277
v -0.197438 -1.29025793 0.24122624
v -0.15424338 -1.36894881 0.23002691
v -0.15430605 -1.31762635 0.27009704
v -0.20728835 -1.3957932 0.17579133
v -0.16033852 -1.4235934 0.19902113
v -0.24238826 -1.31257164 0.17529781
v -0.3007076 -1.33719706 0.12247122
v -0.25349649 -1.36668479 0.14978265
v -0.23648738 -1.20691502 0.24565543
v -0.28056335 -1.23135292 0.17784266
v -0.23822322 -1.26062142 0.20937253
v -0.32334986 -1.15317547 0.1837549
v -0.37904796 -1.17955422 0.1275008
v -0.33881819 -1.2567588 0.12295232
v -0.32969021 -1.20554578 0.15228639
v -0.40221205 -1.27953171 0.07258993
v -0.35211971 -1.30885338 0.09798201
v -0.52974623 -1.04300737 -0.00308355
v -0.50785607 -1.12939083 0.00621209
v -0.4642573 -1.11873483 0.0704921
v -0.48797357 -1.03404867 0.06324268
v -0.4987635 -1.08272528 0.03576329
v -0.54641753 -1.13553285 -0.06330508
v -0.48322019 -1.2125436 0.01024776
v -0.51664906 -1.17545497 -0.02510054
v -0.43571984 -1.19949078 0.07302706
v -0.44568416 -1.24732983 0.04310087
v -0.4139229 -1.10105919 0.12881815
v -0.42439636 -1.15092098 0.100876
v -0.61447858 -0.86888855 -0.196471
v -0.6015883 -0.95969396 -0.1714728
v -0.58012247 -0.95492923 -0.09467811
v -0.59661376 -0.86160969 -0.11972674
v -0.59988552 -0.91118174 -0.14473417
v -0.61413252 -0.96904927 -0.24902623
v -0.5900467 -1.04888665 -0.15118581
v -0.6038866 -1.00759422 -0.19966505
v -0.56456083 -1.04659462 -0.07503393
v -0.57123768 -1.09249663 -0.10535255
v -0.54674005 -0.95055854 -0.02106715
v -0.55684787 -0.99965345 -0.04695466
v -0.62501204 -0.72260749 -0.41886693
v -0.62587767 -0.81123167 -0.37732797
v -0.62951481 -0.78993713 -0.30310136
v -0.63758403 -0.69650459 -0.34344047
v -0.63053953 -0.75430768 -0.35940444
v -0.61532539 -0.83726137 -0.4506213
v -0.62465548 -0.89892953 -0.34725704
v -0.62290084 -0.86684703 -0.39765924
v -0.62222981 -0.88097453 -0.2726548
v -0.621324 -0.93294519 -0.29804465
v -0.62598645 -0.77465063 -0.2271834
v -0.62386763 -0.82829594 -0.24909713
v -0.52581214 -0.63712471 -0.69006907
v -0.56106919 -0.71083051 -0.62541461
v -0.59168267 -0.67292136 -0.5493952
v -0.56388145 -0.59323561 -0.61476874
v -0.56252896 -0.65337115 -0.61911833
v -0.52677148 -0.74711692 -0.69850385
v -0.58374315 -0.78677809 -0.56841868
v -0.55905628 -0.76549017 -0.63273704
v -0.60662049 -0.75425916 -0.4937424
v -0.60228365 -0.81063997 -0.50747436
v -0.61919307 -0.63541245 -0.47309964
v -0.61269301 -0.69578176 -0.48238033
v -0.48411908 -0.67960852 -0.76218414
v -0.43717539 -0.72004473 -0.82504093
v -0.48620834 -0.73203593 -0.7636941
v -0.47828206 -0.56528174 -0.75759393
v -0.43001264 -0.61396277 -0.824561
v -0.48164784 -0.62430232 -0.75981384
v -0.36435535 -0.54565119 -0.87740212
v -0.30022099 -0.59810537 -0.92037922
v -0.37345066 -0.65977567 -0.87893784
v -0.36917501 -0.60517579 -0.87898892
v -0.31110572 -0.70558708 -0.92093616
v -0.37818971 -0.71111816 -0.87787318
v -0.15809768 -0.70374482 -0.96858906
v -0.07664648 -0.64873617 -0.97570502
v -0.00009428 -0.70554065 -0.97735524
v -0.07894649 -0.7048726 -0.9758557
v -0.23117114 -0.65031218 -0.95011669
v -0.23665794 -0.70352101 -0.95118302
v -0.22143966 -0.5304107 -0.94724601
v -0.14967232 -0.58956706 -0.96597302
v -0.22591088 -0.59306269 -0.94862842
v -0.07267672 -0.52034163 -0.97582721
v -0.0001127 -0.58647453 -0.97979795
v -0.07452427 -0.58730667 -0.97602105
v -0.00024382 -0.29198297 -0.9864515
v -0.07095134 -0.37282392 -0.97801232
v -0.14337126 -0.30258697 -0.97076273
v -0.07314448 -0.21583412 -0.99683189
v -0.07124813 -0.29489234 -0.98267519
v -0.0001717 -0.44611892 -0.98011982
v -0.14406383 -0.45412284 -0.96512734
v -0.07148589 -0.44838643 -0.97623574
v -0.29042702 -0.47064322 -0.91554915
v -0.21638888 -0.3888618 -0.94598299
v -0.21815356 -0.4618639 -0.94534575
v -0.28786709 -0.32576096 -0.91877281
v -0.22080363 -0.23604968 -0.96212637
v -0.21636854 -0.31330549 -0.94951677
v -0.35386398 -0.41064825 -0.87236344
v -0.41627141 -0.35256823 -0.82356786
v -0.36046758 -0.26445552 -0.88650023
v -0.35458222 -0.33872425 -0.87632459
v -0.41975781 -0.4906829 -0.82062679
v -0.3580456 -0.48027068 -0.87375307
v -0.52359449 -0.51532346 -0.68715173
v -0.47234416 -0.43600878 -0.7586137
v -0.47476548 -0.50215524 -0.75728333
v -0.52531093 -0.38318574 -0.693223
v -0.47958535 -0.29602599 -0.77060067
v -0.47342136 -0.36758321 -0.76221984
v -0.64604967 -0.36451649 -0.46178102
v -0.60851329 -0.41717356 -0.53848528
v -0.63290268 -0.50881373 -0.4603571
v -0.65574997 -0.4728921 -0.37421923
v -0.63939458 -0.44017076 -0.45686605
v -0.57401347 -0.32748282 -0.62487077
v -0.56683343 -0.46634161 -0.61390286
v -0.56970775 -0.39892926 -0.61744028
v -0.60013181 -0.55001372 -0.53881782
v -0.56478697 -0.53094166 -0.61285895
v -0.64017903 -0.60233998 -0.39537376
v -0.62564736 -0.57337355 -0.46581938
v -0.65272986 -0.57864934 -0.31435596
v -0.64995408 -0.57001745 -0.22849741
v -0.66479587 -0.46731758 -0.27290442
v -0.65867543 -0.52022153 -0.29777166
v -0.64164239 -0.67765325 -0.26589998
v -0.6459853 -0.6378588 -0.32884636
v -0.6139872 -0.76460093 -0.15021847
v -0.63443237 -0.66731083 -0.1862052
v -0.63089537 -0.72031551 -0.2064916
v -0.60871881 -0.66214293 -0.10640174
v -0.62902128 -0.57202589 -0.14025558
v -0.63370913 -0.61752247 -0.16488003
v -0.58333385 -0.75584572 -0.07491961
v -0.55614054 -0.74971401 0.00219895
v -0.58949184 -0.66318595 -0.02571708
v -0.5808494 -0.70574396 -0.05153873
v -0.56229788 -0.85346007 -0.04606789
v -0.59076052 -0.80912178 -0.09671104
v -0.50644481 -0.94118684 0.04904699
v -0.52497452 -0.84377187 0.02707698
v -0.53455615 -0.89805871 0.00319614
v -0.50521194 -0.83629185 0.10425455
v -0.55074995 -0.75221073 0.08273436
v -0.53045439 -0.79349225 0.05454841
v -0.36487624 -1.07527613 0.1886724
v -0.40516838 -0.99385011 0.19158478
v -0.44313991 -1.01689231 0.12589736
v -0.40629437 -1.04831874 0.15869572
v -0.37442395 -0.96851563 0.26186913
v -0.43090343 -0.89437115 0.26243114
v -0.44643023 -0.91018939 0.18873301
v -0.41208621 -0.94088739 0.22608639
v -0.49646759 -0.83130103 0.17961821
v -0.4700737 -0.92659598 0.11755205
v -0.47748366 -0.87568426 0.14871519
v -0.47615525 -0.98107802 0.08966077
v -0.32440975 -1.04575872 0.2565076
v -0.29215621 -1.01819896 0.33200785
v -0.35414552 -0.94791179 0.34122121
v -0.33460167 -0.99445259 0.29764857
v -0.27727043 -1.12334609 0.24899551
v -0.32065188 -1.09916544 0.21799497
v -0.19844703 -1.17935299 0.31811827
v -0.23949012 -1.09300828 0.32126894
v -0.23721247 -1.15049338 0.28303456
v -0.2079692 -1.0676794 0.39800968
v -0.27032369 -0.99911797 0.41398119
v -0.25048252 -1.04258179 0.36574968
v -0.0007101 -1.260486 0.41928684
v -0.05422393 -1.17550408 0.42195746
v -0.11157753 -1.23175895 0.38101965
v -0.05956218 -1.25164461 0.40685829
v -0.00041357 -1.12292122 0.46083873
v -0.06184428 -1.08738672 0.50598186
v -0.10891573 -1.10704064 0.44275912
v -0.05493088 -1.11744105 0.45465233
v -0.17578865 -1.05176913 0.47231048
v -0.15520305 -1.14403247 0.38425892
v -0.16117444 -1.09075236 0.42483961
v -0.15747925 -1.2072215 0.35131028
v -0.29727134 -0.89805918 0.61510974
v -0.21111828 -0.9791677 0.58140462
v -0.1557306 -0.98645329 0.66062259
v -0.23710076 -0.92175936 0.70287215
v -0.23008675 -0.94662249 0.64313173
v -0.24698638 -0.98590457 0.49789127
v -0.13293522 -1.04137003 0.54424476
v -0.19301049 -1.0158571 0.52436792
v -0.00017161 -1.07168972 0.56527459
v -0.07395909 -1.03652119 0.61462086
v -0.06847481 -1.06206548 0.55887526
v 0.00010018 -1.02408099 0.67854797
v -0.0811607 -0.99890267 0.72887051
v -0.07850263 -1.0134195 0.6730709
v -0.32512807 -0.91303205 0.51901263
v -0.33915078 -0.92936736 0.42708766
v -0.29463586 -0.95598852 0.46460396
v -0.40019336 -0.81256049 0.63081234
v -0.41718843 -0.84686327 0.53306543
v -0.36229026 -0.86963671 0.57766622
v -0.49908101 -0.76811921 0.53121721
v -0.49998384 -0.79690873 0.43488115
v -0.41879752 -0.86420249 0.43413692
v -0.46256193 -0.82290309 0.48488324
v -0.42097514 -0.87885767 0.3431217
v -0.38125193 -0.90402698 0.38608425
v -0.5657227 -0.71529823 0.42689064
v -0.56318116 -0.74376398 0.33427387
v -0.49407792 -0.81424605 0.3406274
v -0.53332161 -0.77085846 0.38471168
v -0.61813569 -0.66128772 0.32273551
v -0.61422056 -0.68454486 0.2307125
v -0.55534803 -0.7571851 0.24388398
v -0.58908742 -0.71443367 0.28308308
v -0.55100518 -0.75798457 0.1612955
v -0.49256336 -0.8252936 0.25568139
v -0.52315074 -0.79379665 0.20985744
v -0.45735874 -0.85228061 0.29959079
v -0.66037148 -0.6047874 0.2140073
v -0.65187537 -0.61428719 0.12098985
v -0.6070522 -0.68886339 0.14027312
v -0.63623237 -0.65193432 0.17634019
v -0.68351113 -0.53539532 0.10176384
v -0.66155308 -0.52396637 0.01285157
v -0.63441819 -0.60184407 0.03233931
v -0.66025579 -0.57136446 0.0661613
v -0.61402833 -0.58080494 -0.05312117
v -0.59728378 -0.67686176 0.05627675
v -0.60939812 -0.63039863 0.00188035
v -0.57712507 -0.71956592 0.10978522
v -0.69444519 -0.3144122 -0.18644002
v -0.66647541 -0.39514517 -0.18132415
v -0.64975786 -0.41999158 -0.08405026
v -0.67166793 -0.35401159 -0.09123381
v -0.66798794 -0.36912581 -0.13290055
v -0.68335574 -0.35934424 -0.29356384
v -0.64780539 -0.48358571 -0.16835947
v -0.66782105 -0.427502 -0.23112309
v -0.63200634 -0.49910157 -0.07349672
v -0.62358671 -0.53189224 -0.10962377
v -0.67600452 -0.44760265 -0.00110735
v -0.65522295 -0.47299915 -0.03701603
v -0.67614793 -0.289054 -0.40879398
v -0.65990316 -0.19654204 -0.51146763
v -0.62157934 -0.26645353 -0.56196099
v -0.65203392 -0.28116193 -0.48352903
v -0.6933701 -0.11813016 -0.47504919
v -0.68307447 -0.02831572 -0.55368936
v -0.64394521 -0.10188259 -0.6033566
v -0.67013883 -0.1123301 -0.53605049
v -0.63182759 -0.00496017 -0.69200527
v -0.57408493 -0.07416464 -0.74997282
v -0.59599876 -0.17139208 -0.65682703
v -0.61190474 -0.08883483 -0.67547327
v -0.54029184 -0.23652403 -0.71428602
v -0.58242917 -0.25124788 -0.63851088
v -0.70962172 -0.2662422 -0.2928287
v -0.70463347 -0.20024403 -0.38970825
v -0.6963132 -0.28123763 -0.34653303
v -0.73220723 -0.23968753 -0.21865849
v -0.73726427 -0.18511563 -0.30283626
v -0.72034537 -0.25292998 -0.24843722
v -0.77013987 -0.11135586 -0.31840592
v -0.75942778 -0.03798737 -0.36115425
v -0.73240816 -0.11624681 -0.37612548
v -0.74803876 -0.11216662 -0.33945334
v -0.72408419 -0.03784603 -0.44109627
v -0.7139368 -0.11879816 -0.42141163
v -0.33503317 -0.00497794 -0.99416685
v -0.38922345 -0.10668772 -0.92632174
v -0.47203221 -0.0396248 -0.88810461
v -0.42633545 0.06513295 -0.96286463
v -0.40768879 -0.02204392 -0.94646024
v -0.30416956 -0.17196109 -0.95038855
v -0.43459734 -0.20319519 -0.84846252
v -0.37242716 -0.1872567 -0.90447354
v -0.5075252 -0.14046399 -0.80330681
v -0.49103331 -0.22014166 -0.78498083
v -0.54895156 0.02809391 -0.83729499
v -0.52743774 -0.05734038 -0.82173168
v -0.00007895 0.03622347 -1.07365489
v -0.08115503 -0.05250992 -1.04501366
v -0.17139945 0.02423558 -1.05385446
v -0.09096173 0.11974413 -1.08882951
v -0.08614503 0.03289106 -1.06906414
v -0.00018841 -0.13219855 -1.02400517
v -0.15335996 -0.14404472 -1.00603735
v -0.07665561 -0.13545495 -1.01969814
v -0.24188596 -0.07434577 -1.00656223
v -0.22991293 -0.15677437 -0.98308122
v -0.26877558 0.09831802 -1.04957819
v -0.2552745 0.01103282 -1.02947747
v -0.36746054 0.17064969 -1.02577447
v -0.29332894 0.27478033 -1.07338321
v -0.1894844 0.19907102 -1.08906233
v -0.28140258 0.18656909 -1.06402492
v -0.39634051 0.3465712 -1.03601265
v -0.31242799 0.44960472 -1.07482981
v -0.20496733 0.37415844 -1.1043663
v -0.30389207 0.36247554 -1.07685804
v -0.10586453 0.46714565 -1.11851692
v 0.00013021 0.38164979 -1.12336731
v -0.09952028 0.29297646 -1.1143819
v -0.10314028 0.38011533 -1.11919057
v 0.00003186 0.20879776 -1.10847854
v -0.09535206 0.2064419 -1.10360956
v -0.46299272 0.24079655 -0.98249602
v -0.55233603 0.30896356 -0.92132568
v -0.49465578 0.41588512 -0.97951877
v -0.48008719 0.32849711 -0.98411476
v -0.51265502 0.13404101 -0.91489911
v -0.44496467 0.15292611 -0.9752258
v -0.61609947 0.09649941 -0.77496731
v -0.59020435 0.20192851 -0.85110902
v -0.56992048 0.11479215 -0.84729546
v -0.65582966 0.26923027 -0.77224844
v -0.62870663 0.37544053 -0.83999991
v -0.61023587 0.28895843 -0.84873294
v -0.67255252 0.16556006 -0.70328927
v -0.72051817 0.2330508 -0.62543177
v -0.71110844 0.33446177 -0.68454158
v -0.69225293 0.25046128 -0.69722157
v -0.68087124 0.0658525 -0.63066321
v -0.65226799 0.08019178 -0.70148503
v -0.71971154 0.0466314 -0.50266623
v -0.72093999 0.13651509 -0.5648747
v -0.70141613 0.05454831 -0.56364917
v -0.75247395 0.20469424 -0.49453204
v -0.75947743 0.29724699 -0.54256737
v -0.7397021 0.21756616 -0.55721777
v -0.75190931 0.11907631 -0.44850209
v -0.77910047 0.18315583 -0.39141416
v -0.78083252 0.26697272 -0.4230979
v -0.76546388 0.19377487 -0.43949645
v -0.75354331 0.03838345 -0.40440979
v -0.73665928 0.0420462 -0.44912794
v -0.79281932 0.03103699 -0.34579518
v -0.78244763 0.10524898 -0.36403495
v -0.77101486 0.0349341 -0.36883559
v -0.80374848 0.15750949 -0.31153646
v -0.7980951 0.23932406 -0.32413309
v -0.79201185 0.17258606 -0.34866267
v -0.83441364 0.09229782 -0.33008196
v -0.8944745 0.15847179 -0.33438035
v -0.82668495 0.16291731 -0.25160828
v -0.83785092 0.13835188 -0.29311311
v -0.80926996 -0.04229885 -0.33797872
v -0.85618323 0.02822207 -0.36229494
v -0.82319492 0.02825541 -0.34439644
v -0.87496393 -0.05154328 -0.36288937
v -0.87949287 0.02994291 -0.32430875
v -0.92658585 0.09780672 -0.36571449
v -0.89766615 0.02703125 -0.37331262
v -0.91295296 0.13035436 -0.30810505
v -0.94589716 0.167877 -0.28530263
v -0.9505766 0.14720454 -0.33392682
v -0.67833507 -0.38241842 -0.01247331
v -0.68040961 -0.34599641 -0.01927771
v -0.69834697 -0.34111851 -0.09072379
v -0.67437434 -0.35030984 -0.05274535
v -0.70275408 -0.45903205 0.08245351
v -0.70916497 -0.39189884 0.06188513
v -0.69321149 -0.42098319 0.03198398
v -0.72965043 -0.37525335 0.14448139
v -0.73401349 -0.31560602 0.11504435
v -0.70916432 -0.34285369 0.04274906
v -0.72356343 -0.35768777 0.08959012
v -0.70886468 -0.3046585 0.02449144
v -0.68857324 -0.32254391 -0.02285986
v -0.6939466 -0.33283689 0.00669927
v -0.6932559 -0.52253705 0.19319869
v -0.71636116 -0.44476553 0.17044331
v -0.70202183 -0.49273055 0.13699767
v -0.65780919 -0.57344675 0.30426308
v -0.68942511 -0.48875021 0.28231078
v -0.67812055 -0.54898864 0.24940158
v -0.67522782 -0.4427469 0.36559116
v -0.69929575 -0.36068296 0.34124007
v -0.71194636 -0.40898612 0.257871
v -0.69614422 -0.42565694 0.31295532
v -0.72808736 -0.33608976 0.22950077
v -0.7240774 -0.39223137 0.20160813
v -0.55669891 -0.67466384 0.51276606
v -0.59933894 -0.5780344 0.489216
v -0.612939 -0.6239677 0.40974807
v -0.58613634 -0.64919591 0.46120533
v -0.57784169 -0.52495056 0.56037938
v -0.60692131 -0.4294857 0.53647607
v -0.62746852 -0.48171705 0.46429374
v -0.60452997 -0.50353002 0.51299566
v -0.65302068 -0.39098206 0.44194722
v -0.64574152 -0.53083467 0.38763958
v -0.65052545 -0.46111834 0.41524392
v -0.63596785 -0.598324 0.35744631
v -0.39407718 -0.74301266 0.70178264
v -0.46931439 -0.6594485 0.67848384
v -0.48543995 -0.72304809 0.61536443
v -0.4388028 -0.73954385 0.66141808
v -0.45717787 -0.58572691 0.72650951
v -0.50021946 -0.49845397 0.71086728
v -0.5215404 -0.56451559 0.65366745
v -0.48925066 -0.57821303 0.69337505
v -0.55496758 -0.46756848 0.62712925
v -0.54126328 -0.6248523 0.58888924
v -0.55055278 -0.5459398 0.60807585
v -0.52429884 -0.70021575 0.56493544
v -0.15197002 -0.9624142 0.76530581
v -0.19094038 -0.91319721 0.79032498
v -0.26243099 -0.85760074 0.74568229
v -0.21806149 -0.91447579 0.75106656
v -0.00014464 -0.99329698 0.77869415
v -0.07201066 -0.97631621 0.81136381
v -0.07868085 -0.98947906 0.77684485
v -0.00057321 -0.95841777 0.84263402
v -0.05659318 -0.9268189 0.86854642
v -0.12226444 -0.94066011 0.83537972
v -0.06405858 -0.95724356 0.84042209
v -0.1480869 -0.89115655 0.84623414
v -0.19316303 -0.87183463 0.8128736
v -0.16596084 -0.90585917 0.8230223
v -0.23747722 -0.83121454 0.78362906
v -0.27383029 -0.77517646 0.76846623
v -0.31849643 -0.77899366 0.73196458
v -0.27617621 -0.81302356 0.75548344
v -0.17122544 -0.85316819 0.83462286
v -0.20384541 -0.81335568 0.81426793
v -0.20383252 -0.84297138 0.8112877
v -0.16099266 -0.79587459 0.83917635
v -0.18982765 -0.75103473 0.82362759
v -0.23261222 -0.76462531 0.79835486
v -0.19818213 -0.78192555 0.81901586
v -0.25217637 -0.71208536 0.78692376
v -0.2934018 -0.71018171 0.76211148
v -0.26417586 -0.74137336 0.77866685
v -0.34385407 -0.6969791 0.74917423
v -0.4024156 -0.65723347 0.74045753
v -0.3652744 -0.72404319 0.73175865
v -0.31178963 -0.65236383 0.76377642
v -0.35739371 -0.62925809 0.76381677
v -0.32615897 -0.67225128 0.75786608
v -0.35885426 -0.57307893 0.7772268
v -0.38800761 -0.52191346 0.78934705
v -0.40140661 -0.58334881 0.76746767
v -0.37922176 -0.57874637 0.77498155
v -0.43964281 -0.51543808 0.76695334
v -0.42739385 -0.58643621 0.75161075
v -0.09830793 -0.88305169 0.87688797
v -0.13130091 -0.83949261 0.86311245
v -0.1382229 -0.8677634 0.85828679
v 0.00042253 -0.89387619 0.8863011
v -0.04651558 -0.85853529 0.8936724
v -0.05054965 -0.8921948 0.88548356
v 0.00020564 -0.82685744 0.89730548
v -0.04073465 -0.79045605 0.8895846
v -0.08538039 -0.81825172 0.88374495
v -0.04340355 -0.82464224 0.89462447
v -0.11683991 -0.77620261 0.85836124
v -0.12404206 -0.80831617 0.86273276
v 0.00002074 -0.75938719 0.88046091
v -0.03595452 -0.7265498 0.86640238
v -0.07506591 -0.75309777 0.86710476
v -0.03799351 -0.75777822 0.87702608
v -0.00005249 -0.69871825 0.86812788
v -0.03438011 -0.67200857 0.87604439
v -0.06991973 -0.69467413 0.86372327
v -0.034981 -0.69765234 0.86681968
v -0.10251091 -0.66694492 0.87247967
v -0.13927029 -0.68447566 0.85621947
v -0.10771718 -0.71657407 0.85466712
v -0.10503242 -0.6905201 0.86120939
v -0.14789113 -0.73523628 0.84273135
v -0.11129301 -0.7454158 0.85392892
v -0.21393743 -0.70747906 0.81301152
v -0.23335948 -0.66661542 0.80411011
v -0.26886656 -0.66312462 0.7795785
v -0.2419155 -0.68749433 0.79529637
v -0.1762315 -0.6980049 0.83595979
v -0.18241953 -0.723001 0.82906138
v -0.1658234 -0.65408158 0.85665327
v -0.19984829 -0.66334748 0.83033108
v -0.17096668 -0.67541289 0.84522593
v -0.21793744 -0.63047421 0.82425403
v -0.24873939 -0.63005423 0.79736405
v -0.2257342 -0.64821881 0.81372195
v -0.06722259 -0.64877659 0.89175868
v -0.0970434 -0.62627887 0.90447032
v -0.13150304 -0.64107739 0.88192403
v -0.09997597 -0.64578378 0.88826155
v -0.00004517 -0.6504274 0.89338827
v -0.03304406 -0.63093566 0.91282039
v -0.03381118 -0.65019875 0.89326661
v -0.00002205 -0.61292946 0.93042129
v -0.0305151 -0.59656775 0.94160133
v -0.06316434 -0.61114746 0.92515277
v -0.03190395 -0.6127823 0.92953813
v -0.08945538 -0.59309136 0.92859649
v -0.12195733 -0.60361534 0.9076485
v -0.09349195 -0.60850298 0.91823077
v -0.18579345 -0.62314057 0.85301464
v -0.1989302 -0.59428125 0.84506237
v -0.22953021 -0.59983885 0.81613051
v -0.20860904 -0.6120345 0.83472228
v -0.15435424 -0.61354541 0.88262248
v -0.16026894 -0.6332162 0.86971277
v -0.14066873 -0.58164554 0.90141302
v -0.17013713 -0.58712846 0.87491637
v -0.14781913 -0.59602004 0.89326173
v -0.18020319 -0.56693619 0.86348074
v -0.20849126 -0.5715332 0.83368212
v -0.18972587 -0.57892423 0.85491007
v -0.24164715 -0.57492822 0.80471271
v -0.27685821 -0.5734229 0.78682756
v -0.26115801 -0.59859979 0.79175901
v -0.25155031 -0.58669829 0.79833215
v -0.2173184 -0.55579042 0.82172125
v -0.25477284 -0.55729454 0.79693442
v -0.23046289 -0.56454557 0.8119871
v -0.26034459 -0.54112768 0.80070859
v -0.28089582 -0.53290104 0.80539673
v -0.28938356 -0.55290055 0.79246079
v -0.2764669 -0.54746127 0.795955
v -0.30229994 -0.5336942 0.80035907
v -0.30832237 -0.56059747 0.78615713
v -0.29946237 -0.55725997 0.78906303
v -0.32293114 -0.60587024 0.76929396
v -0.32649925 -0.56474244 0.78195196
v -0.34543123 -0.52360254 0.79117912
v -0.34051778 -0.56796562 0.77931308
v -0.28376415 -0.62187242 0.77643799
v -0.2975541 -0.63583189 0.76915025
v -0.29570332 -0.5890879 0.77712637
v -0.27138525 -0.60982728 0.78439545
v -0.31904575 -0.52908772 0.79704213
v -0.31666371 -0.56277602 0.78406477
v -0.31493359 -0.37638667 0.82046699
v -0.31890708 -0.43637135 0.81616932
v -0.28569224 -0.40921092 0.83429467
v -0.27411302 -0.35059371 0.83289074
v -0.29788813 -0.3932341 0.82588839
v -0.35612487 -0.47227627 0.80217826
v -0.3201864 -0.48794591 0.81004405
v -0.33569937 -0.47958418 0.80319601
v -0.29724535 -0.50319653 0.81800651
v -0.29268842 -0.46137696 0.83042007
v -0.30753451 -0.49596744 0.81514012
v -0.26398599 -0.44218155 0.8493914
v -0.25256714 -0.38955551 0.85156589
v -0.27475264 -0.42570889 0.842507
v -0.43351516 -0.28744486 0.79072409
v -0.42437571 -0.37574869 0.79991185
v -0.37128201 -0.33416959 0.82622367
v -0.36897182 -0.2494668 0.82376688
v -0.40150448 -0.30937525 0.81383419
v -0.46906822 -0.43294876 0.76042473
v -0.4078325 -0.45570108 0.7976129
v -0.43774184 -0.44480595 0.78351122
v -0.36332401 -0.41003423 0.81629407
v -0.38068673 -0.46488335 0.80302912
v -0.31480801 -0.30719122 0.83522981
v -0.34067878 -0.35735118 0.82644152
v -0.27918535 -0.51432853 0.81964558
v -0.27035817 -0.48372626 0.83801901
v -0.28841665 -0.50942581 0.81904643
v -0.25116744 -0.51860922 0.82511186
v -0.2451913 -0.50228649 0.8408696
v -0.26718726 -0.5173245 0.8211404
v -0.21226076 -0.50190782 0.86639261
v -0.20692062 -0.47739192 0.8830266
v -0.24052618 -0.47445151 0.85854935
v -0.22629323 -0.4894877 0.86181885
v -0.23307381 -0.43229341 0.87131863
v -0.25303322 -0.45829376 0.85464626
v -0.16424723 -0.32464802 0.88446992
v -0.18370313 -0.37968161 0.89645344
v -0.14607173 -0.39525473 0.92370277
v -0.1233619 -0.34876123 0.91551786
v -0.15451331 -0.35966637 0.9051159
v -0.21788682 -0.3794364 0.872837
v -0.19987258 -0.43278783 0.89553904
v -0.21021199 -0.40468013 0.88549006
v -0.17093908 -0.489066 0.91078633
v -0.16023801 -0.44829586 0.92321521
v -0.18546603 -0.46364444 0.90407878
v -0.11846359 -0.46938967 0.95201855
v -0.1030877 -0.42703416 0.95170313
v -0.13165329 -0.43522292 0.9398579
v -0.08700218 -0.38501212 0.94707942
v -0.06219678 -0.35826164 0.94819074
v -0.09202667 -0.32168778 0.91990655
v -0.0922239 -0.35084164 0.93180257
v -0.06929742 -0.45748212 0.96897119
v -0.05268183 -0.42375832 0.96340805
v -0.07723328 -0.42293477 0.95895952
v -0.02406824 -0.47108367 0.97190004
v 0.00024948 -0.44309997 0.95487362
v -0.02900787 -0.3948659 0.95293861
v -0.02634355 -0.43528226 0.95886433
v 0.00028222 -0.3672513 0.94398945
v -0.03157265 -0.34310159 0.95109337
v -0.03101935 -0.3647401 0.951155
v -0.05984766 -0.3188999 0.94251161
v -0.0791196 -0.29444378 0.93413579
v -0.11956378 -0.28806784 0.91118788
v -0.08801198 -0.3038094 0.92480576
v 0.00024102 -0.33290061 0.9578228
v -0.02814645 -0.32219514 0.96206593
v -0.03054653 -0.32977753 0.955109
v 0.00027715 -0.32178208 0.97737395
v -0.02186307 -0.3149245 0.98573023
v -0.04629908 -0.30332827 0.95776963
v -0.02499977 -0.3174588 0.97231251
v -0.04821835 -0.28113985 0.95218169
v -0.08213136 -0.27491721 0.92704612
v -0.06431836 -0.2871837 0.94125807
v -0.20580858 -0.20612004 0.83306795
v -0.22398929 -0.27170431 0.83628308
v -0.19684919 -0.26585966 0.84525924
v -0.19088223 -0.21343679 0.85435438
v -0.20148122 -0.23797324 0.83439034
v -0.26328432 -0.28716242 0.83274895
v -0.23818688 -0.32965531 0.84545356
v -0.24900472 -0.30928117 0.83664608
v -0.20335784 -0.31934937 0.8613792
v -0.22708652 -0.35357624 0.8581888
v -0.16213278 -0.27285441 0.86912483
v -0.18186788 -0.29228526 0.86210221
v -0.17419594 -0.24602991 0.89289361
v -0.16467721 -0.24058666 0.91922313
v -0.18360172 -0.18895208 0.90076935
v -0.18558733 -0.21853682 0.89266228
v -0.13045904 -0.26881063 0.91814827
v -0.1505742 -0.26967802 0.89779537
v -0.07681808 -0.24963137 0.89941984
v -0.13319605 -0.26160365 0.92158412
v -0.10990833 -0.26440161 0.9191243
v -0.1293005 -0.24456799 0.93261742
v -0.14806623 -0.23830379 0.93659776
v -0.14332141 -0.24980896 0.9265294
v -0.25131154 -0.21857614 0.83976846
v -0.3080278 -0.23162227 0.84016943
v -0.28447291 -0.26099515 0.83951711
v -0.18360704 -0.14554008 0.84858232
v -0.23351204 -0.15486244 0.84403365
v -0.21784497 -0.17819155 0.84112137
v -0.20603367 -0.10896816 0.84741538
v -0.25300449 -0.11188127 0.83233648
v -0.28608939 -0.16398294 0.83520996
v -0.24574601 -0.13337582 0.84012574
v -0.34105417 -0.17079493 0.81677007
v -0.32811337 -0.20231446 0.83076119
v -0.1073116 -0.0918316 1.00024557
v -0.12872871 -0.07498234 0.95037972
v -0.1434035 -0.10778819 0.92537581
v -0.12606437 -0.12587811 0.9811452
v -0.12705269 -0.0986534 0.96457183
v -0.10614233 -0.04233671 0.96959954
v -0.12697026 -0.03428068 0.92176711
v -0.14898252 -0.06865062 0.90113461
v -0.12828707 -0.05405753 0.9363057
v -0.17790773 -0.06921683 0.86114394
v -0.16646 -0.10480516 0.87485355
v -0.17292253 -0.0873364 0.86831176
v -0.16227939 -0.14223937 0.90234589
v -0.16070811 -0.12262517 0.8840903
v -0.03476977 -0.30081355 0.99056971
v -0.03565207 -0.28021651 0.99686908
v -0.04089592 -0.25585809 0.95644587
v -0.03781975 -0.27869764 0.97246086
v 0.00061581 -0.31607917 1.00536632
v -0.0160938 -0.31187897 1.0200169
v -0.01896294 -0.31356215 1.00181746
v 0.00171526 -0.30904594 1.04126918
v -0.01206789 -0.30385282 1.06080973
v -0.02984986 -0.30294242 1.03286457
v -0.01340444 -0.30858227 1.03970503
v -0.04221801 -0.28986421 1.04282105
v -0.0390098 -0.26843723 1.01301336
v -0.04028495 -0.28639334 1.0210222
v -0.02730866 -0.24793839 1.13865411
v -0.04529703 -0.27373725 1.11177015
v -0.01699566 -0.28930217 1.10549962
v 0.00255831 -0.2712287 1.12620031
v -0.02190551 -0.27301934 1.12535691
v -0.0705121 -0.25623104 1.0912795
v -0.05676338 -0.27681249 1.0562092
v -0.05061681 -0.28253537 1.06931197
v -0.05922751 -0.27377057 1.08097589
v -0.05044517 -0.28137749 1.04793036
v -0.03180757 -0.29594308 1.07466685
v -0.04534832 -0.28736266 1.05818855
v 0.00304049 -0.29732826 1.08368849
v -0.01336765 -0.29803782 1.08303022
v -0.10778756 -0.15253099 1.03336584
v -0.08756709 -0.18193723 1.08519899
v -0.06330155 -0.14292325 1.09752333
v -0.08561836 -0.11530358 1.05011737
v -0.08692126 -0.14745733 1.06734454
v -0.09848825 -0.22896458 1.05945015
v -0.06221441 -0.2161974 1.12390518
v -0.08267661 -0.22283037 1.09330058
v 0.00099367 -0.20953889 1.14500463
v -0.03446666 -0.17235717 1.13288617
v -0.03291752 -0.21148408 1.1430521
v 0.00081158 -0.13792549 1.12294948
v -0.0321705 -0.10571388 1.09875714
v -0.03312803 -0.13938304 1.11663019
v 0.00100478 -0.0744454 1.08427345
v -0.02954128 -0.04685992 1.05921328
v -0.06033193 -0.07901661 1.06202364
v -0.03087468 -0.07532655 1.07914602
v 0.0010972 -0.01861504 1.04583013
v -0.02852622 0.00717498 1.02656889
v -0.05745802 -0.0235672 1.02697312
v -0.02885588 -0.01930597 1.0419532
v -0.07928088 -0.00891868 0.98353111
v -0.08444444 -0.05744943 1.01737928
v -0.0824742 -0.03212909 1.00078916
v -0.08529423 -0.0852404 1.03388774
v -0.09875136 0.0436567 0.90105778
v -0.07642399 0.03669021 0.95103877
v -0.05564498 0.07136549 0.96819293
v -0.07678604 0.08136564 0.92494601
v -0.07713418 0.05948327 0.93669503
v -0.1007058 0.00046292 0.9362356
v -0.05515424 0.02591522 0.99509173
v -0.07713684 0.01391347 0.96679568
v 0.00112888 0.03301086 1.01580548
v -0.02807219 0.05484525 0.99724757
v -0.02821391 0.0319325 1.0115472
v 0.00110956 0.0767566 0.98853063
v -0.02773589 0.09528487 0.97326749
v -0.02803598 0.07607826 0.98446106
v -0.12953901 0.04372942 0.85067218
v -0.15377393 0.00687219 0.84619838
v -0.12491838 0.00576778 0.88964206
v -0.12528695 0.02566688 0.87145626
v -0.18767364 0.00630714 0.80840098
v -0.21921962 -0.02825044 0.80882686
v -0.1819159 -0.03131806 0.83806234
v -0.18385702 -0.01225009 0.82362818
v -0.21564966 -0.06984826 0.83193016
v -0.15113921 -0.03151667 0.8772695
v -0.18076412 -0.05031602 0.85120862
v -0.12574173 -0.01436194 0.90634477
v 0.00107877 0.11269646 0.96666902
v -0.02560193 0.12771309 0.95351839
v -0.05322855 0.10905039 0.9481343
v -0.0268625 0.11225655 0.96307218
v 0.00097542 0.14249207 0.94687789
v -0.02311706 0.15660704 0.93510919
v -0.04788336 0.1399817 0.9323349
v -0.02424379 0.14225271 0.94419467
v -0.0655558 0.15110017 0.90502607
v -0.0813478 0.13128703 0.88183367
v -0.0710434 0.12010425 0.9156146
v -0.06788475 0.13603466 0.91082191
v -0.08968734 0.09494724 0.88287299
v -0.074277 0.10197493 0.91933041
v -0.1390758 0.08721562 0.7825213
v -0.11822554 0.09822028 0.8200435
v -0.11852771 0.11564919 0.79814106
v -0.14222255 0.11162745 0.77580905
v -0.12638554 0.10168349 0.79105198
v -0.11844933 0.07586804 0.84168762
v -0.09536041 0.11183468 0.85164952
v -0.10364485 0.09440025 0.84909975
v -0.08728867 0.1429013 0.84730994
v -0.10159414 0.12718451 0.82419633
v -0.09065189 0.12790264 0.85120624
v -0.10946367 0.13987903 0.80109095
v -0.12397956 0.13217417 0.78583443
v -0.11289829 0.1283791 0.80206066
v -0.14540857 0.06274559 0.79466533
v -0.16106678 0.03606802 0.80325222
v -0.13837695 0.05592937 0.82427734
v -0.17617903 0.09100916 0.76910394
v -0.18665382 0.06568793 0.77674543
v -0.16062134 0.07550531 0.77824252
v -0.22678041 0.0745011 0.77768558
v -0.24665382 0.05031311 0.78320491
v -0.20365421 0.04017783 0.78276705
v -0.21601919 0.05771935 0.77970671
v -0.227967 0.01184495 0.78625839
v -0.19323949 0.02273801 0.79190444
v -0.04484719 0.16934257 0.91686034
v -0.06535977 0.18123488 0.89280748
v -0.07791727 0.16191586 0.87188965
v -0.06460602 0.16613367 0.89874523
v 0.00078239 0.17145428 0.92856866
v -0.02260634 0.18620199 0.91882818
v -0.0225021 0.17117397 0.92645317
v 0.0005251 0.20256155 0.91415953
v -0.02515252 0.21896912 0.90709918
v -0.0469511 0.19999206 0.90451037
v -0.02349244 0.20199264 0.91242921
v -0.07302779 0.21388822 0.88475185
v -0.08443514 0.19363926 0.86244505
v -0.0680949 0.19685901 0.88796979
v -0.10440303 0.21064239 0.82810998
v -0.10775582 0.18725891 0.80139392
v -0.08722452 0.17439808 0.83360415
v -0.09328272 0.19211576 0.82898628
v -0.14735013 0.18765351 0.79104131
v -0.14689259 0.1681834 0.77275717
v -0.11752682 0.16403199 0.78875178
v -0.1307031 0.17626892 0.7875235
v -0.12503129 0.14681749 0.78378319
v -0.09544909 0.15491087 0.81292468
v -0.11080981 0.15147411 0.79512769
v -0.08574952 0.15811768 0.84064155
v -0.14544326 0.26890155 0.885706
v -0.09369344 0.25530019 0.88863861
v -0.07538457 0.28346538 0.91492098
v -0.13019233 0.31051787 0.9157015
v -0.11138045 0.27968573 0.90006285
v -0.10241258 0.23092889 0.86064755
v -0.05577207 0.23598335 0.89908045
v -0.08109468 0.23330503 0.88429379
v 0.00027482 0.23919189 0.90547126
v -0.03263182 0.26064249 0.90828579
v -0.02808151 0.23829253 0.90458267
v 0.00009515 0.28984275 0.90860444
v -0.0426431 0.32019153 0.92830538
v -0.03790302 0.28625047 0.92082196
v -0.20269016 0.26968726 0.87281549
v -0.18815836 0.24185039 0.83360165
v -0.14279325 0.2425441 0.84395104
v -0.16948415 0.25638157 0.85973048
v -0.22814609 0.23425903 0.82520932
v -0.21438616 0.21819393 0.79445064
v -0.1832529 0.2121282 0.80519741
v -0.20398132 0.22462305 0.81504058
v -0.17814323 0.19286596 0.77690362
v -0.14314389 0.21590508 0.81195592
v -0.16479197 0.19925552 0.79744905
v -0.12090164 0.22797098 0.83260941
v -0.2091747 0.45433303 0.88344413
v -0.15019339 0.40535324 0.91186505
v -0.10518702 0.46011078 0.9009189
v -0.16450141 0.51117545 0.87015354
v -0.15765568 0.457814 0.89523446
v -0.19251599 0.35077583 0.91206836
v -0.09343257 0.35945636 0.92304867
v -0.14206704 0.35487538 0.92014074
v 0.00000338 0.36318153 0.92237103
v -0.04977288 0.40980145 0.91829937
v -0.04653393 0.3623088 0.92742902
v -0.00004386 0.46213099 0.90385705
v -0.05512064 0.51586002 0.88032203
v -0.05261058 0.46152195 0.90313965
v -0.25033196 0.40036019 0.88445437
v -0.29411125 0.35367101 0.88358718
v -0.24134761 0.30713376 0.90054374
v -0.24439331 0.35163402 0.90053355
v -0.27026817 0.50134909 0.84513318
v -0.30875927 0.44471737 0.84674155
v -0.25956037 0.44998449 0.86653679
v -0.36734893 0.4836027 0.8005501
v -0.39826032 0.42832845 0.79689931
v -0.34678196 0.39454793 0.84570759
v -0.35503223 0.43744686 0.82309925
v -0.38583362 0.35169345 0.84575581
v -0.33481335 0.3172259 0.87168139
v -0.34141165 0.35389325 0.86553061
v -0.2863633 0.28404918 0.87169581
v -0.2497445 0.2596302 0.84821552
v -0.24364376 0.27828556 0.87635177
v -0.36469686 0.28923508 0.84745705
v -0.32073611 0.26530262 0.84433138
v -0.32698741 0.28800076 0.86138343
v -0.34743845 0.24185155 0.83095204
v -0.31706675 0.23008684 0.82066321
v -0.28825387 0.2425336 0.83625453
v -0.31866607 0.24285291 0.83592909
v -0.26309871 0.23087595 0.8140583
v -0.25723645 0.23981347 0.83205509
v -0.06877262 0.76929694 0.80589449
v -0.12972056 0.69899106 0.82085216
v -0.06163875 0.63747137 0.84526634
v 0.00009273 0.70499497 0.83220064
v -0.06534225 0.70323658 0.82863253
v -0.20245401 0.7570548 0.78545695
v -0.25352928 0.68467754 0.79627639
v -0.18195022 0.62888211 0.82852381
v -0.1924932 0.6927455 0.80974668
v -0.22755599 0.56228911 0.83544921
v -0.11555586 0.57165277 0.85441815
v -0.172166 0.56769442 0.84633392
v -0.0000053 0.57558888 0.86338865
v -0.05811628 0.5745784 0.86107939
v -0.46839669 0.62146848 0.69644635
v -0.39927846 0.58592647 0.75219309
v -0.36775445 0.6595788 0.75509405
v -0.43932327 0.69829887 0.69612377
v -0.419389 0.64177012 0.72681552
v -0.42833355 0.51900428 0.75011998
v -0.33288294 0.54501557 0.8001458
v -0.38185998 0.53297251 0.77640563
v -0.29571488 0.6128453 0.79932326
v -0.28125858 0.55481046 0.82001948
v -0.32881763 0.73592805 0.75273418
v -0.31252193 0.67410922 0.77903008
v -0.53871887 0.3742389 0.6822384
v -0.50212419 0.35951131 0.74403089
v -0.47677636 0.40564397 0.74252867
v -0.52233362 0.42511153 0.68221247
v -0.50994586 0.39109334 0.71305781
v -0.51945442 0.31772014 0.74170982
v -0.4769181 0.30154562 0.78481847
v -0.46239259 0.33937668 0.79762107
v -0.49341744 0.3295784 0.77031397
v -0.41409304 0.31494 0.8322286
v -0.43314865 0.38165354 0.79972064
v -0.42625412 0.34682002 0.82273638
v -0.45261648 0.45855027 0.74475789
v -0.43962338 0.41813191 0.77079987
v -0.60685581 0.50873303 0.54237276
v -0.55873972 0.50061518 0.61853516
v -0.55093395 0.57134568 0.62456756
v -0.60238659 0.58175742 0.54334491
v -0.58122104 0.54111832 0.58360028
v -0.56688213 0.43775758 0.61560684
v -0.50824648 0.4837453 0.68716406
v -0.53911531 0.46176356 0.65124011
v -0.4909296 0.54944092 0.69295406
v -0.47111865 0.5028209 0.72048664
v -0.53407752 0.64716559 0.62631672
v -0.51299053 0.59820365 0.66256225
v -0.47948661 0.26618981 0.77055561
v -0.43737158 0.24937334 0.79821544
v -0.42938947 0.28261724 0.81173396
v -0.45644778 0.27529007 0.7918784
v -0.44025802 0.21622523 0.78977364
v -0.40149492 0.21242797 0.79523289
v -0.39822706 0.23271606 0.81584608
v -0.42031943 0.22494684 0.80409818
v -0.36353212 0.22434522 0.81238436
v -0.3845956 0.26260745 0.82554864
v -0.37398096 0.23866325 0.82455384
v -0.39879027 0.28742742 0.83046978
v -0.26993459 0.02408689 0.78609329
v -0.29728344 -0.00609948 0.78376931
v -0.25818938 -0.02031587 0.78918933
v -0.26328408 0.00272951 0.78627038
v -0.28247255 0.06108899 0.79201448
v -0.30578142 0.03711502 0.78631794
v -0.27673676 0.04335089 0.78713017
v -0.33559051 0.0522036 0.78686893
v -0.35950812 0.02946529 0.7733699
v -0.33157691 0.01071033 0.77910888
v -0.33344253 0.03232131 0.78144502
v -0.36208766 -0.01810336 0.7699877
v -0.33036264 -0.04009862 0.77861702
v -0.33015167 -0.01340567 0.7777298
v -0.29817462 -0.11146777 0.8153367
v -0.3393442 -0.09964561 0.79674869
v -0.38830041 -0.15353378 0.78983032
v -0.34258446 -0.1349021 0.8049106
v -0.25663277 -0.06621553 0.81138533
v -0.25601086 -0.08945991 0.82222294
v -0.29526478 -0.05682033 0.79395085
v -0.25662478 -0.04311357 0.79970532
v -0.37254408 -0.07641671 0.77712929
v -0.33465975 -0.06810434 0.7880128
v -0.446639 -0.21244745 0.7663421
v -0.50168061 -0.26728534 0.72193104
v -0.48725366 -0.34580001 0.74465817
v -0.46800118 -0.27560025 0.75836235
v -0.52070677 -0.2005075 0.69969636
v -0.56428402 -0.2445172 0.64591932
v -0.54332739 -0.32151511 0.66504275
v -0.53245496 -0.25728583 0.68320351
v -0.57949459 -0.375871 0.60365402
v -0.52576786 -0.40708312 0.68883818
v -0.55171352 -0.39210623 0.64617127
v -0.49916428 -0.42058679 0.72851479
v -0.46994736 -0.1583309 0.73900741
v -0.49496221 -0.10944 0.72341591
v -0.54524833 -0.14093139 0.68692392
v -0.50850492 -0.15158973 0.71337878
v -0.41971507 -0.11659214 0.76514136
v -0.43112352 -0.15996407 0.76668649
v -0.39867454 -0.04847944 0.75777113
v -0.4432559 -0.0789782 0.74348986
v -0.40844917 -0.08013606 0.76114946
v -0.45947337 -0.04239896 0.72480595
v -0.50917321 -0.06444279 0.70600718
v -0.47696131 -0.0735619 0.72509354
v -0.67438858 -0.1680554 0.47062116
v -0.6533817 -0.25346842 0.4949668
v -0.62415123 -0.2091761 0.56689941
v -0.64349192 -0.12771299 0.55201685
v -0.65042722 -0.18739199 0.52189397
v -0.6780948 -0.30644723 0.41958868
v -0.63184541 -0.33957743 0.51596468
v -0.65417641 -0.32165342 0.46852436
v -0.60353159 -0.29071697 0.58505129
v -0.60754823 -0.3582313 0.56113964
v -0.58746057 -0.17352242 0.63207566
v -0.59526443 -0.22848433 0.60774856
v -0.60578954 -0.10690368 0.62228137
v -0.61111265 -0.04556658 0.6186949
v -0.65050447 -0.04761883 0.55673319
v -0.63135677 -0.08162582 0.58793848
v -0.56139046 -0.08604124 0.67474448
v -0.57720077 -0.12629187 0.65588408
v -0.51244264 -0.02368277 0.68721818
v -0.56442469 -0.03595191 0.66244864
v -0.53871125 -0.05204809 0.6849488
v -0.55389833 0.0085133 0.64932036
v -0.59835803 0.00866529 0.61762392
v -0.58469533 -0.01588072 0.63940608
v -0.42147091 -0.01807662 0.74626016
v -0.4385522 0.0123317 0.73611193
v -0.47056019 -0.00689347 0.7108426
v -0.44745633 -0.01371439 0.72972011
v -0.38830834 0.00613903 0.76212757
v -0.39277941 -0.01964774 0.75970947
v -0.38218146 0.04931308 0.76873964
v -0.40735039 0.03072565 0.75210899
v -0.3842431 0.02889425 0.76382184
v -0.42178478 0.05524727 0.74236691
v -0.44685903 0.04123133 0.72085666
v -0.42830961 0.03486223 0.73765468
v -0.51015639 0.01496281 0.6725586
v -0.50240945 0.05155519 0.66135758
v -0.53642535 0.04877188 0.63992667
v -0.52547109 0.03048379 0.65519511
v -0.47713026 0.02779738 0.69902682
v -0.49141854 0.00249954 0.69122499
v -0.45056784 0.0683607 0.70662576
v -0.47595262 0.05970728 0.68524837
v -0.46293368 0.04963783 0.70290136
v -0.47038763 0.08726902 0.67524087
v -0.49163514 0.08376889 0.65681833
v -0.48528957 0.07118762 0.66913092
v -0.73950296 -0.27007705 0.19487495
v -0.7464469 -0.20844212 0.15326282
v -0.73581451 -0.26210257 0.08364886
v -0.74115413 -0.26499971 0.1368353
v -0.74394607 -0.15023474 0.22616055
v -0.75469541 -0.08628706 0.17183107
v -0.75495028 -0.14849323 0.1067593
v -0.75126385 -0.14856812 0.1644397
v -0.76064705 -0.08601424 0.056007
v -0.75349402 -0.1538002 0.01687319
v -0.74088871 -0.2098356 0.0513772
v -0.75328028 -0.15018037 0.05694224
v -0.71842467 -0.26397967 0.00461852
v -0.72560328 -0.26225206 0.03915728
v -0.76093214 -0.22085559 -0.00651064
v -0.78051435 -0.27876642 -0.02007705
v -0.73499971 -0.31045469 -0.02114204
v -0.75063818 -0.27478784 -0.00876521
v -0.78077459 -0.09362079 -0.02097247
v -0.77655398 -0.16025893 -0.03142572
v -0.77206891 -0.15939773 -0.00965949
v -0.7780745 -0.09879165 -0.06612589
v -0.75145632 -0.15503963 -0.05814306
v -0.78408742 -0.21499466 -0.04162688
v -0.76756537 -0.15749464 -0.04439958
v -0.79484736 -0.2537375 -0.05473758
v -0.79575502 -0.31189808 -0.04614602
v -0.7926526 -0.26969018 -0.03806523
v -0.69759297 -0.09164404 0.42745345
v -0.71537613 -0.15512855 0.35037604
v -0.69759774 -0.22707074 0.39049571
v -0.69611632 -0.15901039 0.41183257
v -0.73259002 -0.08940986 0.29932183
v -0.73142796 -0.2153279 0.27298203
v -0.73148417 -0.15243312 0.28833705
v -0.71724951 -0.28494033 0.31121307
v -0.730654 -0.27687662 0.25341162
v -0.69979304 -0.29450362 0.36708462
v -0.63331311 0.01844422 0.57227808
v -0.65863496 0.04533989 0.5215888
v -0.68123132 -0.02076864 0.48791369
v -0.65881097 -0.00267663 0.53570246
v -0.57337206 0.05444149 0.61597675
v -0.60657346 0.07017248 0.58524382
v -0.60524404 0.03791264 0.5993216
v -0.57897698 0.10919409 0.60217845
v -0.60540688 0.1366686 0.57815539
v -0.63039171 0.09747994 0.54770946
v -0.60535836 0.10367135 0.57731849
v -0.65131676 0.1361756 0.51220792
v -0.67943012 0.08847694 0.47327417
v -0.65500199 0.09194185 0.51329696
v -0.70254755 0.03206862 0.42761918
v -0.7201153 -0.02836131 0.36912274
v -0.70064711 -0.02767505 0.4301083
v -0.7001537 0.14073973 0.42919483
v -0.72524625 0.09028927 0.37419658
v -0.70361059 0.0881121 0.42699459
v -0.74050742 0.15249474 0.32257741
v -0.75257855 0.09921164 0.25181579
v -0.74095737 0.03416428 0.31097936
v -0.74296373 0.09423475 0.31568861
v -0.74756521 -0.02500313 0.24148449
v -0.73586314 -0.02709199 0.30612859
v -0.54822272 0.09129379 0.62296259
v -0.52745801 0.11625092 0.64128959
v -0.55490171 0.13454969 0.62852585
v -0.55214458 0.11323761 0.62322163
v -0.516424 0.08335631 0.63828063
v -0.54327517 0.06937812 0.62846201
v -0.48004367 0.10831076 0.66097533
v -0.50221389 0.10858319 0.65211617
v -0.49700075 0.09645914 0.65154749
v -0.48950833 0.12579044 0.66470098
v -0.50950872 0.12996745 0.66240185
v -0.50701528 0.11949367 0.65599274
v -0.53994786 0.2115077 0.68480843
v -0.50510871 0.20582719 0.72320175
v -0.5160703 0.24239324 0.72694939
v -0.55756574 0.24791726 0.68692582
v -0.52932769 0.22783352 0.70514708
v -0.49296462 0.17334587 0.71908116
v -0.4596163 0.17699815 0.73469507
v -0.47227516 0.19623252 0.75547069
v -0.48403167 0.18493577 0.73717272
v -0.43419048 0.19746616 0.76753121
v -0.47708264 0.23021903 0.76209384
v -0.45760124 0.20678305 0.77319812
v -0.52373498 0.27932512 0.73499792
v -0.49929767 0.25527468 0.7487812
v -0.52904629 0.14793567 0.65705937
v -0.55411332 0.17431975 0.65168368
v -0.5828008 0.1615079 0.61495041
v -0.55602312 0.15476422 0.63852751
v -0.48898071 0.13700015 0.67671454
v -0.50404185 0.15043334 0.68633979
v -0.5078541 0.14010526 0.67276388
v -0.47556933 0.1566755 0.70193237
v -0.52156138 0.1776057 0.68634814
v -0.49928784 0.16165776 0.70193022
v -0.57777875 0.2077326 0.64564895
v -0.54829889 0.19351077 0.66688919
v -0.62365889 0.28113481 0.56903356
v -0.59428936 0.28858164 0.62951833
v -0.58852905 0.33401417 0.62275034
v -0.62392509 0.33068478 0.557895
v -0.60873979 0.30932763 0.59493315
v -0.59192967 0.24630361 0.63801175
v -0.56150579 0.28725966 0.68626552
v -0.57877117 0.26813688 0.6611976
v -0.55392915 0.32902854 0.68439263
v -0.54175525 0.30366334 0.71334224
v -0.57708156 0.38287869 0.61720937
v -0.56488162 0.35543069 0.65193563
v -0.68963921 0.35751932 0.39785751
v -0.65858936 0.37688279 0.47674584
v -0.65437561 0.43993344 0.46637085
v -0.68698018 0.42420882 0.38087734
v -0.6742416 0.40076178 0.43083491
v -0.65806549 0.31786498 0.49009019
v -0.61945939 0.38473174 0.54989051
v -0.64075839 0.35327833 0.51861202
v -0.61356395 0.44361159 0.54487651
v -0.59418463 0.41246432 0.58208435
v -0.64775401 0.50706005 0.45766341
v -0.6311686 0.47535058 0.50326895
v -0.61737936 0.23610626 0.58339601
v -0.60477048 0.1957402 0.5998342
v -0.60032075 0.22209523 0.61727184
v -0.653234 0.26370361 0.50847005
v -0.64210069 0.21499697 0.52985328
v -0.63461172 0.2496767 0.54712885
v -0.66894382 0.18280036 0.47875773
v -0.62607038 0.17241254 0.55333423
v -0.64709216 0.17720292 0.51784378
v -0.60557431 0.16741697 0.58608979
v -0.71162229 0.32662159 0.31499946
v -0.71743428 0.26082745 0.34861102
v -0.68990916 0.29457739 0.42068162
v -0.70296216 0.3107073 0.36998671
v -0.73931801 0.21783265 0.27283811
v -0.71425563 0.19856728 0.38741305
v -0.73123562 0.20810799 0.3331899
v -0.68357265 0.23602616 0.44832739
v -0.69245737 0.18998539 0.4357298
v -0.67233777 0.27872908 0.46655812
v -0.7750166 0.11396161 -0.00437421
v -0.77173942 0.04702164 0.05447031
v -0.76689165 0.11042562 0.11788031
v -0.77392643 0.18282727 0.05754426
v -0.7737599 0.11485143 0.05338379
v -0.76498532 -0.0207221 0.00619195
v -0.76487165 -0.02102115 0.11312616
v -0.76651358 -0.0200146 0.05512525
v -0.75895416 0.04115435 0.17988041
v -0.75711315 -0.02279257 0.1762578
v -0.75547927 0.16737775 0.19425335
v -0.75920802 0.10476709 0.1851366
v -0.77040058 0.38758167 0.08139115
v -0.76590895 0.31250518 0.10704477
v -0.74007755 0.35837408 0.20083008
v -0.74582767 0.43263036 0.17947638
v -0.75664472 0.37351205 0.1417551
v -0.77735149 0.2606334 0.01016814
v -0.75993704 0.23865163 0.14437568
v -0.7720716 0.24916681 0.07723134
v -0.73508852 0.28638306 0.23088447
v -0.74672275 0.22796535 0.20943041
v -0.71252304 0.39626938 0.29135236
v -0.72287738 0.34254244 0.25820991
v -0.79435575 0.15499348 -0.07591036
v -0.82311779 0.08617023 -0.07481543
v -0.78052526 0.04136444 -0.03604122
v -0.7879247 0.10291373 -0.04764379
v -0.84732496 0.11934312 -0.12548637
v -0.79978793 0.06107753 -0.13375501
v -0.79870545 0.01952648 -0.09446813
v -0.81982952 0.07467137 -0.10518381
v -0.76853346 -0.04219907 -0.10669843
v -0.79860413 -0.03335455 -0.05897364
v -0.79101133 -0.03903228 -0.08582322
v -0.77469933 -0.02542399 -0.03124661
v -0.80603122 -0.1795592 -0.0611018
v -0.80845522 -0.20074391 -0.07389241
v -0.80492752 -0.26931679 -0.07049062
v -0.79584312 -0.23089683 -0.06871821
v -0.73971176 -0.09749048 -0.10214112
v -0.74714732 -0.14448806 -0.1041551
v -0.74334144 -0.15488986 -0.08488428
v -0.76788294 -0.08513811 -0.14886789
v -0.76244163 -0.10666271 -0.14554809
v -0.78340637 -0.15513517 -0.10030675
v -0.75453567 -0.12489728 -0.12834706
v -0.80736595 -0.15766555 -0.09490849
v -0.81328934 -0.20149168 -0.08833885
v -0.81294006 -0.17197123 -0.07884805
v -0.81822103 0.0811029 -0.1690595
v -0.80607891 0.02077605 -0.16703049
v -0.78752023 -0.00644795 -0.14851494
v -0.80794674 0.03598183 -0.15330734
v -0.82786917 0.03701417 -0.17151148
v -0.80522215 0.00770128 -0.18307587
v -0.78903907 -0.02204893 -0.17104487
v -0.80185914 0.01181767 -0.17471203
v -0.78450191 -0.05112569 -0.17029355
v -0.77945745 -0.05763667 -0.1543712
v -0.78207016 -0.05606797 -0.16288694
v -0.76611173 -0.05020433 -0.13337139
v -0.8311212 -0.24694547 -0.16364817
v -0.84184658 -0.17660082 -0.20835442
v -0.85189199 -0.14925333 -0.25505471
v -0.84570348 -0.23171263 -0.21778063
v -0.84327608 -0.20010143 -0.21145747
v -0.83931839 -0.18858723 -0.15928395
v -0.8582161 -0.14174412 -0.17823387
v -0.85844934 -0.12386882 -0.234905
v -0.85389232 -0.15662272 -0.19581398
v -0.86869931 -0.08321803 -0.23366457
v -0.87178337 -0.05152469 -0.27535909
v -0.86141806 -0.09135946 -0.27009376
v -0.86371147 -0.09011995 -0.26225033
v -0.86804717 -0.03892503 -0.29871285
v -0.87132024 -0.11035749 -0.30164626
v -0.85837924 -0.09566487 -0.28201472
v -0.87339174 0.07711076 -0.31135547
v -0.87222594 0.10320162 -0.29883116
v -0.9013592 0.1488946 -0.27633389
v -0.88387388 0.12396866 -0.30476644
v -0.87381267 0.00452273 -0.29449707
v -0.87266093 0.02049572 -0.30718794
v -0.87450897 -0.02073347 -0.25660264
v -0.87452542 0.03456242 -0.27902215
v -0.87576341 -0.0092309 -0.2769466
v -0.87185204 0.04679143 -0.25457039
v -0.86873656 0.10263066 -0.27242565
v -0.87065219 0.07434666 -0.27968925
v -0.78326231 0.22279427 -0.08627953
v -0.81327629 0.18742716 -0.16788238
v -0.88900333 0.17234478 -0.12847247
v -0.81459796 0.18335405 -0.12235701
v -0.7997803 0.23980818 -0.20383711
v -0.90574795 0.21011889 -0.23003494
v -0.81339561 0.18013152 -0.21292573
v -0.91799289 0.15595583 -0.23573732
v -0.92058503 0.16562883 -0.18680796
v -0.93134915 0.17284745 -0.23207998
v -0.8808819 0.13714449 -0.16876716
v -0.90091222 0.14442315 -0.15369595
v -0.87851351 0.15202231 -0.25992256
v -0.89777666 0.14773376 -0.21459792
v -0.91321504 0.15341313 -0.24283495
v -0.86737239 0.06381282 -0.23625618
v -0.86068201 0.09487967 -0.22010725
v -0.86533308 0.10971043 -0.2525962
v -0.83797395 0.03516968 -0.18771565
v -0.84498941 0.09902605 -0.19088144
v -0.83763116 0.06969173 -0.19567851
v -0.85459619 0.1257427 -0.18611817
v -0.79958218 0.32494649 -0.3452337
v -0.804448 0.41573363 -0.36696079
v -0.78677493 0.35795655 -0.4560782
v -0.79451274 0.34107878 -0.39836251
v -0.80250269 0.29731369 -0.23844122
v -0.80769574 0.38152054 -0.25691968
v -0.80241775 0.30929088 -0.29343128
v -0.80693006 0.43786495 -0.15926399
v -0.81105524 0.52385824 -0.17467957
v -0.8136599 0.47093799 -0.27324837
v -0.81226146 0.45349484 -0.21641093
v -0.81584662 0.5625236 -0.29397293
v -0.80402648 0.51036739 -0.39322784
v -0.811576 0.48975807 -0.33152863
v -0.78790676 0.28724947 -0.11511634
v -0.79815858 0.35648751 -0.1415112
v -0.79614245 0.29259499 -0.17765869
v -0.78329664 0.33681607 -0.01875828
v -0.78147232 0.27566802 -0.05327142
v -0.77492499 0.46390441 0.06226111
v -0.79018658 0.41227969 -0.0403725
v -0.7808814 0.40035107 0.02045054
v -0.79581755 0.49209106 -0.05724466
v -0.79924458 0.42437043 -0.10047956
v -0.71027666 0.60719203 -0.69153404
v -0.73739731 0.50004857 -0.63949859
v -0.77215004 0.55675822 -0.53171229
v -0.75159043 0.66144585 -0.57576036
v -0.74556553 0.58154928 -0.60939019
v -0.6905089 0.43924498 -0.74449211
v -0.75379484 0.39666089 -0.58971935
v -0.72618699 0.41764292 -0.66499054
v -0.78280413 0.45538562 -0.49156194
v -0.77396124 0.37662082 -0.52011126
v -0.79565227 0.60880148 -0.42519879
v -0.79105806 0.53289485 -0.45977032
v -0.65564268 0.54723292 -0.80370736
v -0.58287978 0.48305654 -0.90161508
v -0.64410209 0.46133527 -0.82520061
v -0.67151778 0.71869856 -0.74357581
v -0.603055 0.65854626 -0.85755509
v -0.66439032 0.63338327 -0.77608823
v -0.52857357 0.77023589 -0.89869594
v -0.430727 0.700028 -0.99026596
v -0.51643204 0.59162896 -0.95333838
v -0.52380156 0.68100959 -0.93002921
v -0.41752514 0.52145427 -1.02546739
v -0.50664955 0.5032829 -0.9694004
v -0.33102363 0.8055315 -1.0068053
v -0.21976797 0.72584527 -1.06655645
v -0.32397067 0.62543296 -1.0558449
v -0.32811006 0.71515464 -1.03620743
v -0.11067105 0.82264387 -1.05470752
v 0.00056202 0.7340042 -1.08769106
v -0.10871555 0.64254444 -1.10157215
v -0.10972951 0.7319349 -1.08248043
v 0.00023485 0.55602115 -1.11846542
v -0.21433115 0.54826766 -1.09697818
v -0.10762446 0.55435705 -1.11344921
v -0.31883755 0.53694003 -1.06798648
v -0.22335822 0.90739393 -0.99934637
v -0.11195877 1.00473213 -0.96805095
v 0.00120009 0.91708976 -1.02416694
v -0.11144118 0.91430658 -1.01729786
v -0.4367479 0.87891411 -0.92027747
v -0.3337835 0.98425352 -0.91776543
v -0.33311235 0.8957116 -0.96749806
v -0.43076682 1.04546821 -0.80795443
v -0.32126668 1.14270782 -0.77440857
v -0.2231601 1.08456957 -0.88616299
v -0.33100792 1.06878066 -0.85428452
v -0.1087019 1.17282915 -0.82145047
v 0.00169125 1.09499597 -0.90997892
v -0.11166305 1.09303677 -0.90452712
v -0.61044037 0.83121138 -0.78577703
v -0.52869153 0.94075298 -0.81019866
v -0.53087765 0.85765397 -0.85933303
v -0.71968978 0.76921397 -0.62048173
v -0.6666724 0.87749773 -0.65793001
v -0.67254054 0.80071133 -0.70409941
v -0.70236951 0.91302758 -0.529931
v -0.63929951 1.01198959 -0.54924714
v -0.59495466 0.98356461 -0.68057024
v -0.65567576 0.94841009 -0.60632675
v -0.50489902 1.08312642 -0.67751514
v -0.51980769 1.01657533 -0.7492249
v -0.77894878 0.70978534 -0.46105185
v -0.74970781 0.81199151 -0.49803125
v -0.75439202 0.73877018 -0.53881466
v -0.80674088 0.65705096 -0.32001477
v -0.78896695 0.75332218 -0.3496519
v -0.79568201 0.68253994 -0.38836297
v -0.7830289 0.79433369 -0.24149531
v -0.75202894 0.88326966 -0.2678985
v -0.75964707 0.84887349 -0.38017797
v -0.7746191 0.82053005 -0.30945909
v -0.71550756 0.94100058 -0.4073227
v -0.73643744 0.87978225 -0.45403307
v -0.75565367 0.79070013 -0.01127292
v -0.78351956 0.74717038 -0.1133736
v -0.7945491 0.65982741 -0.09256479
v -0.76963478 0.70594024 0.00839648
v -0.77801829 0.72596824 -0.0519896
v -0.76335662 0.83471012 -0.13592471
v -0.80105912 0.70262998 -0.2160335
v -0.78558856 0.76987904 -0.17625308
v -0.81114572 0.6121301 -0.19340577
v -0.81189298 0.63360297 -0.2552604
v -0.79794096 0.57472366 -0.07401789
v -0.80582064 0.59254068 -0.13334769
v -0.77774387 0.54238408 0.04503323
v -0.7764979 0.62302851 0.02722251
v -0.78871744 0.5582562 -0.01454106
v -0.75180369 0.50907105 0.1628274
v -0.7513082 0.58702904 0.14603848
v -0.76552689 0.5263136 0.10434392
v -0.71744346 0.6227532 0.24597913
v -0.70830738 0.7025488 0.2297948
v -0.74562531 0.66656458 0.12817275
v -0.73234844 0.64574873 0.18761564
v -0.73479324 0.74821674 0.10979826
v -0.75853812 0.68643325 0.06841227
v -0.64451652 0.58036136 0.45208409
v -0.68277674 0.56835669 0.35703244
v -0.68214815 0.49416059 0.36714619
v -0.66532659 0.53829294 0.40896704
v -0.67715245 0.64658713 0.34545517
v -0.72015374 0.54475003 0.26091122
v -0.70040345 0.59672159 0.30250296
v -0.7155081 0.46895533 0.27440193
v -0.73408848 0.48985046 0.21942012
v -0.69885063 0.44692257 0.32801911
v -0.6371929 0.65947926 0.44572147
v -0.61979234 0.74084049 0.43534153
v -0.66633915 0.72794807 0.33280554
v -0.6516028 0.69503891 0.39037445
v -0.59145134 0.66028755 0.54175359
v -0.62100487 0.62148153 0.49709305
v -0.50843346 0.7268027 0.62308067
v -0.56934738 0.74144452 0.53474026
v -0.5532 0.69540476 0.58373385
v -0.53721058 0.82309037 0.52229291
v -0.59186458 0.82215809 0.42037713
v -0.58139729 0.78361064 0.47949531
v -0.55470144 0.90181636 0.40022039
v -0.61291825 0.88899147 0.29663461
v -0.64445602 0.8089531 0.31663736
v -0.60246223 0.85722309 0.35917955
v -0.57126146 0.96642583 0.27153095
v -0.63000762 0.94283449 0.16935271
v -0.66626453 0.86414015 0.19266058
v -0.62221688 0.91746664 0.23309075
v -0.71561217 0.83076119 0.09044
v -0.69228273 0.78353446 0.212613
v -0.70406758 0.80766969 0.15139704
v -0.67938739 0.75715911 0.27312398
v -0.72977262 0.87438696 -0.03274739
v -0.69067305 0.95303702 -0.0566072
v -0.72851675 0.91773247 -0.1598479
v -0.73131167 0.89584386 -0.09562674
v -0.68409627 0.91128188 0.06847685
v -0.72454613 0.85289084 0.02924486
v -0.58426523 1.01768946 0.14188844
v -0.64181649 0.98754167 0.04316481
v -0.63686144 0.96616649 0.10618962
v -0.59170562 1.05823838 0.01277062
v -0.64298486 1.02534937 -0.08391673
v -0.64384967 1.0070275 -0.02013322
v -0.5918045 1.09218549 -0.11817164
v -0.63371914 1.06326115 -0.21118877
v -0.68289804 0.99369478 -0.18469215
v -0.63981717 1.04385232 -0.14809286
v -0.58657687 1.12270975 -0.2426989
v -0.60486215 1.11020803 -0.32161805
v -0.65730685 1.04275417 -0.31153461
v -0.62340521 1.0843805 -0.27061578
v -0.65995073 1.02905571 -0.42436671
v -0.70793092 0.96598613 -0.29201471
v -0.68849903 0.99516272 -0.35870152
v -0.72080385 0.94061487 -0.22557038
v -0.56085169 1.10468018 -0.54595571
v -0.47061196 1.18491244 -0.51393008
v -0.4032576 1.17163837 -0.64424324
v -0.48771685 1.13984 -0.59851092
v -0.59503328 1.11206233 -0.42364662
v -0.61834931 1.06696629 -0.48749285
v -0.55283695 1.16203033 -0.29873108
v -0.5216282 1.18287205 -0.39416715
v -0.57205992 1.14531254 -0.36082574
v -0.4391427 1.23420548 -0.3341377
v -0.37645086 1.24884975 -0.45326337
v -0.45422586 1.21650528 -0.42491525
v -0.20786094 1.22571182 -0.7104026
v -0.09924108 1.28683543 -0.62137061
v 0.00171101 1.24004852 -0.7295978
v -0.10327758 1.23748099 -0.72542536
v -0.29764089 1.24684977 -0.58306276
v -0.3087123 1.2016015 -0.68277847
v -0.28039747 1.29863238 -0.36997041
v -0.19305154 1.30397748 -0.49786883
v -0.28841209 1.27929234 -0.47806352
v -0.09350006 1.33852684 -0.39583149
v 0.00093951 1.32456779 -0.51498758
v -0.09585324 1.31933915 -0.51086205
v -0.34127622 1.26184606 -0.06700275
v -0.41911748 1.23524165 -0.15753957
v -0.47904345 1.18357002 -0.08241076
v -0.40888947 1.21019601 0.00795637
v -0.41333907 1.22473216 -0.07313709
v -0.35484451 1.27512109 -0.25375637
v -0.49081915 1.20136797 -0.23703905
v -0.42729988 1.23925519 -0.24463295
v -0.54030638 1.15258157 -0.16625119
v -0.5436477 1.16194474 -0.2340897
v -0.53682249 1.12356507 -0.02719575
v -0.5384134 1.13904988 -0.09672944
v -0.00029059 1.33531463 -0.05822754
v -0.09114636 1.34074521 -0.16531144
v -0.17733614 1.31317412 -0.06030356
v -0.08798775 1.3123871 0.04049383
v -0.08975255 1.32886934 -0.05879544
v 0.00001632 1.3505398 -0.28232449
v -0.18421956 1.32876122 -0.2712354
v -0.09215838 1.34458518 -0.27866414
v -0.26728245 1.30257093 -0.16042724
v -0.27320897 1.30553948 -0.26283678
v -0.25739741 1.27560508 0.02923793
v -0.26192429 1.29135501 -0.06295827
v -0.32574728 1.18567335 0.25657478
v -0.40124499 1.17385721 0.1601894
v -0.46428507 1.11015284 0.20533891
v -0.39386847 1.12370979 0.3041287
v -0.39769402 1.1510384 0.23292042
v -0.33214655 1.2291764 0.10228224
v -0.4722456 1.15189921 0.06508044
v -0.40486824 1.19323611 0.08540786
v -0.5311017 1.08760285 0.10829432
v -0.53453421 1.10667228 0.04104665
v -0.52090078 1.04023134 0.24127429
v -0.52646452 1.0655775 0.17488867
v -0.30821427 1.0342518 0.53266888
v -0.38355889 1.0522027 0.44120439
v -0.44116124 0.97729671 0.4736016
v -0.37008267 0.96045512 0.56593126
v -0.37684181 1.00818884 0.50512415
v -0.31913861 1.12294161 0.40148061
v -0.45391741 1.052688 0.34197816
v -0.389117 1.09070265 0.37377986
v -0.50769513 0.97819572 0.37365898
v -0.51450139 1.01100719 0.30766886
v -0.49456769 0.90265917 0.50227618
v -0.50106352 0.94218945 0.438766
v -0.47531956 0.80929487 0.61575728
v -0.42918494 0.88853997 0.59742236
v -0.48672074 0.85861456 0.56233292
v -0.40490388 0.77946138 0.69387495
v -0.45857667 0.75480115 0.65968805
v -0.27811119 0.81015133 0.73728603
v -0.35625889 0.85705113 0.67725706
v -0.34373402 0.79748433 0.71910697
v -0.29475465 0.9274798 0.64576643
v -0.36407306 0.91076076 0.62450301
v -0.14190438 0.82795637 0.76410061
v -0.21755728 0.88131368 0.71060752
v -0.21066364 0.81986004 0.75164663
v 0.00010222 0.83491027 0.77504116
v -0.07397577 0.89765071 0.73457109
v -0.07147356 0.83332121 0.77249878
v 0.00004961 0.96321219 0.69416207
v -0.07816363 1.01999533 0.6386888
v -0.15119451 0.95345205 0.68040472
v -0.07628154 0.96091723 0.69078254
v -0.22958013 0.99952197 0.61238938
v -0.22371958 0.94147032 0.66419404
v -0.23967851 1.10342204 0.49139463
v -0.16385822 1.16243648 0.43833544
v -0.24612847 1.18262171 0.35054221
v -0.24337168 1.14656782 0.42303067
v -0.15843445 1.06745958 0.57060122
v -0.23497405 1.05395329 0.5546562
v -0.00000841 1.07727468 0.58314615
v -0.08113706 1.12571859 0.51610887
v -0.07972546 1.07490837 0.57997834
v -0.00000325 1.17543661 0.45124122
v -0.08353786 1.2119199 0.37524497
v -0.08241758 1.1719861 0.44782656
v -0.00008077 1.24869644 0.30175229
v -0.08532362 1.27043569 0.21764424
v -0.16740903 1.23105847 0.28927353
v -0.08436135 1.24376499 0.29834786
v -0.00019832 1.29878664 0.13454297
v -0.17136719 1.27876305 0.12564256
v -0.08652859 1.29329931 0.13217502
v -0.25080415 1.23654747 0.19732807
v -0.25376597 1.25748384 0.11562304
v -0.24839279 1.21206998 0.27534553
v -0.80295461 -0.01662587 -0.20142674
v -0.80961155 -0.03889669 -0.22288957
v -0.78429883 -0.06846308 -0.1777472
v -0.79077357 -0.04553287 -0.19368757
v -0.84390533 0.01611696 -0.208884
v -0.82230168 0.00903752 -0.19387623
v -0.85620653 -0.00261305 -0.23022455
v -0.86388903 0.02797112 -0.23050519
v -0.83515828 -0.05905897 -0.22886395
v -0.84514838 -0.03110797 -0.23287999
v -0.8229928 -0.11333426 -0.19587974
v -0.79490047 -0.09136114 -0.19508694
v -0.82742524 -0.08542677 -0.21609605
v -0.8377996 -0.17224834 -0.13662329
v -0.81613087 -0.14191275 -0.13599683
v -0.83334595 -0.13900494 -0.16077023
v -0.8226397 -0.18054696 -0.1006691
v -0.78434634 -0.12629276 -0.14188051
v -0.80760639 -0.1493325 -0.11343404
v -0.77653747 -0.09347911 -0.16515174
v -0.8205797 -0.24041113 -0.13326941
v -0.81761598 -0.21366004 -0.11658482
v -0.82649767 -0.20604993 -0.13502365
v -0.8109405 -0.31750571 -0.13212221
v -0.81423521 -0.2911098 -0.10330887
v -0.82090073 -0.27678144 -0.12905186
v -0.80558604 -0.31641632 -0.07657353
v -0.80869734 -0.25138133 -0.09398637
v -0.81007224 -0.28928297 -0.08382092
v -0.81242924 -0.21347676 -0.10124789
v -0.16195543 -0.20867757 0.95046925
v -0.15177938 -0.16378764 0.96796089
v -0.16960828 -0.17341916 0.93189662
v -0.12053692 -0.23345962 0.96485036
v -0.12817351 -0.22733277 0.99374306
v -0.14048703 -0.23005002 0.96064853
v -0.09201789 -0.24709823 1.02871286
v -0.12808919 -0.19318465 1.01814103
v -0.11317796 -0.22800414 1.02713978
v -0.13044083 -0.15716166 1.00139915
v -0.76474648 -0.34741458 -0.04969196
v -0.71034807 -0.34955304 -0.07000239
v -0.71923017 -0.33162614 -0.03950088
v -0.78628605 -0.3526732 -0.09525182
v -0.79377692 -0.33827149 -0.0658508
v -0.79537397 -0.30147701 -0.17955565
v -0.75048309 -0.34668511 -0.12912572
v -0.78062969 -0.34372061 -0.13518285
v -0.74046385 -0.29024368 -0.15758541
v -0.72113746 -0.33771428 -0.11462813
v -0.78510671 -0.23867465 -0.22037063
v -0.77677577 -0.17662419 -0.26810532
v -0.75714606 -0.22979474 -0.20830324
v -0.83457303 -0.18865338 -0.28363031
v -0.81518036 -0.24608066 -0.22921571
v -0.82153964 -0.11879009 -0.32119357
v -0.8556981 -0.12606208 -0.33357292
v -0.79414236 -0.11293789 -0.31264156
v -0.04715322 -0.24556103 1.01060688
v -0.0407283 -0.23885092 0.97326183
v -0.04006258 -0.25637796 1.01099097
v -0.09991636 -0.23484192 0.98923003
v -0.07608982 -0.24937701 1.0226531
v -0.08986161 -0.21811972 0.92872273
v -0.11233456 -0.22872699 0.95160192
v -0.05280778 -0.2355182 0.93317413
v -0.02425082 -0.55787855 0.94415462
v -0.05065309 -0.56285989 0.94265979
v -0.02721881 -0.5718404 0.94755888
v 0.00001956 -0.5644356 0.94796228
v -0.025703 -0.56398147 0.94659996
v -0.07029678 -0.55498403 0.93692278
v -0.09811136 -0.55911719 0.92955488
v -0.07966702 -0.56950253 0.93638253
v -0.07479395 -0.56138563 0.93709951
v -0.11063626 -0.57655841 0.92327809
v -0.05723069 -0.58169615 0.94197219
v -0.08467903 -0.57997649 0.9340443
v -0.00000284 -0.58286541 0.94793784
v -0.02888817 -0.58265382 0.94698876
v -0.04475767 -0.55052816 0.93825155
v -0.06181064 -0.54155129 0.93248134
v -0.08648192 -0.54658496 0.93082577
v -0.06597786 -0.5488699 0.93542254
v 0.00004199 -0.55224525 0.94108122
v -0.02119616 -0.54578447 0.93526053
v -0.02272964 -0.55176842 0.94008564
v 0.00006933 -0.5422188 0.9330157
v -0.01915298 -0.53642946 0.93017625
v -0.03970597 -0.53730928 0.92928099
v -0.02054627 -0.54089522 0.93166309
v -0.05562565 -0.52869826 0.92638254
v -0.07650215 -0.53291666 0.92720836
v -0.05816757 -0.53454619 0.92847788
v -0.11225148 -0.55005496 0.92094123
v -0.13760684 -0.55205947 0.90315669
v -0.12641614 -0.56248664 0.91365319
v -0.11920911 -0.55578714 0.91784113
v -0.14503611 -0.5437119 0.89405161
v -0.16780285 -0.54353803 0.8726629
v -0.16248893 -0.55267053 0.88004982
v -0.15376475 -0.54808121 0.88761299
v -0.18684579 -0.55326622 0.85292327
v -0.15369182 -0.5643897 0.89062476
v -0.17114757 -0.55857849 0.87182629
v -0.13363476 -0.57082372 0.90827792
v -0.09060262 -0.52512002 0.92223918
v -0.10931612 -0.52926206 0.91531109
v -0.0994779 -0.5377053 0.92343276
v -0.09397941 -0.53118258 0.9227907
v -0.11849656 -0.52313482 0.90840846
v -0.13187617 -0.52522182 0.89863628
v -0.12850554 -0.53249603 0.90316683
v -0.12172453 -0.52749496 0.90633469
v -0.14894385 -0.53470319 0.88786727
v -0.12228435 -0.54158896 0.91160285
v -0.13656571 -0.53839522 0.89925581
v -0.10563468 -0.54421973 0.92289638
v -0.06049075 -0.50001567 0.95427334
v -0.04112593 -0.49570035 0.96245652
v -0.06218455 -0.48654717 0.96226787
v -0.08084213 -0.4944368 0.95315975
v -0.06131993 -0.493438 0.95859497
v -0.02010162 -0.50618457 0.96049869
v 0.00014289 -0.50216102 0.96524417
v -0.02036638 -0.49445015 0.9662708
v -0.02002233 -0.49982583 0.96387732
v 0.00019725 -0.49380672 0.9688555
v -0.04419638 -0.47866198 0.9695397
v -0.02184128 -0.48810118 0.96890622
v -0.08388137 -0.48048472 0.95942771
v -0.06409841 -0.4767985 0.96627891
v -0.03969477 -0.51026725 0.95163315
v -0.01955598 -0.52203261 0.9453445
v 0.00010018 -0.51520067 0.9556328
v -0.01997808 -0.51368051 0.95444732
v -0.07859366 -0.50618249 0.94508171
v -0.05745894 -0.51510566 0.94102793
v -0.05915062 -0.50735634 0.94856745
v -0.07391665 -0.52039462 0.93077677
v -0.03751919 -0.52570343 0.93293321
v -0.05578604 -0.52232724 0.93196082
v 0.00009168 -0.53135895 0.935804
v -0.01900439 -0.52980291 0.93509107
v -0.1374986 -0.50899958 0.91723525
v -0.12318647 -0.50151443 0.93169927
v -0.15008196 -0.50488793 0.91437888
v -0.16193774 -0.51157838 0.90005576
v -0.14345233 -0.50677156 0.91606545
v -0.09989389 -0.50146997 0.942227
v -0.10372252 -0.4927659 0.94648677
v -0.10166953 -0.49718266 0.94455057
v -0.13400191 -0.49345135 0.93276166
v -0.10788761 -0.48579132 0.94916623
v -0.18042686 -0.50616294 0.89246809
v -0.15859438 -0.50120854 0.9129033
v -0.1153844 -0.50880163 0.9289779
v -0.09443213 -0.51274246 0.93341368
v -0.09754017 -0.50669306 0.93868851
v -0.14613796 -0.51552295 0.90396028
v -0.12587223 -0.51557755 0.91512936
v -0.13164362 -0.51197058 0.91701048
v -0.13186329 -0.5209763 0.90308153
v -0.10740097 -0.51914745 0.92047512
v -0.12086292 -0.51953858 0.91195714
v -0.09142001 -0.51919329 0.92690777
v -0.18762911 -0.52440577 0.86147064
v -0.19029863 -0.5205785 0.86863607
v -0.21522748 -0.52292019 0.84505146
v -0.20550729 -0.52635741 0.84402602
v -0.19985674 -0.52390623 0.85441339
v -0.16834516 -0.51766234 0.88842666
v -0.18823261 -0.5141071 0.87862098
v -0.17798022 -0.51613128 0.88415175
v -0.21612799 -0.51549893 0.85312455
v -0.19955061 -0.51010716 0.87246644
v -0.24592623 -0.52678376 0.81927043
v -0.23280769 -0.52043384 0.83392888
v -0.16947351 -0.5350278 0.86938184
v -0.1908448 -0.53465563 0.84657001
v -0.19102747 -0.54321837 0.84671562
v -0.17981089 -0.53876197 0.85880088
v -0.18852794 -0.52828371 0.85420996
v -0.21779531 -0.53224796 0.82532006
v -0.20131261 -0.53004849 0.84059578
v -0.22195011 -0.54345297 0.81630492
v -0.23933492 -0.53583979 0.8106817
v -0.20335744 -0.54868561 0.83386749
v -0.16929455 -0.52287679 0.87798064
v -0.14970684 -0.52141445 0.89253193
v -0.15895211 -0.51937127 0.89094698
v -0.16923776 -0.52827948 0.8710401
v -0.17830869 -0.52614128 0.86610525
v -0.14960293 -0.52725195 0.88656228
v -0.15956325 -0.53131264 0.878461
v -0.14073243 -0.52333945 0.89447879
v -0.23664639 0.18828506 0.76758945
v -0.21415551 0.18161083 0.76437073
v -0.22975832 0.19583755 0.78237903
v -0.2541219 0.2014006 0.78349655
v -0.23396594 0.19243988 0.77439028
v -0.20269586 0.16567455 0.74075782
v -0.18456833 0.15382997 0.75401145
v -0.19343495 0.17398197 0.76421809
v -0.19732806 0.1683415 0.75668996
v -0.17347447 0.16941271 0.76731592
v -0.20474664 0.1948509 0.77552539
v -0.18812605 0.18238788 0.76902079
v -0.244293 0.21318855 0.79756701
v -0.22326484 0.20500758 0.78676033
v -0.20580136 0.13992741 0.73362809
v -0.22024992 0.12687046 0.761119
v -0.19331267 0.12004351 0.75564783
v -0.17809632 0.13452695 0.7361055
v -0.19773145 0.12900966 0.74501746
v -0.24516549 0.12801671 0.76343113
v -0.26612591 0.11198694 0.78159266
v -0.24008923 0.10678105 0.77635741
v -0.2438541 0.11945161 0.77236086
v -0.26043957 0.08337246 0.7849428
v -0.21022239 0.09885007 0.76571595
v -0.23479847 0.09098044 0.7756735
v -0.16920217 0.11499941 0.76327872
v -0.18717028 0.10664378 0.76204836
v -0.28685116 0.1160689 0.77875202
v -0.31090986 0.10524886 0.78862536
v -0.28821316 0.09350342 0.79182481
v -0.28851184 0.1071895 0.78779089
v -0.32749563 0.11525612 0.78121101
v -0.35217779 0.10646726 0.78097111
v -0.33519727 0.09018073 0.78927922
v -0.33215734 0.10528682 0.78568643
v -0.35824626 0.07018904 0.77997666
v -0.31170219 0.07407161 0.79188603
v -0.33579704 0.07173299 0.7873401
v -0.28633067 0.07774347 0.79151761
v -0.36322966 0.12005687 0.77199119
v -0.38683876 0.11127825 0.76742923
v -0.37550741 0.09097992 0.77366143
v -0.37046733 0.10866636 0.77516955
v -0.39048871 0.12577655 0.75458037
v -0.41412147 0.11809554 0.74586373
v -0.40838062 0.09632162 0.75294661
v -0.40151014 0.11437227 0.75769197
v -0.43020546 0.07996249 0.73226058
v -0.39816236 0.07180632 0.76036346
v -0.41579997 0.07530943 0.74786585
v -0.37887999 0.06994732 0.77073919
v -0.41184583 0.13296057 0.73157572
v -0.4344649 0.12668056 0.71751695
v -0.43304145 0.10472286 0.72521537
v -0.4250822 0.1222279 0.73216962
v -0.42885431 0.14434307 0.70797878
v -0.44351682 0.13789352 0.68745559
v -0.45051756 0.11508457 0.69504183
v -0.44090449 0.13112928 0.7027809
v -0.46351274 0.11037644 0.67260825
v -0.45139917 0.09261257 0.69777661
v -0.45881086 0.10088962 0.68318319
v -0.44213214 0.08585141 0.71507155
v -0.38090741 0.19329007 0.7761603
v -0.36806038 0.1995656 0.78909558
v -0.38670906 0.19648383 0.78983706
v -0.3970294 0.1887637 0.77243477
v -0.38315859 0.19419811 0.78299713
v -0.34980338 0.20308008 0.78508079
v -0.33341842 0.20739328 0.79417431
v -0.35383501 0.206248 0.80073702
v -0.35159564 0.2041402 0.79194146
v -0.33761921 0.21428522 0.81160348
v -0.37531492 0.20654617 0.80257725
v -0.35736528 0.21120314 0.8080089
v -0.40845379 0.19369281 0.78320032
v -0.39233574 0.20058214 0.79429417
v -0.42861017 0.16417169 0.71681726
v -0.42084696 0.17713598 0.7372511
v -0.43748465 0.16800861 0.72476631
v -0.44064569 0.15460397 0.70165866
v -0.4316836 0.16715772 0.7185679
v -0.40587607 0.18322929 0.7515276
v -0.41488075 0.18415588 0.76354372
v -0.40926602 0.18403467 0.7563036
v -0.43567177 0.17769664 0.75168627
v -0.42298126 0.18662153 0.76851916
v -0.455614 0.157073 0.7172839
v -0.44629341 0.16720728 0.7338112
v -0.3120751 0.2054433 0.79358226
v -0.29397529 0.20910279 0.79550826
v -0.3147279 0.21038268 0.80557781
v -0.31392979 0.20868663 0.79639697
v -0.27467909 0.20284697 0.78474289
v -0.27186569 0.20907543 0.79983234
v -0.27418932 0.2071702 0.79034584
v -0.29246553 0.21868968 0.81144404
v -0.26831376 0.21756342 0.80558949
v -0.31563037 0.21717716 0.81336146
v -0.14782112 0.14894308 0.7712863
v -0.14622095 0.13169902 0.77258783
v -0.13542333 0.13974893 0.77618861
v -0.16879227 0.14993521 0.76428377
v -0.16026145 0.15853554 0.76812762
v -0.1650117 0.13378049 0.75774973
v -0.17402529 0.143307 0.7520855
v -0.15697749 0.12354929 0.76823705
v -0.4554426 0.1443573 0.69608318
v -0.45806634 0.1284978 0.68038547
v -0.44803342 0.14098288 0.68759363
v -0.469765 0.139445 0.6890971
v -0.46306961 0.14738895 0.70286154
v -0.471989 0.1253943 0.67380046
v -0.47776976 0.13281154 0.67551368
v -0.46730136 0.11863756 0.6704722
v -0.31342437 0.16026848 0.80078357
v -0.29438209 0.17360319 0.79794603
v -0.31058275 0.18371892 0.80020099
v -0.3303059 0.17144309 0.80086171
v -0.31172248 0.17279811 0.80136531
v -0.28164374 0.16112831 0.79240459
v -0.26775834 0.16912725 0.78583192
v -0.27728119 0.18242901 0.79003351
v -0.27994906 0.1728474 0.79217088
v -0.25854241 0.18746408 0.77920436
v -0.29194939 0.19563111 0.79309171
v -0.2751075 0.1929228 0.78682833
v -0.33037272 0.19465377 0.79694038
v -0.31061166 0.1958455 0.79719018
v -0.37624013 0.16044335 0.77894145
v -0.36274096 0.16980846 0.78846025
v -0.37679207 0.1769693 0.7789722
v -0.38731166 0.16664917 0.77142632
v -0.37572014 0.16908693 0.77991414
v -0.3491255 0.15970505 0.79465544
v -0.34771025 0.1802944 0.79544907
v -0.34770155 0.17043574 0.79604303
v -0.36495363 0.18975107 0.78466033
v -0.34901151 0.19225102 0.79228723
v -0.39187178 0.18195033 0.76693415
v -0.37880563 0.18700842 0.77606314
v -0.36649739 0.14911575 0.78313511
v -0.35542008 0.1382617 0.78548216
v -0.3345257 0.1462669 0.79607415
v -0.35171204 0.14755234 0.7906903
v -0.38997533 0.15471252 0.76806026
v -0.38356497 0.14326959 0.77026295
v -0.37923806 0.15121094 0.77531659
v -0.40084448 0.13818055 0.75465077
v -0.37492418 0.13227734 0.77240771
v -0.38858476 0.13493278 0.76421409
v -0.34253791 0.1265288 0.78492891
v -0.35979259 0.12945357 0.77941155
v -0.29755103 0.14580963 0.79482716
v -0.28248527 0.13598069 0.78599166
v -0.26859751 0.15137438 0.78422486
v -0.28200367 0.14712198 0.7896471
v -0.31904074 0.13450758 0.79306441
v -0.31572771 0.14563049 0.79756373
v -0.30298033 0.12391188 0.78607404
v -0.32307568 0.12444179 0.78748166
v -0.26442536 0.13095533 0.77590769
v -0.28358188 0.12580272 0.78191554
v 0.11684937 -2.05159521 -0.92961758
v 0.2324153 -2.07285642 -0.83320635
v 0.11433773 -2.06452107 -0.74067544
v 0.1149 -2.08197188 -0.83388024
v 0.35296583 -2.06631159 -0.92331224
v 0.4720419 -2.06446504 -0.82265114
v 0.34764546 -2.03902316 -0.73527878
v 0.35042589 -2.0541718 -0.82917958
v 0.46221426 -2.06518292 -0.63696771
v 0.33738261 -2.07695913 -0.5493378
v 0.22672891 -2.06417775 -0.64480269
v 0.34299135 -2.06825447 -0.64178323
v 0.11103873 -2.06425547 -0.55301308
v 0.1128012 -2.06433224 -0.64643448
v 0.48021009 -2.0679481 -1.18922412
v 0.35668227 -2.06629967 -1.10652184
v 0.23997731 -2.06773638 -1.1986351
v 0.36245924 -2.06868243 -1.28753304
v 0.35972586 -2.0677669 -1.19560086
v 0.47554329 -2.06570839 -1.0100125
v 0.2358818 -2.0659399 -1.02044725
v 0.35462719 -2.06613588 -1.01657176
v 0.11886347 -2.06621408 -1.11200392
v 0.11783959 -2.06458854 -1.02208745
v 0.12142393 -2.05876636 -1.28003871
v 0.11995037 -2.06774711 -1.20081591
v 0.59916758 -2.06553173 -0.90768992
v 0.72502166 -2.06639742 -0.8047508
v 0.5921868 -2.06526279 -0.72171658
v 0.59679639 -2.06538343 -0.81381088
v 0.8475545 -2.06888723 -0.8901934
v 0.98516082 -2.06613612 -0.78426063
v 0.85017228 -2.06862926 -0.70219034
v 0.85240078 -2.06877923 -0.79521304
v 0.97299522 -2.06169915 -0.59433019
v 0.82840961 -2.06827163 -0.52286511
v 0.71209466 -2.06615829 -0.6230328
v 0.84192735 -2.06845569 -0.61127901
v 0.57535666 -2.06513238 -0.54170846
v 0.58506 -2.06518816 -0.63104885
v 0.7228527 -2.06690788 -0.99397611
v 0.82231271 -2.06968951 -1.07436442
v 0.95830559 -2.06193256 -0.98286569
v 0.83639758 -2.06906604 -0.98502922
v 0.59937304 -2.06656432 -1.09190046
v 0.5996961 -2.06577754 -1.0020293
v 0.60374099 -2.07040715 -1.26919865
v 0.71073436 -2.06945657 -1.16423571
v 0.60007923 -2.06842923 -1.17826926
v 0.8143078 -2.05838799 -1.23572456
v 0.90777009 -2.04914093 -1.16138279
v 0.81201928 -2.07111358 -1.15714561
v 0.44551301 -2.06481123 -0.45645499
v 0.32395619 -2.03919887 -0.36939454
v 0.21899347 -2.06694793 -0.46030336
v 0.33067506 -2.06750488 -0.45876821
v 0.42263826 -2.06374836 -0.28103309
v 0.30653214 -2.06434965 -0.19187046
v 0.20969152 -2.05865407 -0.27912312
v 0.31523865 -2.05183768 -0.28040456
v 0.10293112 -2.02452921 -0.18786469
v 0.10677415 -2.07086896 -0.36961001
v 0.10417196 -2.09454894 -0.27776208
v 0.10897047 -2.0636084 -0.460911
v 0.92924803 -2.06575799 -0.41459339
v 0.78060782 -2.06761884 -0.35108679
v 0.68267589 -2.06593179 -0.44775274
v 0.80720382 -2.06797051 -0.43627181
v 0.85646069 -2.06969809 -0.25038272
v 0.71627581 -2.06695675 -0.19126947
v 0.64009738 -2.06569528 -0.27813753
v 0.75016772 -2.067276 -0.2694824
v 0.51287227 -2.06503653 -0.19698043
v 0.54819935 -2.06500554 -0.36643242
v 0.53137642 -2.06500196 -0.28088998
v 0.56299358 -2.06506156 -0.45345816
v 0.39596134 -2.06509614 -0.10962036
v 0.2888242 -2.06603622 -0.02168501
v 0.19868712 -2.06295943 -0.10016766
v 0.29756707 -2.06500458 -0.10431262
v 0.37077662 -2.06825709 0.04055787
v 0.27416226 -2.07555174 0.10926088
v 0.18856218 -2.06939697 0.05849902
v 0.28078299 -2.06888079 0.05098576
v 0.0926154 -2.07794594 0.1221954
v 0.09701985 -2.06524205 -0.01191036
v 0.0947142 -2.0697081 0.06322006
v 0.09945497 -2.05698442 -0.09756188
v 0.76829737 -2.06891155 -0.10503599
v 0.64812159 -2.0671637 -0.04474623
v 0.58812606 -2.06561136 -0.11907476
v 0.68069654 -2.06678772 -0.11687532
v 0.68116205 -2.06959486 0.02285717
v 0.59977662 -2.07152438 0.06470171
v 0.54348498 -2.06785798 0.02554638
v 0.62130594 -2.06867718 0.02253061
v 0.44662123 -2.07251572 0.08539722
v 0.47414028 -2.06580114 -0.03948295
v 0.45755904 -2.06772446 0.02775052
v 0.49325746 -2.06516504 -0.11542514
v 0.35183012 -2.05223608 0.12452165
v 0.25561478 -2.01213455 0.12183154
v 0.17945678 -2.06135511 0.14771272
v 0.26683926 -2.05729389 0.13777938
v 0.32666719 -1.96755337 0.09477324
v 0.23869812 -1.9340806 0.09499209
v 0.16523575 -1.97501945 0.11656466
v 0.24663162 -1.97207737 0.10754174
v 0.07985243 -1.94006526 0.10786814
v 0.08618754 -2.01667881 0.13645497
v 0.08283039 -1.9766097 0.12151107
v 0.09020259 -2.06361007 0.15319484
v 0.65983748 -2.04149556 0.06590501
v 0.57390898 -1.99111986 0.05749857
v 0.51261919 -2.03972172 0.09238369
v 0.58816981 -2.03918099 0.07798202
v 0.64513689 -1.93301653 0.0152565
v 0.55131697 -1.89842331 0.02155365
v 0.48357752 -1.95391559 0.05958232
v 0.56316769 -1.94491601 0.03835297
v 0.39457908 -1.92074012 0.06593401
v 0.41713717 -2.00224065 0.09324894
v 0.40520343 -1.96138191 0.07870532
v 0.4339669 -2.04658627 0.10936091
v 0.88855063 -1.80906677 -0.11144179
v 0.81919515 -1.9020878 -0.04169008
v 0.89910662 -1.96411013 -0.06264074
v 0.98481965 -1.85471999 -0.12781848
v 0.9033131 -1.87954652 -0.07917505
v 0.71809226 -1.86201429 -0.03434645
v 0.73929363 -1.98159122 0.01988863
v 0.73131352 -1.91853761 -0.01092166
v 0.78718107 -2.03764128 -0.01768865
v 0.73206597 -2.05127358 0.04802512
v 0.89462631 -2.02085518 -0.15698769
v 0.84369444 -2.03120803 -0.08488313
v 1.20457661 -1.61025202 -0.33382386
v 1.10625553 -1.7774899 -0.28192493
v 1.10530996 -1.85047364 -0.37760853
v 1.21505892 -1.6684153 -0.44819325
v 1.16761255 -1.72578489 -0.3595049
v 1.04859244 -1.7313323 -0.2127439
v 1.00693273 -1.91799271 -0.21916645
v 1.04222714 -1.82100832 -0.21016696
v 0.98765385 -1.98758792 -0.31304082
v 0.94371736 -2.00641822 -0.23254552
v 1.05166518 -1.95227336 -0.48549997
v 1.02289104 -1.96789455 -0.3971543
v 1.34283649 -1.39812862 -0.76158291
v 1.25844335 -1.57161939 -0.64954245
v 1.16528463 -1.74111223 -0.76218646
v 1.21445322 -1.54799723 -0.87014389
v 1.24925231 -1.55245816 -0.7582575
v 1.31145525 -1.47101998 -0.52624714
v 1.16477584 -1.7815932 -0.56137037
v 1.24545621 -1.61332893 -0.54597079
v 1.08286666 -1.93044722 -0.6746025
v 1.07271659 -1.9397521 -0.5783627
v 1.06403172 -1.9218173 -0.87173527
v 1.08030307 -1.92513704 -0.7725079
v 1.10039413 -1.73380291 -0.96709942
v 1.10662913 -1.57033443 -1.08347523
v 1.24382472 -1.40332198 -1.00863432
v 1.16825342 -1.55412519 -0.98129344
v 0.99845314 -1.91719913 -1.0651586
v 1.03578078 -1.91798675 -0.97161185
v 0.89348161 -1.92836666 -1.20850157
v 0.9876033 -1.75728702 -1.14490985
v 0.95183289 -1.91965508 -1.14598202
v 0.9362123 -1.63414382 -1.23142933
v 1.07971596 -1.45698916 -1.21556794
v 1.02616679 -1.59742474 -1.16664338
v 0.82656472 -1.81383454 -1.26466631
v 0.7392978 -1.71683681 -1.33235228
v 0.8691644 -1.54542315 -1.34054851
v 0.84437012 -1.67652213 -1.29006016
v 0.72016423 -1.97066831 -1.28646922
v 0.81680905 -1.95109152 -1.25398683
v 0.49030649 -1.9794054 -1.32522964
v 0.61535894 -1.86613011 -1.33770787
v 0.61024677 -1.97851872 -1.31032335
v 0.49714463 -1.77072906 -1.36725831
v 0.61924558 -1.62597429 -1.36743426
v 0.62195247 -1.74776935 -1.36352098
v 0.12117593 -1.70489847 -1.3174529
v 0.2468515 -1.79833877 -1.34556973
v 0.12304906 -1.89681434 -1.32350695
v 0.12241095 -1.80396711 -1.33753049
v 0.36873444 -1.68164444 -1.34291696
v 0.37260362 -1.88803696 -1.34548091
v 0.37302705 -1.787588 -1.35802805
v 0.2461431 -1.98112344 -1.31615364
v 0.36803701 -1.9797039 -1.32440698
v 0.12305972 -1.98161172 -1.30530715
v 0.23788346 -1.59256947 -1.29669988
v 0.34631434 -1.47098112 -1.26615834
v 0.4834637 -1.55216538 -1.31531095
v 0.35925266 -1.57614815 -1.30681729
v 0.11468599 -1.49839031 -1.25119292
v 0.11849094 -1.60273265 -1.28645467
v 0.1052255 -1.29289019 -1.16951322
v 0.22066532 -1.38392353 -1.21730065
v 0.11020369 -1.3938744 -1.2121346
v 0.31528443 -1.27269005 -1.16757345
v 0.44306588 -1.34872055 -1.21633553
v 0.33146023 -1.36852598 -1.22000265
v 0.58509588 -1.41864454 -1.26412057
v 0.72684156 -1.47754478 -1.30674099
v 0.60616165 -1.51753509 -1.31857287
v 0.52207082 -1.24032187 -1.1384027
v 0.66426521 -1.3017565 -1.17771112
v 0.55518668 -1.32585048 -1.20330393
v 0.71399521 -1.20677816 -1.06855952
v 0.85624343 -1.25838887 -1.08324539
v 0.80935341 -1.35541105 -1.20715677
v 0.76524817 -1.27884101 -1.13760805
v 0.94576573 -1.40204739 -1.220124
v 0.84224218 -1.43883824 -1.27430844
v 0.99335825 -1.30308961 -1.0787152
v 1.11334204 -1.3372879 -1.05290663
v 1.03545463 -1.36743462 -1.14411592
v 0.87348353 -1.18144214 -0.95297467
v 1.00441813 -1.22758042 -0.93580561
v 0.93719983 -1.24044656 -1.01502382
v 0.97850072 -1.18125414 -0.80033969
v 1.09303009 -1.23478245 -0.7606194
v 1.12636113 -1.26936364 -0.89776593
v 1.05670046 -1.22446203 -0.84896326
v 1.23173153 -1.30539131 -0.84093618
v 1.17971861 -1.31473517 -0.95070606
v 1.19049751 -1.28614985 -0.70481884
v 1.27323806 -1.34204232 -0.63040298
v 1.26437425 -1.31350612 -0.73172026
v 1.01848363 -1.22752511 -0.64875209
v 1.10787975 -1.29546642 -0.60526877
v 1.11242115 -1.26021349 -0.67794436
v 0.98350679 -1.31384217 -0.52082377
v 1.04200637 -1.39843702 -0.4712888
v 1.17381858 -1.36917471 -0.54088741
v 1.08348524 -1.34287309 -0.53762406
v 1.21847522 -1.45957088 -0.43765255
v 1.25841879 -1.39320468 -0.53231763
v 1.09055316 -1.59909534 -0.29076457
v 0.96663826 -1.58658492 -0.23930013
v 0.93976527 -1.70231747 -0.17824138
v 1.01333689 -1.65527105 -0.23209989
v 1.08685982 -1.48300814 -0.38291254
v 1.1611787 -1.52959477 -0.35750278
v 0.90543347 -1.41418612 -0.4091067
v 0.94884169 -1.4913218 -0.32700234
v 0.99497604 -1.44963967 -0.40175297
v 0.82129907 -1.49380612 -0.2869257
v 0.84616953 -1.57045733 -0.19313548
v 0.90060508 -1.52984798 -0.25559112
v 0.82917028 -1.67647612 -0.13423898
v 0.78186112 -1.77692961 -0.0863555
v 0.86299026 -1.74242246 -0.12909326
v 0.72667181 -1.56344354 -0.16283319
v 0.71635788 -1.6553018 -0.09647259
v 0.78421437 -1.61296463 -0.14008756
v 0.60938012 -1.64294576 -0.07078117
v 0.5726636 -1.72963631 -0.02954725
v 0.67423355 -1.75080013 -0.05718444
v 0.64500528 -1.69484579 -0.06065782
v 0.61627113 -1.83157551 -0.01860107
v 0.69872909 -1.80658352 -0.04993484
v 0.51982969 -1.80549204 0.00244529
v 0.45947632 -1.86812698 0.03471736
v 0.5366435 -1.8519932 0.00939581
v 0.47932064 -1.71205008 -0.00744921
v 0.43031662 -1.78231978 0.02433256
v 0.50114089 -1.75865674 -0.00131399
v 0.34575131 -1.76063978 0.03959538
v 0.28821247 -1.81681549 0.06165452
v 0.37180152 -1.84115493 0.05032825
v 0.35958275 -1.80151784 0.04611535
v 0.30756601 -1.89061129 0.07332806
v 0.38346433 -1.88075399 0.05640849
v 0.22366514 -1.86314904 0.07748283
v 0.15420256 -1.90316224 0.09236519
v 0.23110625 -1.89801299 0.08510844
v 0.20802202 -1.78987431 0.05992327
v 0.14397478 -1.83492469 0.07321912
v 0.21618248 -1.82822358 0.06991431
v 0.06927231 -1.8011347 0.0665541
v 0.07447266 -1.87325596 0.08544047
v 0.07190001 -1.83819127 0.07511244
v 0.0771005 -1.90611338 0.0960807
v 0.26503101 -1.73575806 0.04151954
v 0.19149823 -1.71070683 0.04732044
v 0.13325539 -1.75880837 0.05734697
v 0.19946822 -1.74964892 0.05079414
v 0.2438786 -1.65646314 0.03839801
v 0.18029463 -1.63923442 0.06708608
v 0.12432435 -1.68623077 0.0636253
v 0.18492624 -1.67381036 0.05278824
v 0.06141752 -1.66231632 0.08580002
v 0.06433052 -1.72788262 0.06233567
v 0.06245907 -1.69395554 0.0702068
v 0.06669752 -1.76388299 0.06163033
v 0.39221766 -1.69371295 0.00581072
v 0.31385889 -1.67491686 0.01857365
v 0.32938951 -1.71699821 0.02696071
v 0.51216632 -1.63401973 -0.05304472
v 0.42829731 -1.62231099 -0.03187034
v 0.45327025 -1.66598784 -0.02090541
v 0.45762082 -1.54766607 -0.06604191
v 0.39442613 -1.53792262 -0.02143396
v 0.35554891 -1.60924959 -0.00485025
v 0.4079785 -1.57991004 -0.0331042
v 0.2915349 -1.5960114 0.03188901
v 0.30087098 -1.63466751 0.01959841
v 0.61979997 -1.5620768 -0.13758073
v 0.53158205 -1.55644381 -0.10435874
v 0.56816262 -1.59865045 -0.09140323
v 0.70700806 -1.4930433 -0.25235581
v 0.61866432 -1.48507213 -0.1999105
v 0.66563141 -1.52711463 -0.19290097
v 0.61691337 -1.40341329 -0.2425419
v 0.55844605 -1.39580154 -0.17709419
v 0.54600709 -1.47730064 -0.14632363
v 0.58356928 -1.4407736 -0.19321332
v 0.48503169 -1.46959996 -0.09173697
v 0.50372773 -1.51327955 -0.10401038
v 0.86320734 -1.32887268 -0.45512309
v 0.76054716 -1.3301928 -0.3972027
v 0.78839159 -1.41549956 -0.35792166
v 0.8271631 -1.37349939 -0.4068259
v 0.73428231 -1.24701046 -0.42247465
v 0.66909951 -1.24178481 -0.3541319
v 0.67991197 -1.3252635 -0.33479574
v 0.70860648 -1.28588759 -0.37845262
v 0.6173321 -1.31908774 -0.26827126
v 0.69023895 -1.4103744 -0.30595231
v 0.6487751 -1.36477303 -0.29016551
v 0.74776166 -1.45572984 -0.3075113
v 0.92364722 -1.16509676 -0.68518537
v 0.84748363 -1.16707992 -0.59143978
v 0.91808027 -1.23642087 -0.55822408
v 0.9284144 -1.19661915 -0.61848324
v 0.77315938 -1.10422396 -0.61800348
v 0.71833634 -1.10157895 -0.53773218
v 0.7697789 -1.17124044 -0.51512444
v 0.77684348 -1.13592195 -0.56486022
v 0.70483946 -1.16872072 -0.44297179
v 0.81868195 -1.24681496 -0.48867714
v 0.75500953 -1.20864021 -0.46797764
v 0.89502489 -1.28183651 -0.50448256
v 0.86185973 -1.13210642 -0.82712435
v 0.82519698 -1.10918402 -0.71347224
v 0.90142041 -1.14353263 -0.7560755
v 0.73969012 -1.13351023 -0.95342469
v 0.7438094 -1.08393013 -0.83937108
v 0.80679684 -1.12915694 -0.8941856
v 0.63361942 -1.0370109 -0.84114599
v 0.63531261 -1.00793576 -0.74686014
v 0.72755831 -1.05724906 -0.73263549
v 0.68599128 -1.04372966 -0.7891612
v 0.69783717 -1.04569959 -0.63962316
v 0.75693559 -1.07751643 -0.67457997
v 0.39512822 -1.17635226 -1.09584605
v 0.45784416 -1.09853589 -1.01181542
v 0.57939022 -1.15312385 -1.04191374
v 0.48939895 -1.16494035 -1.07277905
v 0.35021206 -1.04322826 -0.99186182
v 0.40772366 -0.98282957 -0.92498326
v 0.50418138 -1.03706133 -0.92826277
v 0.42993584 -1.03991162 -0.9633826
v 0.53603684 -0.98961222 -0.84475612
v 0.61601275 -1.08518827 -0.94099843
v 0.57229501 -1.03568792 -0.88719868
v 0.66332954 -1.14225828 -1.00239443
v 0.09468457 -1.12273931 -1.07805824
v 0.19957988 -1.19539773 -1.1195271
v 0.10000416 -1.20031166 -1.1240822
v 0.08687036 -0.9789282 -1.01077091
v 0.17930907 -1.04837942 -1.02995765
v 0.09014722 -1.04999852 -1.03911399
v 0.25552162 -0.98026037 -0.98184549
v 0.28115981 -1.11318481 -1.05761683
v 0.26630368 -1.04612505 -1.01415753
v 0.29826414 -1.18667042 -1.11105895
v 0.1687846 -0.91376584 -0.98226749
v 0.24707776 -0.85570418 -0.95419716
v 0.32515448 -0.91829097 -0.93398875
v 0.2496699 -0.91511696 -0.96226537
v 0.08377883 -0.85583829 -0.98687601
v 0.0849656 -0.91305035 -0.99380755
v 0.08088874 -0.7564097 -0.97838842
v 0.16468662 -0.80367809 -0.97244918
v 0.08258633 -0.80518865 -0.98292565
v 0.24101896 -0.753784 -0.9508363
v 0.31878301 -0.80538243 -0.91965246
v 0.24447709 -0.80327171 -0.95160216
v 0.38226109 -0.76092767 -0.87666684
v 0.44050562 -0.82157802 -0.82659012
v 0.38656881 -0.86588931 -0.88276171
v 0.38430765 -0.81161093 -0.87711364
v 0.48796773 -0.78312939 -0.76606422
v 0.52647852 -0.85282641 -0.71508818
v 0.4930244 -0.88940095 -0.78711038
v 0.48763603 -0.83568298 -0.77210646
v 0.55624741 -0.95382136 -0.76276058
v 0.4543243 -0.9322232 -0.85655343
v 0.5088287 -0.94168031 -0.81114614
v 0.3932231 -0.9242534 -0.89815539
v 0.61343371 -0.94560194 -0.49680972
v 0.61751061 -0.9684894 -0.57603067
v 0.58120739 -0.89545208 -0.59970504
v 0.59767144 -0.86590576 -0.52346783
v 0.59967923 -0.91988468 -0.5463202
v 0.66592794 -1.03533101 -0.55758333
v 0.62749767 -0.98773527 -0.65908974
v 0.65080875 -1.01011884 -0.60742646
v 0.56980949 -0.92388808 -0.68143898
v 0.59570789 -0.96948254 -0.71166795
v 0.55618834 -0.81911206 -0.64134031
v 0.55742228 -0.87279576 -0.65690922
v 0.63940233 -1.02138209 -0.48012274
v 0.67088645 -1.09511804 -0.46294915
v 0.67223286 -1.06376516 -0.50953853
v 0.61930221 -0.9211539 -0.42129457
v 0.62482535 -1.00326871 -0.40330559
v 0.62184768 -0.97344207 -0.44960939
v 0.62036973 -0.98414981 -0.32615891
v 0.61686682 -1.06732416 -0.31079608
v 0.63684642 -1.08275568 -0.38785868
v 0.62266022 -1.03460741 -0.35717615
v 0.65384382 -1.16110968 -0.37061604
v 0.66463273 -1.1274538 -0.41652393
v 0.61885887 -1.23406899 -0.28344106
v 0.58404368 -1.22667372 -0.20798514
v 0.57100272 -1.31209516 -0.1968394
v 0.59623152 -1.27271759 -0.24018609
v 0.61777329 -1.15005719 -0.29643794
v 0.63832449 -1.19671976 -0.32666987
v 0.60576689 -1.05490994 -0.2304196
v 0.59564566 -1.14078724 -0.21758382
v 0.60801672 -1.10241019 -0.26391005
v 0.57573652 -1.13722944 -0.13831776
v 0.5566467 -1.22361767 -0.13141122
v 0.57852619 -1.18175959 -0.17334359
v 0.51024484 -1.38974678 -0.11207991
v 0.4677349 -1.38568759 -0.04708454
v 0.4318577 -1.46352219 -0.03577752
v 0.47360718 -1.42735409 -0.07226264
v 0.53448802 -1.3076322 -0.12455971
v 0.5426433 -1.35126805 -0.15376755
v 0.52385932 -1.22033715 -0.05826453
v 0.4979031 -1.30340135 -0.05412497
v 0.52957338 -1.26430904 -0.09177006
v 0.4539048 -1.29441487 0.01177081
v 0.42043754 -1.37697577 0.01561232
v 0.46152216 -1.34106445 -0.01845846
v 0.36464375 -1.3603146 0.07322713
v 0.32688975 -1.44256651 0.07892929
v 0.38157793 -1.45717048 0.02266998
v 0.37497794 -1.41067814 0.04854606
v 0.26669752 -1.42126905 0.12802591
v 0.22590938 -1.50190281 0.1264745
v 0.28284767 -1.51910746 0.07926964
v 0.27724695 -1.47324132 0.10508775
v 0.23243278 -1.58448553 0.07320898
v 0.33706527 -1.52969861 0.02760338
v 0.28587126 -1.55862009 0.05302611
v 0.38588276 -1.49777662 -0.00242817
v 0.12093742 -1.62069559 0.10165842
v 0.06104919 -1.59359347 0.1377379
v 0.06128948 -1.62973833 0.10983397
v 0.17625215 -1.56855523 0.1155641
v 0.17784196 -1.60571706 0.08913241
v 0.1671092 -1.47717988 0.17088709
v 0.11816144 -1.54424774 0.15643635
v 0.1732019 -1.52604484 0.1433209
v 0.05857621 -1.51335668 0.19704274
v 0.06005363 -1.55527913 0.16619394
v 0.11106964 -1.44854843 0.21930135
v 0.05825785 -1.41727149 0.27587002
v 0.05775322 -1.46670103 0.23320926
v 0.20714153 -1.39595031 0.17602384
v 0.1538044 -1.36925089 0.23041673
v 0.15996827 -1.4238255 0.19934816
v 0.19712102 -1.2904967 0.24151052
v 0.15692646 -1.26619851 0.31411552
v 0.10828016 -1.34325516 0.29720965
v 0.15374986 -1.3179562 0.27051085
v 0.05807988 -1.31236922 0.3673357
v 0.05745515 -1.3642677 0.31915193
v 0.30072724 -1.33723926 0.12257194
v 0.24228079 -1.31268739 0.1754598
v 0.25347781 -1.36679291 0.14993231
v 0.40227201 -1.27950167 0.07260476
v 0.33876419 -1.25681626 0.12301386
v 0.35216018 -1.30886852 0.09803678
v 0.37887463 -1.17964482 0.12761695
v 0.3230125 -1.15329682 0.183986
v 0.28037655 -1.23148155 0.1779996
v 0.3295136 -1.20565521 0.15238972
v 0.23618906 -1.20712077 0.24597653
v 0.23802675 -1.26079213 0.20957827
v 0.4878087 -1.03419411 0.06343
v 0.46415495 -1.11880743 0.07059468
v 0.50785613 -1.12939357 0.00621446
v 0.52968651 -1.04308092 -0.00300127
v 0.4986881 -1.08279109 0.03585166
v 0.41365432 -1.10116243 0.1290332
v 0.43569192 -1.19950676 0.07306598
v 0.42425945 -1.15099716 0.10098248
v 0.4832842 -1.21245467 0.01021188
v 0.44573819 -1.24727606 0.04309357
v 0.54646825 -1.13544273 -0.06337206
v 0.51671439 -1.17536377 -0.02516404
v 0.59656143 -0.86175185 -0.11961305
v 0.5800969 -0.9550057 -0.09462785
v 0.60158461 -0.95970338 -0.17146618
v 0.61445975 -0.86899781 -0.19641301
v 0.59986871 -0.91127449 -0.14470373
v 0.54666096 -0.95069408 -0.02094341
v 0.56457316 -1.04658556 -0.07505954
v 0.55681741 -0.9997102 -0.04690581
v 0.59007144 -1.04878842 -0.15125203
v 0.57127213 -1.0923953 -0.10541299
v 0.61413574 -0.96900022 -0.24904182
v 0.6038981 -1.00754368 -0.19971506
v 0.63758885 -0.69658124 -0.3432796
v 0.62950873 -0.78998595 -0.3029505
v 0.62589651 -0.8112145 -0.377153
v 0.62506914 -0.72264969 -0.41858255
v 0.63055473 -0.75437218 -0.3592084
v 0.62596112 -0.77479082 -0.22708278
v 0.62222266 -0.88101333 -0.27259993
v 0.62385565 -0.82838726 -0.2490212
v 0.62465703 -0.89889204 -0.34721657
v 0.62132519 -0.93289822 -0.29804083
v 0.61536413 -0.83720165 -0.45045813
v 0.62291133 -0.86682689 -0.3975802
v 0.56408923 -0.59319579 -0.6143946
v 0.59186768 -0.67288452 -0.54896974
v 0.5612719 -0.71073252 -0.62498241
v 0.52608418 -0.63702464 -0.68961674
v 0.56275653 -0.65327829 -0.61866462
v 0.61928361 -0.63539487 -0.4728071
v 0.60672164 -0.75422024 -0.49340784
v 0.6128059 -0.69575798 -0.48201859
v 0.58385044 -0.78670018 -0.56814986
v 0.60235464 -0.81060528 -0.50725907
v 0.52695596 -0.74702411 -0.69819372
v 0.55920743 -0.76539951 -0.63242209
v 0.43737277 -0.71997284 -0.82485503
v 0.48437792 -0.67950904 -0.76182657
v 0.48640939 -0.73195171 -0.76342266
v 0.31118777 -0.70554703 -0.92090976
v 0.37366241 -0.65973877 -0.87880116
v 0.37833809 -0.71107429 -0.87778246
v 0.30034309 -0.59812241 -0.9203335
v 0.36447531 -0.54563868 -0.87732237
v 0.4302892 -0.61392658 -0.82428044
v 0.36938971 -0.60514444 -0.87884563
v 0.47850206 -0.56520324 -0.7572925
v 0.48192414 -0.6242147 -0.75942832
v 0.0764831 -0.64873808 -0.97571468
v 0.15798667 -0.7037369 -0.9686073
v 0.07876742 -0.70487207 -0.97586536
v 0.07244213 -0.52036541 -0.97585272
v 0.14957079 -0.58958262 -0.96598982
v 0.07434635 -0.58729535 -0.97603535
v 0.22137667 -0.53048497 -0.94727122
v 0.2311864 -0.65029585 -0.95011705
v 0.22591811 -0.59307426 -0.94863069
v 0.23664179 -0.70349943 -0.95119553
v 0.07264973 -0.21582512 -0.99686789
v 0.1428783 -0.30267021 -0.97084212
v 0.07049638 -0.37286481 -0.9780538
v 0.07075049 -0.29495132 -0.98271191
v 0.22013855 -0.23605079 -0.96230053
v 0.28728106 -0.32580244 -0.9190346
v 0.21603763 -0.38895854 -0.94609284
v 0.21584358 -0.31339088 -0.94966238
v 0.29031828 -0.47074976 -0.91561192
v 0.14377479 -0.45419147 -0.96518719
v 0.21795168 -0.46195447 -0.94541311
v 0.07115173 -0.44842392 -0.97627055
v 0.35960137 -0.2643921 -0.88706207
v 0.41566801 -0.35260605 -0.82410144
v 0.35356354 -0.41074299 -0.87258058
v 0.35399061 -0.33878028 -0.87671858
v 0.47868135 -0.2959589 -0.77158182
v 0.52483153 -0.38318231 -0.69390445
v 0.47213181 -0.43604385 -0.75886338
v 0.4728477 -0.36757278 -0.76285219
v 0.52367526 -0.5152893 -0.68703365
v 0.4197925 -0.49073177 -0.82060605
v 0.47482708 -0.50214076 -0.75721281
v 0.35798811 -0.48034995 -0.87380957
v 0.65561026 -0.47306141 -0.37461224
v 0.63281917 -0.50894337 -0.46052172
v 0.60821032 -0.4172472 -0.5390371
v 0.64569437 -0.36469149 -0.46265527
v 0.63919961 -0.44031414 -0.45736551
v 0.6401847 -0.60244035 -0.3952873
v 0.60018783 -0.55001956 -0.53869628
v 0.62567657 -0.57340747 -0.46569868
v 0.5667023 -0.46632579 -0.61413812
v 0.56486105 -0.53088796 -0.61273187
v 0.57329475 -0.32753685 -0.62596941
v 0.56932026 -0.39896881 -0.61809498
v 0.6646837 -0.46746721 -0.27321103
v 0.64992255 -0.57015043 -0.22864526
v 0.65269774 -0.57872015 -0.3144747
v 0.65860688 -0.52031993 -0.29805129
v 0.62897974 -0.57227778 -0.14029385
v 0.60864716 -0.6624481 -0.10633172
v 0.63439196 -0.66756218 -0.18618881
v 0.63368189 -0.61779063 -0.16492649
v 0.61394542 -0.76479375 -0.1501391
v 0.64162176 -0.67777478 -0.26586058
v 0.63085782 -0.72050029 -0.20642586
v 0.64597308 -0.63794261 -0.32881486
v 0.58937418 -0.6635006 -0.02548475
v 0.55596172 -0.75005215 0.00250969
v 0.5832265 -0.75611311 -0.07476747
v 0.58071607 -0.70604884 -0.05134857
v 0.55053049 -0.75257176 0.08328197
v 0.50493437 -0.83663791 0.10482462
v 0.52478104 -0.84406435 0.02740966
v 0.53022885 -0.79385143 0.05501108
v 0.50623613 -0.94138693 0.0493313
v 0.56219148 -0.85366833 -0.04589742
v 0.53442704 -0.89828902 0.00340336
v 0.59068852 -0.80932003 -0.09658496
v 0.44279399 -1.01713645 0.1262491
v 0.4046143 -0.9941616 0.19218538
v 0.36439606 -1.07542669 0.18908034
v 0.40586814 -1.04851126 0.15907752
v 0.46972543 -0.92688566 0.11804856
v 0.47589021 -0.98133337 0.08997123
v 0.49606019 -0.83174407 0.1804564
v 0.44589608 -0.91059875 0.18949206
v 0.47707864 -0.87606537 0.14939428
v 0.43023717 -0.89476507 0.26346135
v 0.37369841 -0.96887576 0.26275074
v 0.41140407 -0.94127625 0.22690807
v 0.35336214 -0.94824928 0.34233692
v 0.29143723 -1.01844632 0.33286589
v 0.32376036 -1.04596757 0.25711226
v 0.33384591 -0.99471116 0.29851591
v 0.26962298 -0.99937474 0.41495123
v 0.20732191 -1.06790757 0.39871117
v 0.23889865 -1.0932424 0.32188817
v 0.24982747 -1.04280543 0.36654678
v 0.19794608 -1.17963111 0.31860941
v 0.27683085 -1.12350225 0.249429
v 0.23677799 -1.15070772 0.28350064
v 0.32017859 -1.09929692 0.21839256
v 0.1106439 -1.23213362 0.38160914
v 0.05318192 -1.17563986 0.42221084
v 0.05832188 -1.25195848 0.40734762
v 0.15444783 -1.14423811 0.38474121
v 0.15678717 -1.20755994 0.35185664
v 0.17512625 -1.05187594 0.4729048
v 0.10813333 -1.10713386 0.44308504
v 0.16043634 -1.09089577 0.42536228
v 0.06126874 -1.08746016 0.50620812
v 0.05412796 -1.11752557 0.45485684
v 0.23702293 -0.92167401 0.70307481
v 0.15559354 -0.9863305 0.66088163
v 0.2106432 -0.97918164 0.58204746
v 0.29660552 -0.89811795 0.61582332
v 0.22968278 -0.94665318 0.64364033
v 0.08142615 -0.99879276 0.72866404
v 0.07380589 -1.03647434 0.61479145
v 0.07860346 -1.01331031 0.67314618
v 0.13247874 -1.04139256 0.54465544
v 0.06811253 -1.06208145 0.55909043
v 0.24634307 -0.98607146 0.49878993
v 0.19243949 -1.01589274 0.52502381
v 0.33834105 -0.92969167 0.42829254
v 0.32430893 -0.91320574 0.52007538
v 0.2938939 -0.95623153 0.46569165
v 0.42023348 -0.87926924 0.34439662
v 0.41794818 -0.86458319 0.43544545
v 0.38042926 -0.90442323 0.38734561
v 0.49931085 -0.79735648 0.43629309
v 0.49830442 -0.76843547 0.5325014
v 0.41621971 -0.84710657 0.53420937
v 0.4617125 -0.82325631 0.48622018
v 0.39919611 -0.81258904 0.63154715
v 0.36136528 -0.86969631 0.57857048
v 0.49345386 -0.81470847 0.34195348
v 0.56276142 -0.74416375 0.33560735
v 0.56512099 -0.71557575 0.42825329
v 0.53273016 -0.77125132 0.38611474
v 0.49199289 -0.82574486 0.25677308
v 0.45669212 -0.85272038 0.30079311
v 0.55072218 -0.75840646 0.16214473
v 0.55498254 -0.75761038 0.24499467
v 0.52278572 -0.79424637 0.21086314
v 0.61393964 -0.68479633 0.23172262
v 0.61780595 -0.66147583 0.32393124
v 0.58875089 -0.71477001 0.28427502
v 0.60687959 -0.68922209 0.14102956
v 0.65185427 -0.61443388 0.12158873
v 0.66026192 -0.60476905 0.21486653
v 0.6361044 -0.65215694 0.17717611
v 0.59715282 -0.67723774 0.05672235
v 0.57692486 -0.71994262 0.11042513
v 0.61394089 -0.58106303 -0.05301259
v 0.63438361 -0.60209196 0.0326883
v 0.60931557 -0.63069641 0.00216421
v 0.66161072 -0.52394747 0.01314219
v 0.68358832 -0.53523021 0.1022322
v 0.66028696 -0.57142287 0.06653627
v 0.67216932 -0.35401189 -0.09093659
v 0.64987379 -0.4199 -0.08371252
v 0.66655159 -0.39521014 -0.18117433
v 0.69481104 -0.31465959 -0.18631506
v 0.66831332 -0.36922088 -0.13262496
v 0.67610162 -0.44726702 -0.00076414
v 0.63196528 -0.49913483 -0.0733224
v 0.65530729 -0.4728989 -0.03674338
v 0.64769464 -0.48362785 -0.16827926
v 0.62348961 -0.53202992 -0.10956594
v 0.68318623 -0.35948696 -0.2940272
v 0.66771936 -0.42758879 -0.23121365
v 0.62074673 -0.26664409 -0.56332576
v 0.65912044 -0.19673414 -0.51301956
v 0.67562788 -0.28921732 -0.40980854
v 0.65145629 -0.28132244 -0.4847697
v 0.53921335 -0.23649857 -0.71575075
v 0.59482955 -0.17154538 -0.65861785
v 0.58144021 -0.25133532 -0.63998669
v 0.57272994 -0.07419744 -0.75185775
v 0.63065123 -0.00508376 -0.69399321
v 0.64276945 -0.10209656 -0.60527986
v 0.61064046 -0.08900166 -0.67748922
v 0.68221932 -0.02851908 -0.55536019
v 0.69256609 -0.11828927 -0.47640281
v 0.66923201 -0.11249017 -0.53773725
v 0.70409929 -0.20034429 -0.39063462
v 0.70951294 -0.26636081 -0.29315626
v 0.69596338 -0.28135281 -0.34729751
v 0.72338396 -0.03810036 -0.44206941
v 0.73182076 -0.11641654 -0.37679359
v 0.71329891 -0.11894203 -0.42241078
v 0.75869458 -0.03837091 -0.36152035
v 0.76945799 -0.1114887 -0.31831923
v 0.736916 -0.18519875 -0.30301439
v 0.74739879 -0.11234311 -0.33980444
v 0.73224902 -0.23978719 -0.21854221
v 0.72039985 -0.25305986 -0.24836874
v 0.42508977 0.0653582 -0.96377265
v 0.47058489 -0.03948358 -0.88941162
v 0.38798481 -0.10654285 -0.92717051
v 0.33397948 -0.00476456 -0.99473297
v 0.40639942 -0.02186494 -0.94736462
v 0.54754442 0.02822765 -0.83892768
v 0.50613939 -0.14038831 -0.80479723
v 0.52597695 -0.05729592 -0.82337582
v 0.43340688 -0.20307284 -0.84949874
v 0.48985093 -0.22007873 -0.78623086
v 0.30323579 -0.17186594 -0.95079791
v 0.37134939 -0.18713215 -0.9052025
v 0.09079361 0.11993756 -1.08889377
v 0.17095185 0.02445446 -1.05401146
v 0.08081346 -0.05246108 -1.04504942
v 0.08589413 0.0330218 -1.06912088
v 0.26810559 0.09863783 -1.04987645
v 0.24110359 -0.0742321 -1.00681889
v 0.25452929 0.01127136 -1.02978062
v 0.15282626 -0.14405161 -1.00611496
v 0.22919036 -0.15671445 -0.98327899
v 0.07622855 -0.1354514 -1.01972591
v 0.18924327 0.19934919 -1.08916091
v 0.2929283 0.27502653 -1.07354116
v 0.36664611 0.17093014 -1.02623057
v 0.28089228 0.18687184 -1.06425011
v 0.09959231 0.29307559 -1.11439156
v 0.0953419 0.20660464 -1.10364222
v 0.10612262 0.46718671 -1.11850702
v 0.20498688 0.37431666 -1.10438382
v 0.1033196 0.38017782 -1.11918866
v 0.31228232 0.44977298 -1.07489216
v 0.39584139 0.34684801 -1.03627145
v 0.30368769 0.36269506 -1.07693791
v 0.49416792 0.4160493 -0.97985827
v 0.55161857 0.30920845 -0.92198783
v 0.46214935 0.24107132 -0.98306787
v 0.47943729 0.32875797 -0.98454082
v 0.62825536 0.37557849 -0.8406158
v 0.65526163 0.26932907 -0.77312499
v 0.58928597 0.20211815 -0.85222667
v 0.60959941 0.28914302 -0.84956258
v 0.61500287 0.0965472 -0.77657961
v 0.51144629 0.13430322 -0.91601371
v 0.5686897 0.11492988 -0.84873133
v 0.44387796 0.15316626 -0.97599935
v 0.71080982 0.33454221 -0.68498891
v 0.72016054 0.23310126 -0.62602341
v 0.67180448 0.16556984 -0.70451098
v 0.69176822 0.25057384 -0.69802629
v 0.75937116 0.29737132 -0.54257643
v 0.75222349 0.20465481 -0.49470061
v 0.72047072 0.13647279 -0.56572794
v 0.73943752 0.2176115 -0.55761414
v 0.71905016 0.04644572 -0.50372552
v 0.68000859 0.06574729 -0.63222742
v 0.70069098 0.05440691 -0.56499308
v 0.6512658 0.08012318 -0.70319986
v 0.78073692 0.2669368 -0.42271116
v 0.77877217 0.1826877 -0.39119887
v 0.75134003 0.11873513 -0.44888255
v 0.76513052 0.19351539 -0.43951216
v 0.79798632 0.23912714 -0.32343027
v 0.80365556 0.15677738 -0.31105768
v 0.78206723 0.10441023 -0.36391794
v 0.79179686 0.17197234 -0.34825527
v 0.79236555 0.03035026 -0.34563368
v 0.75287604 0.03783782 -0.40491142
v 0.77042806 0.03427177 -0.3690426
v 0.73597973 0.04171453 -0.4498862
v 0.82771307 0.16286766 -0.25152984
v 0.8971281 0.1580742 -0.33656874
v 0.83444947 0.09157818 -0.3302716
v 0.83866876 0.13800054 -0.29374554
v 0.94592905 0.17013829 -0.28742483
v 0.91220909 0.13033564 -0.30826309
v 0.92567282 0.0968509 -0.3658342
v 0.94904595 0.14761202 -0.33499294
v 0.87831056 0.02943243 -0.32403889
v 0.87396299 -0.05181564 -0.36293393
v 0.85573709 0.02740313 -0.36225009
v 0.89667493 0.02639675 -0.37341553
v 0.80882978 -0.04277275 -0.33784484
v 0.82303017 0.02747907 -0.34439832
v 0.69607281 -0.34044969 -0.09085789
v 0.68064183 -0.34541782 -0.01880111
v 0.67844504 -0.38190782 -0.01197962
v 0.67474979 -0.35015809 -0.05237379
v 0.68907254 -0.32241788 -0.02266586
v 0.70873087 -0.30355536 0.02388222
v 0.70928812 -0.34172463 0.04298327
v 0.69401025 -0.33194899 0.0067652
v 0.73410636 -0.31414815 0.11501851
v 0.72981095 -0.37408858 0.14481972
v 0.70933282 -0.3909963 0.06231497
v 0.72369545 -0.35648742 0.0899011
v 0.70288771 -0.45851218 0.08288613
v 0.69333469 -0.42037707 0.03240705
v 0.71648275 -0.44402089 0.17092394
v 0.69328731 -0.52221906 0.19384813
v 0.70213782 -0.49231541 0.13750627
v 0.72823369 -0.33484426 0.22967487
v 0.71202743 -0.40810859 0.25829911
v 0.72419899 -0.39120653 0.201963
v 0.69933706 -0.35983789 0.34155291
v 0.67511206 -0.44221591 0.36615425
v 0.68939167 -0.48830753 0.28297025
v 0.69614261 -0.4249967 0.31345236
v 0.65760558 -0.57329773 0.30519583
v 0.67802989 -0.54876059 0.25019854
v 0.61251056 -0.6240552 0.41091007
v 0.59884631 -0.57808548 0.49018269
v 0.55603694 -0.67491143 0.51398867
v 0.58558267 -0.64938128 0.46239417
v 0.64546632 -0.5306645 0.38850504
v 0.63564151 -0.59830153 0.35852193
v 0.65291392 -0.39055049 0.44235524
v 0.62721163 -0.48157259 0.46499693
v 0.65031892 -0.46079972 0.41588679
v 0.60667228 -0.42941105 0.53699225
v 0.57739746 -0.52504706 0.56112539
v 0.60415142 -0.50350409 0.5137524
v 0.48453974 -0.72319829 0.61629825
v 0.46856606 -0.65960943 0.6790964
v 0.39325386 -0.74313861 0.70225268
v 0.43788236 -0.73964309 0.66212058
v 0.54057812 -0.62503141 0.58979719
v 0.5235421 -0.70042556 0.56607085
v 0.55460232 -0.46768432 0.62766754
v 0.52096152 -0.56469798 0.65426474
v 0.55006504 -0.5460689 0.60880512
v 0.49978315 -0.49863743 0.71125048
v 0.45660746 -0.58593314 0.72687709
v 0.4886772 -0.57838749 0.69389605
v 0.26197463 -0.85825526 0.74590152
v 0.19203941 -0.9116826 0.7904008
v 0.15314836 -0.96186363 0.76435881
v 0.21877537 -0.91339403 0.75139337
v 0.19312492 -0.87106442 0.81320512
v 0.14771899 -0.88852822 0.84725356
v 0.12286911 -0.93601071 0.83903443
v 0.16645951 -0.90303343 0.82406014
v 0.0564856 -0.92340409 0.8705365
v 0.07149303 -0.97585773 0.81216108
v 0.06362894 -0.95410788 0.84405237
v 0.07854663 -0.98971808 0.77582442
v 0.31788909 -0.77921569 0.73229134
v 0.27343276 -0.77547681 0.76874733
v 0.23730681 -0.83132374 0.7838937
v 0.27579572 -0.81322783 0.75583559
v 0.29297286 -0.71056443 0.76230269
v 0.25191631 -0.71249592 0.78708845
v 0.23238119 -0.7649824 0.79852616
v 0.26382982 -0.74176722 0.77888459
v 0.18978342 -0.7513718 0.82368922
v 0.16107355 -0.79609888 0.83916115
v 0.20377732 -0.81353551 0.81436169
v 0.19811175 -0.78222864 0.81909704
v 0.17104296 -0.85301387 0.83476084
v 0.20375981 -0.84292954 0.81141865
v 0.40177261 -0.65745735 0.74074143
v 0.34317576 -0.69724589 0.74921888
v 0.3645024 -0.72424054 0.73197656
v 0.43926692 -0.51565861 0.76710599
v 0.40092006 -0.58357501 0.76747053
v 0.4268485 -0.58664071 0.75180977
v 0.38780927 -0.52227777 0.78918391
v 0.35864809 -0.57352322 0.77695411
v 0.35685855 -0.62959516 0.76372736
v 0.3788163 -0.57907337 0.77479487
v 0.31137687 -0.65278178 0.76375579
v 0.32561186 -0.67258018 0.75785476
v 0.13137427 -0.83961218 0.86302655
v 0.09805351 -0.88163703 0.87722736
v 0.13783091 -0.86715132 0.85854834
v 0.11697848 -0.77640348 0.85833609
v 0.08567882 -0.81833827 0.88361936
v 0.12425504 -0.80845916 0.86261451
v 0.04092892 -0.79048872 0.8895508
v 0.04706364 -0.85851645 0.89358604
v 0.04378402 -0.82465928 0.8945527
v 0.05100982 -0.89102 0.88581174
v 0.07512871 -0.75321453 0.86712318
v 0.03590094 -0.72661387 0.86641991
v 0.03802323 -0.75782173 0.87703651
v 0.14793725 -0.73550957 0.84274828
v 0.10775371 -0.7167567 0.85465973
v 0.11136131 -0.74562031 0.85393762
v 0.13928313 -0.68464493 0.85619753
v 0.10248976 -0.66702991 0.87243503
v 0.06987377 -0.69476831 0.86370497
v 0.1050316 -0.69065231 0.86118364
v 0.03428502 -0.67203474 0.87603342
v 0.03487565 -0.69770395 0.8668189
v 0.26860794 -0.66356718 0.779657
v 0.23322932 -0.66703283 0.80412972
v 0.21383792 -0.70784682 0.81307035
v 0.24172265 -0.68790829 0.79539036
v 0.24869585 -0.63056016 0.79727083
v 0.21793767 -0.63088303 0.82416343
v 0.19978271 -0.66365587 0.83029633
v 0.22567322 -0.64863508 0.81366151
v 0.16581407 -0.65425968 0.85659664
v 0.17622244 -0.69828468 0.83595365
v 0.17094695 -0.6756435 0.84518617
v 0.18240161 -0.72334009 0.8290981
v 0.13151888 -0.64115059 0.88187587
v 0.09706099 -0.62628918 0.90444797
v 0.06717984 -0.64879453 0.89173221
v 0.09998189 -0.64582109 0.88821977
v 0.1220341 -0.60361415 0.90761232
v 0.08954953 -0.59302771 0.92858552
v 0.06316853 -0.61112546 0.92515981
v 0.09353479 -0.60848408 0.91822266
v 0.03051192 -0.59654498 0.94161117
v 0.03297123 -0.63093322 0.91281741
v 0.03186593 -0.61276835 0.92954844
v 0.03372873 -0.65020644 0.89325499
v 0.22970797 -0.60039955 0.81596535
v 0.19905532 -0.59462463 0.84492111
v 0.18582008 -0.6233868 0.85292536
v 0.20870049 -0.61242538 0.83460563
v 0.20876146 -0.57194471 0.83352822
v 0.18042457 -0.56706249 0.86334669
v 0.17025779 -0.58725976 0.87479984
v 0.18989865 -0.57917481 0.85478436
v 0.14080514 -0.58162117 0.90130597
v 0.15440623 -0.61365896 0.88255059
v 0.14792028 -0.59606552 0.89318215
v 0.1602846 -0.63336163 0.86963814
v 0.26133465 -0.5993027 0.79150486
v 0.27736628 -0.57432466 0.78637707
v 0.24203479 -0.57566279 0.80445426
v 0.25187233 -0.58745241 0.79805779
v 0.30889299 -0.56147456 0.78551703
v 0.30278587 -0.53444504 0.79953521
v 0.28988528 -0.55386805 0.79182314
v 0.30003133 -0.55819165 0.78835213
v 0.28112104 -0.53357148 0.80458444
v 0.26065933 -0.54183054 0.80003291
v 0.2552531 -0.5581718 0.79665601
v 0.27686688 -0.54840832 0.79542774
v 0.21769926 -0.55624306 0.82151418
v 0.23085348 -0.56517797 0.81176716
v 0.34562215 -0.52416139 0.79086488
v 0.32677483 -0.5654003 0.78150767
v 0.32273897 -0.60636019 0.76914864
v 0.34056171 -0.56853407 0.77897518
v 0.31948378 -0.52974557 0.79635953
v 0.29592648 -0.58973497 0.77683335
v 0.31712865 -0.56354302 0.78352272
v 0.28352499 -0.62236213 0.77642989
v 0.27133303 -0.61042136 0.78425449
v 0.29725202 -0.63628733 0.76916861
v 0.27476289 -0.35104149 0.83271104
v 0.28637325 -0.40978002 0.83407622
v 0.31934937 -0.43688771 0.81596481
v 0.31536573 -0.37681317 0.82037353
v 0.29848209 -0.39371728 0.825733
v 0.25333473 -0.39013758 0.85128957
v 0.26464507 -0.44285658 0.84881293
v 0.29321512 -0.46201506 0.82990849
v 0.27545091 -0.42637538 0.84213173
v 0.29772183 -0.50379031 0.81708455
v 0.32057747 -0.48852127 0.80954134
v 0.30796825 -0.49653542 0.81439489
v 0.3562448 -0.47273874 0.80195361
v 0.33599203 -0.48009923 0.80293291
v 0.36906608 -0.2496356 0.82382202
v 0.37140452 -0.33445307 0.82622933
v 0.42430666 -0.37595859 0.8000248
v 0.43351799 -0.28756338 0.79091107
v 0.40155366 -0.30955809 0.81390762
v 0.31512928 -0.30750116 0.83518987
v 0.36351686 -0.41039797 0.81623959
v 0.34094992 -0.35769382 0.82640278
v 0.40770354 -0.4560073 0.7976132
v 0.38067218 -0.46526888 0.80292725
v 0.4687657 -0.43308883 0.76062619
v 0.43748924 -0.44500416 0.78362411
v 0.27089825 -0.48436743 0.83720213
v 0.27963602 -0.51493585 0.81866431
v 0.28891894 -0.51002371 0.81804204
v 0.23372426 -0.43294197 0.87062412
v 0.24080276 -0.4753147 0.85747546
v 0.25357502 -0.45903655 0.85382413
v 0.20705501 -0.47830262 0.88192975
v 0.2122915 -0.50255149 0.86504799
v 0.24555444 -0.50278306 0.8396846
v 0.22629459 -0.49036878 0.86051863
v 0.25173786 -0.51899951 0.82417106
v 0.26757934 -0.51790493 0.82023823
v 0.12388318 -0.34884154 0.91553384
v 0.14668467 -0.39544239 0.92357343
v 0.18442273 -0.38001257 0.89622062
v 0.1647108 -0.32483226 0.88424146
v 0.15512131 -0.35983833 0.90502387
v 0.10353145 -0.42709106 0.95155817
v 0.118864 -0.46953722 0.95165276
v 0.16070266 -0.44873887 0.92270153
v 0.13212409 -0.43543335 0.93957877
v 0.17127087 -0.48946028 0.90976858
v 0.20043622 -0.43335691 0.89482247
v 0.18584992 -0.46424374 0.90316569
v 0.21864126 -0.37993308 0.87250185
v 0.21095651 -0.4051842 0.885046
v 0.09239529 -0.32176652 0.91979062
v 0.06266181 -0.35828521 0.94805169
v 0.08746708 -0.38504675 0.94698745
v 0.0926919 -0.35088264 0.93177378
v 0.03206636 -0.34312248 0.951092
v 0.02952418 -0.39481711 0.95321214
v 0.0315749 -0.36473128 0.95132684
v 0.02451036 -0.47097823 0.97192597
v 0.05312433 -0.42373123 0.96340298
v 0.02684254 -0.43521568 0.95904862
v 0.06966166 -0.45747137 0.96888268
v 0.07764181 -0.42295497 0.95884776
v 0.1196862 -0.28805309 0.91089099
v 0.07932203 -0.2943373 0.93405789
v 0.06014021 -0.3188911 0.94233346
v 0.08819361 -0.30384591 0.92456853
v 0.08381347 -0.2756946 0.92768734
v 0.04888042 -0.28094565 0.95122653
v 0.0464825 -0.30268594 0.95775753
v 0.064745 -0.28696832 0.94110572
v 0.0226723 -0.31440371 0.98587727
v 0.02851396 -0.32195964 0.962053
v 0.02549382 -0.31705436 0.97246587
v 0.03095836 -0.32974368 0.95499986
v 0.19087135 -0.21332457 0.85388475
v 0.19732198 -0.26590174 0.84497213
v 0.22460088 -0.27187666 0.83615434
v 0.20618832 -0.2061519 0.83300465
v 0.20196011 -0.23798658 0.8341788
v 0.16257478 -0.27283388 0.86891311
v 0.20397712 -0.31965321 0.86107122
v 0.18228887 -0.2924146 0.86186051
v 0.23888002 -0.33007058 0.84518772
v 0.22782166 -0.35405165 0.85789144
v 0.26384705 -0.28743398 0.83277052
v 0.24966403 -0.30961865 0.83650362
v 0.18336252 -0.18895544 0.90118902
v 0.16385881 -0.24039346 0.91931873
v 0.17422771 -0.24603545 0.8928622
v 0.18543946 -0.21853716 0.89269423
v 0.14698948 -0.23794227 0.93709254
v 0.12809683 -0.24378699 0.93348419
v 0.13273079 -0.26121985 0.92192304
v 0.14239129 -0.24931052 0.92708241
v 0.0836776 -0.25346067 0.9046517
v 0.1305311 -0.26868847 0.91812115
v 0.11156123 -0.26551085 0.92029386
v 0.15088102 -0.26967927 0.8977074
v 0.30826625 -0.23180715 0.8401457
v 0.25174468 -0.21865604 0.83984285
v 0.2848531 -0.26121133 0.83951902
v 0.34113752 -0.17086078 0.81685197
v 0.28625267 -0.16405376 0.8353219
v 0.32823991 -0.20243968 0.83080381
v 0.25317534 -0.11186765 0.83263558
v 0.20613277 -0.10901631 0.84758591
v 0.23379918 -0.15488903 0.84418857
v 0.24596017 -0.13339303 0.84034991
v 0.18372505 -0.14558576 0.84864002
v 0.21816517 -0.17822837 0.84122061
v 0.12605756 -0.12614336 0.9813584
v 0.14337825 -0.10798568 0.92561489
v 0.12871873 -0.07519193 0.95049488
v 0.10739276 -0.09212102 1.00012445
v 0.12699595 -0.09890076 0.96469181
v 0.16233648 -0.14219324 0.90296816
v 0.16638863 -0.10490898 0.87493127
v 0.1608027 -0.12272261 0.88434219
v 0.17791986 -0.06927947 0.86131101
v 0.14894998 -0.06877676 0.90130156
v 0.17285627 -0.08742976 0.86838805
v 0.12702046 -0.03441436 0.92183274
v 0.10634831 -0.04259523 0.96942621
v 0.12831699 -0.05422962 0.93639141
v 0.0423702 -0.25688552 0.95103102
v 0.03491251 -0.27820402 0.991777
v 0.03544713 -0.29916018 0.98936396
v 0.03849589 -0.27791073 0.96973961
v 0.03532313 -0.26283675 1.00286042
v 0.04303383 -0.28699833 1.03478205
v 0.03285571 -0.30077487 1.02899062
v 0.03887026 -0.28280228 1.01385355
v 0.01724758 -0.30389913 1.05819761
v 0.01856583 -0.3111121 1.01916039
v 0.0173234 -0.30803561 1.03801
v 0.02036874 -0.31289771 1.00159895
v 0.02220663 -0.29064151 1.10209035
v 0.04649135 -0.27655407 1.10608077
v 0.03008903 -0.24993839 1.13729071
v 0.02600744 -0.27520519 1.12264359
v 0.03481432 -0.29510492 1.06793677
v 0.01896643 -0.29881727 1.07980656
v 0.05072306 -0.27706259 1.03948879
v 0.05073815 -0.28280878 1.0619589
v 0.04677872 -0.28584611 1.05058527
v 0.05779841 -0.27499321 1.04957306
v 0.07039003 -0.2588914 1.08779418
v 0.05807653 -0.27606093 1.07454276
v 0.08591939 -0.11564396 1.04968059
v 0.06403046 -0.14330762 1.09696626
v 0.08792397 -0.18289153 1.08493089
v 0.10788343 -0.15291151 1.03347122
v 0.08719486 -0.14787198 1.0670824
v 0.03369115 -0.10593315 1.09827053
v 0.03582743 -0.17285868 1.13258206
v 0.03445171 -0.13962183 1.11615574
v 0.0631522 -0.21797926 1.1226623
v 0.0347221 -0.2126169 1.14256978
v 0.09840069 -0.23052725 1.05844891
v 0.08295361 -0.22470192 1.09208476
v 0.06128811 -0.07942337 1.06122505
v 0.03133672 -0.04710527 1.05869031
v 0.03256176 -0.07556065 1.07864177
v 0.08497563 -0.0578246 1.01685047
v 0.08569245 -0.08562172 1.03336858
v 0.07988026 -0.00931464 0.9828962
v 0.05857624 -0.02405677 1.02607023
v 0.0830774 -0.03250493 1.00022339
v 0.03044563 0.00691399 1.02604234
v 0.03074846 -0.01953155 1.04144763
v 0.07720701 0.08099909 0.92410051
v 0.05677482 0.07086655 0.96715945
v 0.07696086 0.03627473 0.95027154
v 0.09894804 0.0435195 0.9007861
v 0.07759184 0.05906537 0.93587523
v 0.02964412 0.09506329 0.97265934
v 0.03000005 0.05459094 0.99667346
v 0.02997998 0.0758433 0.98390269
v 0.0562278 0.02532894 0.9940145
v 0.03012601 0.03163591 1.01093876
v 0.10094931 0.00024504 0.93598628
v 0.07772225 0.01349657 0.96610283
v 0.12495794 0.00569159 0.88965177
v 0.1537628 0.00687713 0.84633731
v 0.12956371 0.04370987 0.85067337
v 0.12531597 0.02561453 0.87146008
v 0.15116624 -0.03157048 0.87744844
v 0.12578536 -0.01445256 0.90638738
v 0.21576677 -0.0698364 0.83220529
v 0.18195557 -0.03132214 0.83826685
v 0.1808269 -0.05032543 0.85143566
v 0.21927639 -0.02822342 0.80904632
v 0.18765005 0.00632606 0.80852234
v 0.18385939 -0.01223115 0.82381224
v 0.0543966 0.10873492 0.94715774
v 0.02740888 0.12759818 0.95297503
v 0.02871999 0.11208792 0.96248716
v 0.08988242 0.09485219 0.88247549
v 0.07154422 0.1198934 0.91473072
v 0.07471486 0.10167919 0.91845816
v 0.08156573 0.13123139 0.88128799
v 0.06605945 0.15098825 0.90421253
v 0.04898886 0.13980996 0.93144422
v 0.06841152 0.13588579 0.9099676
v 0.02468841 0.15655204 0.93466913
v 0.02595253 0.1421702 0.94370096
v 0.14223431 0.1116371 0.77579432
v 0.11855047 0.11566247 0.79810184
v 0.11824681 0.0982425 0.82000929
v 0.13905896 0.08723285 0.7825303
v 0.12639309 0.10170252 0.79104453
v 0.12402305 0.1321789 0.78579366
v 0.10951726 0.13987986 0.80102312
v 0.1016572 0.12719361 0.82407838
v 0.11293918 0.12838451 0.80200099
v 0.08735847 0.14288872 0.84700161
v 0.09549126 0.11183732 0.85145658
v 0.09076017 0.12789581 0.85094058
v 0.11849756 0.0758806 0.84164935
v 0.10375427 0.09441527 0.84898924
v 0.16102671 0.03606583 0.80331134
v 0.14536449 0.06275081 0.79468137
v 0.13837613 0.05594453 0.82431018
v 0.22791916 0.01182923 0.78627115
v 0.2036 0.04016232 0.78275609
v 0.1931905 0.02272341 0.7919448
v 0.24662208 0.05031343 0.78318977
v 0.22675843 0.07450052 0.77764987
v 0.18661217 0.06568843 0.77673888
v 0.21597987 0.05771453 0.77968752
v 0.1761572 0.09099897 0.7691161
v 0.16058425 0.07551147 0.77825009
v 0.07804279 0.16188503 0.87134748
v 0.0657504 0.18120172 0.89218562
v 0.04578424 0.1692442 0.91616427
v 0.06505473 0.1660538 0.8980171
v 0.08455394 0.19365818 0.86207163
v 0.07330941 0.21391396 0.88442456
v 0.04761757 0.19997334 0.90408921
v 0.06841906 0.19686217 0.88748776
v 0.0258659 0.21896743 0.90697717
v 0.02378463 0.18617831 0.9185512
v 0.02443713 0.20198018 0.91223365
v 0.02387903 0.17114082 0.92608243
v 0.08725138 0.17441181 0.83331996
v 0.10781276 0.18722996 0.80130112
v 0.10441919 0.21066504 0.82792162
v 0.09328799 0.19213873 0.82873791
v 0.09549599 0.15490503 0.81277686
v 0.08581891 0.15811683 0.84034103
v 0.12507706 0.14681585 0.78374171
v 0.11758919 0.16401228 0.78871083
v 0.11087111 0.15146996 0.79507225
v 0.14693224 0.16816774 0.77272743
v 0.14738516 0.18762862 0.79099071
v 0.1307529 0.1762409 0.78748011
v 0.13023598 0.31049901 0.91567289
v 0.07553556 0.28345024 0.91484922
v 0.09383273 0.25530871 0.88852077
v 0.14547163 0.26889953 0.88564318
v 0.11147283 0.27967199 0.90000772
v 0.04272132 0.32017132 0.928303
v 0.03298312 0.26061144 0.90835708
v 0.03811215 0.28623327 0.9208399
v 0.05615475 0.23598462 0.8989377
v 0.028594 0.23828613 0.90453815
v 0.10249276 0.23095864 0.86047107
v 0.0813102 0.23331485 0.88408798
v 0.14280611 0.24256752 0.84383803
v 0.18815875 0.2418621 0.83354914
v 0.2026804 0.26971468 0.87274807
v 0.1694874 0.25640335 0.85964036
v 0.14317204 0.21587908 0.81189888
v 0.12092709 0.22799237 0.83248066
v 0.17815846 0.19286873 0.7768526
v 0.18325841 0.21214294 0.80514925
v 0.16481205 0.19924067 0.79740649
v 0.2144109 0.2181683 0.79447966
v 0.22815588 0.23426277 0.82521522
v 0.20398786 0.2246454 0.8150053
v 0.16444622 0.51114952 0.87011718
v 0.10512277 0.46010083 0.90085667
v 0.1501486 0.40534967 0.91178953
v 0.20912443 0.45433086 0.88338017
v 0.15761415 0.45778912 0.89517253
v 0.05508641 0.51586014 0.88032132
v 0.04970388 0.40978652 0.9182927
v 0.05254325 0.46153196 0.9031676
v 0.09341984 0.35943442 0.9229927
v 0.04654167 0.36228993 0.92741978
v 0.19247601 0.35077074 0.9120053
v 0.14205163 0.3548682 0.92008459
v 0.24133211 0.30714395 0.90049308
v 0.29408443 0.35367092 0.88354474
v 0.25026649 0.40035241 0.88433873
v 0.24434861 0.35163036 0.90048766
v 0.3347873 0.31723269 0.87165546
v 0.38584235 0.35170289 0.84572917
v 0.3466829 0.39452832 0.845568
v 0.34139531 0.35390558 0.86549818
v 0.39787748 0.42817011 0.7963944
v 0.3670814 0.4835366 0.80024367
v 0.30864924 0.44471415 0.84662914
v 0.35478588 0.43735966 0.82277375
v 0.27020368 0.50133174 0.84503907
v 0.25948622 0.45000323 0.86645603
v 0.24974012 0.25965359 0.848185
v 0.28634658 0.28407511 0.87164485
v 0.24363067 0.27830946 0.87629765
v 0.26312208 0.23087392 0.8141421
v 0.28826412 0.24254065 0.83630555
v 0.25724768 0.2398111 0.832093
v 0.31709003 0.2301146 0.82073271
v 0.34742796 0.2418949 0.83093351
v 0.32073348 0.26532954 0.84430372
v 0.31866458 0.24290491 0.83594018
v 0.36466425 0.28923293 0.84743624
v 0.3269566 0.28801694 0.86134576
v 0.06171831 0.63748765 0.84530991
v 0.1298532 0.69908499 0.82105124
v 0.06894402 0.76934188 0.80596226
v 0.06549859 0.70327627 0.82873725
v 0.11556587 0.57167983 0.85442972
v 0.05813685 0.57458245 0.86108994
v 0.22746209 0.56223136 0.83534091
v 0.1819821 0.62892663 0.82867801
v 0.17215341 0.56769615 0.84634167
v 0.25344264 0.68459361 0.79610383
v 0.20253358 0.75704705 0.7854731
v 0.19254401 0.69277757 0.80993205
v 0.43864539 0.69793713 0.69539314
v 0.36727884 0.65931487 0.75444638
v 0.39862954 0.58564877 0.75141626
v 0.46719089 0.62097853 0.69522684
v 0.41865038 0.64143079 0.72593134
v 0.32846671 0.73563468 0.75211387
v 0.29550012 0.61271089 0.79896056
v 0.31220394 0.67387765 0.77845531
v 0.33262768 0.54490923 0.79981297
v 0.28109821 0.55472421 0.81975483
v 0.42751985 0.5187304 0.74914968
v 0.38139367 0.53279614 0.77583062
v 0.52186864 0.42499077 0.6817336
v 0.47652703 0.40557342 0.74225443
v 0.50200152 0.35948714 0.74391287
v 0.53831303 0.37416306 0.68189972
v 0.5095998 0.39100232 0.71270668
v 0.45176386 0.45827481 0.74374187
v 0.43308007 0.38164031 0.79966038
v 0.439298 0.41800972 0.77040028
v 0.41404405 0.31494629 0.83214157
v 0.46236071 0.33936661 0.79754817
v 0.42625388 0.3468059 0.82271075
v 0.47679665 0.30155101 0.78467011
v 0.51932036 0.31773611 0.74158543
v 0.49334293 0.32957011 0.77022987
v 0.60068875 0.58131432 0.54230552
v 0.54946076 0.57088989 0.62334764
v 0.55777084 0.50032794 0.61768907
v 0.60573864 0.50847727 0.54169565
v 0.57972204 0.54073178 0.58249735
v 0.53245896 0.64658325 0.62490314
v 0.48924773 0.54889315 0.69121462
v 0.51151561 0.59765648 0.66115069
v 0.50715732 0.48342219 0.68605017
v 0.46964079 0.50236207 0.71888423
v 0.56636375 0.43765416 0.61517059
v 0.53846049 0.4615637 0.65061295
v 0.42932984 0.28259441 0.81167978
v 0.43730217 0.24934649 0.79817462
v 0.47935962 0.26617294 0.77045601
v 0.4563629 0.27526551 0.79180842
v 0.38456755 0.26259747 0.82553917
v 0.39875266 0.28741428 0.83043402
v 0.3636038 0.22446158 0.81243056
v 0.39820045 0.23277445 0.81578379
v 0.37396639 0.2387024 0.82452374
v 0.40150493 0.21253658 0.79523062
v 0.44013086 0.21619831 0.78969478
v 0.42025047 0.22496819 0.8040297
v 0.25814351 -0.02030218 0.7892372
v 0.29723548 -0.00608205 0.78381013
v 0.26989609 0.02409426 0.78609448
v 0.26323443 0.00272925 0.78627193
v 0.33028787 -0.0400693 0.77864605
v 0.36203622 -0.01807309 0.77006405
v 0.33153852 0.01073836 0.77917254
v 0.33009842 -0.01338004 0.77778625
v 0.35948547 0.02949289 0.77344346
v 0.33557054 0.05222905 0.78689891
v 0.30575299 0.03713486 0.78633105
v 0.33341661 0.03234652 0.78149747
v 0.28245198 0.06110036 0.79198557
v 0.27670863 0.04336024 0.78711044
v 0.38830924 -0.15354843 0.78994351
v 0.33935055 -0.09965112 0.79684048
v 0.29824355 -0.11146811 0.81550848
v 0.34259608 -0.1349121 0.80501771
v 0.37250515 -0.07638063 0.77722322
v 0.29526093 -0.05680457 0.79403972
v 0.33460885 -0.06809134 0.78808021
v 0.25669983 -0.06618386 0.81160497
v 0.25665018 -0.04307108 0.79987752
v 0.25613105 -0.0894383 0.8225066
v 0.48713713 -0.34591656 0.74494081
v 0.50160884 -0.26734751 0.72214078
v 0.44664803 -0.21249353 0.76649463
v 0.4679684 -0.27568206 0.75856602
v 0.52551996 -0.40719518 0.68919193
v 0.49887937 -0.4206987 0.72880977
v 0.5792703 -0.37586331 0.60399293
v 0.54318523 -0.3215596 0.66531932
v 0.55147886 -0.39217585 0.64653414
v 0.56428617 -0.24448019 0.64614987
v 0.52074551 -0.20051302 0.69988417
v 0.5323854 -0.25731301 0.68342864
v 0.54543113 -0.14088833 0.68719923
v 0.49502974 -0.10940891 0.72361105
v 0.46996459 -0.15835423 0.73915648
v 0.50858753 -0.15158416 0.71359425
v 0.50942748 -0.06437933 0.70640081
v 0.45951542 -0.04238306 0.72494268
v 0.44330751 -0.07893519 0.74371177
v 0.47715276 -0.07351288 0.72545349
v 0.39862185 -0.04845519 0.75786256
v 0.41972771 -0.11657995 0.76527452
v 0.40842744 -0.08012189 0.76128828
v 0.43112963 -0.15997481 0.7668271
v 0.64368856 -0.12735548 0.5521065
v 0.62419998 -0.20890477 0.56703656
v 0.65342271 -0.2529681 0.49510604
v 0.67454886 -0.1674356 0.47062918
v 0.65050786 -0.18694113 0.52199626
v 0.5876649 -0.17340599 0.63233983
v 0.60344266 -0.29057946 0.58527803
v 0.5952993 -0.22834312 0.60793036
v 0.63175767 -0.33930009 0.51627743
v 0.60737466 -0.35813289 0.56146699
v 0.67811495 -0.30575609 0.41978982
v 0.65414327 -0.32115811 0.46879407
v 0.65087527 -0.04725676 0.55694085
v 0.61166977 -0.04533316 0.61913728
v 0.60613149 -0.10671573 0.62256193
v 0.63175362 -0.08133941 0.58819067
v 0.59911209 0.00891477 0.61827969
v 0.55412894 0.00857448 0.64951789
v 0.56483042 -0.03582307 0.66284114
v 0.58530277 -0.01568897 0.63995689
v 0.51255196 -0.02366533 0.68738722
v 0.56162291 -0.08594468 0.67504167
v 0.53900063 -0.05194331 0.68532609
v 0.57750028 -0.12618339 0.65618366
v 0.47056177 -0.00689792 0.71090471
v 0.43853199 0.01234396 0.73617047
v 0.4214456 -0.01805517 0.74635165
v 0.44744613 -0.01370449 0.72980153
v 0.44685915 0.04123049 0.72090494
v 0.42181342 0.05527866 0.74245542
v 0.40735444 0.03074753 0.75220745
v 0.42830297 0.03487353 0.73771625
v 0.38216844 0.04934942 0.76879859
v 0.38828176 0.00616827 0.76222479
v 0.3842298 0.02892074 0.7639085
v 0.39274114 -0.01961902 0.75980639
v 0.5361616 0.04871114 0.63954961
v 0.50238233 0.05152835 0.66130632
v 0.51010984 0.01491867 0.67249232
v 0.52535951 0.03042889 0.65501964
v 0.4916498 0.08371397 0.65678817
v 0.47053107 0.08730787 0.67536515
v 0.4760943 0.0597239 0.68540155
v 0.48539024 0.07117561 0.66921258
v 0.45061153 0.06841386 0.70668184
v 0.47718805 0.02780056 0.69912529
v 0.46299681 0.04964171 0.70299804
v 0.49140691 0.00247458 0.69123512
v 0.73584187 -0.26061308 0.08304896
v 0.74661433 -0.20674738 0.15272119
v 0.73965781 -0.2685343 0.19474618
v 0.74123239 -0.26337578 0.13651701
v 0.71868979 -0.26324546 0.00317356
v 0.740888 -0.20845028 0.0501402
v 0.72545552 -0.26101982 0.03812717
v 0.75406527 -0.1525492 0.01515014
v 0.76061677 -0.0842437 0.05471256
v 0.75521403 -0.14674398 0.10579711
v 0.75327605 -0.14854389 0.05554761
v 0.75496709 -0.08461242 0.17112119
v 0.74418819 -0.14868569 0.22566798
v 0.75150615 -0.14685545 0.16373471
v 0.73650175 -0.31163635 -0.02089733
v 0.78193676 -0.27907002 -0.02131677
v 0.76314497 -0.22045669 -0.0074341
v 0.75338268 -0.27555695 -0.00888377
v 0.79635721 -0.3121345 -0.04784391
v 0.7950623 -0.25395533 -0.05655144
v 0.78467708 -0.21427521 -0.04310188
v 0.79317361 -0.26984691 -0.03984996
v 0.74859553 -0.15519879 -0.05987492
v 0.77605295 -0.09745171 -0.06727724
v 0.77489572 -0.15910124 -0.03288533
v 0.764912 -0.15675118 -0.0450691
v 0.78352445 -0.09240268 -0.02233019
v 0.77276814 -0.15832412 -0.0115019
v 0.69772285 -0.2261421 0.39049398
v 0.71558618 -0.1539628 0.35015532
v 0.69781857 -0.09080264 0.42735579
v 0.69630813 -0.15814311 0.41174539
v 0.7173593 -0.28378862 0.31127753
v 0.69986349 -0.29355827 0.36722812
v 0.73162299 -0.21390923 0.27275285
v 0.73081129 -0.275514 0.25339317
v 0.73284578 -0.08805792 0.29899102
v 0.73170954 -0.15103964 0.28801295
v 0.6813718 -0.02017183 0.48791626
v 0.65867769 0.04573594 0.52162295
v 0.6338306 0.0187568 0.57264387
v 0.65908819 -0.0022605 0.53584581
v 0.67930972 0.08907468 0.4733276
v 0.65114849 0.13652929 0.51223754
v 0.63046276 0.0977392 0.54782289
v 0.65488982 0.09235396 0.51329946
v 0.60577243 0.13678507 0.57848924
v 0.57902222 0.10927827 0.60223394
v 0.60686552 0.07034884 0.58550214
v 0.60558939 0.10382701 0.5775401
v 0.5733661 0.05450398 0.61592286
v 0.60580861 0.03814058 0.59979373
v 0.72035604 -0.02731174 0.36903119
v 0.70257461 0.03286881 0.42763844
v 0.70080393 -0.02684756 0.43004724
v 0.74780237 -0.02351044 0.24118903
v 0.74113613 0.03545556 0.31101319
v 0.73614984 -0.02579508 0.30595338
v 0.75254821 0.10060793 0.25212687
v 0.74030506 0.15360337 0.32301583
v 0.72518861 0.09131679 0.37440881
v 0.74295574 0.09547589 0.31595683
v 0.69995892 0.14146804 0.42939299
v 0.70354056 0.08888865 0.42710688
v 0.55485004 0.13463896 0.62847268
v 0.52722621 0.11636418 0.64094871
v 0.54792755 0.09133361 0.62260347
v 0.55205375 0.11328566 0.62311619
v 0.50949347 0.13008873 0.66231286
v 0.4898031 0.12561407 0.66513383
v 0.50215733 0.10857041 0.65202313
v 0.50696164 0.11957532 0.65584486
v 0.48038268 0.10814128 0.66137903
v 0.51611471 0.08334146 0.63788145
v 0.49699968 0.09639245 0.65152633
v 0.54289788 0.06936097 0.62796908
v 0.55744755 0.24796707 0.68681788
v 0.51589375 0.24240212 0.72683209
v 0.50501906 0.20579011 0.72317403
v 0.53983819 0.21155647 0.68473178
v 0.52914637 0.22787131 0.705015
v 0.52355474 0.27935642 0.73481518
v 0.47699406 0.23017029 0.76206892
v 0.49914771 0.25527 0.74867105
v 0.43395403 0.19741845 0.76738899
v 0.47212052 0.19614693 0.75541532
v 0.4574458 0.20672988 0.7731235
v 0.45924183 0.17682473 0.7344653
v 0.49289286 0.17323601 0.71909076
v 0.48389875 0.18482118 0.73714005
v 0.583072 0.16154992 0.61520814
v 0.55402922 0.17444458 0.65162909
v 0.52895414 0.14804972 0.65697348
v 0.55595499 0.15488462 0.6384713
v 0.57799041 0.20774468 0.64584523
v 0.52144879 0.17766465 0.68628424
v 0.54824429 0.19358104 0.66684681
v 0.47555705 0.15655881 0.70198935
v 0.50406795 0.15049551 0.68638175
v 0.49928569 0.16162104 0.7019816
v 0.48928988 0.13679841 0.67715394
v 0.50786918 0.14022097 0.67274761
v 0.62360417 0.33077234 0.55779153
v 0.58817404 0.33401203 0.62252211
v 0.59413284 0.28862065 0.62941491
v 0.6234833 0.2812471 0.56899958
v 0.60848069 0.30938324 0.59481811
v 0.57668322 0.38283288 0.6169185
v 0.55354374 0.32900467 0.68409496
v 0.56452703 0.35539728 0.65165847
v 0.56122779 0.28728476 0.68604201
v 0.54151153 0.30367773 0.71311485
v 0.5920183 0.24634739 0.63809609
v 0.57866209 0.26818245 0.66110253
v 0.68586045 0.42443242 0.380892
v 0.6535111 0.43997913 0.46621236
v 0.65808159 0.37706011 0.47673964
v 0.68900966 0.35791593 0.39804241
v 0.67350608 0.40097916 0.43085503
v 0.64615392 0.50683254 0.45708531
v 0.61281269 0.44351944 0.5445066
v 0.63013839 0.47520238 0.50283718
v 0.6189869 0.38475713 0.54970425
v 0.59368658 0.41239351 0.58178305
v 0.65775501 0.31810194 0.49016794
v 0.6403799 0.35338938 0.51856398
v 0.60521495 0.19578956 0.60019189
v 0.61753541 0.23619958 0.5835334
v 0.60064911 0.22213017 0.61752831
v 0.62615114 0.17260302 0.55350577
v 0.60601609 0.16748647 0.58647245
v 0.66865354 0.18325169 0.47884076
v 0.6418699 0.2152538 0.529863
v 0.64681088 0.17752695 0.51783496
v 0.65302634 0.26395496 0.50853431
v 0.63445711 0.24986413 0.54714661
v 0.68951827 0.29505619 0.42093014
v 0.71700203 0.26160502 0.34908345
v 0.71105587 0.32727566 0.31553575
v 0.70247316 0.3112787 0.37033608
v 0.68337231 0.23653377 0.44854784
v 0.67209327 0.27910581 0.46670803
v 0.71397244 0.19937364 0.38775774
v 0.69223225 0.19061352 0.4359495
v 0.73892313 0.21893511 0.27348917
v 0.73087835 0.20907735 0.33369046
v 0.77412974 0.18439906 0.05828077
v 0.76684689 0.11203087 0.11818252
v 0.77188968 0.04871344 0.05399708
v 0.77511316 0.11566225 -0.00465487
v 0.7739892 0.11648315 0.05347378
v 0.75524574 0.16877894 0.19488894
v 0.75905758 0.04274876 0.17983043
v 0.75916749 0.10629489 0.18545451
v 0.76509368 -0.01929616 0.11247699
v 0.75732147 -0.02115587 0.17582523
v 0.76522296 -0.01907402 0.0048873
v 0.7666471 -0.01829095 0.05419046
v 0.7448588 0.43319726 0.18021291
v 0.7393614 0.35916924 0.20165912
v 0.76555413 0.31359604 0.10816662
v 0.76996964 0.38843619 0.08253703
v 0.75599455 0.37433895 0.14276652
v 0.71143478 0.39674422 0.2917352
v 0.73459303 0.28733822 0.23167805
v 0.72219407 0.34324991 0.25886249
v 0.75966227 0.23996493 0.14531774
v 0.74634194 0.229171 0.21023505
v 0.77737289 0.26197752 0.01125566
v 0.77195125 0.25048649 0.07827651
v 0.78115403 0.04275345 -0.03708402
v 0.82348448 0.08745291 -0.07532002
v 0.7928006 0.15641489 -0.07608945
v 0.78786748 0.10444811 -0.04813879
v 0.79854685 -0.03202655 -0.06066352
v 0.77568244 -0.02401042 -0.03271391
v 0.76712107 -0.04106955 -0.10778193
v 0.79927569 0.02044794 -0.09567159
v 0.78924161 -0.03756772 -0.0869666
v 0.80065202 0.0616293 -0.13495831
v 0.84774839 0.11997158 -0.12555553
v 0.819947 0.07577171 -0.10579969
v 0.80483627 -0.26980769 -0.07236002
v 0.80761438 -0.20169863 -0.07656416
v 0.80589169 -0.17948384 -0.06325873
v 0.79579263 -0.23129482 -0.07053201
v 0.81176418 -0.20316116 -0.09098441
v 0.80802303 -0.15828192 -0.09593604
v 0.78494709 -0.15489074 -0.10126283
v 0.81243181 -0.17316652 -0.08121148
v 0.76305079 -0.10707598 -0.14713308
v 0.76861184 -0.08500009 -0.15057109
v 0.7479282 -0.1445588 -0.10626284
v 0.75533545 -0.12523616 -0.12997406
v 0.73953014 -0.09704074 -0.10354866
v 0.74380624 -0.15453262 -0.08749637
v 0.78760033 -0.00561846 -0.14942812
v 0.80647462 0.02119101 -0.16763205
v 0.81825488 0.08162698 -0.16938675
v 0.80825269 0.03652655 -0.15418677
v 0.77965062 -0.05679926 -0.1556565
v 0.76732993 -0.04990954 -0.13463212
v 0.78404748 -0.05066622 -0.172064
v 0.78894078 -0.02128958 -0.17210345
v 0.78181809 -0.0553081 -0.16459286
v 0.80508267 0.00814936 -0.18297426
v 0.82730072 0.03778817 -0.17165653
v 0.80197066 0.01227693 -0.17487739
v 0.8449065 -0.23119579 -0.21922983
v 0.85054403 -0.14861044 -0.25592669
v 0.84046173 -0.1766781 -0.20970509
v 0.83039385 -0.24668097 -0.16495394
v 0.84230703 -0.19972367 -0.21273331
v 0.86930662 -0.10965861 -0.3016994
v 0.86726599 -0.03886107 -0.29867965
v 0.86096316 -0.09075526 -0.27029967
v 0.85735178 -0.09520766 -0.2823883
v 0.87168836 -0.05068344 -0.27513396
v 0.86834478 -0.08299256 -0.23492878
v 0.85756367 -0.12370593 -0.23585566
v 0.86343616 -0.08936296 -0.26255619
v 0.85604566 -0.14355285 -0.17818069
v 0.83719521 -0.19083763 -0.161025
v 0.85235911 -0.15751899 -0.19700907
v 0.89945435 0.14967012 -0.27601391
v 0.87209546 0.10359495 -0.29770463
v 0.87273991 0.0758489 -0.31044146
v 0.88273942 0.12360256 -0.30387407
v 0.86887073 0.10375502 -0.2720949
v 0.87153029 0.04776067 -0.25438103
v 0.8741362 0.0352256 -0.27782023
v 0.87049657 0.07523156 -0.27911782
v 0.87365281 -0.01974367 -0.25619369
v 0.87370753 0.00460671 -0.29283604
v 0.87543493 -0.00853051 -0.27572557
v 0.87231409 0.01986575 -0.30595621
v 0.88789361 0.17324921 -0.12841187
v 0.81259524 0.18775384 -0.16770744
v 0.78282785 0.22415189 -0.08549165
v 0.8119083 0.18394766 -0.12263387
v 0.88053196 0.13763323 -0.1687538
v 0.92047804 0.16780097 -0.18724045
v 0.90066546 0.14502632 -0.15380929
v 0.91785597 0.15732723 -0.23558658
v 0.90412968 0.2101247 -0.23084354
v 0.93162453 0.17786042 -0.23385384
v 0.79971313 0.24020361 -0.20289981
v 0.81380683 0.18021945 -0.21229609
v 0.89687055 0.14831921 -0.21457198
v 0.87789863 0.15274933 -0.25975403
v 0.9113391 0.15409153 -0.24285084
v 0.84478426 0.09979843 -0.19088204
v 0.85455405 0.12603387 -0.18595583
v 0.83747226 0.03592371 -0.18769075
v 0.86037415 0.09598112 -0.21998931
v 0.83718824 0.07073918 -0.19580265
v 0.86717367 0.06489736 -0.23622363
v 0.86538541 0.11087866 -0.25231576
v 0.78678143 0.35813406 -0.45565599
v 0.80449682 0.41596779 -0.36621236
v 0.79956102 0.32508805 -0.34445154
v 0.79452157 0.34121456 -0.39772301
v 0.80408614 0.51052814 -0.3927285
v 0.81589549 0.56269711 -0.29335296
v 0.81369245 0.47120448 -0.27238142
v 0.81162977 0.48997902 -0.33083191
v 0.81103193 0.52416855 -0.1738343
v 0.80686116 0.43836966 -0.15817529
v 0.80767697 0.38191518 -0.25590392
v 0.81224137 0.45388376 -0.21542315
v 0.80240953 0.29772487 -0.23746612
v 0.80234992 0.30950978 -0.29252335
v 0.79813402 0.35724541 -0.14032419
v 0.78803777 0.28833851 -0.11396004
v 0.79617911 0.29333457 -0.17658132
v 0.79567915 0.49255627 -0.05624447
v 0.79002618 0.41302076 -0.03916804
v 0.79913604 0.42501983 -0.09930641
v 0.7745437 0.46445298 0.0632744
v 0.78318691 0.33786398 -0.01753538
v 0.78063952 0.40113264 0.0216634
v 0.78143554 0.27695411 -0.05212132
v 0.75148147 0.66145354 -0.57605612
v 0.77211135 0.55680841 -0.53171062
v 0.73726803 0.50009143 -0.63969743
v 0.71004682 0.60718107 -0.69200748
v 0.74543035 0.58156597 -0.60966885
v 0.79566955 0.60890454 -0.42502632
v 0.78281021 0.45550045 -0.49127727
v 0.79108047 0.53299599 -0.45950812
v 0.75369548 0.39676016 -0.58975654
v 0.77392339 0.37674608 -0.51992452
v 0.69023442 0.43930169 -0.7449485
v 0.72600996 0.41768652 -0.66524457
v 0.58242744 0.48313167 -0.90210163
v 0.65528351 0.54727387 -0.80426639
v 0.64372527 0.46141523 -0.82573849
v 0.41713666 0.52155762 -1.02568626
v 0.51591229 0.59161973 -0.95378506
v 0.50615978 0.50343179 -0.96978032
v 0.43028673 0.69970613 -0.9906404
v 0.5281195 0.76965689 -0.89933681
v 0.60254532 0.65840816 -0.85821843
v 0.52325451 0.68079119 -0.93057125
v 0.67119497 0.71849882 -0.74424701
v 0.66404277 0.6333093 -0.77669757
v 0.32386633 0.62536478 -1.05591893
v 0.2202384 0.7255612 -1.06653928
v 0.33120113 0.80485802 -1.00699996
v 0.32805785 0.7148717 -1.03632736
v 0.21450437 0.54829204 -1.09696233
v 0.31867697 0.53703671 -1.0680592
v 0.10934473 0.64252275 -1.10152161
v 0.10800383 0.55436402 -1.11341929
v 0.11204141 0.82231366 -1.05466485
v 0.11064188 0.73178947 -1.08243107
v 0.11460167 1.00401508 -0.96814489
v 0.22474312 0.90646314 -0.99945521
v 0.11350885 0.91378891 -1.01726687
v 0.11178795 1.17216324 -0.82179218
v 0.2255292 1.08282887 -0.88693004
v 0.11455074 1.09219682 -0.90484303
v 0.32515281 1.14008867 -0.77529817
v 0.43265923 1.04321408 -0.80876791
v 0.33508336 0.9826169 -0.91822814
v 0.33324763 1.06637823 -0.85529559
v 0.43676954 0.87782168 -0.92083102
v 0.33375951 0.89462012 -0.96776509
v 0.52899479 0.93960374 -0.81082522
v 0.61021971 0.83058255 -0.78648507
v 0.53068172 0.8567298 -0.8600232
v 0.50684863 1.08123469 -0.67801022
v 0.59536427 0.98274552 -0.68099087
v 0.52077633 1.0151354 -0.7497859
v 0.63952565 1.01170158 -0.54932886
v 0.70235425 0.91296583 -0.53017586
v 0.66668039 0.87706172 -0.65840756
v 0.65583586 0.94798708 -0.60661858
v 0.71954613 0.7691304 -0.62094754
v 0.67234379 0.80036997 -0.70476079
v 0.74965053 0.81207358 -0.49823939
v 0.77892184 0.70987385 -0.46113964
v 0.7542994 0.73881179 -0.5391289
v 0.71542155 0.94115656 -0.40746724
v 0.75959706 0.84903645 -0.38025069
v 0.73636794 0.87990957 -0.45422276
v 0.75197964 0.88341027 -0.26793697
v 0.78301972 0.79442095 -0.24138054
v 0.7889595 0.7534368 -0.34959554
v 0.77459293 0.82065993 -0.30945366
v 0.80676907 0.65715706 -0.31970298
v 0.79569464 0.68264138 -0.38824105
v 0.76944631 0.70599329 0.00870998
v 0.79450368 0.65996426 -0.09209232
v 0.78348952 0.7472254 -0.11309149
v 0.75555902 0.79070651 -0.01115249
v 0.77793866 0.72604298 -0.05167935
v 0.79786026 0.57498532 -0.07325435
v 0.81114018 0.61232495 -0.19282224
v 0.80578631 0.59274768 -0.13263909
v 0.8010596 0.70273834 -0.21571925
v 0.81191557 0.63371938 -0.25482478
v 0.76335722 0.83472812 -0.13584952
v 0.78558009 0.76994568 -0.17607569
v 0.77621662 0.62318873 0.0277732
v 0.77740031 0.54271858 0.04584173
v 0.78853732 0.55858111 -0.0137198
v 0.73410314 0.74806612 0.10979047
v 0.74462217 0.66650021 0.12829104
v 0.75811904 0.68642216 0.0686936
v 0.70664799 0.70218354 0.22940482
v 0.71542787 0.62252652 0.24571004
v 0.75008052 0.58709985 0.14632865
v 0.73071545 0.64559811 0.18751791
v 0.75055885 0.50936418 0.16336509
v 0.76481449 0.52665126 0.10506057
v 0.68032574 0.49410098 0.36685892
v 0.68001735 0.56799209 0.35626438
v 0.64179801 0.57979834 0.45098713
v 0.66261512 0.53792423 0.40810883
v 0.7140178 0.46922233 0.27458506
v 0.69748735 0.44715055 0.32810396
v 0.71803599 0.54474341 0.26079374
v 0.73265129 0.4901354 0.21980451
v 0.67515277 0.64614236 0.34480446
v 0.69816309 0.59646147 0.30207166
v 0.66484201 0.72745126 0.33219331
v 0.61790871 0.74010223 0.43432089
v 0.6346907 0.65879708 0.44455793
v 0.64945477 0.69436293 0.38944205
v 0.59062415 0.82153534 0.4196577
v 0.53673493 0.82278549 0.52193123
v 0.56824362 0.74090516 0.53395569
v 0.58016616 0.78302925 0.4787296
v 0.5075702 0.72633814 0.62227439
v 0.59010422 0.65977478 0.54083102
v 0.55193907 0.69483703 0.58272522
v 0.61914199 0.62092816 0.49613729
v 0.64303499 0.80835264 0.31596988
v 0.61208987 0.88859331 0.29624721
v 0.55430001 0.90161788 0.39998793
v 0.60142368 0.85670888 0.35862264
v 0.69093829 0.78306567 0.21216251
v 0.67795497 0.75670933 0.27260407
v 0.71534466 0.83065611 0.09041952
v 0.66543525 0.86378008 0.19236388
v 0.70315319 0.80735564 0.15116825
v 0.62999653 0.94290953 0.16935712
v 0.57125705 0.96650248 0.27153939
v 0.62171679 0.91721999 0.23287862
v 0.72852695 0.91778665 -0.15989492
v 0.69074374 0.95311141 -0.0566327
v 0.72978985 0.87438333 -0.03274414
v 0.73134785 0.89584767 -0.09561315
v 0.64302158 1.02550649 -0.08396946
v 0.59189081 1.05846524 0.01272565
v 0.64199203 0.98769784 0.04317814
v 0.64396351 1.00718891 -0.02015306
v 0.58463668 1.0180217 0.14197009
v 0.68410652 0.91130363 0.06850482
v 0.63702505 0.9663164 0.10622709
v 0.72447228 0.85287815 0.02926551
v 0.68284177 0.99386489 -0.18482483
v 0.63359433 1.06350791 -0.21135957
v 0.59176695 1.09239435 -0.11833815
v 0.63976091 1.04405856 -0.14823804
v 0.70781207 0.96621137 -0.29214349
v 0.72074407 0.94076341 -0.2256501
v 0.65990704 1.02916681 -0.42440548
v 0.65715032 1.04301524 -0.31169757
v 0.68836438 0.9953984 -0.3587915
v 0.60468709 1.11048698 -0.32171064
v 0.58636003 1.12301838 -0.24286076
v 0.62321847 1.08467698 -0.27077555
v 0.40596276 1.17015934 -0.64422184
v 0.47227984 1.18439388 -0.51289612
v 0.56175869 1.10402977 -0.54581564
v 0.49014884 1.13825357 -0.59840261
v 0.37608608 1.24937546 -0.45190414
v 0.43892905 1.23442971 -0.33347168
v 0.52189552 1.18296396 -0.39368042
v 0.45467442 1.21663057 -0.42369282
v 0.55259054 1.1623255 -0.29873654
v 0.59517878 1.11208593 -0.42351645
v 0.57198703 1.14553773 -0.36072483
v 0.61858594 1.06683576 -0.48737984
v 0.10142764 1.28658902 -0.62130212
v 0.21055795 1.22485518 -0.71054452
v 0.10632325 1.23713827 -0.72549474
v 0.09407848 1.33845603 -0.39587363
v 0.19315421 1.30399489 -0.4976989
v 0.09718857 1.31917643 -0.51085859
v 0.27980697 1.29890227 -0.36929988
v 0.29769355 1.24697268 -0.58273947
v 0.28756338 1.27969348 -0.47773098
v 0.31161722 1.20045387 -0.68252909
v 0.40889585 1.21038126 0.00783458
v 0.47896555 1.18376064 -0.08257458
v 0.4188022 1.2354542 -0.15757449
v 0.34099918 1.26201677 -0.06713807
v 0.41317519 1.22491371 -0.07326305
v 0.53690403 1.12377452 -0.02729311
v 0.54014474 1.15282452 -0.16643409
v 0.5383746 1.13924741 -0.09688066
v 0.49048471 1.20164239 -0.23707416
v 0.54336488 1.1622523 -0.23418927
v 0.35444188 1.2753241 -0.25350794
v 0.42693436 1.23948967 -0.24448269
v 0.087539 1.31249868 0.04043325
v 0.17686763 1.31328678 -0.06035073
v 0.0906142 1.34082138 -0.16532072
v 0.08918579 1.3289591 -0.05881366
v 0.25717827 1.27573406 0.02913026
v 0.26686435 1.3026874 -0.16042812
v 0.26153674 1.29148459 -0.06303849
v 0.18383482 1.32884097 -0.27110213
v 0.27278935 1.3056705 -0.26257789
v 0.09202376 1.34460961 -0.27865523
v 0.39446091 1.12454259 0.3045319
v 0.4648467 1.11085033 0.20556986
v 0.40154591 1.17428612 0.16027446
v 0.32598707 1.18611693 0.25673586
v 0.39817303 1.15168619 0.23314258
v 0.52144587 1.04082822 0.24158182
v 0.5314663 1.08800423 0.10837048
v 0.52696466 1.06611883 0.17510834
v 0.47243821 1.1522001 0.06507375
v 0.53473502 1.10696125 0.04102905
v 0.33220964 1.22936964 0.1022247
v 0.40504336 1.19348573 0.08536921
v 0.36991995 0.96017688 0.56565898
v 0.44129911 0.97742056 0.47368672
v 0.38392922 1.0526278 0.44148895
v 0.30806985 1.03393364 0.53239506
v 0.37690237 1.00814223 0.50506746
v 0.49444675 0.90252494 0.50218904
v 0.50797957 0.97852128 0.37386268
v 0.5010696 0.94221854 0.43877455
v 0.45471218 1.05362319 0.3425256
v 0.51497942 1.01158201 0.30796596
v 0.31940481 1.12331461 0.40169397
v 0.3897525 1.09154379 0.37427291
v 0.42903414 0.8883115 0.59714889
v 0.47499853 0.80903637 0.61545127
v 0.48655062 0.85839676 0.56214845
v 0.29440811 0.92687124 0.64508223
v 0.355811 0.85646575 0.67649412
v 0.3638007 0.91029369 0.62401425
v 0.27793818 0.80982148 0.73682946
v 0.40455275 0.77916216 0.69342261
v 0.34335422 0.7970258 0.71845495
v 0.45816075 0.75451469 0.65926712
v 0.21740901 0.88087356 0.71007365
v 0.14196287 0.8278287 0.76392263
v 0.21063745 0.81966209 0.75142025
v 0.22929631 0.99877405 0.61161238
v 0.15106679 0.95284372 0.67968481
v 0.2234798 0.94081932 0.66347068
v 0.07811562 1.01966095 0.63835662
v 0.0740645 0.89745128 0.73428374
v 0.07632122 0.96058702 0.69041276
v 0.07162953 0.83323872 0.77240568
v 0.24621745 1.18286979 0.35067659
v 0.16387237 1.16254961 0.4383656
v 0.23966564 1.10328507 0.49127835
v 0.24346482 1.14671909 0.42311191
v 0.08347548 1.21205103 0.37530207
v 0.08112546 1.12565684 0.51605349
v 0.08240057 1.17206442 0.44786825
v 0.15831261 1.06696665 0.57019227
v 0.07969994 1.0746988 0.57978719
v 0.23477417 1.05332839 0.55413806
v 0.16736684 1.23124718 0.28927847
v 0.08507026 1.27059149 0.21765716
v 0.08421518 1.24391675 0.29838639
v 0.25081038 1.23675572 0.19727699
v 0.24846383 1.21231436 0.27539432
v 0.17112299 1.27891969 0.12558969
v 0.25366264 1.25764393 0.11554329
v 0.08618877 1.29343211 0.13215762
v 0.78423976 -0.06843238 -0.17898918
v 0.80922597 -0.03821151 -0.22314658
v 0.80292463 -0.01620133 -0.20144912
v 0.79057091 -0.0451414 -0.19446463
v 0.83381611 -0.05867558 -0.23060447
v 0.8551141 -0.00167211 -0.23026245
v 0.843553 -0.03018038 -0.23392865
v 0.84334611 0.01679896 -0.20887373
v 0.86340183 0.02885545 -0.23042625
v 0.82196271 0.0095942 -0.19383908
v 0.79470658 -0.09145945 -0.19587007
v 0.81743729 -0.11206499 -0.19820016
v 0.82644611 -0.08562026 -0.21750664
v 0.78449851 -0.12730665 -0.14292101
v 0.77670633 -0.09384124 -0.16633647
v 0.82113939 -0.18282832 -0.10298399
v 0.81677818 -0.14348942 -0.13588076
v 0.80837792 -0.14993548 -0.1136385
v 0.83572334 -0.17553964 -0.13817918
v 0.83411693 -0.14159654 -0.16004669
v 0.81590837 -0.21580208 -0.11821058
v 0.81983226 -0.24172014 -0.13430072
v 0.82439619 -0.20842725 -0.13657271
v 0.80841726 -0.2527509 -0.09517936
v 0.81091833 -0.21526788 -0.10322842
v 0.80555141 -0.31579527 -0.07770398
v 0.81374841 -0.29123199 -0.10433672
v 0.80971044 -0.2893705 -0.08510641
v 0.81038379 -0.31766215 -0.13358748
v 0.82031232 -0.27688354 -0.13025078
v 0.15156158 -0.16398158 0.96847844
v 0.1615941 -0.20903743 0.95040893
v 0.16928574 -0.17343774 0.93242394
v 0.12803137 -0.19394631 1.01819312
v 0.13040877 -0.15751501 1.00170111
v 0.09027781 -0.24758631 1.02557337
v 0.12742939 -0.22791312 0.99327719
v 0.11271444 -0.22914262 1.0263766
v 0.11970622 -0.23359456 0.96521347
v 0.13966982 -0.2301681 0.96067404
v 0.70928931 -0.34969303 -0.06985812
v 0.76530724 -0.3479422 -0.0497743
v 0.71910595 -0.33219483 -0.0392015
v 0.7393015 -0.28925573 -0.15708313
v 0.7508279 -0.34738397 -0.12905238
v 0.71741658 -0.33435854 -0.1142494
v 0.79506808 -0.30101531 -0.18021079
v 0.78648853 -0.35273611 -0.0956082
v 0.78038531 -0.34381988 -0.13567279
v 0.79435712 -0.3377546 -0.06660202
v 0.77640157 -0.17662191 -0.26805138
v 0.78488999 -0.2388567 -0.22102032
v 0.75680333 -0.22989018 -0.20850022
v 0.82108545 -0.11906777 -0.32137978
v 0.79367721 -0.11311794 -0.31248012
v 0.83410334 -0.18851813 -0.28446137
v 0.85495817 -0.12605236 -0.33391395
v 0.81479555 -0.24572265 -0.23002573
v 0.04387957 -0.23553192 0.96420157
v 0.05493436 -0.23634733 1.004166
v 0.03879446 -0.24746641 1.00165855
v 0.09378155 -0.21894243 0.9270423
v 0.05466267 -0.23615786 0.92441254
v 0.09993994 -0.23430538 0.98720216
v 0.1136204 -0.23009504 0.95239967
v 0.07364805 -0.24410212 1.01456451
v 0.02724973 -0.57180106 0.94754928
v 0.0507654 -0.56278765 0.94261789
v 0.024331 -0.55783301 0.94410574
v 0.02576028 -0.56394076 0.94657397
v 0.05728802 -0.58161848 0.94197017
v 0.02889686 -0.5826106 0.94699478
v 0.11079333 -0.57645499 0.92320573
v 0.0798041 -0.56938958 0.93633687
v 0.08479364 -0.57987827 0.93402153
v 0.09833659 -0.55897623 0.929443
v 0.07047436 -0.55486941 0.93684405
v 0.07495553 -0.56127768 0.93703919
v 0.08671985 -0.54640311 0.93066757
v 0.06198715 -0.54133164 0.93229651
v 0.04489113 -0.55042195 0.93814963
v 0.06615717 -0.54872214 0.93530607
v 0.0767538 -0.53257793 0.92696231
v 0.05588144 -0.52842629 0.92639207
v 0.03988448 -0.53715634 0.92911511
v 0.05838635 -0.53432303 0.92828136
v 0.01933706 -0.53629952 0.93014407
v 0.02132274 -0.54574817 0.93518948
v 0.02070618 -0.54080587 0.93155795
v 0.02283167 -0.55170887 0.94001328
v 0.12662875 -0.56235528 0.91348308
v 0.13785824 -0.55191099 0.90287613
v 0.11251708 -0.54988879 0.92071944
v 0.11945762 -0.55563652 0.91763591
v 0.15389251 -0.56434363 0.89044076
v 0.13380968 -0.57074034 0.90814
v 0.18716129 -0.55331766 0.85269999
v 0.16274552 -0.55258154 0.87979102
v 0.17138852 -0.55858624 0.87163847
v 0.1681053 -0.54336899 0.87227922
v 0.1453323 -0.54354131 0.89369273
v 0.15403761 -0.54793411 0.88730317
v 0.09974843 -0.53744941 0.92315459
v 0.10958232 -0.52895003 0.91493517
v 0.09096197 -0.52482235 0.92221832
v 0.09424318 -0.53085547 0.92248201
v 0.12256804 -0.54140311 0.91125512
v 0.10591473 -0.54402715 0.92265391
v 0.14928285 -0.5345869 0.88746666
v 0.12881405 -0.5322709 0.90273654
v 0.13687534 -0.53822064 0.89885944
v 0.13223971 -0.5251261 0.89831727
v 0.11892136 -0.52298426 0.90826362
v 0.12199629 -0.52729642 0.90594226
v 0.08116432 -0.49432003 0.95320457
v 0.06248903 -0.48643237 0.96227437
v 0.04138994 -0.49558126 0.96249014
v 0.06077436 -0.49980139 0.95444554
v 0.06162109 -0.49328893 0.95866984
v 0.08422429 -0.48048165 0.95932692
v 0.04453585 -0.47859504 0.96949756
v 0.06442786 -0.47674676 0.96622228
v 0.02068883 -0.49440121 0.96624922
v 0.02221613 -0.48802214 0.96888762
v 0.02032578 -0.50606805 0.96054369
v 0.02029474 -0.49975562 0.96387571
v 0.01975144 -0.52187079 0.94553387
v 0.0399208 -0.51001387 0.95188128
v 0.02017928 -0.51353067 0.95457023
v 0.0377644 -0.52546393 0.93327373
v 0.01920284 -0.52965366 0.93525916
v 0.07430797 -0.52012562 0.93115985
v 0.05776098 -0.51479381 0.94143736
v 0.05610441 -0.52207517 0.93240392
v 0.07895822 -0.50592595 0.94531625
v 0.05943585 -0.50707304 0.94885164
v 0.16236832 -0.51186996 0.89932775
v 0.15053743 -0.50511521 0.91372209
v 0.12356995 -0.5016213 0.931414
v 0.13795612 -0.50910925 0.91684573
v 0.14390675 -0.50695192 0.91555547
v 0.1806593 -0.50650769 0.89128178
v 0.13437256 -0.49366498 0.93222302
v 0.15898668 -0.50144797 0.91202122
v 0.10405189 -0.49283081 0.94633066
v 0.10823002 -0.48590862 0.94892257
v 0.10026519 -0.50137347 0.94223195
v 0.10199739 -0.49717021 0.94446754
v 0.0948871 -0.51253736 0.93362575
v 0.11583671 -0.50871473 0.92889696
v 0.09795637 -0.50651317 0.93878644
v 0.10788245 -0.51899379 0.92054283
v 0.09187439 -0.51897949 0.92715269
v 0.1323256 -0.52094447 0.90284681
v 0.12635603 -0.51551872 0.91494375
v 0.12134065 -0.51944023 0.91184777
v 0.14658165 -0.51562273 0.90348589
v 0.13212765 -0.51198536 0.91672039
v 0.20610021 -0.52596628 0.84321379
v 0.215919 -0.52259838 0.84405267
v 0.19087562 -0.52055645 0.86765754
v 0.18821027 -0.524136 0.86060637
v 0.20057101 -0.52361041 0.85347652
v 0.24592423 -0.52705514 0.81856185
v 0.21670454 -0.51532298 0.85180777
v 0.23331829 -0.52029705 0.83285623
v 0.18858237 -0.51428234 0.87747794
v 0.19978755 -0.51037907 0.8711546
v 0.16869461 -0.51787567 0.88765311
v 0.17835204 -0.51638168 0.8832305
v 0.19139869 -0.54308557 0.8462668
v 0.19132106 -0.53433251 0.84590071
v 0.16982305 -0.53485208 0.86887925
v 0.1801642 -0.53850185 0.85825985
v 0.22237972 -0.54388988 0.81592708
v 0.20375067 -0.54885858 0.83358371
v 0.21817767 -0.53215158 0.82468468
v 0.23950243 -0.53624922 0.80999422
v 0.18920883 -0.52791601 0.85353648
v 0.20195941 -0.5296604 0.83991378
v 0.15008223 -0.52146327 0.89206546
v 0.16961313 -0.52290386 0.87726736
v 0.15928934 -0.51946729 0.89030498
v 0.14994555 -0.52729898 0.88619178
v 0.14114803 -0.52335315 0.89416599
v 0.16962598 -0.52821815 0.8704974
v 0.15990528 -0.53128081 0.87802946
v 0.17881062 -0.52598673 0.86541783
v 0.25414583 0.2014296 0.78355628
v 0.22978864 0.19582358 0.78240567
v 0.21409569 0.18159705 0.76437693
v 0.23663651 0.18829673 0.76759469
v 0.23396642 0.1924519 0.77440369
v 0.24433276 0.21317727 0.79763168
v 0.20475201 0.19482636 0.77554434
v 0.2233012 0.20497754 0.78680652
v 0.1735055 0.16938316 0.76731807
v 0.19337073 0.17396441 0.76421737
v 0.18811148 0.1823617 0.7690137
v 0.18455958 0.15383404 0.75399178
v 0.20266868 0.16567251 0.74079638
v 0.19727903 0.16833862 0.75669938
v 0.17814542 0.13453514 0.73611372
v 0.19336457 0.12000452 0.75568771
v 0.22031067 0.12687444 0.76111131
v 0.20585773 0.13994307 0.7336595
v 0.19782143 0.12901906 0.74502134
v 0.16919787 0.11494982 0.76330244
v 0.21021862 0.09883624 0.76570135
v 0.18716847 0.10658737 0.762084
v 0.26042825 0.08337239 0.78489452
v 0.24008965 0.10678456 0.77633404
v 0.23479169 0.09097657 0.77561694
v 0.26612016 0.11198233 0.78158545
v 0.24517732 0.12789911 0.76347041
v 0.24386191 0.1194458 0.77236568
v 0.28820613 0.09350199 0.79179233
v 0.31091633 0.10530737 0.7886334
v 0.28685656 0.11615672 0.77875292
v 0.2885082 0.10721167 0.78778117
v 0.31169256 0.07408575 0.79190963
v 0.28631854 0.07774933 0.79148823
v 0.35824084 0.07027597 0.78005194
v 0.33518847 0.09022587 0.78929984
v 0.33578947 0.07176342 0.78738498
v 0.35217231 0.10655634 0.78095972
v 0.32750567 0.11530239 0.7812463
v 0.33216568 0.1053481 0.78571212
v 0.37550273 0.09117857 0.77371132
v 0.38683405 0.11145931 0.76732206
v 0.363296 0.12012372 0.77208566
v 0.37045049 0.10879435 0.77510577
v 0.39815065 0.07192894 0.76041674
v 0.37887305 0.07005578 0.7708081
v 0.43021395 0.08013824 0.73227256
v 0.40841981 0.09661322 0.75295156
v 0.41580009 0.07545139 0.74790066
v 0.41408035 0.11831405 0.74561476
v 0.39033374 0.12591198 0.75421553
v 0.40151557 0.11459758 0.75752919
v 0.43312487 0.10508487 0.72523915
v 0.43438571 0.12679915 0.71734285
v 0.41182771 0.13303868 0.73141545
v 0.42499387 0.1223939 0.73190534
v 0.45142942 0.09282728 0.6977961
v 0.44218984 0.08606798 0.71512001
v 0.46375945 0.11033193 0.67286765
v 0.45070469 0.1152791 0.69521331
v 0.45892694 0.1010328 0.68328207
v 0.44366401 0.13775515 0.68756401
v 0.42885565 0.14429953 0.70795792
v 0.44089418 0.13113947 0.70276451
v 0.39711335 0.18868513 0.772686
v 0.38686457 0.19655488 0.79008841
v 0.36830607 0.19954714 0.78949087
v 0.38101124 0.19322553 0.77641338
v 0.38332152 0.19416999 0.78333246
v 0.40840846 0.19371832 0.7832331
v 0.37555557 0.20684675 0.8027457
v 0.39246228 0.20081295 0.79436856
v 0.33770099 0.21439966 0.81169366
v 0.35404133 0.20631368 0.80100899
v 0.3575429 0.21142694 0.80815178
v 0.33367598 0.20731729 0.79414081
v 0.35000675 0.20287521 0.78507196
v 0.35181704 0.20407921 0.79222035
v 0.4401898 0.15463255 0.70129871
v 0.43678769 0.16796703 0.72413903
v 0.42049586 0.17707294 0.73697221
v 0.42849245 0.1639993 0.71690422
v 0.43114277 0.16714651 0.71815973
v 0.45519089 0.15684567 0.71706169
v 0.43526604 0.17742954 0.75146931
v 0.44571781 0.16699165 0.73339968
v 0.4147048 0.18400989 0.7635144
v 0.422782 0.186484 0.76847279
v 0.4060522 0.18337994 0.75171887
v 0.40919697 0.18393476 0.75634706
v 0.31479322 0.21039158 0.80569613
v 0.29404747 0.20908716 0.79562819
v 0.31251695 0.20474241 0.79375124
v 0.31412378 0.20864397 0.7963677
v 0.29249924 0.21873328 0.81153792
v 0.31567809 0.21723887 0.81343948
v 0.27189087 0.20911501 0.7999311
v 0.26834097 0.2175996 0.80568569
v 0.27472299 0.20288737 0.78475868
v 0.27421477 0.20717956 0.79045712
v 0.14625413 0.13170084 0.77256995
v 0.14786422 0.14894066 0.7712776
v 0.1354682 0.13975144 0.77616232
v 0.16499218 0.13373848 0.75771415
v 0.15698416 0.12353145 0.76822042
v 0.1688043 0.14993709 0.76425039
v 0.17401827 0.14330592 0.75204014
v 0.16030442 0.15851931 0.76812726
v 0.45826539 0.12840199 0.68059068
v 0.45530274 0.14427243 0.69602161
v 0.44793582 0.1409486 0.68752807
v 0.47236385 0.12521556 0.6742748
v 0.4676454 0.11849572 0.67083311
v 0.46997278 0.13929528 0.68941634
v 0.47813004 0.13258925 0.67601162
v 0.46299454 0.14719334 0.70296418
v 0.33033251 0.17144744 0.80085676
v 0.31061959 0.18362551 0.80021929
v 0.29438585 0.17360122 0.79794645
v 0.31343215 0.16024525 0.80078011
v 0.31173291 0.1727796 0.80136603
v 0.33071479 0.19392068 0.79714149
v 0.29201996 0.19546665 0.79317367
v 0.31087735 0.19525311 0.79741585
v 0.25854969 0.18748046 0.77920597
v 0.277291 0.18245668 0.79003477
v 0.27513441 0.19293713 0.78683775
v 0.26774421 0.16916523 0.78582507
v 0.28164041 0.16117072 0.79240858
v 0.27994826 0.17288596 0.79217016
v 0.38732677 0.16673849 0.77141833
v 0.37681639 0.17707066 0.77894854
v 0.36280253 0.16993466 0.78842437
v 0.37630081 0.16057339 0.77891439
v 0.37576401 0.16920208 0.77988594
v 0.39186948 0.18215358 0.76689046
v 0.36505544 0.18979159 0.78458368
v 0.37883159 0.18715022 0.77599954
v 0.34775838 0.18032133 0.79542857
v 0.34918487 0.1920237 0.79229402
v 0.34917387 0.15976132 0.79464429
v 0.34775334 0.17049455 0.79602533
v 0.33453998 0.14626526 0.79607129
v 0.35545834 0.13831384 0.78548592
v 0.36656117 0.14923109 0.78312695
v 0.35174652 0.1475964 0.79068946
v 0.34254992 0.12654686 0.78493565
v 0.375007 0.13243398 0.77237391
v 0.35983839 0.12951614 0.7794187
v 0.40089443 0.13828015 0.75452995
v 0.38365867 0.14345218 0.77024835
v 0.38866889 0.13511931 0.76413232
v 0.39002275 0.15478728 0.76803547
v 0.37930426 0.15132291 0.77529418
v 0.2686108 0.15143872 0.78424537
v 0.28249427 0.13598687 0.7859978
v 0.29755502 0.14580515 0.79482656
v 0.28200623 0.14714945 0.78965598
v 0.2644636 0.13092623 0.77591592
v 0.30297794 0.12393473 0.78608685
v 0.28358495 0.12582311 0.78192567
v 0.3190467 0.13450266 0.79306119
v 0.32307714 0.12444248 0.78748261
v 0.31573551 0.14561723 0.79755938
v 0.40154081 0.16679315 0.75914239
v 0.41638827 0.16494666 0.74082845
v 0.40467593 0.17415964 0.75571858
v 0.40513044 0.15169674 0.75328528
v 0.39736971 0.16058075 0.76260751
v 0.41936379 0.14870838 0.73319792
v 0.41130656 0.14281505 0.7438538
v 0.42495465 0.15551599 0.7237941
v 0.25055861 0.14901708 0.77336365
v 0.22858041 0.14726768 0.75437796
v 0.24538052 0.1386345 0.7668671
v 0.24906057 0.17037589 0.7747271
v 0.25760498 0.16046881 0.77953851
v 0.22684149 0.16961528 0.75587922
v 0.24186702 0.17965932 0.76914006
v 0.21566426 0.15632876 0.7409408
v -0.22844974 0.14729084 0.75424188
v -0.25037246 0.14900709 0.77323937
v -0.24524553 0.13869628 0.76678639
v -0.22681768 0.16965752 0.75585544
v -0.21562558 0.15632799 0.74088907
v -0.24905911 0.17038847 0.77472621
v -0.24187003 0.17968624 0.76913934
v -0.25759303 0.16044375 0.77952891
v -0.41641113 0.16490137 0.74078697
v -0.40155538 0.16676215 0.75912678
v -0.40467548 0.17396216 0.75573891
v -0.41938138 0.14871119 0.73323965
v -0.42497813 0.15553949 0.72375786
v -0.40509712 0.15168422 0.75332403
v -0.41130551 0.14278635 0.74396431
v -0.39735633 0.16054409 0.76261574
vt 0.9934 0.93796
vt 0.9934 0.95209
vt 0.9705 0.95355
vt 0.97222 0.93991
vt 0.9934 0.96623
vt 0.96878 0.9672
vt 0.94417 0.96818
vt 0.94761 0.95502
vt 0.95105 0.94186
vt 0.9934 0.98036
vt 0.96706 0.98085
vt 0.9934 0.9945
vt 0.96535 0.9945
vt 0.9373 0.9945
vt 0.94073 0.98134
vt 0.9144 0.98182
vt 0.91956 0.96915
vt 0.90925 0.9945
vt 0.8812 0.9945
vt 0.88807 0.98231
vt 0.89495 0.97013
vt 0.92471 0.95648
vt 0.92987 0.94381
vt 0.90182 0.95795
vt 0.9087 0.94577
vt 0.93467 0.89775
vt 0.94935 0.89788
vt 0.94448 0.90936
vt 0.92817 0.90975
vt 0.96403 0.89802
vt 0.96078 0.90898
vt 0.95754 0.91994
vt 0.93961 0.92085
vt 0.92168 0.92176
vt 0.97871 0.89815
vt 0.97709 0.90859
vt 0.9934 0.89829
vt 0.9934 0.9082
vt 0.9934 0.91812
vt 0.97547 0.91903
vt 0.97384 0.92947
vt 0.95429 0.9309
vt 0.9934 0.92804
vt 0.93474 0.93233
vt 0.91519 0.93376
vt 0.87604 0.95796
vt 0.88347 0.94578
vt 0.86862 0.97014
vt 0.84229 0.97014
vt 0.85026 0.95796
vt 0.85824 0.94579
vt 0.86119 0.98232
vt 0.85376 0.9945
vt 0.82633 0.9945
vt 0.83431 0.98232
vt 0.80743 0.98232
vt 0.81596 0.97015
vt 0.7989 0.9945
vt 0.77147 0.9945
vt 0.78055 0.98232
vt 0.78963 0.97015
vt 0.82448 0.95797
vt 0.83301 0.9458
vt 0.79871 0.95798
vt 0.80779 0.94581
vt 0.82317 0.93235
vt 0.84617 0.9327
vt 0.83856 0.9189
vt 0.85934 0.91961
vt 0.88012 0.92033
vt 0.86918 0.93306
vt 0.85394 0.90544
vt 0.8725 0.90652
vt 0.86933 0.89199
vt 0.88566 0.89343
vt 0.902 0.89487
vt 0.89106 0.9076
vt 0.90961 0.90867
vt 0.9009 0.92104
vt 0.91833 0.89631
vt 0.89218 0.93341
vt 0.65102 0.9945
vt 0.61325 0.9945
vt 0.60947 0.98533
vt 0.64597 0.98492
vt 0.57549 0.9945
vt 0.57297 0.98574
vt 0.57044 0.97698
vt 0.60568 0.97616
vt 0.64092 0.97534
vt 0.53773 0.9945
vt 0.53647 0.98614
vt 0.49997 0.9945
vt 0.49997 0.98655
vt 0.49997 0.97861
vt 0.5352 0.97779
vt 0.53394 0.96944
vt 0.56792 0.96822
vt 0.49997 0.97067
vt 0.49997 0.96273
vt 0.53268 0.96109
vt 0.5654 0.95946
vt 0.6019 0.96699
vt 0.63587 0.96576
vt 0.59811 0.95782
vt 0.63083 0.95619
vt 0.74135 0.9945
vt 0.73381 0.98429
vt 0.76309 0.98408
vt 0.71124 0.9945
vt 0.70453 0.9845
vt 0.69781 0.9745
vt 0.72626 0.97408
vt 0.75471 0.97366
vt 0.68113 0.9945
vt 0.67525 0.98471
vt 0.66937 0.97492
vt 0.66349 0.96513
vt 0.6911 0.9645
vt 0.65761 0.95535
vt 0.68439 0.95451
vt 0.71871 0.96387
vt 0.74633 0.96324
vt 0.71117 0.95367
vt 0.73795 0.95283
vt 0.59158 0.94749
vt 0.62212 0.94609
vt 0.56104 0.9489
vt 0.55669 0.93835
vt 0.58506 0.93717
vt 0.61342 0.93599
vt 0.5305 0.95031
vt 0.49997 0.95172
vt 0.49997 0.94071
vt 0.52833 0.93953
vt 0.52615 0.92874
vt 0.55234 0.92779
vt 0.49997 0.9297
vt 0.49997 0.91869
vt 0.52398 0.91796
vt 0.54799 0.91724
vt 0.57853 0.92684
vt 0.60472 0.92589
vt 0.572 0.91652
vt 0.59602 0.9158
vt 0.69742 0.94178
vt 0.72252 0.94035
vt 0.67232 0.94322
vt 0.66025 0.93193
vt 0.68367 0.9299
vt 0.70709 0.92788
vt 0.64722 0.94465
vt 0.63684 0.93396
vt 0.62645 0.92327
vt 0.64819 0.92065
vt 0.61607 0.91258
vt 0.63612 0.90936
vt 0.66992 0.91802
vt 0.69166 0.9154
vt 0.65617 0.90614
vt 0.67623 0.90293
vt 0.57014 0.90697
vt 0.59353 0.90644
vt 0.54675 0.90751
vt 0.5455 0.89778
vt 0.56827 0.89743
vt 0.59104 0.89709
vt 0.52336 0.90804
vt 0.49997 0.90858
vt 0.49997 0.89847
vt 0.52273 0.89812
vt 0.52211 0.8882
vt 0.54426 0.88805
vt 0.49997 0.88836
vt 0.49997 0.87826
vt 0.52149 0.87829
vt 0.54301 0.87832
vt 0.5664 0.88789
vt 0.58855 0.88773
vt 0.56453 0.87835
vt 0.58606 0.87838
vt 0.6532 0.89734
vt 0.6731 0.8943
vt 0.63331 0.90037
vt 0.6305 0.89138
vt 0.65023 0.88853
vt 0.66997 0.88568
vt 0.61342 0.90341
vt 0.61077 0.89423
vt 0.60812 0.88506
vt 0.62769 0.88239
vt 0.60547 0.87589
vt 0.62488 0.87341
vt 0.64726 0.87973
vt 0.66684 0.87706
vt 0.64429 0.87092
vt 0.66371 0.86844
vt 0.72858 0.85871
vt 0.73092 0.88224
vt 0.7149 0.88094
vt 0.71236 0.86114
vt 0.73326 0.90577
vt 0.71744 0.90074
vt 0.70161 0.89572
vt 0.69888 0.87965
vt 0.69614 0.86357
vt 0.7356 0.9293
vt 0.71998 0.92055
vt 0.70435 0.9118
vt 0.68872 0.90305
vt 0.68579 0.8907
vt 0.68286 0.87835
vt 0.67992 0.866
vt 0.77485 0.84228
vt 0.774 0.88033
vt 0.76323 0.88081
vt 0.76328 0.84638
vt 0.77316 0.91839
vt 0.76318 0.91523
vt 0.75321 0.91208
vt 0.75246 0.88128
vt 0.75171 0.85049
vt 0.77231 0.95644
vt 0.76313 0.94965
vt 0.75396 0.94287
vt 0.74478 0.93608
vt 0.74323 0.90892
vt 0.74169 0.88176
vt 0.74014 0.8546
vt 0.8256 0.84215
vt 0.82114 0.86806
vt 0.80936 0.87113
vt 0.81291 0.84218
vt 0.81669 0.89398
vt 0.80581 0.90008
vt 0.79492 0.90618
vt 0.79757 0.8742
vt 0.80022 0.84221
vt 0.81224 0.91989
vt 0.80226 0.92903
vt 0.79227 0.93817
vt 0.78229 0.9473
vt 0.78404 0.91228
vt 0.78579 0.87726
vt 0.78753 0.84224
vt 0.83898 0.84214
vt 0.83502 0.86469
vt 0.85236 0.84214
vt 0.84891 0.86133
vt 0.84546 0.88052
vt 0.83107 0.88725
vt 0.86574 0.84213
vt 0.86279 0.85796
vt 0.87912 0.84213
vt 0.87667 0.85459
vt 0.87422 0.86706
vt 0.85984 0.87379
vt 0.85689 0.88961
vt 0.84201 0.89971
vt 0.87177 0.87952
vt 0.82712 0.9098
vt 0.89308 0.84269
vt 0.89122 0.85537
vt 0.90704 0.84325
vt 0.90578 0.85615
vt 0.90452 0.86906
vt 0.88937 0.86806
vt 0.921 0.84381
vt 0.92033 0.85694
vt 0.93496 0.84438
vt 0.93488 0.85772
vt 0.93481 0.87106
vt 0.91966 0.87006
vt 0.919 0.88318
vt 0.90326 0.88196
vt 0.93474 0.8844
vt 0.88751 0.88074
vt 0.9934 0.84091
vt 0.9934 0.85525
vt 0.97877 0.85587
vt 0.97879 0.84177
vt 0.9934 0.8696
vt 0.97875 0.86996
vt 0.9641 0.87033
vt 0.96414 0.85648
vt 0.96418 0.84264
vt 0.9934 0.88394
vt 0.97873 0.88406
vt 0.96407 0.88417
vt 0.9494 0.88429
vt 0.94946 0.87069
vt 0.94951 0.8571
vt 0.94957 0.84351
vt 0.93572 0.82921
vt 0.95014 0.82837
vt 0.93648 0.81405
vt 0.95071 0.81324
vt 0.96494 0.81244
vt 0.96456 0.82754
vt 0.93724 0.79888
vt 0.95128 0.79811
vt 0.938 0.78372
vt 0.95185 0.78297
vt 0.9657 0.78223
vt 0.96532 0.79733
vt 0.97936 0.79656
vt 0.97917 0.81163
vt 0.97955 0.78149
vt 0.9934 0.78075
vt 0.9934 0.79579
vt 0.9934 0.81083
vt 0.97898 0.8267
vt 0.9934 0.82587
vt 0.92203 0.82907
vt 0.90834 0.82893
vt 0.90964 0.81461
vt 0.92306 0.81433
vt 0.89465 0.82879
vt 0.88096 0.82865
vt 0.8828 0.81518
vt 0.89622 0.81489
vt 0.89779 0.801
vt 0.91094 0.80029
vt 0.88464 0.8017
vt 0.88649 0.78823
vt 0.89936 0.7871
vt 0.91224 0.78597
vt 0.92409 0.79959
vt 0.92512 0.78484
vt 0.86775 0.82872
vt 0.85453 0.82879
vt 0.85671 0.81545
vt 0.86976 0.81531
vt 0.84132 0.82886
vt 0.82811 0.82893
vt 0.83062 0.81572
vt 0.84367 0.81558
vt 0.84601 0.80231
vt 0.85889 0.8021
vt 0.83313 0.80251
vt 0.83565 0.7893
vt 0.84836 0.78903
vt 0.86107 0.78876
vt 0.87177 0.8019
vt 0.87378 0.78849
vt 0.81505 0.82938
vt 0.80199 0.82982
vt 0.80376 0.81743
vt 0.81719 0.81658
vt 0.78893 0.83027
vt 0.77587 0.83071
vt 0.7769 0.81915
vt 0.79033 0.81829
vt 0.79173 0.80631
vt 0.80553 0.80504
vt 0.77793 0.80758
vt 0.77896 0.79602
vt 0.79313 0.79434
vt 0.8073 0.79266
vt 0.81933 0.80378
vt 0.82147 0.79098
vt 0.72883 0.84768
vt 0.74059 0.84344
vt 0.72909 0.83665
vt 0.74104 0.83227
vt 0.75299 0.8279
vt 0.75235 0.83919
vt 0.72934 0.82562
vt 0.74149 0.82111
vt 0.7296 0.8146
vt 0.74194 0.80995
vt 0.75428 0.80531
vt 0.75363 0.8166
vt 0.76578 0.81209
vt 0.76495 0.82352
vt 0.76662 0.80066
vt 0.76411 0.83495
vt 0.71226 0.85022
vt 0.6957 0.85276
vt 0.69526 0.84196
vt 0.71217 0.8393
vt 0.67913 0.85531
vt 0.66257 0.85785
vt 0.66143 0.84727
vt 0.67834 0.84461
vt 0.67755 0.83392
vt 0.69482 0.83115
vt 0.66029 0.83668
vt 0.65916 0.8261
vt 0.67677 0.82322
vt 0.69438 0.82035
vt 0.71208 0.82839
vt 0.71199 0.81747
vt 0.64317 0.86058
vt 0.62377 0.86331
vt 0.62265 0.85321
vt 0.64204 0.85024
vt 0.60436 0.86603
vt 0.58496 0.86876
vt 0.58387 0.85915
vt 0.60326 0.85618
vt 0.60216 0.84632
vt 0.62154 0.84311
vt 0.58278 0.84953
vt 0.58169 0.83992
vt 0.60105 0.83646
vt 0.62042 0.83301
vt 0.64091 0.83989
vt 0.63979 0.82955
vt 0.56371 0.86912
vt 0.54246 0.86947
vt 0.54192 0.86063
vt 0.56289 0.85989
vt 0.52121 0.86983
vt 0.49997 0.87018
vt 0.49997 0.86211
vt 0.52094 0.86137
vt 0.52067 0.85291
vt 0.54137 0.85178
vt 0.49997 0.85404
vt 0.49997 0.84597
vt 0.5204 0.84445
vt 0.54083 0.84294
vt 0.56207 0.85066
vt 0.56126 0.84143
vt 0.56141 0.83246
vt 0.58189 0.83085
vt 0.54093 0.83408
vt 0.54103 0.82521
vt 0.56156 0.8235
vt 0.58209 0.82179
vt 0.52045 0.83569
vt 0.49997 0.8373
vt 0.49997 0.82864
vt 0.5205 0.82692
vt 0.52055 0.81816
vt 0.54113 0.81635
vt 0.49997 0.81997
vt 0.49997 0.81131
vt 0.5206 0.80939
vt 0.54123 0.80748
vt 0.56171 0.81453
vt 0.58229 0.81272
vt 0.56186 0.80557
vt 0.5825 0.80366
vt 0.60111 0.82707
vt 0.60117 0.81768
vt 0.62026 0.81358
vt 0.62034 0.82329
vt 0.60123 0.80829
vt 0.60129 0.79891
vt 0.62009 0.79416
vt 0.62017 0.80387
vt 0.63911 0.79944
vt 0.63934 0.80948
vt 0.63889 0.78941
vt 0.65769 0.78466
vt 0.65805 0.79502
vt 0.65842 0.80538
vt 0.63956 0.81951
vt 0.65879 0.81574
vt 0.67665 0.81246
vt 0.67654 0.8017
vt 0.69466 0.79802
vt 0.69452 0.80918
vt 0.67642 0.79093
vt 0.67631 0.78017
vt 0.69494 0.77569
vt 0.6948 0.78685
vt 0.71317 0.78277
vt 0.71277 0.79434
vt 0.71356 0.7712
vt 0.73219 0.76672
vt 0.73154 0.77869
vt 0.73089 0.79066
vt 0.71238 0.8059
vt 0.73024 0.80263
vt 0.76702 0.78835
vt 0.77928 0.78359
vt 0.75476 0.79311
vt 0.75525 0.78091
vt 0.76742 0.77604
vt 0.7796 0.77117
vt 0.7425 0.79787
vt 0.74307 0.78578
vt 0.74363 0.7737
vt 0.75573 0.76871
vt 0.7442 0.76162
vt 0.75622 0.75652
vt 0.76783 0.76373
vt 0.77992 0.75874
vt 0.76823 0.75142
vt 0.78025 0.74632
vt 0.82271 0.77759
vt 0.83718 0.77559
vt 0.80823 0.77959
vt 0.80916 0.76652
vt 0.82394 0.7642
vt 0.83872 0.76188
vt 0.79375 0.78159
vt 0.79438 0.76884
vt 0.79501 0.7561
vt 0.81009 0.75346
vt 0.79563 0.74335
vt 0.81102 0.74039
vt 0.82517 0.75081
vt 0.84026 0.74817
vt 0.82641 0.73743
vt 0.8418 0.73447
vt 0.84988 0.77505
vt 0.85141 0.76106
vt 0.8641 0.76025
vt 0.86258 0.7745
vt 0.85293 0.74708
vt 0.85446 0.7331
vt 0.86713 0.73173
vt 0.86561 0.74599
vt 0.87829 0.7449
vt 0.87678 0.75943
vt 0.87979 0.73036
vt 0.89246 0.729
vt 0.89096 0.7438
vt 0.88947 0.75861
vt 0.87528 0.77396
vt 0.88798 0.77342
vt 0.92638 0.7697
vt 0.93918 0.76846
vt 0.91358 0.77094
vt 0.91492 0.75591
vt 0.92765 0.75456
vt 0.94037 0.75321
vt 0.90078 0.77218
vt 0.9022 0.75726
vt 0.90361 0.74234
vt 0.91626 0.74088
vt 0.90503 0.72742
vt 0.9176 0.72585
vt 0.92891 0.73942
vt 0.94156 0.73796
vt 0.93017 0.72428
vt 0.94275 0.72271
vt 0.97984 0.76666
vt 0.9934 0.76605
vt 0.96629 0.76726
vt 0.96688 0.75229
vt 0.98014 0.75182
vt 0.9934 0.75136
vt 0.95274 0.76786
vt 0.95363 0.75275
vt 0.95452 0.73764
vt 0.96748 0.73731
vt 0.95541 0.72252
vt 0.96807 0.72234
vt 0.98044 0.73699
vt 0.9934 0.73667
vt 0.98073 0.72216
vt 0.9934 0.72198
vt 0.94389 0.70601
vt 0.95626 0.70581
vt 0.94503 0.68932
vt 0.95712 0.6891
vt 0.96921 0.68888
vt 0.96864 0.70561
vt 0.94617 0.67263
vt 0.95798 0.67239
vt 0.94732 0.65594
vt 0.95884 0.65568
vt 0.97036 0.65543
vt 0.96978 0.67215
vt 0.98159 0.67192
vt 0.9813 0.68866
vt 0.98188 0.65517
vt 0.9934 0.65492
vt 0.9934 0.67168
vt 0.9934 0.68845
vt 0.98102 0.70541
vt 0.9934 0.70521
vt 0.93386 0.6742
vt 0.93508 0.65751
vt 0.93263 0.69089
vt 0.92023 0.69247
vt 0.92154 0.67578
vt 0.92285 0.65909
vt 0.9314 0.70759
vt 0.91891 0.70916
vt 0.90643 0.71073
vt 0.90782 0.69404
vt 0.89394 0.71231
vt 0.89542 0.69562
vt 0.90922 0.67735
vt 0.91062 0.66066
vt 0.8969 0.67893
vt 0.89839 0.66224
vt 0.8491 0.67104
vt 0.86142 0.66884
vt 0.85968 0.6849
vt 0.84727 0.68689
vt 0.87374 0.66664
vt 0.87209 0.68291
vt 0.87043 0.69918
vt 0.85794 0.70097
vt 0.84545 0.70275
vt 0.88606 0.66444
vt 0.88449 0.68092
vt 0.88293 0.6974
vt 0.88136 0.71388
vt 0.86878 0.71546
vt 0.8562 0.71703
vt 0.84362 0.71861
vt 0.82835 0.72187
vt 0.81309 0.72513
vt 0.81515 0.70987
vt 0.8303 0.70631
vt 0.79782 0.72839
vt 0.78255 0.73165
vt 0.78486 0.71699
vt 0.80001 0.71343
vt 0.80219 0.69847
vt 0.81722 0.69461
vt 0.78717 0.70233
vt 0.78948 0.68767
vt 0.80438 0.68351
vt 0.81929 0.67935
vt 0.83224 0.69075
vt 0.83419 0.67519
vt 0.73295 0.75367
vt 0.74535 0.74817
vt 0.73371 0.74063
vt 0.7465 0.73472
vt 0.75929 0.72881
vt 0.75775 0.74266
vt 0.73447 0.72759
vt 0.74765 0.72127
vt 0.73524 0.71455
vt 0.7488 0.70783
vt 0.76236 0.70111
vt 0.76082 0.71496
vt 0.77399 0.70864
vt 0.77207 0.7229
vt 0.77592 0.69439
vt 0.77015 0.73716
vt 0.65791 0.77408
vt 0.67667 0.76897
vt 0.65813 0.7635
vt 0.67702 0.75778
vt 0.69592 0.75206
vt 0.69543 0.76387
vt 0.65835 0.75292
vt 0.67738 0.74658
vt 0.65857 0.74234
vt 0.67773 0.73539
vt 0.6969 0.72844
vt 0.69641 0.74025
vt 0.71544 0.73392
vt 0.71481 0.74635
vt 0.71607 0.72149
vt 0.71419 0.75877
vt 0.63944 0.75874
vt 0.63962 0.74852
vt 0.63925 0.76896
vt 0.62038 0.77443
vt 0.62053 0.76457
vt 0.62068 0.75471
vt 0.63907 0.77918
vt 0.62024 0.78429
vt 0.6014 0.7894
vt 0.60151 0.7799
vt 0.58257 0.79451
vt 0.58264 0.78537
vt 0.60162 0.7704
vt 0.60173 0.7609
vt 0.58271 0.77623
vt 0.58279 0.76709
vt 0.49996 0.80271
vt 0.52061 0.80066
vt 0.49996 0.79411
vt 0.52063 0.79193
vt 0.5413 0.78974
vt 0.54127 0.79861
vt 0.49996 0.78551
vt 0.52065 0.78319
vt 0.49996 0.77692
vt 0.52066 0.77446
vt 0.54137 0.772
vt 0.54134 0.78087
vt 0.56202 0.77855
vt 0.56197 0.78756
vt 0.56208 0.76954
vt 0.56192 0.79656
vt 0.49996 0.76874
vt 0.52071 0.76606
vt 0.49996 0.76057
vt 0.52077 0.75766
vt 0.54157 0.75476
vt 0.54147 0.76338
vt 0.49996 0.75239
vt 0.52082 0.74927
vt 0.49997 0.74422
vt 0.52087 0.74087
vt 0.54178 0.73752
vt 0.54167 0.74614
vt 0.56253 0.74302
vt 0.56238 0.75186
vt 0.56268 0.73417
vt 0.58359 0.73083
vt 0.58339 0.73989
vt 0.58319 0.74896
vt 0.56223 0.7607
vt 0.58299 0.75802
vt 0.60177 0.75184
vt 0.6018 0.74278
vt 0.62042 0.73661
vt 0.62055 0.74566
vt 0.60184 0.73372
vt 0.60188 0.72467
vt 0.62017 0.71851
vt 0.6203 0.72756
vt 0.63875 0.72139
vt 0.63904 0.73043
vt 0.63846 0.71235
vt 0.65676 0.70619
vt 0.65721 0.71522
vt 0.65766 0.72426
vt 0.63933 0.73948
vt 0.65811 0.7333
vt 0.73876 0.67225
vt 0.73788 0.68282
vt 0.71771 0.69092
vt 0.71826 0.68073
vt 0.737 0.6934
vt 0.71716 0.70111
vt 0.69733 0.70883
vt 0.69754 0.69902
vt 0.69776 0.68922
vt 0.73612 0.70397
vt 0.71661 0.7113
vt 0.69711 0.71863
vt 0.67761 0.72597
vt 0.67749 0.71654
vt 0.67737 0.70712
vt 0.67726 0.6977
vt 0.79797 0.63353
vt 0.79584 0.64706
vt 0.78135 0.656
vt 0.78316 0.64321
vt 0.79372 0.6606
vt 0.77954 0.6688
vt 0.76536 0.677
vt 0.76686 0.66494
vt 0.76836 0.65289
vt 0.7916 0.67413
vt 0.77773 0.68159
vt 0.76386 0.68905
vt 0.74999 0.69651
vt 0.75118 0.6852
vt 0.75237 0.67388
vt 0.75356 0.66257
vt 0.85511 0.59692
vt 0.8536 0.61545
vt 0.83916 0.62335
vt 0.84082 0.60607
vt 0.8521 0.63398
vt 0.83751 0.64063
vt 0.82291 0.64729
vt 0.82472 0.63125
vt 0.82654 0.61522
vt 0.8506 0.65251
vt 0.83585 0.65791
vt 0.8211 0.66332
vt 0.80635 0.66872
vt 0.80832 0.65394
vt 0.81028 0.63916
vt 0.81225 0.62437
vt 0.90401 0.58072
vt 0.9026 0.6011
vt 0.89035 0.60468
vt 0.89178 0.58477
vt 0.9012 0.62148
vt 0.88892 0.6246
vt 0.87665 0.62773
vt 0.8781 0.60827
vt 0.87956 0.58882
vt 0.89979 0.64186
vt 0.88749 0.64452
vt 0.87519 0.64718
vt 0.8629 0.64984
vt 0.86437 0.63085
vt 0.86585 0.61186
vt 0.86733 0.59287
vt 0.91195 0.6401
vt 0.91328 0.61955
vt 0.92536 0.61762
vt 0.92411 0.63835
vt 0.91461 0.59899
vt 0.91594 0.57844
vt 0.92787 0.57616
vt 0.92662 0.59689
vt 0.93862 0.59478
vt 0.93744 0.61569
vt 0.9398 0.57388
vt 0.95174 0.5716
vt 0.95063 0.59268
vt 0.94953 0.61377
vt 0.93626 0.6366
vt 0.94842 0.63485
vt 0.98215 0.63376
vt 0.9934 0.6334
vt 0.97091 0.63412
vt 0.97146 0.61282
vt 0.98243 0.61235
vt 0.9934 0.61188
vt 0.95966 0.63449
vt 0.96049 0.61329
vt 0.96132 0.5921
vt 0.97201 0.59152
vt 0.96215 0.57091
vt 0.97257 0.57022
vt 0.9827 0.59094
vt 0.9934 0.59036
vt 0.98298 0.56953
vt 0.9934 0.56885
vt 0.9934 0.45611
vt 0.9934 0.48429
vt 0.98341 0.48579
vt 0.98355 0.45787
vt 0.9934 0.51248
vt 0.98327 0.5137
vt 0.97314 0.51493
vt 0.97342 0.48728
vt 0.97371 0.45964
vt 0.9934 0.54066
vt 0.98312 0.54162
vt 0.97285 0.54257
vt 0.96258 0.54353
vt 0.96301 0.51615
vt 0.95231 0.54449
vt 0.95288 0.51738
vt 0.96344 0.48878
vt 0.96387 0.4614
vt 0.95345 0.49027
vt 0.95403 0.46317
vt 0.94177 0.4927
vt 0.94243 0.46564
vt 0.94112 0.51976
vt 0.92935 0.52213
vt 0.93009 0.49512
vt 0.93084 0.46811
vt 0.94046 0.54682
vt 0.92861 0.54914
vt 0.91676 0.55147
vt 0.91759 0.52451
vt 0.90492 0.5538
vt 0.90583 0.52688
vt 0.91841 0.49754
vt 0.91924 0.47058
vt 0.90674 0.49996
vt 0.90765 0.47305
vt 0.85989 0.48537
vt 0.87183 0.48229
vt 0.8707 0.50993
vt 0.85869 0.51325
vt 0.88377 0.47921
vt 0.88271 0.50661
vt 0.88166 0.53401
vt 0.86958 0.53758
vt 0.8575 0.54114
vt 0.89571 0.47613
vt 0.89472 0.50329
vt 0.89374 0.53045
vt 0.89276 0.55761
vt 0.88061 0.56141
vt 0.86845 0.56522
vt 0.8563 0.56903
vt 0.84378 0.53285
vt 0.84477 0.50845
vt 0.8428 0.55726
vt 0.8281 0.57338
vt 0.82888 0.55246
vt 0.82966 0.53154
vt 0.84181 0.58166
vt 0.82732 0.5943
vt 0.81282 0.60693
vt 0.8134 0.5895
vt 0.79833 0.61957
vt 0.7987 0.60562
vt 0.81397 0.57206
vt 0.81454 0.55462
vt 0.79906 0.59166
vt 0.79943 0.57771
vt 0.7819 0.60552
vt 0.78148 0.59296
vt 0.78232 0.61808
vt 0.76594 0.63055
vt 0.76473 0.61938
vt 0.76353 0.60821
vt 0.78274 0.63064
vt 0.76715 0.64172
vt 0.75156 0.65279
vt 0.74957 0.64301
vt 0.73597 0.66386
vt 0.73319 0.65548
vt 0.74757 0.63324
vt 0.74558 0.62346
vt 0.73041 0.6471
vt 0.72763 0.63872
vt 0.65651 0.69942
vt 0.67638 0.69053
vt 0.65627 0.69265
vt 0.6755 0.68335
vt 0.69473 0.67406
vt 0.69624 0.68164
vt 0.65603 0.68588
vt 0.67462 0.67618
vt 0.65579 0.67911
vt 0.67375 0.66901
vt 0.69171 0.65891
vt 0.69322 0.66649
vt 0.71181 0.65679
vt 0.71396 0.66477
vt 0.70967 0.64881
vt 0.71611 0.67275
vt 0.63775 0.69242
vt 0.63752 0.68578
vt 0.63799 0.69906
vt 0.61971 0.70548
vt 0.61948 0.69896
vt 0.61925 0.69245
vt 0.63823 0.7057
vt 0.61994 0.71199
vt 0.60165 0.71828
vt 0.60143 0.71189
vt 0.58337 0.72457
vt 0.58315 0.71831
vt 0.60121 0.70551
vt 0.60098 0.69912
vt 0.58293 0.71205
vt 0.58272 0.7058
vt 0.49997 0.7392
vt 0.52082 0.73554
vt 0.49997 0.73418
vt 0.52076 0.73021
vt 0.54156 0.72624
vt 0.54167 0.73188
vt 0.49997 0.72916
vt 0.52071 0.72488
vt 0.49997 0.72414
vt 0.52065 0.71955
vt 0.54134 0.71497
vt 0.54145 0.7206
vt 0.56219 0.71633
vt 0.56235 0.72228
vt 0.56203 0.71038
vt 0.56252 0.72822
vt 0.59299 0.62882
vt 0.59042 0.64806
vt 0.5678 0.65845
vt 0.56973 0.64114
vt 0.58785 0.66731
vt 0.56588 0.67576
vt 0.54391 0.68422
vt 0.54519 0.66884
vt 0.54648 0.65347
vt 0.58528 0.68655
vt 0.56395 0.69307
vt 0.54262 0.69959
vt 0.52129 0.70611
vt 0.52194 0.69267
vt 0.49997 0.71263
vt 0.49997 0.70113
vt 0.52258 0.67923
vt 0.52322 0.66579
vt 0.49997 0.68962
vt 0.49997 0.67812
vt 0.60296 0.68049
vt 0.60493 0.66186
vt 0.62202 0.65642
vt 0.62063 0.67444
vt 0.60691 0.64323
vt 0.60888 0.62461
vt 0.62478 0.6204
vt 0.6234 0.63841
vt 0.63989 0.63358
vt 0.6391 0.65098
vt 0.64068 0.61619
vt 0.65658 0.61198
vt 0.65638 0.62876
vt 0.65618 0.64554
vt 0.63831 0.66838
vt 0.65598 0.66232
vt 0.67122 0.60584
vt 0.67185 0.62163
vt 0.68586 0.5997
vt 0.68732 0.6145
vt 0.68878 0.62931
vt 0.67248 0.63742
vt 0.7005 0.59356
vt 0.70279 0.60738
vt 0.71515 0.58743
vt 0.71827 0.60025
vt 0.72139 0.61307
vt 0.70508 0.62119
vt 0.70737 0.635
vt 0.69024 0.64411
vt 0.72451 0.62589
vt 0.67311 0.65322
vt 0.73001 0.57453
vt 0.7339 0.58676
vt 0.74488 0.56163
vt 0.74954 0.57328
vt 0.7542 0.58492
vt 0.73779 0.599
vt 0.75975 0.54873
vt 0.76518 0.55979
vt 0.77462 0.53584
vt 0.78082 0.5463
vt 0.78702 0.55677
vt 0.77061 0.57085
vt 0.77604 0.5819
vt 0.75886 0.59657
vt 0.79322 0.56724
vt 0.74168 0.61123
vt 0.83023 0.43729
vt 0.83764 0.44931
vt 0.82343 0.47355
vt 0.81632 0.46192
vt 0.84506 0.46133
vt 0.83055 0.48519
vt 0.81604 0.50905
vt 0.80923 0.4978
vt 0.80242 0.48656
vt 0.85247 0.47335
vt 0.83766 0.49682
vt 0.82285 0.52029
vt 0.80803 0.54376
vt 0.80153 0.53291
vt 0.79502 0.52205
vt 0.78852 0.5112
vt 0.86317 0.45176
vt 0.87424 0.44954
vt 0.86646 0.41815
vt 0.87665 0.4168
vt 0.88684 0.41546
vt 0.8853 0.44733
vt 0.86974 0.38454
vt 0.87906 0.38406
vt 0.87303 0.35094
vt 0.88147 0.35132
vt 0.88992 0.35171
vt 0.88838 0.38358
vt 0.8977 0.3831
vt 0.89704 0.41411
vt 0.89837 0.35209
vt 0.90682 0.35248
vt 0.90702 0.38262
vt 0.90723 0.41276
vt 0.89637 0.44512
vt 0.90744 0.4429
vt 0.85596 0.44124
vt 0.84876 0.43072
vt 0.85246 0.40012
vt 0.85946 0.40914
vt 0.84155 0.42021
vt 0.83435 0.40969
vt 0.83847 0.38209
vt 0.84546 0.39111
vt 0.84937 0.36201
vt 0.85616 0.36952
vt 0.84259 0.35449
vt 0.84671 0.3269
vt 0.85329 0.33291
vt 0.85987 0.33892
vt 0.86295 0.37703
vt 0.86645 0.34493
vt 0.94638 0.34364
vt 0.94829 0.37352
vt 0.93797 0.37579
vt 0.93649 0.34585
vt 0.9502 0.4034
vt 0.93946 0.40574
vt 0.92872 0.40808
vt 0.92766 0.37807
vt 0.9266 0.34806
vt 0.95211 0.43328
vt 0.94094 0.43569
vt 0.92978 0.43809
vt 0.91861 0.4405
vt 0.91797 0.41042
vt 0.91734 0.38034
vt 0.91671 0.35027
vt 0.9934 0.33089
vt 0.9934 0.36219
vt 0.98212 0.36502
vt 0.98164 0.33407
vt 0.9934 0.3935
vt 0.9826 0.39597
vt 0.9718 0.39845
vt 0.97084 0.36785
vt 0.96989 0.33726
vt 0.9934 0.4248
vt 0.98307 0.42692
vt 0.97275 0.42904
vt 0.96243 0.43116
vt 0.961 0.40092
vt 0.95956 0.37069
vt 0.95813 0.34045
vt 0.93749 0.31515
vt 0.94876 0.31142
vt 0.92861 0.28666
vt 0.93939 0.2824
vt 0.95017 0.27814
vt 0.96003 0.3077
vt 0.91973 0.25817
vt 0.93002 0.25338
vt 0.91085 0.22969
vt 0.92065 0.22435
vt 0.93046 0.21902
vt 0.94032 0.24858
vt 0.95061 0.24378
vt 0.96095 0.27388
vt 0.94027 0.21369
vt 0.95008 0.20836
vt 0.96091 0.23899
vt 0.97174 0.26962
vt 0.9713 0.30398
vt 0.98257 0.30025
vt 0.91065 0.26099
vt 0.90204 0.2327
vt 0.91926 0.28927
vt 0.90991 0.29189
vt 0.90157 0.2638
vt 0.89323 0.23572
vt 0.92787 0.31756
vt 0.91825 0.31997
vt 0.90863 0.32238
vt 0.90056 0.2945
vt 0.89902 0.3248
vt 0.89122 0.29712
vt 0.89249 0.26662
vt 0.88442 0.23874
vt 0.88342 0.26944
vt 0.87562 0.24176
vt 0.87493 0.27017
vt 0.86711 0.24286
vt 0.88274 0.29748
vt 0.87427 0.29784
vt 0.86644 0.2709
vt 0.85861 0.24397
vt 0.89055 0.32478
vt 0.88209 0.32477
vt 0.87363 0.32476
vt 0.86579 0.2982
vt 0.86517 0.32475
vt 0.85732 0.29856
vt 0.85795 0.27163
vt 0.85011 0.24507
vt 0.84946 0.27237
vt 0.84161 0.24618
vt 0.83964 0.2752
vt 0.8307 0.25196
vt 0.84857 0.29844
vt 0.83983 0.29833
vt 0.82982 0.27804
vt 0.8198 0.25775
vt 0.85751 0.32168
vt 0.84985 0.31862
vt 0.84219 0.31556
vt 0.83109 0.29822
vt 0.83453 0.3125
vt 0.82235 0.29811
vt 0.81999 0.28088
vt 0.8089 0.26354
vt 0.81017 0.28372
vt 0.798 0.26933
vt 0.80838 0.28928
vt 0.79709 0.27628
vt 0.81967 0.30228
vt 0.817 0.30644
vt 0.80659 0.29484
vt 0.79619 0.28324
vt 0.83096 0.31527
vt 0.84226 0.32827
vt 0.83781 0.32964
vt 0.8274 0.31804
vt 0.82384 0.32081
vt 0.81432 0.31061
vt 0.83336 0.33101
vt 0.82891 0.33239
vt 0.82028 0.32358
vt 0.81165 0.31477
vt 0.8048 0.3004
vt 0.79529 0.2902
vt 0.80302 0.30596
vt 0.79439 0.29716
vt 0.8071 0.4589
vt 0.82006 0.43836
vt 0.79414 0.47943
vt 0.78587 0.47231
vt 0.79788 0.45587
vt 0.8099 0.43943
vt 0.78118 0.49997
vt 0.76822 0.52051
vt 0.76183 0.50519
vt 0.77385 0.48875
vt 0.76651 0.47752
vt 0.77759 0.46518
vt 0.75544 0.48986
vt 0.74905 0.47454
vt 0.75918 0.4663
vt 0.76931 0.45806
vt 0.78866 0.45284
vt 0.79974 0.4405
vt 0.77944 0.44982
vt 0.78958 0.44158
vt 0.75411 0.53187
vt 0.74 0.54324
vt 0.73511 0.52485
vt 0.74847 0.51502
vt 0.72588 0.5546
vt 0.71177 0.56597
vt 0.70839 0.54451
vt 0.72175 0.53468
vt 0.71762 0.51475
vt 0.73023 0.50645
vt 0.70501 0.52305
vt 0.70164 0.50159
vt 0.71349 0.49482
vt 0.72534 0.48806
vt 0.74283 0.49816
vt 0.73719 0.4813
vt 0.65604 0.59022
vt 0.66997 0.58416
vt 0.65551 0.56847
vt 0.66873 0.56248
vt 0.68195 0.55649
vt 0.68391 0.57809
vt 0.65498 0.54672
vt 0.66749 0.5408
vt 0.65445 0.52497
vt 0.66624 0.51912
vt 0.67804 0.51328
vt 0.68 0.53488
vt 0.6925 0.52896
vt 0.69517 0.5505
vt 0.68984 0.50743
vt 0.69784 0.57203
vt 0.59779 0.60571
vt 0.61235 0.60184
vt 0.60259 0.5826
vt 0.61582 0.57907
vt 0.62905 0.57554
vt 0.62691 0.59797
vt 0.60739 0.55949
vt 0.61928 0.5563
vt 0.61219 0.53639
vt 0.62275 0.53353
vt 0.63332 0.53068
vt 0.63118 0.55311
vt 0.64308 0.54991
vt 0.64228 0.572
vt 0.64388 0.52782
vt 0.64148 0.59409
vt 0.56061 0.6387
vt 0.58083 0.62849
vt 0.5404 0.64891
vt 0.53432 0.64436
vt 0.55149 0.63627
vt 0.56867 0.62817
vt 0.52018 0.65912
vt 0.49997 0.66934
vt 0.49997 0.66056
vt 0.51714 0.65246
vt 0.5141 0.64579
vt 0.52824 0.63981
vt 0.49997 0.65178
vt 0.49997 0.643
vt 0.51106 0.63913
vt 0.52216 0.63526
vt 0.54237 0.63383
vt 0.55651 0.62785
vt 0.53325 0.63139
vt 0.54435 0.62753
vt 0.5771 0.61813
vt 0.58824 0.61716
vt 0.56595 0.61911
vt 0.56324 0.61005
vt 0.57337 0.60777
vt 0.5835 0.6055
vt 0.55481 0.62009
vt 0.54367 0.62106
vt 0.54299 0.6146
vt 0.55311 0.61232
vt 0.55142 0.60456
vt 0.56053 0.60099
vt 0.54231 0.60814
vt 0.54163 0.60168
vt 0.54972 0.5968
vt 0.55782 0.59193
vt 0.56964 0.59741
vt 0.57876 0.59384
vt 0.56592 0.58705
vt 0.57402 0.58218
vt 0.5928 0.59725
vt 0.58781 0.5888
vt 0.59212 0.57211
vt 0.59735 0.57735
vt 0.58282 0.58035
vt 0.57784 0.5719
vt 0.58166 0.56162
vt 0.58689 0.56686
vt 0.59096 0.55337
vt 0.59643 0.55541
vt 0.58548 0.55134
vt 0.58931 0.54106
vt 0.59503 0.53989
vt 0.60075 0.53872
vt 0.60191 0.55745
vt 0.60647 0.53755
vt 0.53274 0.6245
vt 0.52182 0.62795
vt 0.52148 0.62063
vt 0.53223 0.61762
vt 0.51089 0.63139
vt 0.49997 0.63483
vt 0.49997 0.62667
vt 0.51072 0.62365
vt 0.51055 0.61591
vt 0.52114 0.61332
vt 0.49997 0.6185
vt 0.49997 0.61034
vt 0.51038 0.60817
vt 0.5208 0.60601
vt 0.53172 0.61073
vt 0.53121 0.60384
vt 0.49997 0.60225
vt 0.50997 0.6005
vt 0.49997 0.59417
vt 0.50955 0.59284
vt 0.51914 0.5915
vt 0.51997 0.59875
vt 0.49997 0.58609
vt 0.50914 0.58517
vt 0.49997 0.57801
vt 0.50872 0.5775
vt 0.51748 0.577
vt 0.51831 0.58425
vt 0.52748 0.58333
vt 0.52872 0.59017
vt 0.52624 0.57649
vt 0.535 0.57599
vt 0.53665 0.58241
vt 0.53831 0.58883
vt 0.52997 0.597
vt 0.53997 0.59525
vt 0.56372 0.58255
vt 0.57164 0.57832
vt 0.5558 0.58679
vt 0.55379 0.58165
vt 0.56153 0.57806
vt 0.56927 0.57447
vt 0.54789 0.59102
vt 0.54605 0.58524
vt 0.54421 0.57946
vt 0.55177 0.57651
vt 0.54238 0.57368
vt 0.54976 0.57137
vt 0.55933 0.57356
vt 0.56689 0.57061
vt 0.55714 0.56906
vt 0.56452 0.56676
vt 0.52505 0.5727
vt 0.53341 0.57244
vt 0.51669 0.57296
vt 0.51589 0.56892
vt 0.52385 0.56891
vt 0.53182 0.5689
vt 0.50833 0.57322
vt 0.49997 0.57348
vt 0.49997 0.56895
vt 0.50793 0.56894
vt 0.50753 0.56465
vt 0.5151 0.56489
vt 0.49997 0.56442
vt 0.49997 0.5599
vt 0.50713 0.56037
vt 0.5143 0.56085
vt 0.52266 0.56512
vt 0.53023 0.56535
vt 0.52147 0.56133
vt 0.52864 0.56181
vt 0.55501 0.56578
vt 0.56222 0.56357
vt 0.54781 0.568
vt 0.54587 0.56464
vt 0.55289 0.56251
vt 0.55992 0.56038
vt 0.54061 0.57022
vt 0.53884 0.56677
vt 0.53707 0.56331
vt 0.54392 0.56127
vt 0.53531 0.55985
vt 0.54198 0.5579
vt 0.55077 0.55923
vt 0.55762 0.55719
vt 0.54865 0.55595
vt 0.55533 0.554
vt 0.56585 0.55912
vt 0.5682 0.56141
vt 0.56351 0.55683
vt 0.56709 0.55328
vt 0.56949 0.55468
vt 0.57189 0.55607
vt 0.56116 0.55454
vt 0.55881 0.55224
vt 0.5623 0.55049
vt 0.56469 0.55189
vt 0.56823 0.54924
vt 0.57068 0.54973
vt 0.56578 0.54874
vt 0.56927 0.54699
vt 0.57176 0.54659
vt 0.57426 0.54619
vt 0.57312 0.55023
vt 0.57557 0.55073
vt 0.57676 0.54579
vt 0.57926 0.54539
vt 0.583 0.55118
vt 0.58679 0.54214
vt 0.57922 0.56023
vt 0.57677 0.55884
vt 0.58053 0.55103
vt 0.58428 0.54322
vt 0.57543 0.56927
vt 0.57302 0.56665
vt 0.57061 0.56403
vt 0.57433 0.55746
vt 0.57805 0.55088
vt 0.58177 0.5443
vt 0.5776 0.50144
vt 0.58052 0.51134
vt 0.57736 0.51397
vt 0.57422 0.50458
vt 0.58345 0.52125
vt 0.5805 0.52336
vt 0.57756 0.52547
vt 0.5742 0.5166
vt 0.57084 0.50773
vt 0.58638 0.53115
vt 0.58365 0.53275
vt 0.58092 0.53435
vt 0.57819 0.53594
vt 0.57461 0.52759
vt 0.57546 0.53754
vt 0.57167 0.5297
vt 0.57103 0.51923
vt 0.56746 0.51087
vt 0.56787 0.52186
vt 0.56408 0.51402
vt 0.59592 0.47763
vt 0.59998 0.49232
vt 0.59512 0.49707
vt 0.59134 0.48358
vt 0.60405 0.50701
vt 0.5989 0.51057
vt 0.59375 0.51413
vt 0.59025 0.50183
vt 0.58676 0.48953
vt 0.60812 0.5217
vt 0.60268 0.52406
vt 0.59725 0.52642
vt 0.59181 0.52879
vt 0.5886 0.51769
vt 0.58539 0.50658
vt 0.58218 0.49548
vt 0.57292 0.53858
vt 0.57039 0.53962
vt 0.56652 0.53305
vt 0.56909 0.53138
vt 0.56785 0.54066
vt 0.56532 0.5417
vt 0.56137 0.53641
vt 0.56394 0.53473
vt 0.56003 0.5288
vt 0.56265 0.52649
vt 0.55742 0.53112
vt 0.55348 0.52583
vt 0.55613 0.52287
vt 0.55878 0.51992
vt 0.56526 0.52417
vt 0.56143 0.51697
vt 0.54377 0.49045
vt 0.54884 0.49634
vt 0.54527 0.50114
vt 0.53988 0.49586
vt 0.55392 0.50223
vt 0.55065 0.50641
vt 0.54739 0.5106
vt 0.54169 0.50593
vt 0.536 0.50127
vt 0.559 0.50812
vt 0.55604 0.51169
vt 0.55308 0.51526
vt 0.55012 0.51883
vt 0.54412 0.51478
vt 0.54717 0.52239
vt 0.54086 0.51896
vt 0.53812 0.51073
vt 0.53212 0.50668
vt 0.53455 0.51553
vt 0.52824 0.5121
vt 0.5299 0.49777
vt 0.53282 0.49271
vt 0.52699 0.50283
vt 0.51798 0.50439
vt 0.51992 0.49968
vt 0.52187 0.49497
vt 0.52408 0.50789
vt 0.52117 0.51295
vt 0.5141 0.51381
vt 0.51604 0.5091
vt 0.508 0.51031
vt 0.50897 0.50595
vt 0.50703 0.51467
vt 0.49997 0.51553
vt 0.49997 0.51152
vt 0.49997 0.50751
vt 0.50994 0.50159
vt 0.51092 0.49723
vt 0.49997 0.5035
vt 0.49997 0.49949
vt 0.52994 0.49054
vt 0.53993 0.48871
vt 0.51995 0.49236
vt 0.51803 0.48976
vt 0.52707 0.48837
vt 0.5361 0.48697
vt 0.50996 0.49419
vt 0.49997 0.49602
vt 0.49997 0.49256
vt 0.509 0.49116
vt 0.50804 0.48813
vt 0.51612 0.48716
vt 0.49997 0.48909
vt 0.49997 0.48563
vt 0.50708 0.48509
vt 0.5142 0.48456
vt 0.52419 0.4862
vt 0.53227 0.48523
vt 0.52132 0.48403
vt 0.52844 0.4835
vt 0.55722 0.46133
vt 0.56231 0.47135
vt 0.55894 0.4776
vt 0.55385 0.46861
vt 0.56741 0.48138
vt 0.56403 0.48659
vt 0.56066 0.49181
vt 0.55558 0.48385
vt 0.55049 0.47589
vt 0.5725 0.49141
vt 0.56912 0.49559
vt 0.56575 0.49977
vt 0.56237 0.50394
vt 0.55729 0.49702
vt 0.55221 0.49009
vt 0.54713 0.48317
vt 0.54892 0.46916
vt 0.55192 0.46264
vt 0.54592 0.47568
vt 0.54136 0.47547
vt 0.54399 0.46971
vt 0.54662 0.46396
vt 0.54293 0.48219
vt 0.53873 0.48122
vt 0.53453 0.48024
vt 0.53679 0.47526
vt 0.53033 0.47927
vt 0.53223 0.47505
vt 0.53905 0.47027
vt 0.54132 0.46528
vt 0.53412 0.47082
vt 0.53602 0.4666
vt 0.57633 0.48598
vt 0.57049 0.47648
vt 0.57358 0.47158
vt 0.58017 0.48055
vt 0.56465 0.46698
vt 0.55881 0.45747
vt 0.5604 0.45362
vt 0.56699 0.4626
vt 0.56932 0.45822
vt 0.57666 0.46667
vt 0.56199 0.44977
vt 0.56358 0.44592
vt 0.57166 0.45384
vt 0.57975 0.46177
vt 0.584 0.47513
vt 0.58783 0.4697
vt 0.52769 0.43436
vt 0.528 0.42865
vt 0.5357 0.43586
vt 0.53507 0.4411
vt 0.52831 0.42295
vt 0.53633 0.43061
vt 0.54435 0.43828
vt 0.5434 0.44306
vt 0.54245 0.44784
vt 0.52862 0.41724
vt 0.53696 0.42537
vt 0.52894 0.41154
vt 0.5376 0.42013
vt 0.54626 0.42873
vt 0.5453 0.4335
vt 0.55364 0.44164
vt 0.55237 0.44595
vt 0.55492 0.43732
vt 0.5511 0.45027
vt 0.54983 0.45458
vt 0.51822 0.48116
vt 0.5243 0.4805
vt 0.51213 0.48183
vt 0.51007 0.47909
vt 0.51512 0.4783
vt 0.52017 0.4775
vt 0.50605 0.48249
vt 0.49997 0.48315
vt 0.49997 0.48068
vt 0.50502 0.47989
vt 0.50398 0.47728
vt 0.508 0.47636
vt 0.49997 0.47821
vt 0.49997 0.47574
vt 0.50295 0.47468
vt 0.50593 0.47362
vt 0.51201 0.47543
vt 0.51603 0.4745
vt 0.50891 0.47256
vt 0.5119 0.47151
vt 0.49997 0.45081
vt 0.50458 0.45279
vt 0.50417 0.45826
vt 0.49997 0.45704
vt 0.50919 0.45477
vt 0.50838 0.45948
vt 0.50756 0.4642
vt 0.50376 0.46373
vt 0.49997 0.46327
vt 0.5138 0.45675
vt 0.51258 0.46071
vt 0.51842 0.45874
vt 0.51679 0.46193
vt 0.51516 0.46512
vt 0.51136 0.46466
vt 0.51014 0.46861
vt 0.50675 0.46891
vt 0.51353 0.46831
vt 0.50336 0.46921
vt 0.49997 0.4695
vt 0.52537 0.44045
vt 0.51902 0.43839
vt 0.52076 0.43228
vt 0.52305 0.44655
vt 0.51728 0.44451
vt 0.51151 0.44248
vt 0.51267 0.43634
vt 0.51383 0.4302
vt 0.52073 0.45264
vt 0.51554 0.45063
vt 0.51035 0.44863
vt 0.50516 0.44662
vt 0.50574 0.44045
vt 0.49997 0.44461
vt 0.49997 0.43842
vt 0.50632 0.43428
vt 0.5069 0.42812
vt 0.49997 0.43223
vt 0.49997 0.42604
vt 0.49997 0.42026
vt 0.50697 0.42236
vt 0.49997 0.41449
vt 0.50705 0.4166
vt 0.51414 0.41872
vt 0.51398 0.42446
vt 0.49997 0.40872
vt 0.50713 0.41085
vt 0.49997 0.40295
vt 0.50721 0.40509
vt 0.51445 0.40724
vt 0.51429 0.41298
vt 0.52146 0.41511
vt 0.52122 0.42083
vt 0.52169 0.40939
vt 0.52099 0.42655
vt 0.5317 0.38591
vt 0.53101 0.39231
vt 0.52325 0.39088
vt 0.52376 0.38471
vt 0.53032 0.39872
vt 0.52273 0.39705
vt 0.51514 0.39538
vt 0.51549 0.38945
vt 0.51583 0.38352
vt 0.52963 0.40513
vt 0.52221 0.40322
vt 0.5148 0.40131
vt 0.50738 0.3994
vt 0.50755 0.39371
vt 0.49997 0.39749
vt 0.49997 0.39204
vt 0.50773 0.38801
vt 0.5079 0.38232
vt 0.49997 0.38658
vt 0.49997 0.38113
vt 0.54047 0.3943
vt 0.53975 0.40075
vt 0.54924 0.40269
vt 0.54849 0.4092
vt 0.54775 0.41571
vt 0.53903 0.40721
vt 0.55801 0.41108
vt 0.55723 0.41764
vt 0.56678 0.41947
vt 0.56598 0.42608
vt 0.56518 0.43269
vt 0.55646 0.4242
vt 0.55569 0.43076
vt 0.547 0.42222
vt 0.56438 0.4393
vt 0.53831 0.41367
vt 0.49996 0.37637
vt 0.50725 0.37732
vt 0.49996 0.37162
vt 0.5066 0.37232
vt 0.51324 0.37301
vt 0.51453 0.37826
vt 0.49996 0.36687
vt 0.50595 0.36731
vt 0.49996 0.36212
vt 0.5053 0.36231
vt 0.51064 0.36251
vt 0.51194 0.36776
vt 0.51793 0.3682
vt 0.51987 0.37371
vt 0.51598 0.3627
vt 0.52133 0.3629
vt 0.52392 0.36865
vt 0.52651 0.3744
vt 0.52182 0.37921
vt 0.5291 0.38015
vt 0.55027 0.3761
vt 0.54562 0.37855
vt 0.54313 0.37513
vt 0.5478 0.37346
vt 0.54098 0.381
vt 0.53845 0.37681
vt 0.53593 0.37261
vt 0.54063 0.37172
vt 0.54534 0.37083
vt 0.53634 0.38345
vt 0.53378 0.37848
vt 0.53122 0.37351
vt 0.52866 0.36853
vt 0.5334 0.36842
vt 0.5261 0.36356
vt 0.53087 0.36423
vt 0.53814 0.3683
vt 0.54288 0.36819
vt 0.53564 0.36489
vt 0.54042 0.36556
vt 0.54421 0.39078
vt 0.54795 0.38726
vt 0.55492 0.39352
vt 0.55208 0.3981
vt 0.55169 0.38374
vt 0.55543 0.38023
vt 0.5606 0.38436
vt 0.55776 0.38894
vt 0.56383 0.39413
vt 0.56189 0.39978
vt 0.56577 0.38849
vt 0.57094 0.39262
vt 0.5699 0.39933
vt 0.56886 0.40604
vt 0.55995 0.40543
vt 0.56782 0.41275
vt 0.51621 0.35773
vt 0.52163 0.35793
vt 0.51079 0.35753
vt 0.51095 0.35255
vt 0.51644 0.35276
vt 0.52193 0.35297
vt 0.50538 0.35733
vt 0.49996 0.35713
vt 0.49996 0.35214
vt 0.50545 0.35234
vt 0.50553 0.34736
vt 0.5111 0.34758
vt 0.49996 0.34715
vt 0.49997 0.34216
vt 0.50561 0.34238
vt 0.51125 0.3426
vt 0.51667 0.34779
vt 0.52223 0.34801
vt 0.51689 0.34282
vt 0.52254 0.34305
vt 0.52844 0.34553
vt 0.52786 0.35004
vt 0.53435 0.34802
vt 0.53348 0.35207
vt 0.53261 0.35612
vt 0.52727 0.35455
vt 0.54026 0.3505
vt 0.5391 0.3541
vt 0.54617 0.35299
vt 0.54473 0.35613
vt 0.54329 0.35927
vt 0.53795 0.3577
vt 0.5368 0.36129
vt 0.53174 0.36017
vt 0.54185 0.36241
vt 0.52668 0.35905
vt 0.53624 0.31455
vt 0.53281 0.32167
vt 0.5246 0.32108
vt 0.52717 0.31383
vt 0.52939 0.3288
vt 0.52203 0.32833
vt 0.51468 0.32786
vt 0.51639 0.32049
vt 0.5181 0.31312
vt 0.52596 0.33592
vt 0.51946 0.33558
vt 0.51296 0.33523
vt 0.50646 0.33489
vt 0.50732 0.32739
vt 0.49997 0.33454
vt 0.49997 0.32693
vt 0.50818 0.3199
vt 0.50903 0.31241
vt 0.49997 0.31931
vt 0.49997 0.3117
vt 0.54185 0.32033
vt 0.5385 0.32663
vt 0.54747 0.32611
vt 0.54419 0.33158
vt 0.54091 0.33706
vt 0.53515 0.33293
vt 0.55308 0.33189
vt 0.54987 0.33654
vt 0.5587 0.33767
vt 0.55556 0.3415
vt 0.55243 0.34533
vt 0.54667 0.34119
vt 0.54346 0.34585
vt 0.53763 0.34254
vt 0.5493 0.34916
vt 0.53179 0.33923
vt 0.54195 0.25998
vt 0.54052 0.27362
vt 0.53038 0.27292
vt 0.53145 0.25928
vt 0.53909 0.28726
vt 0.52931 0.28656
vt 0.51953 0.28585
vt 0.52024 0.27222
vt 0.52096 0.25859
vt 0.53766 0.3009
vt 0.52824 0.30019
vt 0.51881 0.29949
vt 0.50939 0.29878
vt 0.50975 0.28515
vt 0.49997 0.29807
vt 0.49997 0.28445
vt 0.5101 0.27152
vt 0.51046 0.25789
vt 0.49997 0.27082
vt 0.49997 0.2572
vt 0.54782 0.29959
vt 0.54627 0.31238
vt 0.54938 0.2868
vt 0.55967 0.28634
vt 0.55798 0.29828
vt 0.5563 0.31022
vt 0.55093 0.27401
vt 0.55249 0.26122
vt 0.56304 0.26246
vt 0.56135 0.2744
vt 0.57177 0.27479
vt 0.56996 0.28588
vt 0.57358 0.2637
vt 0.58413 0.26495
vt 0.58219 0.27518
vt 0.58025 0.28542
vt 0.56814 0.29696
vt 0.56633 0.30805
vt 0.57831 0.29565
vt 0.57637 0.30589
vt 0.55057 0.31813
vt 0.5593 0.31593
vt 0.5623 0.32164
vt 0.55488 0.32387
vt 0.56802 0.31373
vt 0.57675 0.31153
vt 0.57713 0.31717
vt 0.56971 0.3194
vt 0.5714 0.32508
vt 0.56529 0.32735
vt 0.57751 0.32281
vt 0.57789 0.32846
vt 0.57309 0.33076
vt 0.56829 0.33306
vt 0.55919 0.32962
vt 0.56349 0.33536
vt 0.49997 0.19411
vt 0.51202 0.1953
vt 0.51163 0.21095
vt 0.49997 0.20988
vt 0.52407 0.19649
vt 0.52329 0.21201
vt 0.52251 0.22754
vt 0.51124 0.22659
vt 0.49997 0.22565
vt 0.53612 0.19768
vt 0.53495 0.21308
vt 0.54817 0.19888
vt 0.54661 0.21415
vt 0.54506 0.22943
vt 0.53378 0.22848
vt 0.53262 0.24388
vt 0.52173 0.24306
vt 0.5435 0.2447
vt 0.51085 0.24224
vt 0.49997 0.24142
vt 0.59775 0.20842
vt 0.59434 0.22255
vt 0.58241 0.22045
vt 0.58535 0.20603
vt 0.59094 0.23668
vt 0.57947 0.23487
vt 0.568 0.23305
vt 0.57048 0.21835
vt 0.57296 0.20365
vt 0.58753 0.25081
vt 0.57652 0.24928
vt 0.56552 0.24776
vt 0.55451 0.24623
vt 0.55653 0.23124
vt 0.55854 0.21625
vt 0.56056 0.20126
vt 0.62521 0.27513
vt 0.621 0.28382
vt 0.6113 0.28166
vt 0.61494 0.27258
vt 0.6168 0.29251
vt 0.60766 0.29073
vt 0.59852 0.28896
vt 0.60159 0.2795
vt 0.60467 0.27004
vt 0.61259 0.3012
vt 0.60402 0.29981
vt 0.60839 0.30989
vt 0.60038 0.30889
vt 0.59238 0.30789
vt 0.59545 0.29842
vt 0.58688 0.29704
vt 0.58938 0.28719
vt 0.58437 0.30689
vt 0.59189 0.27734
vt 0.5944 0.26749
vt 0.64895 0.22808
vt 0.64301 0.23984
vt 0.63084 0.23552
vt 0.63615 0.22316
vt 0.63708 0.2516
vt 0.62554 0.24787
vt 0.61401 0.24414
vt 0.61868 0.23119
vt 0.62335 0.21825
vt 0.63114 0.26336
vt 0.62024 0.26023
vt 0.60934 0.25709
vt 0.59843 0.25395
vt 0.60247 0.24041
vt 0.60651 0.22687
vt 0.61055 0.21333
vt 0.60576 0.31499
vt 0.5985 0.31413
vt 0.60313 0.3201
vt 0.59663 0.31937
vt 0.59013 0.31864
vt 0.59125 0.31326
vt 0.6005 0.32521
vt 0.59475 0.32461
vt 0.59788 0.33032
vt 0.59288 0.32985
vt 0.58788 0.32939
vt 0.589 0.32401
vt 0.58325 0.32341
vt 0.58363 0.3179
vt 0.58288 0.32892
vt 0.584 0.31239
vt 0.57435 0.41591
vt 0.57369 0.42318
vt 0.575 0.40865
vt 0.58115 0.41126
vt 0.58088 0.41908
vt 0.58061 0.4269
vt 0.57566 0.40138
vt 0.57631 0.39412
vt 0.58169 0.39562
vt 0.58142 0.40344
vt 0.58718 0.40549
vt 0.5873 0.41386
vt 0.58707 0.39712
vt 0.59245 0.39862
vt 0.59295 0.40754
vt 0.59345 0.41647
vt 0.58741 0.42224
vt 0.58753 0.43061
vt 0.59395 0.4254
vt 0.59445 0.43433
vt 0.58775 0.45993
vt 0.59555 0.4668
vt 0.57996 0.45305
vt 0.58018 0.44433
vt 0.58768 0.45015
vt 0.59518 0.45598
vt 0.57217 0.44618
vt 0.57268 0.43851
vt 0.57318 0.43085
vt 0.58039 0.43561
vt 0.5876 0.44038
vt 0.59481 0.44515
vt 0.60596 0.47319
vt 0.61016 0.48828
vt 0.61601 0.46876
vt 0.62034 0.48424
vt 0.62466 0.49972
vt 0.61436 0.50336
vt 0.62606 0.46432
vt 0.63051 0.4802
vt 0.63611 0.45989
vt 0.64069 0.47616
vt 0.64528 0.49243
vt 0.63497 0.49607
vt 0.63942 0.51195
vt 0.62899 0.5152
vt 0.64986 0.5087
vt 0.61855 0.51845
vt 0.62322 0.45418
vt 0.63245 0.44997
vt 0.614 0.45838
vt 0.61199 0.44801
vt 0.62039 0.44403
vt 0.62879 0.44005
vt 0.60477 0.46259
vt 0.60358 0.45199
vt 0.60239 0.4414
vt 0.60997 0.43764
vt 0.6012 0.4308
vt 0.60796 0.42727
vt 0.61755 0.43389
vt 0.62513 0.43013
vt 0.61472 0.42374
vt 0.62148 0.42022
vt 0.67985 0.42101
vt 0.68529 0.44115
vt 0.67414 0.4499
vt 0.66891 0.43073
vt 0.69074 0.4613
vt 0.67937 0.46908
vt 0.66801 0.47686
vt 0.66299 0.45865
vt 0.65798 0.44045
vt 0.69619 0.48144
vt 0.68461 0.48825
vt 0.67302 0.49507
vt 0.66144 0.50188
vt 0.65664 0.48464
vt 0.65184 0.4674
vt 0.64704 0.45017
vt 0.66123 0.42294
vt 0.67083 0.41394
vt 0.65164 0.43195
vt 0.6453 0.42346
vt 0.65355 0.41516
vt 0.66181 0.40687
vt 0.64204 0.44096
vt 0.63704 0.43175
vt 0.63205 0.42255
vt 0.63896 0.41496
vt 0.62705 0.41334
vt 0.63262 0.40647
vt 0.64587 0.40738
vt 0.65279 0.3998
vt 0.63819 0.3996
vt 0.64377 0.39273
vt 0.61247 0.41587
vt 0.61865 0.41269
vt 0.6063 0.41905
vt 0.60464 0.41082
vt 0.61023 0.408
vt 0.61583 0.40517
vt 0.60012 0.42222
vt 0.59904 0.41365
vt 0.59796 0.40507
vt 0.60297 0.4026
vt 0.59688 0.39649
vt 0.60131 0.39437
vt 0.60799 0.40012
vt 0.613 0.39765
vt 0.60574 0.39225
vt 0.61018 0.39013
vt 0.63397 0.39394
vt 0.63908 0.38769
vt 0.62887 0.40019
vt 0.62511 0.39392
vt 0.62975 0.38829
vt 0.6344 0.38266
vt 0.62376 0.40644
vt 0.62047 0.39954
vt 0.61718 0.39264
vt 0.62136 0.38764
vt 0.61389 0.38574
vt 0.6176 0.38136
vt 0.62553 0.38263
vt 0.62971 0.37763
vt 0.62131 0.37698
vt 0.62503 0.3726
vt 0.74282 0.45632
vt 0.75246 0.44912
vt 0.73659 0.43811
vt 0.74575 0.43195
vt 0.75492 0.42578
vt 0.76211 0.44192
vt 0.73036 0.4199
vt 0.73904 0.41477
vt 0.72413 0.40169
vt 0.73233 0.3976
vt 0.74053 0.39351
vt 0.74772 0.40964
vt 0.7564 0.40452
vt 0.76408 0.41962
vt 0.74873 0.38942
vt 0.75693 0.38533
vt 0.76509 0.39939
vt 0.77325 0.41345
vt 0.77176 0.43472
vt 0.78141 0.42751
vt 0.78313 0.42361
vt 0.79093 0.437
vt 0.77534 0.41022
vt 0.77743 0.407
vt 0.78486 0.41971
vt 0.79229 0.43243
vt 0.76754 0.39683
vt 0.75975 0.38345
vt 0.76257 0.38157
vt 0.77 0.39428
vt 0.77245 0.39173
vt 0.77951 0.40377
vt 0.76539 0.37969
vt 0.76821 0.37781
vt 0.7749 0.38917
vt 0.7816 0.40054
vt 0.78658 0.41581
vt 0.79364 0.42785
vt 0.7883 0.41191
vt 0.795 0.42328
vt 0.69092 0.41618
vt 0.69656 0.43584
vt 0.70199 0.41135
vt 0.70782 0.43052
vt 0.71366 0.4497
vt 0.7022 0.4555
vt 0.71306 0.40652
vt 0.71909 0.42521
vt 0.72512 0.44391
vt 0.73116 0.4626
vt 0.7195 0.46888
vt 0.70784 0.47516
vt 0.67039 0.39776
vt 0.67892 0.40262
vt 0.66187 0.3929
vt 0.66193 0.37894
vt 0.66996 0.38158
vt 0.67799 0.38423
vt 0.65334 0.38804
vt 0.64482 0.38319
vt 0.64587 0.37365
vt 0.6539 0.37629
vt 0.65445 0.36454
vt 0.66199 0.36497
vt 0.64692 0.36411
vt 0.64797 0.35457
vt 0.65501 0.35279
vt 0.66205 0.35101
vt 0.66952 0.36541
vt 0.67706 0.36584
vt 0.66909 0.34923
vt 0.67613 0.34746
vt 0.68947 0.39772
vt 0.68802 0.37926
vt 0.69805 0.3743
vt 0.70002 0.39282
vt 0.68657 0.36081
vt 0.68512 0.34235
vt 0.69411 0.33725
vt 0.69608 0.35577
vt 0.70559 0.35073
vt 0.70808 0.36933
vt 0.7031 0.33214
vt 0.71209 0.32704
vt 0.7151 0.3457
vt 0.71811 0.36436
vt 0.71057 0.38792
vt 0.72112 0.38302
vt 0.64262 0.36295
vt 0.6438 0.3547
vt 0.64144 0.3712
vt 0.63701 0.36875
vt 0.63832 0.3618
vt 0.63963 0.35484
vt 0.64026 0.37945
vt 0.6357 0.37571
vt 0.63115 0.37197
vt 0.63258 0.3663
vt 0.62659 0.36823
vt 0.62816 0.36386
vt 0.63402 0.36064
vt 0.63546 0.35498
vt 0.62972 0.35949
vt 0.63129 0.35512
vt 0.63399 0.32564
vt 0.62999 0.32947
vt 0.62393 0.32585
vt 0.62759 0.3217
vt 0.626 0.3333
vt 0.62028 0.33
vt 0.61456 0.3267
vt 0.61787 0.32223
vt 0.62119 0.31776
vt 0.622 0.33713
vt 0.61663 0.33415
vt 0.61801 0.34096
vt 0.61297 0.3383
vt 0.60794 0.33564
vt 0.61125 0.33117
vt 0.60588 0.32819
vt 0.60885 0.3234
vt 0.60291 0.33298
vt 0.61182 0.31861
vt 0.61479 0.31382
vt 0.64034 0.34839
vt 0.64447 0.34733
vt 0.63622 0.34945
vt 0.63281 0.34407
vt 0.63689 0.34208
vt 0.64098 0.3401
vt 0.63209 0.35051
vt 0.62797 0.35158
vt 0.62465 0.34804
vt 0.62873 0.34605
vt 0.62536 0.34159
vt 0.6294 0.33868
vt 0.62133 0.3445
vt 0.63344 0.33577
vt 0.63748 0.33287
vt 0.66073 0.29983
vt 0.65404 0.30628
vt 0.64578 0.30066
vt 0.65185 0.29365
vt 0.64736 0.31273
vt 0.63972 0.30767
vt 0.63208 0.30262
vt 0.63752 0.29505
vt 0.64297 0.28748
vt 0.64067 0.31918
vt 0.63365 0.31469
vt 0.62663 0.31019
vt 0.61961 0.30569
vt 0.62444 0.29756
vt 0.62926 0.28943
vt 0.63409 0.2813
vt 0.69244 0.26445
vt 0.68451 0.27329
vt 0.67413 0.26493
vt 0.68156 0.25535
vt 0.67658 0.28214
vt 0.6667 0.2745
vt 0.65683 0.26687
vt 0.66376 0.25656
vt 0.67069 0.24626
vt 0.66865 0.29098
vt 0.65927 0.28408
vt 0.6499 0.27717
vt 0.64052 0.27027
vt 0.64695 0.25923
vt 0.65338 0.2482
vt 0.65982 0.23717
vt 0.64425 0.32758
vt 0.65103 0.3223
vt 0.6547 0.33187
vt 0.64784 0.33599
vt 0.6578 0.31702
vt 0.66458 0.31173
vt 0.66843 0.32364
vt 0.66156 0.32776
vt 0.66532 0.33849
vt 0.65837 0.34144
vt 0.67228 0.33555
vt 0.65142 0.34439
vt 0.69735 0.28009
vt 0.68915 0.288
vt 0.70226 0.29574
vt 0.6938 0.30272
vt 0.68534 0.30969
vt 0.68096 0.29591
vt 0.70717 0.31139
vt 0.69845 0.31743
vt 0.68972 0.32347
vt 0.681 0.32951
vt 0.67688 0.31667
vt 0.67277 0.30382
vt 0.75182 0.29511
vt 0.75309 0.31766
vt 0.74359 0.32467
vt 0.74188 0.30309
vt 0.75437 0.34022
vt 0.7453 0.34625
vt 0.73624 0.35229
vt 0.73409 0.33168
vt 0.73195 0.31107
vt 0.75565 0.36277
vt 0.74701 0.36783
vt 0.73838 0.3729
vt 0.72975 0.37796
vt 0.72717 0.35832
vt 0.72459 0.33869
vt 0.72202 0.31905
vt 0.72716 0.22613
vt 0.73332 0.24337
vt 0.72433 0.25255
vt 0.71848 0.23571
vt 0.73949 0.26062
vt 0.73018 0.2694
vt 0.72087 0.27818
vt 0.71533 0.26173
vt 0.7098 0.24529
vt 0.74565 0.27786
vt 0.73603 0.28624
vt 0.72641 0.29462
vt 0.71679 0.30301
vt 0.71157 0.28696
vt 0.70634 0.27091
vt 0.70112 0.25487
vt 0.75567 0.29952
vt 0.75669 0.3205
vt 0.75952 0.30393
vt 0.76028 0.32334
vt 0.76104 0.34275
vt 0.75771 0.34148
vt 0.76337 0.30834
vt 0.76387 0.32617
vt 0.76722 0.31275
vt 0.76746 0.32901
vt 0.76771 0.34528
vt 0.76438 0.34401
vt 0.76488 0.36185
vt 0.7618 0.36216
vt 0.76796 0.36154
vt 0.75873 0.36246
vt 0.78903 0.40455
vt 0.79489 0.4146
vt 0.78318 0.39451
vt 0.78475 0.38848
vt 0.78977 0.3972
vt 0.79479 0.40592
vt 0.77732 0.38447
vt 0.77146 0.37443
vt 0.77472 0.37105
vt 0.77974 0.37976
vt 0.78215 0.37506
vt 0.78633 0.38245
vt 0.77798 0.36767
vt 0.78124 0.36429
vt 0.78457 0.37036
vt 0.78791 0.37643
vt 0.7905 0.38985
vt 0.79468 0.39724
vt 0.79124 0.3825
vt 0.79458 0.38857
vt 0.7706 0.31742
vt 0.77082 0.33167
vt 0.77399 0.3221
vt 0.77417 0.33434
vt 0.77435 0.34657
vt 0.77103 0.34592
vt 0.77737 0.32678
vt 0.77752 0.337
vt 0.78076 0.33146
vt 0.78088 0.33966
vt 0.781 0.34787
vt 0.77767 0.34722
vt 0.77783 0.35744
vt 0.77454 0.35881
vt 0.78112 0.35608
vt 0.77125 0.36017
vt 0.81291 0.40796
vt 0.81134 0.39938
vt 0.81477 0.38341
vt 0.81691 0.38906
vt 0.80977 0.39081
vt 0.81263 0.37776
vt 0.81549 0.36472
vt 0.8182 0.36744
vt 0.82091 0.37017
vt 0.8082 0.38224
vt 0.81049 0.37211
vt 0.80663 0.37367
vt 0.80835 0.36646
vt 0.81008 0.35926
vt 0.81279 0.36199
vt 0.81508 0.35186
vt 0.81836 0.35167
vt 0.81181 0.35206
vt 0.81354 0.34486
vt 0.81738 0.34174
vt 0.82122 0.33862
vt 0.82163 0.35147
vt 0.82491 0.35128
vt 0.82506 0.3355
vt 0.80218 0.31181
vt 0.79455 0.30392
vt 0.80981 0.31971
vt 0.80797 0.32465
vt 0.80135 0.31766
vt 0.79472 0.31068
vt 0.81744 0.32761
vt 0.8146 0.33163
vt 0.81176 0.33566
vt 0.80613 0.32959
vt 0.80892 0.33969
vt 0.8043 0.33453
vt 0.80051 0.32351
vt 0.79489 0.31744
vt 0.79968 0.32936
vt 0.79506 0.3242
vt 0.76336 0.28866
vt 0.76602 0.29371
vt 0.77491 0.28222
vt 0.77638 0.2879
vt 0.77785 0.29358
vt 0.76868 0.29875
vt 0.78645 0.27577
vt 0.78674 0.28209
vt 0.78702 0.28841
vt 0.78731 0.29473
vt 0.77933 0.29927
vt 0.78759 0.30105
vt 0.7808 0.30495
vt 0.77135 0.3038
vt 0.77401 0.30885
vt 0.78856 0.30729
vt 0.78954 0.31353
vt 0.78435 0.31639
vt 0.78258 0.31067
vt 0.79051 0.31977
vt 0.79148 0.32601
vt 0.78791 0.32783
vt 0.78613 0.32211
vt 0.78175 0.32444
vt 0.77917 0.31924
vt 0.78433 0.32964
vt 0.77659 0.31405
vt 0.81807 0.23404
vt 0.82825 0.22825
vt 0.8079 0.23983
vt 0.79599 0.22191
vt 0.80545 0.21612
vt 0.8149 0.21032
vt 0.79772 0.24562
vt 0.78754 0.25142
vt 0.77709 0.23351
vt 0.78654 0.22771
vt 0.77536 0.20979
vt 0.78409 0.20399
vt 0.76663 0.2156
vt 0.75618 0.19769
vt 0.76418 0.19188
vt 0.77219 0.18608
vt 0.79282 0.19819
vt 0.80155 0.19239
vt 0.78019 0.18027
vt 0.7882 0.17447
vt 0.77707 0.25803
vt 0.7666 0.26464
vt 0.75829 0.24706
vt 0.76769 0.24028
vt 0.75612 0.27125
vt 0.74889 0.25384
vt 0.74165 0.23643
vt 0.74998 0.22948
vt 0.73441 0.21902
vt 0.74167 0.21191
vt 0.7583 0.22254
vt 0.74892 0.2048
vt 0.82067 0.15671
vt 0.8344 0.17797
vt 0.82619 0.18157
vt 0.81255 0.16115
vt 0.84814 0.19923
vt 0.83983 0.202
vt 0.83152 0.20478
vt 0.81798 0.18518
vt 0.80443 0.16559
vt 0.86188 0.22049
vt 0.85347 0.22243
vt 0.84507 0.22437
vt 0.83666 0.22631
vt 0.82321 0.20755
vt 0.80976 0.18879
vt 0.79631 0.17003
vt 0.87032 0.21696
vt 0.85621 0.19519
vt 0.86428 0.19115
vt 0.87875 0.21344
vt 0.8421 0.17342
vt 0.82799 0.15164
vt 0.83532 0.14658
vt 0.8498 0.16887
vt 0.8575 0.16431
vt 0.87234 0.18711
vt 0.84265 0.14152
vt 0.84998 0.13646
vt 0.86519 0.15976
vt 0.88041 0.18307
vt 0.88719 0.20991
vt 0.89563 0.20638
vt 0.85707 0.12934
vt 0.87297 0.1531
vt 0.86417 0.12223
vt 0.88074 0.14643
vt 0.89732 0.17063
vt 0.88886 0.17685
vt 0.87127 0.11512
vt 0.88852 0.13976
vt 0.87837 0.10801
vt 0.89629 0.13309
vt 0.91422 0.15818
vt 0.90577 0.1644
vt 0.92302 0.18905
vt 0.91389 0.19482
vt 0.93215 0.18327
vt 0.90476 0.2006
vt 0.84899 0.09821
vt 0.85516 0.09074
vt 0.84283 0.10569
vt 0.82149 0.08915
vt 0.82672 0.08131
vt 0.83196 0.07347
vt 0.83666 0.11317
vt 0.8305 0.12065
vt 0.81102 0.10484
vt 0.81625 0.097
vt 0.79584 0.08082
vt 0.80014 0.07261
vt 0.79154 0.08903
vt 0.77206 0.07323
vt 0.77543 0.06465
vt 0.7788 0.05608
vt 0.80445 0.0644
vt 0.80875 0.0562
vt 0.78217 0.0475
vt 0.78555 0.03893
vt 0.82404 0.126
vt 0.81759 0.13135
vt 0.79987 0.11612
vt 0.80544 0.11048
vt 0.81114 0.1367
vt 0.80469 0.14205
vt 0.78872 0.1274
vt 0.79429 0.12176
vt 0.77744 0.10682
vt 0.78214 0.10089
vt 0.77275 0.11275
vt 0.75678 0.0981
vt 0.7606 0.09188
vt 0.76442 0.08566
vt 0.78684 0.09496
vt 0.76824 0.07944
vt 0.79685 0.14629
vt 0.789 0.15052
vt 0.77358 0.13545
vt 0.78115 0.13143
vt 0.78116 0.15475
vt 0.77332 0.15899
vt 0.75844 0.14351
vt 0.76601 0.13948
vt 0.75085 0.12421
vt 0.75815 0.12039
vt 0.74356 0.12803
vt 0.72868 0.11255
vt 0.7357 0.10893
vt 0.74273 0.10532
vt 0.76545 0.11657
vt 0.74975 0.10171
vt 0.70127 0.1364
vt 0.70812 0.13043
vt 0.72213 0.14579
vt 0.71499 0.15172
vt 0.71497 0.12447
vt 0.72927 0.13987
vt 0.74358 0.15527
vt 0.73615 0.16116
vt 0.72872 0.16704
vt 0.72182 0.11851
vt 0.73641 0.13395
vt 0.75101 0.14939
vt 0.7656 0.16483
vt 0.75788 0.17067
vt 0.75016 0.17652
vt 0.74245 0.18236
vt 0.73562 0.19029
vt 0.72879 0.19822
vt 0.71592 0.18454
vt 0.72232 0.17579
vt 0.72197 0.20615
vt 0.71514 0.21408
vt 0.70313 0.20204
vt 0.70952 0.19329
vt 0.69708 0.18042
vt 0.70305 0.17085
vt 0.69111 0.18999
vt 0.6791 0.17795
vt 0.68464 0.16756
vt 0.69018 0.15717
vt 0.70902 0.16129
vt 0.69572 0.14678
vt 0.65648 0.21554
vt 0.66764 0.22537
vt 0.66402 0.20301
vt 0.67546 0.21358
vt 0.68691 0.22415
vt 0.6788 0.2352
vt 0.67156 0.19048
vt 0.68329 0.20178
vt 0.69502 0.21309
vt 0.70675 0.2244
vt 0.69835 0.23472
vt 0.68996 0.24503
vt 0.65683 0.183
vt 0.66373 0.16961
vt 0.64994 0.19639
vt 0.63586 0.18976
vt 0.64211 0.17552
vt 0.64837 0.16128
vt 0.64304 0.20977
vt 0.6296 0.204
vt 0.61616 0.19823
vt 0.62177 0.18314
vt 0.60272 0.19246
vt 0.60769 0.17651
vt 0.62739 0.16804
vt 0.633 0.15294
vt 0.61266 0.16056
vt 0.61764 0.14461
vt 0.62269 0.13213
vt 0.63818 0.14099
vt 0.62775 0.11966
vt 0.64336 0.12903
vt 0.65897 0.13841
vt 0.65367 0.14984
vt 0.63281 0.10718
vt 0.64854 0.11708
vt 0.63787 0.09471
vt 0.65372 0.10513
vt 0.66957 0.11555
vt 0.66427 0.12698
vt 0.67999 0.13688
vt 0.67457 0.14779
vt 0.68542 0.12597
vt 0.66915 0.1587
vt 0.70607 0.10784
vt 0.71295 0.1018
vt 0.69918 0.11388
vt 0.6834 0.1033
vt 0.69031 0.09717
vt 0.69723 0.09105
vt 0.6923 0.11993
vt 0.67648 0.10942
vt 0.66066 0.09892
vt 0.66761 0.09271
vt 0.64484 0.08842
vt 0.65182 0.08213
vt 0.67455 0.0865
vt 0.6815 0.0803
vt 0.6588 0.07584
vt 0.66578 0.06955
vt 0.6751 0.06879
vt 0.69025 0.07883
vt 0.68442 0.06804
vt 0.699 0.07736
vt 0.71357 0.08668
vt 0.7054 0.08886
vt 0.69374 0.06728
vt 0.70774 0.07589
vt 0.70307 0.06653
vt 0.71649 0.07442
vt 0.72992 0.08231
vt 0.72175 0.08449
vt 0.73575 0.0931
vt 0.72815 0.096
vt 0.74335 0.0902
vt 0.72055 0.0989
vt 0.74859 0.07074
vt 0.75033 0.06426
vt 0.74684 0.07723
vt 0.72927 0.0688
vt 0.72894 0.06205
vt 0.72861 0.05529
vt 0.74509 0.08372
vt 0.72959 0.07556
vt 0.71409 0.06739
vt 0.71169 0.06037
vt 0.69859 0.05923
vt 0.69412 0.05194
vt 0.70929 0.05335
vt 0.70689 0.04632
vt 0.68964 0.04465
vt 0.68517 0.03736
vt 0.75496 0.03919
vt 0.7565 0.03084
vt 0.75342 0.04755
vt 0.72803 0.03902
vt 0.72774 0.03089
vt 0.72746 0.02276
vt 0.75187 0.0559
vt 0.72832 0.04716
vt 0.70477 0.03841
vt 0.70265 0.0305
vt 0.68122 0.02966
vt 0.67727 0.02197
vt 0.70053 0.02258
vt 0.69841 0.01467
vt 0.67332 0.01428
vt 0.66937 0.00659
vt 0.59999 0.02945
vt 0.62128 0.03142
vt 0.63473 0.04076
vt 0.61643 0.03947
vt 0.64258 0.0334
vt 0.65304 0.04206
vt 0.6635 0.05072
vt 0.64819 0.05011
vt 0.63288 0.0495
vt 0.66387 0.03538
vt 0.67134 0.04335
vt 0.67881 0.05133
vt 0.68627 0.0593
vt 0.67396 0.05938
vt 0.66164 0.05945
vt 0.64933 0.05952
vt 0.49997 0.00659
vt 0.54232 0.00659
vt 0.56206 0.01279
vt 0.52497 0.0123
vt 0.58467 0.00659
vt 0.59914 0.01329
vt 0.61362 0.01999
vt 0.5818 0.019
vt 0.54998 0.01802
vt 0.62702 0.00659
vt 0.63623 0.01378
vt 0.64544 0.02098
vt 0.65466 0.02818
vt 0.6281 0.0267
vt 0.60154 0.02521
vt 0.57498 0.02373
vt 0.57373 0.06221
vt 0.58029 0.05402
vt 0.59643 0.06262
vt 0.58976 0.07033
vt 0.58686 0.04583
vt 0.6031 0.0549
vt 0.61934 0.06398
vt 0.61257 0.07122
vt 0.6058 0.07846
vt 0.59342 0.03764
vt 0.60976 0.04719
vt 0.62611 0.05674
vt 0.64245 0.06629
vt 0.63558 0.07305
vt 0.6287 0.07982
vt 0.62183 0.08658
vt 0.5576 0.12143
vt 0.56163 0.10662
vt 0.57689 0.113
vt 0.57261 0.12722
vt 0.56566 0.09182
vt 0.58118 0.09878
vt 0.59671 0.10574
vt 0.59216 0.11938
vt 0.58762 0.13302
vt 0.56969 0.07701
vt 0.58547 0.08455
vt 0.60125 0.0921
vt 0.61703 0.09964
vt 0.61223 0.1127
vt 0.60743 0.12575
vt 0.60263 0.13881
vt 0.59831 0.15562
vt 0.59399 0.17242
vt 0.58029 0.16833
vt 0.58395 0.15067
vt 0.58967 0.18923
vt 0.57662 0.18599
vt 0.56357 0.18275
vt 0.56658 0.16424
vt 0.55052 0.17951
vt 0.55288 0.16015
vt 0.56959 0.14573
vt 0.55524 0.14079
vt 0.53788 0.17787
vt 0.52524 0.17622
vt 0.52642 0.15595
vt 0.53965 0.15805
vt 0.5126 0.17457
vt 0.49997 0.17293
vt 0.49997 0.15175
vt 0.51319 0.15385
vt 0.51378 0.13312
vt 0.5276 0.13568
vt 0.49997 0.13057
vt 0.49997 0.10939
vt 0.51437 0.1124
vt 0.52878 0.11541
vt 0.54142 0.13823
vt 0.54319 0.11842
vt 0.55226 0.07425
vt 0.55529 0.05953
vt 0.54924 0.08897
vt 0.53281 0.08613
vt 0.53483 0.07149
vt 0.53685 0.05685
vt 0.54621 0.10369
vt 0.5308 0.10077
vt 0.51538 0.09784
vt 0.51639 0.08328
vt 0.49997 0.09491
vt 0.49997 0.08044
vt 0.5174 0.06872
vt 0.51841 0.05417
vt 0.49997 0.06596
vt 0.49997 0.05149
vt 0.49997 0.04026
vt 0.52005 0.0437
vt 0.49997 0.02904
vt 0.52169 0.03323
vt 0.54341 0.03743
vt 0.54013 0.04714
vt 0.49997 0.01781
vt 0.52333 0.02277
vt 0.54669 0.02772
vt 0.57006 0.03268
vt 0.56513 0.04163
vt 0.56021 0.05058
vt 0.78807 0.35198
vt 0.78931 0.35943
vt 0.78682 0.34453
vt 0.79265 0.3412
vt 0.79502 0.34788
vt 0.79739 0.35457
vt 0.78558 0.33709
vt 0.79028 0.33451
vt 0.79498 0.33194
vt 0.79847 0.33786
vt 0.80197 0.34379
vt 0.80546 0.34971
vt 0.805 0.35663
vt 0.80454 0.36355
vt 0.79899 0.36784
vt 0.79819 0.36121
vt 0.80407 0.37047
vt 0.80361 0.37739
vt 0.8006 0.38112
vt 0.7998 0.37448
vt 0.79552 0.37849
vt 0.79345 0.37213
vt 0.79759 0.38484
vt 0.79138 0.36578
vt 0.80482 0.38599
vt 0.80602 0.39459
vt 0.80228 0.39837
vt 0.80144 0.38974
vt 0.80722 0.40319
vt 0.80843 0.41179
vt 0.80395 0.41562
vt 0.80311 0.40699
vt 0.799 0.41079
vt 0.79853 0.40214
vt 0.79947 0.41945
vt 0.79806 0.39349
vt 0.54528 0.45709
vt 0.54072 0.45961
vt 0.53483 0.45525
vt 0.53864 0.45155
vt 0.53617 0.46212
vt 0.53162 0.46463
vt 0.52722 0.46267
vt 0.53102 0.45896
vt 0.52588 0.4558
vt 0.52894 0.4509
vt 0.52282 0.4607
vt 0.532 0.446
vt 0.79967 0.43524
vt 0.79961 0.42997
vt 0.80693 0.42752
vt 0.80841 0.43348
vt 0.79954 0.42471
vt 0.80544 0.42157
vt 0.81134 0.41843
vt 0.81425 0.42507
vt 0.81724 0.41529
vt 0.82157 0.42262
vt 0.81715 0.43171
vt 0.8259 0.42995
vt 0.82999 0.40453
vt 0.82563 0.39938
vt 0.82969 0.37613
vt 0.83408 0.37911
vt 0.82127 0.39422
vt 0.8253 0.37315
vt 0.82933 0.35208
vt 0.83375 0.35289
vt 0.83817 0.35369
vt 0.51773 0.47105
vt 0.51942 0.4676
vt 0.52369 0.47008
vt 0.52193 0.47379
vt 0.52112 0.46415
vt 0.52545 0.46637
vt 0.52979 0.4686
vt 0.52796 0.47256
vt 0.52613 0.47653
vt 0.49997 0.54849
vt 0.50566 0.54932
vt 0.50603 0.55209
vt 0.49997 0.55134
vt 0.51136 0.55016
vt 0.51209 0.55283
vt 0.51283 0.55551
vt 0.5064 0.55485
vt 0.49997 0.55419
vt 0.51705 0.551
vt 0.51815 0.55358
vt 0.52275 0.55184
vt 0.52422 0.55433
vt 0.52569 0.55682
vt 0.51926 0.55616
vt 0.52036 0.55875
vt 0.51356 0.55818
vt 0.52716 0.55931
vt 0.50676 0.55761
vt 0.49997 0.55704
vt 0.51635 0.54738
vt 0.52181 0.54793
vt 0.51089 0.54683
vt 0.51042 0.54351
vt 0.51565 0.54376
vt 0.52088 0.54402
vt 0.50543 0.54629
vt 0.49997 0.54574
vt 0.49997 0.543
vt 0.50519 0.54325
vt 0.50496 0.54022
vt 0.50995 0.54018
vt 0.49997 0.54025
vt 0.49997 0.53751
vt 0.50473 0.53718
vt 0.50949 0.53686
vt 0.51495 0.54015
vt 0.51994 0.54011
vt 0.51425 0.53653
vt 0.51901 0.53621
vt 0.52777 0.55017
vt 0.52965 0.55259
vt 0.53279 0.5485
vt 0.53509 0.55085
vt 0.53739 0.5532
vt 0.53154 0.55501
vt 0.53781 0.54683
vt 0.54052 0.54911
vt 0.54284 0.54517
vt 0.54596 0.54737
vt 0.54908 0.54958
vt 0.54323 0.55139
vt 0.54594 0.55367
vt 0.53968 0.55555
vt 0.5522 0.55179
vt 0.53342 0.55743
vt 0.52257 0.5367
vt 0.52387 0.54007
vt 0.52613 0.5372
vt 0.5278 0.54002
vt 0.52946 0.54285
vt 0.52517 0.54343
vt 0.52969 0.53769
vt 0.53172 0.53998
vt 0.53326 0.53819
vt 0.53565 0.53993
vt 0.53805 0.54168
vt 0.53375 0.54226
vt 0.53578 0.54455
vt 0.53113 0.54567
vt 0.54044 0.54342
vt 0.52647 0.5468
vt 0.52223 0.52368
vt 0.51666 0.52406
vt 0.51779 0.52129
vt 0.52373 0.52078
vt 0.5111 0.52445
vt 0.51185 0.52179
vt 0.5126 0.51913
vt 0.51891 0.51851
vt 0.52523 0.51789
vt 0.50553 0.52484
vt 0.50591 0.5223
vt 0.49997 0.52523
vt 0.49997 0.5228
vt 0.49997 0.52038
vt 0.50628 0.51975
vt 0.50666 0.51721
vt 0.51335 0.51647
vt 0.49997 0.51795
vt 0.52004 0.51573
vt 0.52673 0.51499
vt 0.50533 0.52792
vt 0.49997 0.5283
vt 0.51069 0.52755
vt 0.51029 0.53065
vt 0.50513 0.53101
vt 0.49997 0.53137
vt 0.51606 0.52718
vt 0.52142 0.52681
vt 0.52062 0.52994
vt 0.51545 0.5303
vt 0.51485 0.53341
vt 0.50989 0.53375
vt 0.51981 0.53307
vt 0.50493 0.53409
vt 0.49997 0.53444
vt 0.54185 0.53175
vt 0.53694 0.52973
vt 0.5395 0.52789
vt 0.54475 0.53027
vt 0.53204 0.52771
vt 0.53424 0.52552
vt 0.53645 0.52334
vt 0.54205 0.52606
vt 0.54766 0.52879
vt 0.52713 0.52569
vt 0.52898 0.52315
vt 0.53084 0.52061
vt 0.53269 0.51807
vt 0.53865 0.52115
vt 0.54461 0.52423
vt 0.55057 0.52731
vt 0.52599 0.52844
vt 0.53056 0.53008
vt 0.52908 0.53245
vt 0.52485 0.5312
vt 0.53513 0.53172
vt 0.5397 0.53336
vt 0.53755 0.53497
vt 0.53332 0.53371
vt 0.5315 0.5357
vt 0.52761 0.53482
vt 0.5354 0.53658
vt 0.52371 0.53395
vt 0.55574 0.54264
vt 0.55226 0.53991
vt 0.55553 0.54036
vt 0.55912 0.54372
vt 0.54879 0.53719
vt 0.55194 0.53699
vt 0.55508 0.5368
vt 0.55879 0.5408
vt 0.5625 0.54481
vt 0.54532 0.53447
vt 0.54834 0.53363
vt 0.55137 0.53279
vt 0.5544 0.53195
vt 0.55823 0.5366
vt 0.56205 0.54125
vt 0.56588 0.5459
vt 0.54606 0.54453
vt 0.54925 0.54646
vt 0.54929 0.5439
vt 0.55254 0.54555
vt 0.55579 0.5472
vt 0.55244 0.54839
vt 0.55251 0.54327
vt 0.55583 0.54464
vt 0.55915 0.546
vt 0.56246 0.54737
vt 0.55904 0.54884
vt 0.55562 0.55032
vt 0.5429 0.53583
vt 0.5461 0.53831
vt 0.54342 0.53943
vt 0.54048 0.5372
vt 0.54931 0.54079
vt 0.54635 0.54167
vt 0.5434 0.54254
vt 0.54073 0.54055
vt 0.53807 0.53856
vt 0.56481 0.34683
vt 0.56263 0.35084
vt 0.56087 0.34851
vt 0.56328 0.34454
vt 0.56046 0.35486
vt 0.55845 0.35248
vt 0.55645 0.35009
vt 0.5591 0.34617
vt 0.56175 0.34225
vt 0.55829 0.35888
vt 0.55604 0.35645
vt 0.55612 0.3629
vt 0.55363 0.36042
vt 0.55114 0.35794
vt 0.55379 0.35402
vt 0.55155 0.35159
vt 0.55444 0.34771
vt 0.54865 0.35546
vt 0.55733 0.34383
vt 0.56022 0.33996
vt 0.56031 0.36581
vt 0.55909 0.36942
vt 0.55465 0.3662
vt 0.56451 0.36873
vt 0.56353 0.37264
vt 0.56255 0.37654
vt 0.55787 0.37302
vt 0.55319 0.3695
vt 0.5687 0.37165
vt 0.56797 0.37586
vt 0.5729 0.37457
vt 0.57241 0.37908
vt 0.57192 0.38359
vt 0.56723 0.38007
vt 0.5665 0.38428
vt 0.56158 0.38045
vt 0.57143 0.3881
vt 0.55665 0.37662
vt 0.55173 0.3728
vt 0.57703 0.37515
vt 0.57685 0.37989
vt 0.58117 0.37573
vt 0.5813 0.3807
vt 0.58143 0.38567
vt 0.57667 0.38463
vt 0.58531 0.37631
vt 0.58575 0.38151
vt 0.58945 0.3769
vt 0.5902 0.38233
vt 0.59095 0.38776
vt 0.58619 0.38671
vt 0.58663 0.39191
vt 0.58156 0.39064
vt 0.5917 0.39319
vt 0.57649 0.38937
vt 0.59264 0.37513
vt 0.5937 0.38047
vt 0.59584 0.37337
vt 0.5972 0.37862
vt 0.59857 0.38387
vt 0.59476 0.38581
vt 0.59903 0.37161
vt 0.60071 0.37677
vt 0.60223 0.36985
vt 0.60421 0.37492
vt 0.6062 0.37999
vt 0.60239 0.38193
vt 0.60406 0.38709
vt 0.59994 0.38912
vt 0.60819 0.38506
vt 0.59582 0.39115
vt 0.6045 0.36581
vt 0.60685 0.3708
vt 0.60678 0.36178
vt 0.60949 0.36668
vt 0.61219 0.37157
vt 0.6092 0.37578
vt 0.60906 0.35775
vt 0.61212 0.36256
vt 0.61134 0.35372
vt 0.61476 0.35844
vt 0.61818 0.36316
vt 0.61519 0.36736
vt 0.61825 0.37217
vt 0.6149 0.37647
vt 0.6216 0.36788
vt 0.61154 0.38076
vt 0.59388 0.34097
vt 0.59015 0.34041
vt 0.59083 0.33777
vt 0.59488 0.3383
vt 0.58643 0.33986
vt 0.58679 0.33724
vt 0.58715 0.33462
vt 0.59151 0.33513
vt 0.59588 0.33564
vt 0.5827 0.3393
vt 0.58275 0.33671
vt 0.57898 0.33875
vt 0.5787 0.33617
vt 0.57843 0.3336
vt 0.58279 0.33411
vt 0.58284 0.33152
vt 0.58752 0.332
vt 0.57816 0.33103
vt 0.5922 0.33249
vt 0.59688 0.33298
vt 0.60697 0.35053
vt 0.60847 0.34747
vt 0.613 0.35053
vt 0.60261 0.34734
vt 0.60394 0.34441
vt 0.60527 0.34149
vt 0.60997 0.34441
vt 0.61467 0.34734
vt 0.59824 0.34415
vt 0.59941 0.34136
vt 0.60057 0.33856
vt 0.60174 0.33577
vt 0.60661 0.33856
vt 0.61147 0.34135
vt 0.61634 0.34415
vt 0.57543 0.34077
vt 0.57485 0.33826
vt 0.57189 0.34279
vt 0.57099 0.34035
vt 0.57009 0.33792
vt 0.57426 0.33576
vt 0.56835 0.34481
vt 0.56713 0.34244
vt 0.56592 0.34008
vt 0.56471 0.33772
vt 0.56919 0.33549
vt 0.57367 0.33326
vt 0.54432 0.36501
vt 0.54577 0.36183
vt 0.54824 0.36438
vt 0.54679 0.3676
vt 0.54721 0.35864
vt 0.54969 0.36116
vt 0.55217 0.36368
vt 0.55072 0.36694
vt 0.54926 0.3702
vt 0.6164 0.35495
vt 0.61804 0.35147
vt 0.62141 0.3556
vt 0.6198 0.35938
vt 0.61968 0.34798
vt 0.62303 0.35182
vt 0.62637 0.35565
vt 0.62478 0.35973
vt 0.62319 0.3638
vt 0.58333 0.36111
vt 0.58064 0.36155
vt 0.57934 0.35636
vt 0.58224 0.35552
vt 0.57795 0.362
vt 0.57644 0.3572
vt 0.57492 0.35239
vt 0.57804 0.35116
vt 0.58115 0.34993
vt 0.57526 0.36245
vt 0.57353 0.35804
vt 0.57258 0.3629
vt 0.57063 0.35888
vt 0.56869 0.35486
vt 0.57181 0.35363
vt 0.57008 0.34922
vt 0.57341 0.34759
vt 0.56675 0.35084
vt 0.57673 0.34596
vt 0.58006 0.34434
vt 0.59375 0.35625
vt 0.59114 0.35746
vt 0.59089 0.3532
vt 0.59378 0.35243
vt 0.58854 0.35868
vt 0.58801 0.35397
vt 0.58748 0.34927
vt 0.59065 0.34894
vt 0.59381 0.34861
vt 0.58593 0.35989
vt 0.58512 0.35474
vt 0.58432 0.3496
vt 0.58351 0.34445
vt 0.58695 0.34456
vt 0.5904 0.34467
vt 0.59384 0.34479
vt 0.58761 0.3637
vt 0.58486 0.36505
vt 0.59036 0.36235
vt 0.59219 0.36602
vt 0.58929 0.36751
vt 0.58639 0.369
vt 0.59311 0.361
vt 0.59587 0.35965
vt 0.59799 0.36305
vt 0.59509 0.36453
vt 0.59706 0.36807
vt 0.59401 0.3697
vt 0.60011 0.36645
vt 0.59096 0.37132
vt 0.58792 0.37295
vt 0.57571 0.36562
vt 0.57266 0.36581
vt 0.57876 0.36543
vt 0.57956 0.36887
vt 0.57615 0.3688
vt 0.57274 0.36873
vt 0.58181 0.36524
vt 0.58297 0.36893
vt 0.58414 0.37262
vt 0.58037 0.3723
vt 0.57659 0.37197
vt 0.57282 0.37165
vt 0.00671 0.93858
vt 0.0278 0.94045
vt 0.02951 0.95396
vt 0.00671 0.95256
vt 0.0489 0.94233
vt 0.05231 0.95537
vt 0.05573 0.96841
vt 0.03122 0.96747
vt 0.00671 0.96654
vt 0.06999 0.9442
vt 0.07512 0.95677
vt 0.09109 0.94608
vt 0.09792 0.95818
vt 0.10476 0.97029
vt 0.08024 0.96935
vt 0.08537 0.98192
vt 0.05915 0.98145
vt 0.11159 0.98239
vt 0.11843 0.9945
vt 0.0905 0.9945
vt 0.06257 0.9945
vt 0.03293 0.98098
vt 0.00671 0.98052
vt 0.03464 0.9945
vt 0.00671 0.9945
vt 0.0661 0.89823
vt 0.07234 0.91019
vt 0.05593 0.90986
vt 0.05125 0.89842
vt 0.07859 0.92215
vt 0.06062 0.92131
vt 0.04265 0.92047
vt 0.03952 0.90954
vt 0.0364 0.89861
vt 0.08484 0.93411
vt 0.0653 0.93275
vt 0.04577 0.9314
vt 0.02624 0.93004
vt 0.02468 0.91963
vt 0.00671 0.92868
vt 0.00671 0.91879
vt 0.02311 0.90921
vt 0.02155 0.8988
vt 0.00671 0.90889
vt 0.00671 0.899
vt 0.11632 0.94652
vt 0.12372 0.95852
vt 0.14156 0.94697
vt 0.14952 0.95885
vt 0.15748 0.97073
vt 0.13112 0.97051
vt 0.16679 0.94742
vt 0.17532 0.95919
vt 0.19203 0.94787
vt 0.20112 0.95952
vt 0.21021 0.97118
vt 0.18384 0.97096
vt 0.19237 0.98273
vt 0.16544 0.98261
vt 0.2193 0.98284
vt 0.22839 0.9945
vt 0.2009 0.9945
vt 0.17341 0.9945
vt 0.13852 0.9825
vt 0.14592 0.9945
vt 0.1536 0.93392
vt 0.17652 0.93386
vt 0.13068 0.93399
vt 0.1198 0.921
vt 0.14041 0.92043
vt 0.16101 0.91986
vt 0.10776 0.93405
vt 0.0992 0.92158
vt 0.09063 0.9091
vt 0.10892 0.90802
vt 0.08207 0.89663
vt 0.09805 0.89504
vt 0.12721 0.90693
vt 0.1455 0.90585
vt 0.11402 0.89344
vt 0.13 0.89185
vt 0.3504 0.9945
vt 0.35529 0.98463
vt 0.39146 0.98511
vt 0.38779 0.9945
vt 0.36018 0.97476
vt 0.39513 0.97572
vt 0.43007 0.97668
vt 0.42763 0.98559
vt 0.42518 0.9945
vt 0.36507 0.96489
vt 0.3988 0.96633
vt 0.36997 0.95502
vt 0.40247 0.95694
vt 0.43497 0.95887
vt 0.43252 0.96778
vt 0.46624 0.96922
vt 0.46502 0.97765
vt 0.46747 0.9608
vt 0.4638 0.98607
vt 0.46257 0.9945
vt 0.23663 0.98395
vt 0.2663 0.98412
vt 0.25889 0.9945
vt 0.24488 0.97341
vt 0.27371 0.97374
vt 0.30253 0.97408
vt 0.29596 0.98429
vt 0.28939 0.9945
vt 0.25313 0.96286
vt 0.28111 0.96337
vt 0.26138 0.95232
vt 0.28852 0.95299
vt 0.31567 0.95367
vt 0.3091 0.96387
vt 0.33709 0.96438
vt 0.33136 0.97442
vt 0.34282 0.95434
vt 0.32562 0.98446
vt 0.31989 0.9945
vt 0.37891 0.9447
vt 0.40918 0.94645
vt 0.38786 0.93439
vt 0.41589 0.93597
vt 0.44391 0.93755
vt 0.43944 0.94821
vt 0.39681 0.92407
vt 0.4226 0.92548
vt 0.40576 0.91376
vt 0.42931 0.91499
vt 0.45286 0.91622
vt 0.44839 0.92688
vt 0.47418 0.92829
vt 0.47194 0.93913
vt 0.47641 0.91745
vt 0.4697 0.94996
vt 0.27742 0.93947
vt 0.30279 0.94077
vt 0.29347 0.92662
vt 0.31706 0.92856
vt 0.34066 0.9305
vt 0.32817 0.94208
vt 0.30951 0.91377
vt 0.33133 0.91634
vt 0.32556 0.90092
vt 0.34561 0.90413
vt 0.36566 0.90734
vt 0.35316 0.91892
vt 0.37498 0.92149
vt 0.36426 0.93244
vt 0.38571 0.91055
vt 0.35354 0.94339
vt 0.40812 0.90472
vt 0.43108 0.90568
vt 0.41048 0.89568
vt 0.43285 0.89637
vt 0.45522 0.89707
vt 0.45404 0.90665
vt 0.41284 0.88664
vt 0.43462 0.88707
vt 0.4152 0.8776
vt 0.43639 0.87776
vt 0.45758 0.87793
vt 0.4564 0.8875
vt 0.47818 0.88793
vt 0.47759 0.89777
vt 0.47877 0.87809
vt 0.477 0.90761
vt 0.32859 0.89269
vt 0.34847 0.89569
vt 0.33162 0.88446
vt 0.35133 0.88726
vt 0.37105 0.89007
vt 0.36835 0.8987
vt 0.33465 0.87623
vt 0.35419 0.87883
vt 0.33768 0.86801
vt 0.35706 0.8704
vt 0.37644 0.8728
vt 0.37374 0.88143
vt 0.39329 0.88403
vt 0.39076 0.89287
vt 0.39582 0.8752
vt 0.38823 0.90171
vt 0.27143 0.85858
vt 0.28799 0.86093
vt 0.28535 0.88057
vt 0.26891 0.88201
vt 0.30455 0.86329
vt 0.30178 0.87912
vt 0.29901 0.89495
vt 0.2827 0.9002
vt 0.2664 0.90545
vt 0.32111 0.86565
vt 0.31821 0.87768
vt 0.31531 0.88971
vt 0.31241 0.90174
vt 0.29624 0.91078
vt 0.28006 0.91983
vt 0.26389 0.92888
vt 0.22524 0.84207
vt 0.23678 0.84619
vt 0.23675 0.88063
vt 0.22602 0.88017
vt 0.24833 0.85032
vt 0.24747 0.88109
vt 0.24661 0.91186
vt 0.23671 0.91507
vt 0.22681 0.91828
vt 0.25988 0.85445
vt 0.25819 0.88155
vt 0.2565 0.90865
vt 0.25482 0.93576
vt 0.24574 0.94263
vt 0.23667 0.94951
vt 0.2276 0.95639
vt 0.17418 0.84176
vt 0.18694 0.84183
vt 0.19048 0.87126
vt 0.17864 0.86828
vt 0.19971 0.84191
vt 0.20233 0.87423
vt 0.20496 0.90655
vt 0.19403 0.90068
vt 0.1831 0.89481
vt 0.21247 0.84199
vt 0.21418 0.8772
vt 0.21588 0.91241
vt 0.21759 0.94763
vt 0.20758 0.93886
vt 0.19757 0.9301
vt 0.18756 0.92134
vt 0.16473 0.86482
vt 0.1608 0.84181
vt 0.16866 0.88784
vt 0.15421 0.88086
vt 0.15081 0.86136
vt 0.14742 0.84187
vt 0.17259 0.91085
vt 0.15761 0.90036
vt 0.14264 0.88987
vt 0.13977 0.87389
vt 0.12766 0.87938
vt 0.12533 0.86691
vt 0.1369 0.8579
vt 0.13404 0.84192
vt 0.12299 0.85444
vt 0.12066 0.84198
vt 0.10861 0.85533
vt 0.10681 0.84263
vt 0.11042 0.86804
vt 0.09551 0.86916
vt 0.09424 0.85622
vt 0.09297 0.84329
vt 0.11222 0.88074
vt 0.09678 0.8821
vt 0.08133 0.88346
vt 0.0806 0.87029
vt 0.06589 0.88482
vt 0.06569 0.87141
vt 0.07986 0.85711
vt 0.07913 0.84394
vt 0.06549 0.858
vt 0.06529 0.8446
vt 0.00671 0.84155
vt 0.02135 0.84231
vt 0.0214 0.85643
vt 0.00671 0.85591
vt 0.036 0.84307
vt 0.0361 0.85696
vt 0.0362 0.87084
vt 0.02145 0.87056
vt 0.00671 0.87027
vt 0.05064 0.84383
vt 0.05079 0.85748
vt 0.05094 0.87113
vt 0.0511 0.88477
vt 0.0363 0.88473
vt 0.0215 0.88468
vt 0.00671 0.88463
vt 0.05002 0.82863
vt 0.06446 0.82935
vt 0.03558 0.82791
vt 0.03517 0.81275
vt 0.0494 0.81343
vt 0.06363 0.81411
vt 0.02114 0.82719
vt 0.00671 0.82647
vt 0.00671 0.8114
vt 0.02094 0.81207
vt 0.02073 0.79696
vt 0.03475 0.79759
vt 0.00671 0.79632
vt 0.00671 0.78125
vt 0.02052 0.78184
vt 0.03434 0.78243
vt 0.04878 0.79823
vt 0.0628 0.79886
vt 0.04816 0.78302
vt 0.06198 0.78362
vt 0.07805 0.82913
vt 0.07698 0.81432
vt 0.09032 0.81453
vt 0.09165 0.82891
vt 0.0759 0.7995
vt 0.07482 0.78469
vt 0.08767 0.78577
vt 0.089 0.80015
vt 0.10209 0.80079
vt 0.10367 0.81474
vt 0.10052 0.78685
vt 0.11337 0.78793
vt 0.11519 0.80144
vt 0.11701 0.81495
vt 0.10524 0.82868
vt 0.11883 0.82846
vt 0.13204 0.82848
vt 0.13005 0.81505
vt 0.1431 0.81514
vt 0.14526 0.8285
vt 0.12806 0.80161
vt 0.12607 0.78817
vt 0.13878 0.78842
vt 0.14094 0.80178
vt 0.15381 0.80195
vt 0.15614 0.81524
vt 0.15148 0.78866
vt 0.16419 0.78891
vt 0.16668 0.80212
vt 0.16918 0.81533
vt 0.15847 0.82852
vt 0.17168 0.82854
vt 0.1848 0.82903
vt 0.18267 0.81623
vt 0.19615 0.81714
vt 0.19793 0.82952
vt 0.18053 0.80343
vt 0.17839 0.79064
vt 0.1926 0.79237
vt 0.19438 0.80475
vt 0.20822 0.80607
vt 0.20964 0.81804
vt 0.20681 0.7941
vt 0.22102 0.79583
vt 0.22207 0.80739
vt 0.22313 0.81895
vt 0.21105 0.83001
vt 0.22418 0.83051
vt 0.25941 0.84328
vt 0.27115 0.84753
vt 0.24766 0.83902
vt 0.247 0.82772
vt 0.25893 0.8321
vt 0.27087 0.83649
vt 0.23592 0.83476
vt 0.23506 0.82333
vt 0.2342 0.8119
vt 0.24633 0.81642
vt 0.23334 0.80047
vt 0.24567 0.80512
vt 0.25846 0.82093
vt 0.27059 0.82545
vt 0.25799 0.80976
vt 0.27032 0.81441
vt 0.288 0.85003
vt 0.28802 0.83913
vt 0.30517 0.84176
vt 0.30486 0.85253
vt 0.28803 0.82822
vt 0.28805 0.81732
vt 0.30578 0.82024
vt 0.30547 0.831
vt 0.32291 0.83377
vt 0.32231 0.8444
vt 0.32351 0.82315
vt 0.34125 0.82607
vt 0.34035 0.83655
vt 0.33946 0.84704
vt 0.32171 0.85502
vt 0.33857 0.85752
vt 0.35794 0.86018
vt 0.35882 0.84996
vt 0.37819 0.85289
vt 0.37731 0.86285
vt 0.35971 0.83974
vt 0.36059 0.82952
vt 0.37994 0.83298
vt 0.37906 0.84294
vt 0.39842 0.84613
vt 0.39755 0.85582
vt 0.39929 0.83644
vt 0.41864 0.8399
vt 0.41778 0.84932
vt 0.41692 0.85875
vt 0.39668 0.86551
vt 0.41606 0.86817
vt 0.43703 0.86867
vt 0.43768 0.85959
vt 0.45844 0.86043
vt 0.45801 0.86918
vt 0.43832 0.8505
vt 0.43897 0.84141
vt 0.4593 0.84293
vt 0.45887 0.85168
vt 0.47942 0.85286
vt 0.4792 0.86127
vt 0.47963 0.84445
vt 0.47899 0.86968
vt 0.41833 0.83077
vt 0.43874 0.8324
vt 0.41802 0.82165
vt 0.43851 0.8234
vt 0.45899 0.82514
vt 0.45915 0.83404
vt 0.41771 0.81253
vt 0.43828 0.81439
vt 0.41741 0.80341
vt 0.43805 0.80538
vt 0.45869 0.80736
vt 0.45884 0.81625
vt 0.4794 0.81811
vt 0.47948 0.82689
vt 0.47933 0.80933
vt 0.47956 0.83567
vt 0.39912 0.82698
vt 0.37991 0.8232
vt 0.37989 0.81341
vt 0.39895 0.81753
vt 0.36071 0.81941
vt 0.3415 0.81562
vt 0.34176 0.80518
vt 0.36082 0.80929
vt 0.36094 0.79918
vt 0.37986 0.80363
vt 0.34201 0.79473
vt 0.34227 0.78429
vt 0.36105 0.78907
vt 0.37984 0.79385
vt 0.39879 0.80808
vt 0.39862 0.79863
vt 0.32354 0.81231
vt 0.30557 0.809
vt 0.30537 0.79777
vt 0.32356 0.80147
vt 0.28761 0.8057
vt 0.26965 0.80239
vt 0.26898 0.79037
vt 0.28717 0.79407
vt 0.28673 0.78245
vt 0.30516 0.78654
vt 0.26831 0.77835
vt 0.26764 0.76634
vt 0.28629 0.77082
vt 0.30495 0.77531
vt 0.32358 0.79064
vt 0.32361 0.7798
vt 0.22067 0.78341
vt 0.23291 0.78815
vt 0.22032 0.771
vt 0.23248 0.77584
vt 0.24465 0.78068
vt 0.24516 0.7929
vt 0.21997 0.75858
vt 0.23205 0.76352
vt 0.21962 0.74617
vt 0.23162 0.75121
vt 0.24363 0.75625
vt 0.24414 0.76847
vt 0.25622 0.77341
vt 0.25681 0.78553
vt 0.25563 0.76129
vt 0.2574 0.79764
vt 0.16265 0.77525
vt 0.17716 0.77729
vt 0.16112 0.76159
vt 0.17592 0.76394
vt 0.19072 0.76629
vt 0.19166 0.77933
vt 0.15959 0.74793
vt 0.17468 0.75059
vt 0.15806 0.73428
vt 0.17345 0.73725
vt 0.18884 0.74022
vt 0.18978 0.75326
vt 0.20487 0.75592
vt 0.20552 0.76864
vt 0.20423 0.74319
vt 0.20616 0.78137
vt 0.14996 0.77472
vt 0.13726 0.77419
vt 0.13574 0.75996
vt 0.14843 0.76078
vt 0.12456 0.77366
vt 0.11186 0.77313
vt 0.11036 0.75833
vt 0.12305 0.75915
vt 0.12154 0.74463
vt 0.13422 0.74573
vt 0.10886 0.74353
vt 0.10736 0.72874
vt 0.12003 0.73012
vt 0.13271 0.73151
vt 0.14691 0.74683
vt 0.14538 0.73289
vt 0.06076 0.76833
vt 0.07353 0.76953
vt 0.05954 0.75305
vt 0.07224 0.75437
vt 0.08495 0.75569
vt 0.08631 0.77073
vt 0.05832 0.73776
vt 0.07095 0.7392
vt 0.0571 0.72248
vt 0.06966 0.72404
vt 0.08223 0.72561
vt 0.08359 0.74065
vt 0.09622 0.74209
vt 0.09765 0.75701
vt 0.09479 0.72717
vt 0.09909 0.77193
vt 0.00671 0.76651
vt 0.02022 0.76696
vt 0.00671 0.75177
vt 0.01991 0.75209
vt 0.03312 0.75241
vt 0.03373 0.76742
vt 0.00671 0.73703
vt 0.01961 0.73721
vt 0.00671 0.7223
vt 0.0193 0.72234
vt 0.0319 0.72239
vt 0.03251 0.7374
vt 0.04541 0.73758
vt 0.04633 0.75273
vt 0.0445 0.72243
vt 0.04724 0.76787
vt 0.04364 0.70572
vt 0.05596 0.7058
vt 0.03133 0.70565
vt 0.03076 0.68891
vt 0.04279 0.68902
vt 0.05482 0.68913
vt 0.01902 0.70557
vt 0.00671 0.70549
vt 0.00671 0.68869
vt 0.01873 0.6888
vt 0.01845 0.67203
vt 0.03019 0.67217
vt 0.00671 0.67189
vt 0.00671 0.65509
vt 0.01816 0.65526
vt 0.02962 0.65543
vt 0.04193 0.67231
vt 0.05368 0.67245
vt 0.04108 0.6556
vt 0.05254 0.65578
vt 0.06477 0.65734
vt 0.06599 0.67402
vt 0.07701 0.65891
vt 0.07831 0.67558
vt 0.07962 0.69226
vt 0.06722 0.69069
vt 0.08925 0.66048
vt 0.09063 0.67715
vt 0.10149 0.66205
vt 0.10295 0.67872
vt 0.10442 0.69539
vt 0.09202 0.69382
vt 0.0934 0.7105
vt 0.08092 0.70893
vt 0.10589 0.71206
vt 0.06844 0.70737
vt 0.15086 0.67087
vt 0.15266 0.68672
vt 0.14023 0.68472
vt 0.13851 0.66866
vt 0.15446 0.70257
vt 0.14195 0.70078
vt 0.12944 0.69898
vt 0.1278 0.68272
vt 0.12617 0.66646
vt 0.15626 0.71842
vt 0.14366 0.71683
vt 0.13107 0.71524
vt 0.11848 0.71365
vt 0.11693 0.69719
vt 0.11538 0.68072
vt 0.11383 0.66425
vt 0.17152 0.7217
vt 0.1696 0.70614
vt 0.18475 0.70972
vt 0.18679 0.72497
vt 0.16768 0.69059
vt 0.16576 0.67504
vt 0.18067 0.67921
vt 0.18271 0.69446
vt 0.19774 0.69834
vt 0.1999 0.71329
vt 0.19558 0.68338
vt 0.21049 0.68756
vt 0.21277 0.70221
vt 0.21505 0.71686
vt 0.20206 0.72824
vt 0.21733 0.73151
vt 0.25448 0.74781
vt 0.26686 0.75325
vt 0.2421 0.74238
vt 0.24057 0.72851
vt 0.25332 0.73434
vt 0.26608 0.74016
vt 0.22971 0.73695
vt 0.22781 0.72269
vt 0.2259 0.70842
vt 0.23904 0.71464
vt 0.224 0.69416
vt 0.23751 0.70077
vt 0.25217 0.72086
vt 0.2653 0.72707
vt 0.25102 0.70738
vt 0.26453 0.71399
vt 0.32319 0.7685
vt 0.34197 0.77359
vt 0.30441 0.76342
vt 0.30388 0.75153
vt 0.32277 0.75721
vt 0.34167 0.76289
vt 0.28564 0.75833
vt 0.28498 0.74584
vt 0.28432 0.73335
vt 0.30334 0.73963
vt 0.28366 0.72086
vt 0.3028 0.72774
vt 0.32236 0.74591
vt 0.34137 0.75219
vt 0.32194 0.73462
vt 0.34108 0.7415
vt 0.36003 0.74776
vt 0.36029 0.75809
vt 0.37899 0.75403
vt 0.3792 0.76398
vt 0.37941 0.77394
vt 0.36054 0.76841
vt 0.39795 0.7603
vt 0.39812 0.76988
vt 0.41691 0.76657
vt 0.41703 0.77578
vt 0.41716 0.78499
vt 0.39828 0.77946
vt 0.39845 0.78904
vt 0.37962 0.78389
vt 0.41728 0.7942
vt 0.3608 0.77874
vt 0.47929 0.80058
vt 0.45862 0.79845
vt 0.45856 0.78955
vt 0.47926 0.79183
vt 0.43795 0.79632
vt 0.43786 0.78727
vt 0.43776 0.77821
vt 0.45849 0.78064
vt 0.43767 0.76915
vt 0.45843 0.77174
vt 0.47923 0.78308
vt 0.47919 0.77433
vt 0.47914 0.76594
vt 0.45832 0.76314
vt 0.45821 0.75454
vt 0.47909 0.75755
vt 0.4375 0.76034
vt 0.41669 0.75754
vt 0.41647 0.74851
vt 0.43734 0.75152
vt 0.43717 0.7427
vt 0.4581 0.74593
vt 0.41625 0.73948
vt 0.41603 0.73045
vt 0.43701 0.73389
vt 0.458 0.73733
vt 0.47903 0.74916
vt 0.47898 0.74077
vt 0.39788 0.75127
vt 0.37907 0.74501
vt 0.37916 0.73599
vt 0.39781 0.74225
vt 0.36027 0.73875
vt 0.34146 0.73249
vt 0.34185 0.72348
vt 0.3605 0.72973
vt 0.36074 0.72072
vt 0.37924 0.72697
vt 0.34224 0.71447
vt 0.34263 0.70546
vt 0.36098 0.7117
vt 0.37933 0.71795
vt 0.39774 0.73322
vt 0.39768 0.7242
vt 0.26099 0.67195
vt 0.2814 0.68032
vt 0.28196 0.69046
vt 0.26187 0.68246
vt 0.30181 0.6887
vt 0.30205 0.69846
vt 0.3023 0.70822
vt 0.28253 0.70059
vt 0.26276 0.69297
vt 0.32222 0.69708
vt 0.32215 0.70646
vt 0.32208 0.71585
vt 0.32201 0.72523
vt 0.30255 0.71798
vt 0.2831 0.71073
vt 0.26364 0.70348
vt 0.20189 0.63364
vt 0.21666 0.64321
vt 0.21849 0.65595
vt 0.20404 0.64712
vt 0.23144 0.65279
vt 0.23295 0.66479
vt 0.23447 0.67678
vt 0.22033 0.66869
vt 0.20619 0.6606
vt 0.24621 0.66237
vt 0.24741 0.67362
vt 0.24861 0.68487
vt 0.24981 0.69613
vt 0.23599 0.68878
vt 0.22216 0.68143
vt 0.20834 0.67408
vt 0.14481 0.59677
vt 0.15908 0.60598
vt 0.16075 0.62325
vt 0.14632 0.61529
vt 0.17335 0.6152
vt 0.17518 0.6312
vt 0.17701 0.64721
vt 0.16242 0.64051
vt 0.14783 0.63382
vt 0.18762 0.62442
vt 0.18961 0.63916
vt 0.1916 0.6539
vt 0.19359 0.66864
vt 0.17884 0.66321
vt 0.16409 0.65777
vt 0.14934 0.65234
vt 0.09589 0.58063
vt 0.10812 0.58466
vt 0.10954 0.60456
vt 0.09729 0.60098
vt 0.12035 0.5887
vt 0.1218 0.60814
vt 0.12326 0.62758
vt 0.11097 0.62446
vt 0.09869 0.62134
vt 0.13258 0.59273
vt 0.13406 0.61171
vt 0.13554 0.6307
vt 0.13703 0.64968
vt 0.12471 0.64702
vt 0.1124 0.64435
vt 0.10009 0.64169
vt 0.08792 0.63995
vt 0.07576 0.63821
vt 0.07452 0.61751
vt 0.0866 0.61942
vt 0.0636 0.63647
vt 0.05144 0.63473
vt 0.05035 0.61369
vt 0.06243 0.6156
vt 0.06126 0.59473
vt 0.07327 0.59681
vt 0.04926 0.59264
vt 0.04817 0.5716
vt 0.0601 0.57385
vt 0.07203 0.57611
vt 0.08528 0.5989
vt 0.08396 0.57837
vt 0.00671 0.63355
vt 0.01789 0.63384
vt 0.00671 0.61201
vt 0.01762 0.61243
vt 0.02853 0.61285
vt 0.02907 0.63414
vt 0.00671 0.59047
vt 0.01734 0.59101
vt 0.00671 0.56894
vt 0.01707 0.5696
vt 0.02744 0.57027
vt 0.02798 0.59156
vt 0.03862 0.5921
vt 0.03944 0.61327
vt 0.0378 0.57093
vt 0.04026 0.63443
vt 0.00671 0.45616
vt 0.01652 0.45792
vt 0.01666 0.48584
vt 0.00671 0.48435
vt 0.02633 0.45969
vt 0.02661 0.48733
vt 0.02688 0.51498
vt 0.01679 0.51376
vt 0.00671 0.51255
vt 0.03614 0.46146
vt 0.03656 0.48883
vt 0.04596 0.46323
vt 0.04651 0.49032
vt 0.04706 0.51741
vt 0.03697 0.51619
vt 0.03739 0.54356
vt 0.02716 0.54262
vt 0.04761 0.5445
vt 0.01693 0.54168
vt 0.00671 0.54074
vt 0.05755 0.46569
vt 0.05819 0.49273
vt 0.06915 0.46816
vt 0.06987 0.49514
vt 0.07059 0.52213
vt 0.05882 0.51977
vt 0.08074 0.47062
vt 0.08154 0.49756
vt 0.09234 0.47309
vt 0.09322 0.49997
vt 0.09411 0.52686
vt 0.08235 0.52449
vt 0.08315 0.55143
vt 0.07131 0.54912
vt 0.095 0.55374
vt 0.05946 0.54681
vt 0.1401 0.48538
vt 0.14127 0.51322
vt 0.12926 0.50991
vt 0.12816 0.4823
vt 0.14245 0.54107
vt 0.13037 0.53752
vt 0.11828 0.53396
vt 0.11725 0.5066
vt 0.11622 0.47923
vt 0.14363 0.56892
vt 0.13147 0.56512
vt 0.11931 0.56133
vt 0.10716 0.55753
vt 0.1062 0.53041
vt 0.10524 0.50328
vt 0.10428 0.47616
vt 0.15522 0.50848
vt 0.15618 0.53285
vt 0.17034 0.53158
vt 0.17109 0.55248
vt 0.17184 0.57339
vt 0.15715 0.55723
vt 0.18546 0.55468
vt 0.186 0.57211
vt 0.20059 0.57778
vt 0.20091 0.59174
vt 0.20124 0.60571
vt 0.18654 0.58955
vt 0.18708 0.60698
vt 0.17259 0.59429
vt 0.20156 0.61967
vt 0.15811 0.58161
vt 0.21855 0.59296
vt 0.21808 0.60552
vt 0.23652 0.60815
vt 0.23525 0.61931
vt 0.23398 0.63047
vt 0.21761 0.61809
vt 0.25448 0.62333
vt 0.25241 0.63309
vt 0.27245 0.63852
vt 0.26958 0.64687
vt 0.26672 0.65523
vt 0.25035 0.64285
vt 0.24828 0.65261
vt 0.23271 0.64163
vt 0.26385 0.66359
vt 0.21713 0.63065
vt 0.32323 0.69
vt 0.34302 0.6988
vt 0.30344 0.6812
vt 0.30507 0.67369
vt 0.32424 0.68292
vt 0.34342 0.69215
vt 0.28364 0.67239
vt 0.28589 0.66446
vt 0.28814 0.65653
vt 0.3067 0.66619
vt 0.29039 0.6486
vt 0.30833 0.65868
vt 0.32526 0.67584
vt 0.34382 0.6855
vt 0.32627 0.66876
vt 0.34422 0.67885
vt 0.36245 0.68556
vt 0.36208 0.6921
vt 0.38068 0.69228
vt 0.38034 0.69869
vt 0.38 0.70511
vt 0.36171 0.69863
vt 0.39891 0.69899
vt 0.3986 0.70529
vt 0.41715 0.70571
vt 0.41687 0.71189
vt 0.41659 0.71808
vt 0.39829 0.71159
vt 0.39798 0.7179
vt 0.37966 0.71153
vt 0.41631 0.72426
vt 0.36134 0.70517
vt 0.47905 0.73546
vt 0.45814 0.73173
vt 0.45828 0.72613
vt 0.47912 0.73015
vt 0.43722 0.72799
vt 0.43743 0.7221
vt 0.43764 0.71621
vt 0.45842 0.72052
vt 0.43785 0.71031
vt 0.45856 0.71492
vt 0.47919 0.72484
vt 0.47926 0.71953
vt 0.40721 0.62877
vt 0.4304 0.6411
vt 0.43226 0.65841
vt 0.40969 0.648
vt 0.45359 0.65344
vt 0.45483 0.66881
vt 0.45607 0.68418
vt 0.43412 0.67571
vt 0.41218 0.66724
vt 0.47678 0.66578
vt 0.4774 0.67922
vt 0.47802 0.69265
vt 0.47864 0.70609
vt 0.45731 0.69955
vt 0.43599 0.69301
vt 0.41466 0.68647
vt 0.39701 0.68037
vt 0.37936 0.67427
vt 0.37804 0.65627
vt 0.39511 0.66175
vt 0.36171 0.66818
vt 0.34406 0.66208
vt 0.34391 0.64531
vt 0.36098 0.65079
vt 0.36024 0.63341
vt 0.37672 0.63827
vt 0.34376 0.62854
vt 0.34361 0.61178
vt 0.35951 0.61602
vt 0.37541 0.62027
vt 0.39321 0.64314
vt 0.39131 0.62452
vt 0.3283 0.62142
vt 0.32898 0.60563
vt 0.32763 0.6372
vt 0.31134 0.62909
vt 0.31285 0.61429
vt 0.31436 0.59949
vt 0.32695 0.65298
vt 0.30984 0.64388
vt 0.29272 0.63479
vt 0.29506 0.62097
vt 0.27561 0.62569
vt 0.27878 0.61286
vt 0.29739 0.60716
vt 0.29973 0.59335
vt 0.28194 0.60003
vt 0.28511 0.58721
vt 0.26627 0.58659
vt 0.2702 0.57435
vt 0.26234 0.59884
vt 0.24591 0.58482
vt 0.2506 0.57315
vt 0.2553 0.56149
vt 0.25841 0.61108
vt 0.24121 0.59648
vt 0.22401 0.58188
vt 0.22947 0.57079
vt 0.20681 0.56727
vt 0.21304 0.55677
vt 0.23494 0.55971
vt 0.2404 0.54863
vt 0.21927 0.54627
vt 0.2255 0.53577
vt 0.16985 0.43742
vt 0.18376 0.462
vt 0.17662 0.47362
vt 0.16241 0.44941
vt 0.19767 0.48659
vt 0.19084 0.49784
vt 0.18401 0.50908
vt 0.16949 0.48524
vt 0.15497 0.4614
vt 0.21158 0.51118
vt 0.20505 0.52205
vt 0.19852 0.53293
vt 0.19199 0.5438
vt 0.17717 0.52033
vt 0.16235 0.49686
vt 0.14753 0.47339
vt 0.12577 0.44958
vt 0.13684 0.45179
vt 0.1147 0.44738
vt 0.11319 0.41552
vt 0.12339 0.41687
vt 0.13359 0.41821
vt 0.10363 0.44517
vt 0.09256 0.44296
vt 0.09279 0.41284
vt 0.10299 0.41418
vt 0.10234 0.38319
vt 0.11167 0.38367
vt 0.09301 0.38271
vt 0.09324 0.35259
vt 0.1017 0.3522
vt 0.11016 0.35182
vt 0.12101 0.38415
vt 0.13034 0.38463
vt 0.11862 0.35143
vt 0.12709 0.35105
vt 0.14407 0.44129
vt 0.14061 0.4092
vt 0.14763 0.40018
vt 0.1513 0.43079
vt 0.13715 0.3771
vt 0.13368 0.34501
vt 0.14028 0.33897
vt 0.14395 0.36958
vt 0.15076 0.36205
vt 0.15464 0.39117
vt 0.14688 0.33293
vt 0.15348 0.3269
vt 0.15757 0.35453
vt 0.16166 0.38216
vt 0.15853 0.42029
vt 0.16575 0.40979
vt 0.05365 0.34373
vt 0.06354 0.34594
vt 0.06204 0.37588
vt 0.05172 0.3736
vt 0.07344 0.34816
vt 0.07237 0.37816
vt 0.07129 0.40816
vt 0.06055 0.40582
vt 0.0498 0.40348
vt 0.08334 0.35037
vt 0.08269 0.38043
vt 0.08204 0.4105
vt 0.08139 0.44056
vt 0.07022 0.43816
vt 0.05905 0.43575
vt 0.04788 0.43335
vt 0.00671 0.33096
vt 0.01844 0.33415
vt 0.01796 0.36509
vt 0.00671 0.36226
vt 0.03018 0.33734
vt 0.02921 0.36793
vt 0.02825 0.39852
vt 0.01748 0.39604
vt 0.00671 0.39356
vt 0.04191 0.34053
vt 0.04047 0.37076
vt 0.03903 0.401
vt 0.03758 0.43123
vt 0.02729 0.4291
vt 0.017 0.42698
vt 0.00671 0.42486
vt 0.05127 0.31152
vt 0.06252 0.31525
vt 0.04002 0.30779
vt 0.04986 0.27824
vt 0.06063 0.28251
vt 0.0714 0.28677
vt 0.02876 0.30406
vt 0.01751 0.30033
vt 0.02832 0.26971
vt 0.03909 0.27398
vt 0.04941 0.24389
vt 0.0597 0.24869
vt 0.03912 0.23909
vt 0.04993 0.20847
vt 0.05973 0.2138
vt 0.06954 0.21914
vt 0.06999 0.25349
vt 0.08028 0.25829
vt 0.07935 0.22448
vt 0.08916 0.22982
vt 0.09796 0.23284
vt 0.08936 0.26112
vt 0.10677 0.23587
vt 0.09843 0.26394
vt 0.0901 0.29201
vt 0.08075 0.28939
vt 0.11557 0.23889
vt 0.10751 0.26676
vt 0.12438 0.24192
vt 0.11659 0.26958
vt 0.10881 0.29725
vt 0.09945 0.29463
vt 0.0914 0.3225
vt 0.08177 0.32008
vt 0.10102 0.32492
vt 0.07215 0.31767
vt 0.13288 0.24303
vt 0.12508 0.27032
vt 0.14138 0.24415
vt 0.13357 0.27106
vt 0.12577 0.29798
vt 0.11729 0.29762
vt 0.14988 0.24526
vt 0.14206 0.2718
vt 0.15838 0.24638
vt 0.15055 0.27254
vt 0.14273 0.29871
vt 0.13425 0.29835
vt 0.12644 0.32489
vt 0.11796 0.3249
vt 0.13491 0.32488
vt 0.10949 0.32491
vt 0.16926 0.25217
vt 0.16036 0.27538
vt 0.18014 0.25797
vt 0.17017 0.27822
vt 0.16021 0.29847
vt 0.15147 0.29859
vt 0.19102 0.26376
vt 0.17998 0.28105
vt 0.2019 0.26956
vt 0.18979 0.28389
vt 0.17769 0.29823
vt 0.16895 0.29835
vt 0.15791 0.31564
vt 0.15024 0.31872
vt 0.16558 0.31256
vt 0.14258 0.3218
vt 0.2028 0.27656
vt 0.19159 0.28949
vt 0.2037 0.28356
vt 0.19339 0.29508
vt 0.18308 0.30661
vt 0.18038 0.30242
vt 0.2046 0.29056
vt 0.19519 0.30068
vt 0.20551 0.29756
vt 0.19699 0.30628
vt 0.18847 0.315
vt 0.18577 0.3108
vt 0.17636 0.32093
vt 0.17277 0.31814
vt 0.17995 0.32372
vt 0.17144 0.33244
vt 0.16695 0.33105
vt 0.16246 0.32967
vt 0.16917 0.31535
vt 0.15797 0.32828
vt 0.18004 0.43848
vt 0.19301 0.45897
vt 0.19024 0.43955
vt 0.20226 0.45594
vt 0.21428 0.47234
vt 0.20597 0.47947
vt 0.20043 0.44061
vt 0.21151 0.45291
vt 0.21063 0.44168
vt 0.22076 0.44988
vt 0.23089 0.45809
vt 0.22258 0.46522
vt 0.23366 0.47752
vt 0.2263 0.48874
vt 0.24102 0.4663
vt 0.25115 0.47451
vt 0.24473 0.48982
vt 0.23832 0.50514
vt 0.21894 0.49996
vt 0.23191 0.52045
vt 0.24605 0.53179
vt 0.2517 0.51496
vt 0.26508 0.52478
vt 0.26019 0.54313
vt 0.25735 0.49812
vt 0.263 0.48129
vt 0.27486 0.48807
vt 0.26997 0.50642
vt 0.28258 0.51472
vt 0.27846 0.5346
vt 0.28671 0.49485
vt 0.29857 0.50163
vt 0.2952 0.52302
vt 0.29184 0.54442
vt 0.27433 0.55447
vt 0.28847 0.56581
vt 0.33023 0.58401
vt 0.34415 0.59007
vt 0.31631 0.57794
vt 0.31827 0.55639
vt 0.33148 0.56238
vt 0.3447 0.56837
vt 0.30239 0.57188
vt 0.30505 0.5504
vt 0.30771 0.52893
vt 0.32022 0.53484
vt 0.31037 0.50746
vt 0.32218 0.5133
vt 0.33274 0.54076
vt 0.34525 0.54667
vt 0.33399 0.51913
vt 0.3458 0.52497
vt 0.38786 0.60177
vt 0.40242 0.60567
vt 0.37329 0.59787
vt 0.37117 0.57547
vt 0.38441 0.57902
vt 0.39764 0.58258
vt 0.35872 0.59397
vt 0.35794 0.57192
vt 0.35715 0.54987
vt 0.36905 0.55307
vt 0.35637 0.52782
vt 0.36694 0.53068
vt 0.38096 0.55628
vt 0.39286 0.55948
vt 0.37751 0.53353
vt 0.38808 0.53639
vt 0.41941 0.6285
vt 0.43955 0.63871
vt 0.43161 0.62824
vt 0.4487 0.63632
vt 0.46579 0.6444
vt 0.45969 0.64892
vt 0.44381 0.62797
vt 0.45785 0.63392
vt 0.45602 0.62771
vt 0.467 0.63153
vt 0.47799 0.63535
vt 0.47189 0.63987
vt 0.48593 0.64582
vt 0.48288 0.65248
vt 0.48898 0.63917
vt 0.47983 0.65913
vt 0.41195 0.61713
vt 0.42312 0.61815
vt 0.41669 0.60549
vt 0.42683 0.6078
vt 0.43697 0.61011
vt 0.43429 0.61917
vt 0.42143 0.59385
vt 0.43054 0.59745
vt 0.42617 0.58222
vt 0.43425 0.5871
vt 0.44233 0.59198
vt 0.43965 0.60104
vt 0.44876 0.60463
vt 0.44711 0.61241
vt 0.45041 0.59686
vt 0.45849 0.60174
vt 0.45787 0.60823
vt 0.45725 0.61472
vt 0.44546 0.62019
vt 0.45663 0.62121
vt 0.40741 0.59724
vt 0.40287 0.57735
vt 0.40809 0.57212
vt 0.41239 0.58881
vt 0.39833 0.55746
vt 0.39379 0.53757
vt 0.3995 0.53876
vt 0.4038 0.55544
vt 0.40927 0.55342
vt 0.41332 0.5669
vt 0.40521 0.53994
vt 0.41093 0.54113
vt 0.41474 0.5514
vt 0.41855 0.56167
vt 0.41737 0.58037
vt 0.42236 0.57194
vt 0.46747 0.62462
vt 0.46793 0.61771
vt 0.47861 0.62069
vt 0.4783 0.62802
vt 0.46839 0.6108
vt 0.46886 0.60389
vt 0.47923 0.60604
vt 0.47892 0.61336
vt 0.48944 0.61593
vt 0.48929 0.62368
vt 0.4896 0.60819
vt 0.48913 0.63143
vt 0.49 0.60051
vt 0.48004 0.59877
vt 0.48085 0.5915
vt 0.49041 0.59284
vt 0.47008 0.59703
vt 0.46011 0.59529
vt 0.46174 0.58884
vt 0.4713 0.59017
vt 0.47252 0.58331
vt 0.48167 0.58424
vt 0.46337 0.58239
vt 0.465 0.57594
vt 0.47374 0.57645
vt 0.48248 0.57697
vt 0.49082 0.58516
vt 0.49122 0.57749
vt 0.42852 0.57836
vt 0.43642 0.58259
vt 0.43088 0.5745
vt 0.4386 0.57808
vt 0.44631 0.58167
vt 0.44432 0.58682
vt 0.43324 0.57064
vt 0.44077 0.57357
vt 0.4356 0.56678
vt 0.44295 0.56907
vt 0.4503 0.57136
vt 0.4483 0.57651
vt 0.45584 0.57945
vt 0.45403 0.58525
vt 0.45765 0.57365
vt 0.45222 0.59105
vt 0.46658 0.57241
vt 0.47493 0.57267
vt 0.46817 0.56888
vt 0.47612 0.56889
vt 0.48407 0.56891
vt 0.48327 0.57294
vt 0.46975 0.56535
vt 0.4773 0.56511
vt 0.47134 0.56182
vt 0.47849 0.56134
vt 0.48565 0.56086
vt 0.48486 0.56488
vt 0.49241 0.56465
vt 0.49202 0.56893
vt 0.49281 0.56038
vt 0.49162 0.57321
vt 0.4379 0.56364
vt 0.44507 0.56583
vt 0.4402 0.5605
vt 0.44719 0.56259
vt 0.45418 0.56469
vt 0.45224 0.56802
vt 0.4425 0.55736
vt 0.44931 0.55935
vt 0.44481 0.55422
vt 0.45144 0.55612
vt 0.45807 0.55802
vt 0.45613 0.56135
vt 0.46294 0.56335
vt 0.46117 0.56678
vt 0.4647 0.55992
vt 0.45941 0.57021
vt 0.43192 0.56147
vt 0.43428 0.55923
vt 0.42825 0.55617
vt 0.43066 0.55482
vt 0.43306 0.55348
vt 0.43663 0.55699
vt 0.42458 0.55087
vt 0.42703 0.55042
vt 0.42091 0.54557
vt 0.42341 0.54601
vt 0.42592 0.54646
vt 0.42949 0.54997
vt 0.43195 0.54952
vt 0.43547 0.55213
vt 0.42843 0.54691
vt 0.43094 0.54736
vt 0.4344 0.54907
vt 0.43787 0.55079
vt 0.43898 0.55474
vt 0.44134 0.5525
vt 0.41342 0.54224
vt 0.4172 0.55127
vt 0.41592 0.54335
vt 0.41966 0.55113
vt 0.4234 0.55892
vt 0.42097 0.5603
vt 0.41841 0.54446
vt 0.42212 0.551
vt 0.42582 0.55755
vt 0.42953 0.56409
vt 0.42714 0.56671
vt 0.42475 0.56933
vt 0.42284 0.50169
vt 0.4262 0.50487
vt 0.42301 0.51421
vt 0.41986 0.51155
vt 0.42957 0.50805
vt 0.42616 0.51687
vt 0.42274 0.5257
vt 0.41981 0.52355
vt 0.41688 0.52141
vt 0.43294 0.51123
vt 0.42931 0.51954
vt 0.43631 0.51442
vt 0.43246 0.5222
vt 0.42861 0.52999
vt 0.42567 0.52784
vt 0.42204 0.53615
vt 0.41933 0.53452
vt 0.42476 0.53778
vt 0.41662 0.53289
vt 0.4139 0.53127
vt 0.40452 0.47767
vt 0.4091 0.48367
vt 0.40527 0.49715
vt 0.40041 0.49235
vt 0.41368 0.48968
vt 0.41013 0.50195
vt 0.40659 0.51422
vt 0.40144 0.51062
vt 0.3963 0.50703
vt 0.41826 0.49568
vt 0.41499 0.50675
vt 0.41173 0.51781
vt 0.40847 0.52888
vt 0.40304 0.52649
vt 0.39761 0.5241
vt 0.39219 0.52171
vt 0.42729 0.53886
vt 0.43117 0.53171
vt 0.43374 0.53343
vt 0.42983 0.53995
vt 0.43505 0.52456
vt 0.43893 0.51741
vt 0.44155 0.52041
vt 0.43764 0.52692
vt 0.44024 0.52928
vt 0.4363 0.53515
vt 0.44417 0.5234
vt 0.4468 0.5264
vt 0.44283 0.53164
vt 0.43887 0.53688
vt 0.43236 0.54103
vt 0.4349 0.54212
vt 0.459 0.49288
vt 0.46224 0.49771
vt 0.45641 0.50263
vt 0.45332 0.49826
vt 0.46548 0.50254
vt 0.45949 0.50701
vt 0.45351 0.51147
vt 0.45058 0.50756
vt 0.44765 0.50365
vt 0.46872 0.50737
vt 0.46258 0.51138
vt 0.47196 0.51221
vt 0.46567 0.51575
vt 0.45938 0.5193
vt 0.45644 0.51539
vt 0.45031 0.51939
vt 0.44753 0.51594
vt 0.45309 0.52285
vt 0.44475 0.51248
vt 0.44198 0.50903
vt 0.46924 0.49453
vt 0.47167 0.49915
vt 0.47948 0.49618
vt 0.4811 0.5006
vt 0.48272 0.50502
vt 0.4741 0.50378
vt 0.48972 0.49783
vt 0.49053 0.50205
vt 0.49134 0.50626
vt 0.49215 0.51048
vt 0.48434 0.50944
vt 0.49296 0.5147
vt 0.48596 0.51387
vt 0.47653 0.50841
vt 0.47896 0.51304
vt 0.46243 0.49044
vt 0.47182 0.49183
vt 0.46587 0.488
vt 0.47439 0.48914
vt 0.48292 0.49028
vt 0.4812 0.49323
vt 0.46931 0.48556
vt 0.47697 0.48644
vt 0.47275 0.48312
vt 0.47955 0.48374
vt 0.48636 0.48437
vt 0.48464 0.48732
vt 0.4923 0.48821
vt 0.49144 0.49142
vt 0.49316 0.485
vt 0.49058 0.49462
vt 0.4438 0.4622
vt 0.4476 0.46987
vt 0.44225 0.47862
vt 0.43856 0.47207
vt 0.4514 0.47754
vt 0.44594 0.48516
vt 0.44048 0.49279
vt 0.4369 0.48737
vt 0.43332 0.48194
vt 0.4552 0.48521
vt 0.44963 0.49171
vt 0.44407 0.49822
vt 0.4385 0.50473
vt 0.43503 0.50042
vt 0.43155 0.49612
vt 0.42808 0.49181
vt 0.44873 0.46323
vt 0.45216 0.47003
vt 0.45367 0.46426
vt 0.45672 0.47019
vt 0.45977 0.47613
vt 0.45558 0.47683
vt 0.4586 0.46529
vt 0.46128 0.47035
vt 0.46354 0.46632
vt 0.46584 0.47052
vt 0.46814 0.47472
vt 0.46395 0.47542
vt 0.46663 0.48049
vt 0.46282 0.48206
vt 0.47044 0.47892
vt 0.45901 0.48363
vt 0.42423 0.4863
vt 0.42038 0.48079
vt 0.42709 0.47191
vt 0.4302 0.47692
vt 0.41653 0.47528
vt 0.41269 0.46977
vt 0.42086 0.46187
vt 0.42397 0.46689
vt 0.43141 0.4585
vt 0.43379 0.46302
vt 0.42903 0.45397
vt 0.4372 0.44608
vt 0.43885 0.45011
vt 0.4405 0.45414
vt 0.43617 0.46754
vt 0.44215 0.45817
vt 0.47284 0.43496
vt 0.46558 0.44177
vt 0.46494 0.43643
vt 0.47254 0.42919
vt 0.45832 0.44858
vt 0.45734 0.44368
vt 0.45637 0.43878
vt 0.46431 0.4311
vt 0.47225 0.42342
vt 0.45106 0.45539
vt 0.44974 0.45092
vt 0.44843 0.44646
vt 0.44712 0.44199
vt 0.4554 0.43388
vt 0.44581 0.43753
vt 0.45443 0.42898
vt 0.46367 0.42577
vt 0.47195 0.41765
vt 0.46304 0.42043
vt 0.47166 0.41189
vt 0.47636 0.48031
vt 0.48226 0.48102
vt 0.47998 0.47751
vt 0.48498 0.4783
vt 0.48997 0.4791
vt 0.48816 0.48173
vt 0.4836 0.47471
vt 0.48769 0.47558
vt 0.48722 0.47191
vt 0.4904 0.47286
vt 0.49359 0.47382
vt 0.49178 0.47646
vt 0.49587 0.47733
vt 0.49497 0.47989
vt 0.49678 0.47478
vt 0.49406 0.48244
vt 0.49568 0.45856
vt 0.49531 0.45315
vt 0.49604 0.46396
vt 0.49212 0.46466
vt 0.49139 0.46007
vt 0.49065 0.45549
vt 0.49641 0.46937
vt 0.49286 0.46924
vt 0.4893 0.46911
vt 0.4882 0.46535
vt 0.48575 0.46897
vt 0.48428 0.46604
vt 0.4871 0.46159
vt 0.48599 0.45783
vt 0.48281 0.46311
vt 0.48134 0.46018
vt 0.47962 0.43273
vt 0.48121 0.439
vt 0.47496 0.44126
vt 0.4864 0.4305
vt 0.48746 0.43674
vt 0.48853 0.44299
vt 0.48281 0.44528
vt 0.47709 0.44757
vt 0.49318 0.42827
vt 0.49371 0.43449
vt 0.49425 0.44071
vt 0.49478 0.44693
vt 0.48959 0.44924
vt 0.4844 0.45156
vt 0.47921 0.45387
vt 0.49311 0.42249
vt 0.48625 0.42473
vt 0.48611 0.41896
vt 0.49304 0.41672
vt 0.4794 0.42696
vt 0.47918 0.42119
vt 0.47895 0.41542
vt 0.48596 0.41319
vt 0.47873 0.40965
vt 0.48581 0.40742
vt 0.49296 0.41095
vt 0.49289 0.40518
vt 0.46879 0.38606
vt 0.47658 0.38482
vt 0.47712 0.39103
vt 0.4695 0.39251
vt 0.48438 0.38359
vt 0.48473 0.38955
vt 0.48509 0.3955
vt 0.47766 0.39724
vt 0.47022 0.39897
vt 0.49217 0.38236
vt 0.49235 0.38806
vt 0.49253 0.39377
vt 0.49271 0.39947
vt 0.48545 0.40146
vt 0.47819 0.40344
vt 0.47094 0.40543
vt 0.4608 0.40093
vt 0.46005 0.39442
vt 0.46155 0.40743
vt 0.45287 0.41589
vt 0.45209 0.40934
vt 0.45132 0.40279
vt 0.46229 0.41393
vt 0.45365 0.42243
vt 0.445 0.43094
vt 0.4442 0.42434
vt 0.43636 0.43944
vt 0.43552 0.4328
vt 0.44339 0.41775
vt 0.44258 0.41116
vt 0.43468 0.42616
vt 0.43385 0.41953
vt 0.49281 0.37736
vt 0.48565 0.37834
vt 0.48693 0.37309
vt 0.49344 0.37236
vt 0.4785 0.37932
vt 0.47134 0.38031
vt 0.4739 0.37456
vt 0.48041 0.37383
vt 0.48233 0.36833
vt 0.4882 0.36784
vt 0.47645 0.36881
vt 0.47901 0.36307
vt 0.48424 0.36283
vt 0.48948 0.36259
vt 0.49408 0.36735
vt 0.49472 0.36235
vt 0.45019 0.37616
vt 0.45264 0.37352
vt 0.45731 0.37522
vt 0.45484 0.37863
vt 0.45509 0.37089
vt 0.45979 0.37181
vt 0.46449 0.37273
vt 0.46199 0.37692
vt 0.45949 0.38111
vt 0.45754 0.36826
vt 0.46226 0.3684
vt 0.45999 0.36563
vt 0.46474 0.36499
vt 0.4695 0.36435
vt 0.46699 0.36854
vt 0.47172 0.36867
vt 0.46919 0.37364
vt 0.47425 0.36371
vt 0.46666 0.37861
vt 0.46414 0.38358
vt 0.45629 0.39089
vt 0.44845 0.3982
vt 0.44558 0.3936
vt 0.45253 0.38735
vt 0.4406 0.4055
vt 0.43276 0.41281
vt 0.43167 0.4061
vt 0.43862 0.39985
vt 0.43665 0.3942
vt 0.44271 0.38901
vt 0.43058 0.39939
vt 0.4295 0.39268
vt 0.43467 0.38855
vt 0.43984 0.38442
vt 0.44877 0.38382
vt 0.44501 0.38029
vt 0.47866 0.35811
vt 0.48399 0.35786
vt 0.47832 0.35315
vt 0.48373 0.35289
vt 0.48914 0.35264
vt 0.48931 0.35762
vt 0.47798 0.34819
vt 0.48347 0.34793
vt 0.47764 0.34323
vt 0.48322 0.34296
vt 0.4888 0.34269
vt 0.48897 0.34767
vt 0.49447 0.34741
vt 0.49455 0.35239
vt 0.49438 0.34242
vt 0.49463 0.35737
vt 0.47237 0.35021
vt 0.47175 0.34571
vt 0.473 0.35471
vt 0.46768 0.35627
vt 0.46677 0.35224
vt 0.46586 0.3482
vt 0.47362 0.35921
vt 0.46859 0.36031
vt 0.46355 0.36141
vt 0.46236 0.35784
vt 0.45851 0.36251
vt 0.45704 0.3594
vt 0.46116 0.35426
vt 0.45997 0.35069
vt 0.45556 0.35629
vt 0.45409 0.35318
vt 0.4638 0.31477
vt 0.47284 0.314
vt 0.47543 0.32124
vt 0.46726 0.32188
vt 0.48188 0.31323
vt 0.48361 0.3206
vt 0.48534 0.32796
vt 0.47803 0.32848
vt 0.47072 0.329
vt 0.49092 0.31246
vt 0.49179 0.31995
vt 0.49265 0.32744
vt 0.49352 0.33493
vt 0.48707 0.33533
vt 0.48062 0.33572
vt 0.47418 0.33611
vt 0.46159 0.32688
vt 0.45821 0.3206
vt 0.46498 0.33316
vt 0.45924 0.33732
vt 0.45593 0.33187
vt 0.45262 0.32643
vt 0.46836 0.33943
vt 0.46255 0.34276
vt 0.45674 0.34608
vt 0.4535 0.34148
vt 0.45092 0.34941
vt 0.44776 0.34564
vt 0.45026 0.33687
vt 0.44703 0.33226
vt 0.4446 0.34187
vt 0.44144 0.3381
vt 0.45801 0.26008
vt 0.4685 0.25936
vt 0.46958 0.27302
vt 0.45945 0.27375
vt 0.47899 0.25864
vt 0.47971 0.27228
vt 0.48043 0.28593
vt 0.47067 0.28668
vt 0.4609 0.28742
vt 0.48948 0.25792
vt 0.48984 0.27155
vt 0.4902 0.28519
vt 0.49056 0.29883
vt 0.48116 0.29958
vt 0.47175 0.30034
vt 0.46235 0.30109
vt 0.45376 0.3127
vt 0.45219 0.29987
vt 0.44373 0.31064
vt 0.44202 0.29866
vt 0.44032 0.28667
vt 0.45061 0.28705
vt 0.43369 0.30858
vt 0.43186 0.29744
vt 0.42366 0.30652
vt 0.4217 0.29622
vt 0.41975 0.28593
vt 0.43003 0.2863
vt 0.42821 0.27516
vt 0.43862 0.27469
vt 0.41779 0.27563
vt 0.41584 0.26534
vt 0.42638 0.26402
vt 0.43692 0.26271
vt 0.44904 0.27422
vt 0.44746 0.26139
vt 0.44948 0.3185
vt 0.4452 0.3243
vt 0.43778 0.32216
vt 0.44075 0.3164
vt 0.44091 0.33009
vt 0.43663 0.33589
vt 0.43183 0.33369
vt 0.4348 0.32792
vt 0.42869 0.32575
vt 0.43036 0.32003
vt 0.42702 0.33148
vt 0.42222 0.32928
vt 0.42258 0.32359
vt 0.42294 0.3179
vt 0.43202 0.3143
vt 0.4233 0.31221
vt 0.48831 0.21096
vt 0.48793 0.19531
vt 0.4887 0.22661
vt 0.47744 0.22758
vt 0.47666 0.21205
vt 0.47589 0.19652
vt 0.48909 0.24226
vt 0.47821 0.24311
vt 0.46733 0.24395
vt 0.46617 0.22854
vt 0.45646 0.24479
vt 0.45491 0.22951
vt 0.46501 0.21313
vt 0.46385 0.19773
vt 0.45336 0.21422
vt 0.45182 0.19894
vt 0.40224 0.20856
vt 0.41463 0.20615
vt 0.41757 0.22062
vt 0.40564 0.22275
vt 0.42703 0.20375
vt 0.4295 0.21849
vt 0.43197 0.23323
vt 0.4205 0.23509
vt 0.40904 0.23695
vt 0.43942 0.20134
vt 0.44143 0.21635
vt 0.44344 0.23137
vt 0.44545 0.24638
vt 0.43445 0.24797
vt 0.42344 0.24955
vt 0.41244 0.25114
vt 0.37484 0.27547
vt 0.38509 0.27293
vt 0.38873 0.28207
vt 0.37905 0.28421
vt 0.39534 0.2704
vt 0.39842 0.27992
vt 0.4015 0.28944
vt 0.39238 0.2912
vt 0.38326 0.29296
vt 0.40559 0.26787
vt 0.4081 0.27778
vt 0.41062 0.28768
vt 0.41314 0.29759
vt 0.40459 0.29896
vt 0.41566 0.3075
vt 0.40767 0.30849
vt 0.39603 0.30034
vt 0.38747 0.30171
vt 0.39968 0.30947
vt 0.39169 0.31046
vt 0.3511 0.22819
vt 0.36388 0.22328
vt 0.36918 0.23569
vt 0.35703 0.24001
vt 0.37667 0.21837
vt 0.38133 0.23138
vt 0.386 0.24439
vt 0.37448 0.24811
vt 0.36297 0.25183
vt 0.38945 0.21346
vt 0.39348 0.22706
vt 0.39752 0.24067
vt 0.40155 0.25427
vt 0.39067 0.25739
vt 0.37978 0.26052
vt 0.3689 0.26365
vt 0.40158 0.31474
vt 0.39434 0.31558
vt 0.40882 0.31389
vt 0.40997 0.3193
vt 0.40348 0.32001
vt 0.397 0.32071
vt 0.41606 0.31305
vt 0.41645 0.3186
vt 0.41685 0.32415
vt 0.41112 0.32471
vt 0.41724 0.3297
vt 0.41227 0.33012
vt 0.40539 0.32527
vt 0.39966 0.32584
vt 0.40729 0.33054
vt 0.40232 0.33097
vt 0.42689 0.42316
vt 0.42619 0.41589
vt 0.41994 0.4268
vt 0.41963 0.41897
vt 0.41932 0.41115
vt 0.4255 0.40863
vt 0.41298 0.43043
vt 0.41306 0.42205
vt 0.40603 0.43407
vt 0.4065 0.42513
vt 0.40698 0.4162
vt 0.41315 0.41368
vt 0.41323 0.4053
vt 0.41902 0.40333
vt 0.40745 0.40727
vt 0.40793 0.39834
vt 0.41332 0.39692
vt 0.41871 0.39551
vt 0.4248 0.40136
vt 0.4241 0.39409
vt 0.40489 0.46677
vt 0.41276 0.45993
vt 0.40527 0.45587
vt 0.41283 0.4501
vt 0.4204 0.44433
vt 0.42063 0.4531
vt 0.40565 0.44497
vt 0.41291 0.44026
vt 0.42017 0.43556
vt 0.42742 0.43086
vt 0.42796 0.43857
vt 0.42849 0.44627
vt 0.3902 0.48835
vt 0.39443 0.47329
vt 0.38597 0.50341
vt 0.37564 0.4998
vt 0.38 0.48436
vt 0.38435 0.46892
vt 0.38174 0.51847
vt 0.37129 0.51524
vt 0.36084 0.512
vt 0.36532 0.49618
vt 0.35039 0.50877
vt 0.35499 0.49257
vt 0.36979 0.48037
vt 0.37427 0.46455
vt 0.35959 0.47637
vt 0.36419 0.46018
vt 0.36786 0.45016
vt 0.37711 0.45431
vt 0.37153 0.44014
vt 0.37996 0.44407
vt 0.3884 0.448
vt 0.38637 0.45846
vt 0.3752 0.43012
vt 0.38281 0.43383
vt 0.37887 0.4201
vt 0.38566 0.42359
vt 0.39245 0.42708
vt 0.39042 0.43754
vt 0.39803 0.44125
vt 0.39683 0.45193
vt 0.39924 0.43057
vt 0.39563 0.46261
vt 0.32038 0.42122
vt 0.33133 0.43096
vt 0.32609 0.45008
vt 0.31492 0.44132
vt 0.34228 0.4407
vt 0.33726 0.45885
vt 0.33223 0.477
vt 0.32085 0.46921
vt 0.30947 0.46142
vt 0.35323 0.45044
vt 0.34842 0.46761
vt 0.34361 0.48478
vt 0.3388 0.50196
vt 0.32721 0.49515
vt 0.31561 0.48833
vt 0.30402 0.48152
vt 0.32941 0.41413
vt 0.33902 0.42313
vt 0.33844 0.40704
vt 0.34671 0.41531
vt 0.35498 0.42359
vt 0.34863 0.43214
vt 0.34747 0.39995
vt 0.3544 0.40749
vt 0.35651 0.39287
vt 0.3621 0.39967
vt 0.36769 0.40648
vt 0.36133 0.41503
vt 0.36826 0.42257
vt 0.36325 0.43186
vt 0.37328 0.41329
vt 0.35824 0.44115
vt 0.3817 0.41254
vt 0.3879 0.41569
vt 0.38453 0.40499
vt 0.39014 0.40779
vt 0.39575 0.4106
vt 0.3941 0.41884
vt 0.38736 0.39744
vt 0.39238 0.3999
vt 0.3902 0.38989
vt 0.39463 0.392
vt 0.39906 0.39411
vt 0.39741 0.40235
vt 0.40243 0.40481
vt 0.40136 0.4134
vt 0.40349 0.39622
vt 0.4003 0.42199
vt 0.36121 0.3878
vt 0.36633 0.39399
vt 0.36591 0.38274
vt 0.37057 0.3883
vt 0.37522 0.39387
vt 0.37145 0.40017
vt 0.37061 0.37768
vt 0.3748 0.38262
vt 0.37532 0.37262
vt 0.37904 0.37693
vt 0.38276 0.38125
vt 0.37899 0.38756
vt 0.38318 0.3925
vt 0.37988 0.39943
vt 0.38648 0.38557
vt 0.37658 0.40636
vt 0.24774 0.44913
vt 0.25738 0.45631
vt 0.23809 0.44195
vt 0.2453 0.42581
vt 0.25446 0.43196
vt 0.26362 0.43812
vt 0.22845 0.43477
vt 0.2188 0.42759
vt 0.22698 0.41351
vt 0.23614 0.41966
vt 0.24383 0.40455
vt 0.2525 0.40967
vt 0.23515 0.39943
vt 0.24333 0.38535
vt 0.25152 0.38944
vt 0.25971 0.39354
vt 0.26118 0.4148
vt 0.26986 0.41992
vt 0.2679 0.39763
vt 0.2761 0.40173
vt 0.20925 0.4371
vt 0.21706 0.42369
vt 0.20787 0.43253
vt 0.21532 0.41978
vt 0.22277 0.40703
vt 0.22487 0.41027
vt 0.20649 0.42795
vt 0.21358 0.41587
vt 0.20511 0.42338
vt 0.21184 0.41196
vt 0.21857 0.40055
vt 0.22067 0.40379
vt 0.22776 0.39171
vt 0.23023 0.39428
vt 0.2253 0.38914
vt 0.23204 0.37773
vt 0.23486 0.37963
vt 0.23768 0.38154
vt 0.23269 0.39686
vt 0.2405 0.38344
vt 0.30366 0.43597
vt 0.30931 0.41634
vt 0.29801 0.45559
vt 0.28655 0.44977
vt 0.29239 0.43062
vt 0.29824 0.41147
vt 0.29236 0.47522
vt 0.2807 0.46892
vt 0.26904 0.46261
vt 0.27508 0.44394
vt 0.28112 0.42527
vt 0.28717 0.4066
vt 0.32129 0.40285
vt 0.32983 0.39797
vt 0.3222 0.38448
vt 0.33024 0.38181
vt 0.33829 0.37914
vt 0.33837 0.39309
vt 0.32311 0.36611
vt 0.33066 0.36565
vt 0.32402 0.34774
vt 0.33108 0.34949
vt 0.33814 0.35125
vt 0.33822 0.36519
vt 0.34577 0.36474
vt 0.34634 0.37648
vt 0.3452 0.353
vt 0.35227 0.35476
vt 0.35333 0.36428
vt 0.35439 0.37381
vt 0.34691 0.38821
vt 0.35545 0.38334
vt 0.31073 0.3979
vt 0.30018 0.39296
vt 0.30213 0.37445
vt 0.31216 0.37946
vt 0.28963 0.38802
vt 0.27908 0.38308
vt 0.28206 0.36443
vt 0.29209 0.36944
vt 0.29456 0.35086
vt 0.30407 0.35594
vt 0.28504 0.34578
vt 0.28803 0.32714
vt 0.29702 0.33229
vt 0.30602 0.33744
vt 0.31359 0.36102
vt 0.31502 0.34259
vt 0.35645 0.35488
vt 0.35764 0.36311
vt 0.36063 0.355
vt 0.36195 0.36194
vt 0.36327 0.36887
vt 0.35883 0.37134
vt 0.36481 0.35512
vt 0.36626 0.36076
vt 0.369 0.35525
vt 0.37058 0.35959
vt 0.37216 0.36393
vt 0.36771 0.3664
vt 0.36916 0.37204
vt 0.36459 0.37581
vt 0.37374 0.36827
vt 0.36002 0.37957
vt 0.36618 0.32598
vt 0.37255 0.3221
vt 0.37623 0.32624
vt 0.37019 0.3298
vt 0.37893 0.31822
vt 0.38227 0.32269
vt 0.3856 0.32716
vt 0.3799 0.33039
vt 0.3742 0.33362
vt 0.38531 0.31434
vt 0.3883 0.31914
vt 0.3913 0.32394
vt 0.3943 0.32874
vt 0.38894 0.33164
vt 0.39729 0.33354
vt 0.39227 0.33611
vt 0.38357 0.33454
vt 0.37821 0.33744
vt 0.38725 0.33868
vt 0.38223 0.34126
vt 0.35574 0.34756
vt 0.35988 0.34861
vt 0.35922 0.34037
vt 0.36332 0.34234
vt 0.36742 0.34431
vt 0.36402 0.34965
vt 0.3627 0.33317
vt 0.36675 0.33607
vt 0.37081 0.33896
vt 0.37486 0.34186
vt 0.37151 0.34628
vt 0.37892 0.34475
vt 0.37561 0.34825
vt 0.36816 0.3507
vt 0.3723 0.35175
vt 0.33938 0.30009
vt 0.34824 0.29393
vt 0.35432 0.30097
vt 0.34608 0.30656
vt 0.35711 0.28778
vt 0.36256 0.29539
vt 0.36802 0.303
vt 0.3604 0.30801
vt 0.35278 0.31303
vt 0.36597 0.28162
vt 0.3708 0.2898
vt 0.37564 0.29798
vt 0.38047 0.30616
vt 0.37347 0.31061
vt 0.36647 0.31505
vt 0.35948 0.3195
vt 0.30763 0.26459
vt 0.31849 0.25549
vt 0.32593 0.2651
vt 0.31556 0.27346
vt 0.32936 0.24639
vt 0.3363 0.25673
vt 0.34323 0.26708
vt 0.33337 0.27471
vt 0.3235 0.28234
vt 0.34023 0.23729
vt 0.34666 0.24837
vt 0.3531 0.25945
vt 0.35953 0.27054
vt 0.35017 0.27743
vt 0.3408 0.28432
vt 0.33144 0.29121
vt 0.35591 0.32788
vt 0.35234 0.33625
vt 0.34546 0.33214
vt 0.34912 0.32258
vt 0.34877 0.34463
vt 0.3418 0.34169
vt 0.33483 0.33876
vt 0.33858 0.32802
vt 0.32786 0.33582
vt 0.3317 0.32391
vt 0.34233 0.31729
vt 0.33554 0.312
vt 0.31093 0.28817
vt 0.30273 0.28022
vt 0.31913 0.29611
vt 0.31476 0.30989
vt 0.30629 0.30287
vt 0.29783 0.29586
vt 0.32733 0.30405
vt 0.32323 0.3169
vt 0.31912 0.32974
vt 0.31039 0.32366
vt 0.30166 0.31758
vt 0.29293 0.3115
vt 0.24826 0.29519
vt 0.2582 0.30317
vt 0.25653 0.32474
vt 0.24702 0.31773
vt 0.26814 0.31116
vt 0.26603 0.33175
vt 0.26393 0.35235
vt 0.25486 0.34631
vt 0.24579 0.34027
vt 0.27808 0.31915
vt 0.27554 0.33877
vt 0.27299 0.35839
vt 0.27045 0.37801
vt 0.26182 0.37294
vt 0.25319 0.36787
vt 0.24456 0.36281
vt 0.27287 0.22629
vt 0.28156 0.23586
vt 0.27572 0.25269
vt 0.26671 0.24351
vt 0.29025 0.24544
vt 0.28472 0.26187
vt 0.27919 0.2783
vt 0.26988 0.26952
vt 0.26056 0.26074
vt 0.29894 0.25501
vt 0.29372 0.27104
vt 0.28851 0.28708
vt 0.2833 0.30311
vt 0.27367 0.29473
vt 0.26404 0.28634
vt 0.25441 0.27796
vt 0.24343 0.32059
vt 0.2444 0.29964
vt 0.24245 0.34154
vt 0.23911 0.34281
vt 0.23983 0.32345
vt 0.24055 0.30409
vt 0.24148 0.36249
vt 0.2384 0.36217
vt 0.23532 0.36186
vt 0.23577 0.34409
vt 0.23224 0.36154
vt 0.23244 0.34536
vt 0.23623 0.32631
vt 0.23669 0.30854
vt 0.23264 0.32918
vt 0.23284 0.313
vt 0.20499 0.41482
vt 0.21087 0.40474
vt 0.20488 0.40626
vt 0.20991 0.39752
vt 0.21494 0.38879
vt 0.21675 0.39467
vt 0.20476 0.3977
vt 0.20894 0.3903
vt 0.20465 0.38915
vt 0.20797 0.38308
vt 0.2113 0.37702
vt 0.21312 0.3829
vt 0.2173 0.3755
vt 0.21997 0.38005
vt 0.21463 0.37096
vt 0.21796 0.3649
vt 0.22148 0.3681
vt 0.225 0.37131
vt 0.22263 0.38459
vt 0.22852 0.37452
vt 0.22922 0.33183
vt 0.22945 0.31761
vt 0.22898 0.34606
vt 0.22553 0.34676
vt 0.2258 0.33449
vt 0.22607 0.32222
vt 0.22875 0.36029
vt 0.22526 0.35904
vt 0.22178 0.35778
vt 0.22208 0.34746
vt 0.21829 0.35653
vt 0.21863 0.34817
vt 0.22238 0.33714
vt 0.22268 0.32683
vt 0.21896 0.3398
vt 0.2193 0.33144
vt 0.18726 0.40803
vt 0.1833 0.38913
vt 0.18562 0.38385
vt 0.1889 0.39983
vt 0.17935 0.37023
vt 0.18233 0.36788
vt 0.18532 0.36552
vt 0.18793 0.37858
vt 0.19055 0.39164
vt 0.17539 0.35133
vt 0.17904 0.3519
vt 0.17576 0.33592
vt 0.18008 0.33941
vt 0.1827 0.35247
vt 0.18635 0.35303
vt 0.1883 0.36317
vt 0.1844 0.3429
vt 0.18873 0.34639
vt 0.19001 0.3536
vt 0.19129 0.36082
vt 0.19025 0.3733
vt 0.1922 0.38344
vt 0.19257 0.36803
vt 0.19385 0.37525
vt 0.20531 0.30425
vt 0.19792 0.31217
vt 0.20511 0.31095
vt 0.19885 0.31806
vt 0.19259 0.32518
vt 0.19053 0.32009
vt 0.20491 0.31764
vt 0.19978 0.32395
vt 0.20471 0.32434
vt 0.20071 0.32985
vt 0.19672 0.33536
vt 0.19465 0.33027
vt 0.18953 0.33658
vt 0.18634 0.33229
vt 0.19272 0.34087
vt 0.18314 0.328
vt 0.234 0.29387
vt 0.23667 0.28878
vt 0.23133 0.29896
vt 0.22212 0.29382
vt 0.2236 0.2881
vt 0.22508 0.28237
vt 0.22867 0.30405
vt 0.226 0.30914
vt 0.21917 0.30528
vt 0.22065 0.29955
vt 0.21262 0.29505
vt 0.21291 0.28869
vt 0.21234 0.30142
vt 0.2132 0.28233
vt 0.21349 0.27596
vt 0.21134 0.30759
vt 0.21738 0.31093
vt 0.21559 0.31658
vt 0.21035 0.31376
vt 0.22341 0.31427
vt 0.22083 0.3194
vt 0.21824 0.32453
vt 0.21379 0.32223
vt 0.21565 0.32966
vt 0.212 0.32789
vt 0.20935 0.31994
vt 0.20835 0.32611
vt 0.17172 0.22844
vt 0.18188 0.23424
vt 0.18506 0.21051
vt 0.1945 0.2163
vt 0.20395 0.2221
vt 0.19204 0.24003
vt 0.1984 0.19257
vt 0.20713 0.19837
vt 0.21175 0.17464
vt 0.21975 0.18044
vt 0.22776 0.18624
vt 0.21585 0.20417
vt 0.22458 0.20997
vt 0.21339 0.2279
vt 0.23577 0.19204
vt 0.24378 0.19785
vt 0.23331 0.21577
vt 0.22284 0.2337
vt 0.2022 0.24583
vt 0.21237 0.25163
vt 0.22288 0.25821
vt 0.23227 0.24046
vt 0.2417 0.24722
vt 0.23339 0.26479
vt 0.24166 0.22271
vt 0.25105 0.20496
vt 0.25832 0.21207
vt 0.25001 0.22964
vt 0.25836 0.23658
vt 0.25113 0.25398
vt 0.26559 0.21918
vt 0.2439 0.27138
vt 0.1793 0.15685
vt 0.18741 0.16129
vt 0.17377 0.18173
vt 0.16557 0.17811
vt 0.19552 0.16574
vt 0.18198 0.18534
vt 0.16845 0.20494
vt 0.16014 0.20216
vt 0.15184 0.19938
vt 0.20363 0.17019
vt 0.19019 0.18896
vt 0.17675 0.20772
vt 0.16331 0.22649
vt 0.15491 0.22454
vt 0.14651 0.2226
vt 0.13811 0.22065
vt 0.12967 0.21711
vt 0.12124 0.21358
vt 0.13571 0.19129
vt 0.14377 0.19534
vt 0.1128 0.21004
vt 0.10437 0.20651
vt 0.11958 0.1832
vt 0.12764 0.18725
vt 0.14248 0.16445
vt 0.15018 0.169
vt 0.13479 0.15989
vt 0.15 0.13659
vt 0.15732 0.14165
vt 0.16465 0.14672
vt 0.15787 0.17356
vt 0.17197 0.15178
vt 0.12701 0.15322
vt 0.1429 0.12947
vt 0.11112 0.17697
vt 0.10267 0.17075
vt 0.11924 0.14655
vt 0.13581 0.12235
vt 0.09524 0.20073
vt 0.08611 0.19494
vt 0.07698 0.18916
vt 0.09422 0.16452
vt 0.06785 0.18338
vt 0.08577 0.15829
vt 0.11147 0.13988
vt 0.12871 0.11523
vt 0.10369 0.1332
vt 0.12162 0.10812
vt 0.14481 0.09084
vt 0.15098 0.09832
vt 0.16801 0.07357
vt 0.17324 0.08141
vt 0.17848 0.08926
vt 0.15714 0.10581
vt 0.19121 0.05629
vt 0.19551 0.0645
vt 0.21441 0.03902
vt 0.21778 0.04759
vt 0.22115 0.05617
vt 0.19981 0.07272
vt 0.20411 0.08093
vt 0.18371 0.09711
vt 0.22452 0.06475
vt 0.22789 0.07333
vt 0.20841 0.08914
vt 0.18894 0.10496
vt 0.1633 0.11329
vt 0.16947 0.12077
vt 0.17592 0.12613
vt 0.19451 0.1106
vt 0.20009 0.11625
vt 0.18237 0.13148
vt 0.21311 0.09508
vt 0.23171 0.07955
vt 0.23553 0.08578
vt 0.21781 0.10101
vt 0.2225 0.10695
vt 0.20566 0.12189
vt 0.23935 0.092
vt 0.24317 0.09823
vt 0.2272 0.11288
vt 0.21123 0.12754
vt 0.18881 0.13684
vt 0.19526 0.14219
vt 0.2031 0.14643
vt 0.2188 0.13156
vt 0.22637 0.13559
vt 0.21094 0.15067
vt 0.23449 0.1167
vt 0.25019 0.10184
vt 0.25721 0.10545
vt 0.24179 0.12052
vt 0.24908 0.12434
vt 0.23393 0.13962
vt 0.26423 0.10906
vt 0.27126 0.11267
vt 0.25638 0.12816
vt 0.2415 0.14365
vt 0.21878 0.1549
vt 0.22662 0.15914
vt 0.29868 0.13652
vt 0.28495 0.15185
vt 0.27781 0.14593
vt 0.29182 0.13055
vt 0.27123 0.16718
vt 0.26379 0.1613
vt 0.25636 0.15542
vt 0.27066 0.14
vt 0.28497 0.12459
vt 0.2575 0.18251
vt 0.24978 0.17667
vt 0.24206 0.17083
vt 0.23434 0.16499
vt 0.24893 0.14953
vt 0.26352 0.13408
vt 0.27811 0.11863
vt 0.26434 0.19044
vt 0.27764 0.17593
vt 0.28406 0.18468
vt 0.27119 0.19837
vt 0.29094 0.16142
vt 0.30423 0.1469
vt 0.30979 0.15729
vt 0.29692 0.17098
vt 0.30291 0.18055
vt 0.29047 0.19343
vt 0.31535 0.16768
vt 0.32091 0.17807
vt 0.3089 0.19012
vt 0.29689 0.20218
vt 0.27803 0.2063
vt 0.28488 0.21423
vt 0.33239 0.22549
vt 0.34355 0.21566
vt 0.32124 0.23533
vt 0.31312 0.22428
vt 0.32456 0.2137
vt 0.336 0.20313
vt 0.31009 0.24517
vt 0.30168 0.23486
vt 0.29328 0.22454
vt 0.305 0.21323
vt 0.31673 0.20191
vt 0.32845 0.1906
vt 0.33626 0.16972
vt 0.34317 0.18311
vt 0.35162 0.16138
vt 0.35788 0.17562
vt 0.36414 0.18987
vt 0.35007 0.1965
vt 0.36697 0.15303
vt 0.37259 0.16814
vt 0.38233 0.14469
vt 0.3873 0.16065
vt 0.39228 0.17662
vt 0.37821 0.18325
vt 0.38383 0.19835
vt 0.3704 0.20412
vt 0.39726 0.19259
vt 0.35698 0.20989
vt 0.36177 0.14108
vt 0.37725 0.13221
vt 0.3463 0.14995
vt 0.34098 0.13852
vt 0.35658 0.12913
vt 0.37218 0.11974
vt 0.33082 0.15881
vt 0.32539 0.1479
vt 0.31995 0.13699
vt 0.33567 0.12709
vt 0.31451 0.12609
vt 0.33035 0.11566
vt 0.35138 0.11718
vt 0.3671 0.10727
vt 0.34619 0.10523
vt 0.36203 0.0948
vt 0.28698 0.10191
vt 0.29386 0.10795
vt 0.3027 0.09115
vt 0.30961 0.09728
vt 0.31652 0.1034
vt 0.30074 0.114
vt 0.31842 0.08039
vt 0.32536 0.0866
vt 0.33414 0.06964
vt 0.34111 0.07593
vt 0.34808 0.08222
vt 0.3323 0.09281
vt 0.33924 0.09902
vt 0.32344 0.10953
vt 0.35505 0.08851
vt 0.30763 0.12004
vt 0.30967 0.07893
vt 0.32482 0.06888
vt 0.29453 0.08897
vt 0.28636 0.08679
vt 0.30093 0.07746
vt 0.3155 0.06813
vt 0.27938 0.09901
vt 0.27178 0.09612
vt 0.26419 0.09322
vt 0.27819 0.08461
vt 0.25659 0.09033
vt 0.27002 0.08243
vt 0.29218 0.07599
vt 0.30618 0.06738
vt 0.28344 0.07453
vt 0.29687 0.06663
vt 0.24961 0.06435
vt 0.25135 0.07084
vt 0.27133 0.05538
vt 0.271 0.06214
vt 0.27067 0.0689
vt 0.2531 0.07734
vt 0.29305 0.0464
vt 0.29064 0.05343
vt 0.31477 0.03743
vt 0.31029 0.04473
vt 0.30582 0.05203
vt 0.28824 0.06046
vt 0.28584 0.06749
vt 0.27034 0.07566
vt 0.30134 0.05933
vt 0.25484 0.08383
vt 0.24345 0.03091
vt 0.24499 0.03927
vt 0.27249 0.0228
vt 0.2722 0.03094
vt 0.27191 0.03909
vt 0.24653 0.04763
vt 0.30153 0.01469
vt 0.29941 0.02262
vt 0.33058 0.00659
vt 0.32662 0.0143
vt 0.32267 0.02201
vt 0.29729 0.03055
vt 0.29517 0.03847
vt 0.27162 0.04723
vt 0.31872 0.02972
vt 0.24807 0.05599
vt 0.39993 0.02951
vt 0.38348 0.03954
vt 0.36518 0.04083
vt 0.37864 0.03149
vt 0.36703 0.04957
vt 0.35173 0.05018
vt 0.33642 0.0508
vt 0.34688 0.04213
vt 0.35735 0.03347
vt 0.35058 0.0596
vt 0.33827 0.05953
vt 0.32596 0.05946
vt 0.31365 0.05939
vt 0.32112 0.05141
vt 0.32859 0.04343
vt 0.33606 0.03545
vt 0.47496 0.01232
vt 0.43787 0.01281
vt 0.45762 0.00659
vt 0.44995 0.01805
vt 0.41813 0.01904
vt 0.38631 0.02003
vt 0.40079 0.01331
vt 0.41527 0.00659
vt 0.42494 0.02378
vt 0.39838 0.02526
vt 0.37183 0.02675
vt 0.34527 0.02823
vt 0.35449 0.02102
vt 0.36371 0.0138
vt 0.37292 0.00659
vt 0.42618 0.06224
vt 0.41014 0.07038
vt 0.40347 0.06267
vt 0.41961 0.05405
vt 0.3941 0.07852
vt 0.38733 0.07128
vt 0.38057 0.06404
vt 0.39681 0.05496
vt 0.41305 0.04587
vt 0.37806 0.08666
vt 0.37119 0.07989
vt 0.36432 0.07313
vt 0.35745 0.06637
vt 0.3738 0.05681
vt 0.39014 0.04725
vt 0.40649 0.03769
vt 0.44238 0.12147
vt 0.42736 0.12727
vt 0.42306 0.11305
vt 0.43833 0.10666
vt 0.41235 0.13308
vt 0.40779 0.11944
vt 0.40323 0.1058
vt 0.41875 0.09882
vt 0.43428 0.09185
vt 0.39734 0.13888
vt 0.39252 0.12582
vt 0.3877 0.11277
vt 0.38288 0.09971
vt 0.39866 0.09216
vt 0.41444 0.0846
vt 0.43023 0.07704
vt 0.40166 0.1557
vt 0.41602 0.15074
vt 0.41969 0.16841
vt 0.40598 0.17252
vt 0.43038 0.14579
vt 0.44474 0.14083
vt 0.4471 0.1602
vt 0.43339 0.16431
vt 0.43641 0.18282
vt 0.42336 0.18608
vt 0.44946 0.17957
vt 0.41031 0.18933
vt 0.46208 0.17791
vt 0.46031 0.15809
vt 0.47353 0.15597
vt 0.47471 0.17625
vt 0.45854 0.13827
vt 0.45677 0.11845
vt 0.47117 0.11543
vt 0.47235 0.1357
vt 0.48616 0.13313
vt 0.48675 0.15386
vt 0.48557 0.11241
vt 0.48734 0.17459
vt 0.44462 0.05955
vt 0.44766 0.07427
vt 0.46307 0.05686
vt 0.4651 0.0715
vt 0.46712 0.08614
vt 0.4507 0.089
vt 0.48152 0.05417
vt 0.48253 0.06873
vt 0.48354 0.08329
vt 0.48456 0.09785
vt 0.46915 0.10078
vt 0.45374 0.10372
vt 0.47988 0.04371
vt 0.45979 0.04716
vt 0.45651 0.03745
vt 0.47824 0.03324
vt 0.4397 0.0506
vt 0.43478 0.04166
vt 0.42986 0.03272
vt 0.45323 0.02775
vt 0.4766 0.02278
vt 0.21065 0.36027
vt 0.2119 0.35262
vt 0.20334 0.35564
vt 0.20551 0.3487
vt 0.20767 0.34176
vt 0.21315 0.34496
vt 0.19603 0.35101
vt 0.19911 0.34479
vt 0.20219 0.33856
vt 0.20527 0.33234
vt 0.20984 0.33482
vt 0.2144 0.33731
vt 0.19616 0.35794
vt 0.20232 0.36228
vt 0.20129 0.36892
vt 0.19629 0.36487
vt 0.20847 0.36662
vt 0.2063 0.37297
vt 0.20412 0.37932
vt 0.20027 0.37556
vt 0.20195 0.38567
vt 0.19925 0.3822
vt 0.19642 0.37179
vt 0.19655 0.37872
vt 0.19534 0.38701
vt 0.19848 0.39057
vt 0.19771 0.39895
vt 0.19413 0.39529
vt 0.20162 0.39414
vt 0.20129 0.4026
vt 0.20097 0.41107
vt 0.19695 0.40732
vt 0.20064 0.41954
vt 0.19618 0.4157
vt 0.19292 0.40358
vt 0.19172 0.41186
vt 0.45529 0.45773
vt 0.46185 0.45224
vt 0.46538 0.45591
vt 0.45952 0.46008
vt 0.4684 0.44675
vt 0.47123 0.45174
vt 0.47406 0.45672
vt 0.46891 0.45958
vt 0.47689 0.46171
vt 0.47244 0.46325
vt 0.46375 0.46243
vt 0.46799 0.46478
vt 0.20048 0.43534
vt 0.19172 0.43358
vt 0.19321 0.42762
vt 0.20054 0.43007
vt 0.18296 0.43183
vt 0.1742 0.43007
vt 0.17855 0.42272
vt 0.18588 0.42517
vt 0.1888 0.41852
vt 0.19469 0.42166
vt 0.1829 0.41537
vt 0.20059 0.42481
vt 0.17014 0.40462
vt 0.16608 0.37917
vt 0.1705 0.37619
vt 0.17453 0.39946
vt 0.16202 0.35373
vt 0.16648 0.35293
vt 0.17093 0.35213
vt 0.17492 0.37321
vt 0.17891 0.39429
vt 0.48192 0.47146
vt 0.47809 0.47394
vt 0.47621 0.47038
vt 0.48024 0.46821
vt 0.47427 0.47643
vt 0.47217 0.47255
vt 0.47008 0.46866
vt 0.47432 0.46681
vt 0.47856 0.46496
vt 0.49391 0.55209
vt 0.49428 0.54933
vt 0.49355 0.55485
vt 0.48713 0.55552
vt 0.48786 0.55285
vt 0.4886 0.55018
vt 0.49318 0.55761
vt 0.48639 0.55819
vt 0.4796 0.55876
vt 0.48071 0.55618
vt 0.47281 0.55933
vt 0.47429 0.55685
vt 0.48181 0.5536
vt 0.48292 0.55103
vt 0.47576 0.55436
vt 0.47724 0.55188
vt 0.47818 0.54798
vt 0.48363 0.54742
vt 0.47913 0.54409
vt 0.48434 0.54381
vt 0.48955 0.54354
vt 0.48907 0.54686
vt 0.48007 0.54019
vt 0.48504 0.54021
vt 0.48102 0.5363
vt 0.48575 0.5366
vt 0.49049 0.5369
vt 0.49002 0.54022
vt 0.49499 0.54024
vt 0.49476 0.54327
vt 0.49523 0.5372
vt 0.49452 0.5463
vt 0.47034 0.5527
vt 0.47222 0.5503
vt 0.46846 0.55511
vt 0.46264 0.55337
vt 0.46493 0.55104
vt 0.46721 0.54872
vt 0.46658 0.55751
vt 0.46036 0.55569
vt 0.45413 0.55387
vt 0.45682 0.55163
vt 0.4479 0.55205
vt 0.451 0.54989
vt 0.45951 0.54938
vt 0.4622 0.54714
vt 0.45409 0.54772
vt 0.45719 0.54556
vt 0.47616 0.54022
vt 0.47747 0.53686
vt 0.47485 0.54358
vt 0.47057 0.54307
vt 0.47225 0.54025
vt 0.47393 0.53743
vt 0.47354 0.54694
vt 0.46889 0.54589
vt 0.46425 0.54485
vt 0.46629 0.54256
vt 0.4596 0.54381
vt 0.46202 0.54206
vt 0.46834 0.54028
vt 0.47039 0.53799
vt 0.46443 0.54031
vt 0.46685 0.53856
vt 0.47782 0.52383
vt 0.47635 0.52092
vt 0.48225 0.52139
vt 0.48335 0.52418
vt 0.47489 0.51802
vt 0.48116 0.51861
vt 0.48743 0.5192
vt 0.48816 0.52186
vt 0.48889 0.52453
vt 0.47342 0.51511
vt 0.48006 0.51582
vt 0.48669 0.51653
vt 0.49333 0.51724
vt 0.4937 0.51979
vt 0.49406 0.52233
vt 0.49443 0.52488
vt 0.49463 0.52796
vt 0.49483 0.53104
vt 0.48969 0.53071
vt 0.48929 0.52762
vt 0.49503 0.53412
vt 0.49009 0.53381
vt 0.48515 0.53349
vt 0.48455 0.53039
vt 0.48022 0.53318
vt 0.47942 0.53006
vt 0.48395 0.52728
vt 0.47862 0.52694
vt 0.4584 0.53218
vt 0.4555 0.53073
vt 0.46071 0.52828
vt 0.46325 0.53009
vt 0.4526 0.52929
vt 0.45817 0.52647
vt 0.46374 0.52365
vt 0.46592 0.52583
vt 0.46811 0.528
vt 0.4497 0.52784
vt 0.45563 0.52466
vt 0.46156 0.52148
vt 0.46749 0.51829
vt 0.46931 0.52083
vt 0.47114 0.52337
vt 0.47296 0.52591
vt 0.47409 0.52865
vt 0.47522 0.53139
vt 0.47102 0.53271
vt 0.46956 0.53036
vt 0.47634 0.53412
vt 0.47247 0.53507
vt 0.4686 0.53601
vt 0.46682 0.53404
vt 0.46473 0.53696
vt 0.46262 0.53537
vt 0.46503 0.53206
vt 0.46051 0.53377
vt 0.44444 0.54308
vt 0.44106 0.54415
vt 0.44467 0.54079
vt 0.44793 0.54035
vt 0.43769 0.54522
vt 0.44141 0.54123
vt 0.44514 0.53725
vt 0.44828 0.53744
vt 0.45142 0.53763
vt 0.43431 0.54629
vt 0.43816 0.54167
vt 0.442 0.53706
vt 0.44585 0.53245
vt 0.44887 0.53327
vt 0.45189 0.53408
vt 0.45491 0.5349
vt 0.45083 0.54683
vt 0.454 0.54494
vt 0.44767 0.54872
vt 0.44434 0.54755
vt 0.44758 0.54593
vt 0.45081 0.54432
vt 0.4445 0.55061
vt 0.44111 0.54917
vt 0.43771 0.54773
vt 0.44101 0.54638
vt 0.44432 0.54504
vt 0.44762 0.5437
vt 0.45729 0.53625
vt 0.45967 0.5376
vt 0.45672 0.53984
vt 0.45407 0.53873
vt 0.46205 0.53895
vt 0.45937 0.54095
vt 0.45668 0.54294
vt 0.45376 0.54208
vt 0.45084 0.54121
vt 0.43539 0.34715
vt 0.4369 0.34488
vt 0.43934 0.34881
vt 0.43759 0.35113
vt 0.43841 0.34262
vt 0.44109 0.3465
vt 0.44378 0.35038
vt 0.44178 0.35275
vt 0.43979 0.35512
vt 0.43992 0.34036
vt 0.44285 0.34418
vt 0.44577 0.34801
vt 0.44869 0.35183
vt 0.44646 0.35425
vt 0.45161 0.35565
vt 0.44914 0.35813
vt 0.44423 0.35668
vt 0.44199 0.3591
vt 0.44667 0.36061
vt 0.4442 0.36309
vt 0.44569 0.36635
vt 0.44126 0.36958
vt 0.44001 0.36601
vt 0.44719 0.36962
vt 0.44251 0.37315
vt 0.43784 0.37668
vt 0.43683 0.37281
vt 0.43583 0.36894
vt 0.44869 0.37289
vt 0.44376 0.37672
vt 0.43884 0.38055
vt 0.43391 0.38438
vt 0.43316 0.38021
vt 0.42899 0.38821
vt 0.42848 0.38374
vt 0.4324 0.37604
vt 0.43165 0.37187
vt 0.42797 0.37927
vt 0.42747 0.3748
vt 0.42352 0.38001
vt 0.42333 0.37532
vt 0.42371 0.38471
vt 0.41895 0.38568
vt 0.41907 0.38076
vt 0.41919 0.37585
vt 0.42391 0.3894
vt 0.41883 0.39059
vt 0.41375 0.39178
vt 0.41418 0.38665
vt 0.40867 0.39298
vt 0.40942 0.38762
vt 0.41461 0.38151
vt 0.41505 0.37637
vt 0.41016 0.38226
vt 0.41091 0.3769
vt 0.40665 0.38041
vt 0.40771 0.37514
vt 0.4056 0.38568
vt 0.40178 0.38375
vt 0.40314 0.37856
vt 0.40451 0.37338
vt 0.40455 0.39095
vt 0.40042 0.38893
vt 0.3963 0.3869
vt 0.39797 0.38181
vt 0.39217 0.38488
vt 0.39415 0.37988
vt 0.39964 0.37672
vt 0.40131 0.37162
vt 0.39613 0.37487
vt 0.39811 0.36987
vt 0.39348 0.37079
vt 0.39582 0.36587
vt 0.39115 0.37572
vt 0.38814 0.37156
vt 0.39084 0.36672
vt 0.39353 0.36188
vt 0.38881 0.38064
vt 0.38545 0.37641
vt 0.38209 0.37217
vt 0.38514 0.36741
vt 0.37873 0.36793
vt 0.38214 0.36325
vt 0.38819 0.36264
vt 0.39124 0.35788
vt 0.38555 0.35857
vt 0.38896 0.35389
vt 0.40634 0.34132
vt 0.40533 0.33873
vt 0.40936 0.33823
vt 0.41005 0.34079
vt 0.40433 0.33614
vt 0.40867 0.33567
vt 0.41301 0.3352
vt 0.41339 0.33773
vt 0.41376 0.34027
vt 0.40332 0.33355
vt 0.40798 0.33311
vt 0.41264 0.33266
vt 0.4173 0.33221
vt 0.41736 0.33472
vt 0.42196 0.33176
vt 0.4217 0.33425
vt 0.41741 0.33724
vt 0.41747 0.33975
vt 0.42144 0.33674
vt 0.42119 0.33923
vt 0.38727 0.35073
vt 0.39179 0.34773
vt 0.3933 0.35074
vt 0.38559 0.34757
vt 0.39027 0.34471
vt 0.39496 0.34186
vt 0.3963 0.34473
vt 0.39765 0.3476
vt 0.38391 0.34441
vt 0.38876 0.3417
vt 0.39361 0.33898
vt 0.39847 0.33627
vt 0.39964 0.339
vt 0.40082 0.34173
vt 0.40199 0.34446
vt 0.42531 0.33877
vt 0.42474 0.34121
vt 0.42588 0.33634
vt 0.43006 0.33844
vt 0.42917 0.34081
vt 0.42829 0.34319
vt 0.42645 0.33391
vt 0.43094 0.33606
vt 0.43543 0.33821
vt 0.43423 0.34053
vt 0.43303 0.34285
vt 0.43184 0.34517
vt 0.45605 0.36511
vt 0.4536 0.3677
vt 0.45211 0.36451
vt 0.45457 0.36196
vt 0.45114 0.37029
vt 0.44965 0.36707
vt 0.44816 0.36384
vt 0.45063 0.36132
vt 0.45309 0.3588
vt 0.38389 0.35511
vt 0.3805 0.3595
vt 0.37887 0.35575
vt 0.38223 0.35166
vt 0.37712 0.36389
vt 0.37551 0.35984
vt 0.37391 0.35579
vt 0.37724 0.352
vt 0.38057 0.34821
vt 0.41667 0.36111
vt 0.4178 0.35564
vt 0.4207 0.35647
vt 0.41935 0.36155
vt 0.41893 0.35017
vt 0.42204 0.35138
vt 0.42516 0.35259
vt 0.4236 0.3573
vt 0.42204 0.362
vt 0.42006 0.3447
vt 0.42339 0.34629
vt 0.42672 0.34789
vt 0.43006 0.34949
vt 0.42828 0.35381
vt 0.43339 0.35108
vt 0.4314 0.35502
vt 0.4265 0.35813
vt 0.42473 0.36245
vt 0.42941 0.35896
vt 0.42742 0.3629
vt 0.40625 0.35625
vt 0.40627 0.35251
vt 0.40915 0.35329
vt 0.40885 0.35746
vt 0.40629 0.34878
vt 0.40945 0.34913
vt 0.41261 0.34947
vt 0.41203 0.35407
vt 0.41146 0.35868
vt 0.40631 0.34505
vt 0.40975 0.34496
vt 0.41318 0.34487
vt 0.41662 0.34478
vt 0.41577 0.34982
vt 0.41491 0.35485
vt 0.41406 0.35989
vt 0.41523 0.36505
vt 0.41247 0.3637
vt 0.41379 0.369
vt 0.41088 0.36751
vt 0.40798 0.36603
vt 0.40972 0.36235
vt 0.41235 0.37295
vt 0.40929 0.37133
vt 0.40624 0.3697
vt 0.40319 0.36808
vt 0.40508 0.36454
vt 0.40014 0.36646
vt 0.40218 0.36306
vt 0.40696 0.361
vt 0.40421 0.35965
vt 0.42743 0.36587
vt 0.42438 0.36567
vt 0.42744 0.36885
vt 0.42403 0.36888
vt 0.42061 0.36892
vt 0.42133 0.36546
vt 0.42745 0.37182
vt 0.42368 0.3721
vt 0.4199 0.37238
vt 0.41612 0.37267
vt 0.4172 0.36896
vt 0.41828 0.36526
vt 0.40255 0.34826
vt 0.4031 0.35205
vt 0.39991 0.35533
vt 0.39878 0.35146
vt 0.40366 0.35585
vt 0.40104 0.35919
vt 0.39843 0.36253
vt 0.39672 0.3586
vt 0.39501 0.35467
vt 0.43109 0.36864
vt 0.43053 0.36541
vt 0.43362 0.36198
vt 0.43472 0.36546
vt 0.42997 0.36219
vt 0.43251 0.3585
vt 0.43505 0.35482
vt 0.4367 0.35855
vt 0.43836 0.36228
vt 0.56918 0.36846
vt 0.56555 0.36526
vt 0.5666 0.3618
vt 0.56967 0.36526
vt 0.56192 0.36207
vt 0.56353 0.35833
vt 0.56514 0.35459
vt 0.56764 0.35833
vt 0.57015 0.36207
vt 0.59765 0.34803
vt 0.60145 0.35127
vt 0.6003 0.35519
vt 0.59705 0.3519
vt 0.60525 0.35451
vt 0.60354 0.35849
vt 0.60182 0.36247
vt 0.59914 0.35912
vt 0.59646 0.35577
g ZBrush_defualt_group
f 374/1 1627/2 1631/3 1630/4
f 1627/2 409/5 1628/6 1631/3
f 1631/3 1628/6 413/7 1629/8
f 1630/4 1631/3 1629/8 412/9
f 409/5 1632/10 1635/11 1628/6
f 1632/10 363/12 1633/13 1635/11
f 1635/11 1633/13 410/14 1634/15
f 1628/6 1635/11 1634/15 413/7
f 413/7 1634/15 1639/16 1638/17
f 1634/15 410/14 1636/18 1639/16
f 1639/16 1636/18 362/19 1637/20
f 1638/17 1639/16 1637/20 411/21
f 412/9 1629/8 1642/22 1641/23
f 1629/8 413/7 1638/17 1642/22
f 1642/22 1638/17 411/21 1640/24
f 1641/23 1642/22 1640/24 373/25
f 377/26 1643/27 1647/28 1646/29
f 1643/27 414/30 1644/31 1647/28
f 1647/28 1644/31 417/32 1645/33
f 1646/29 1647/28 1645/33 416/34
f 414/30 1648/35 1651/36 1644/31
f 1648/35 378/37 1649/38 1651/36
f 1651/36 1649/38 415/39 1650/40
f 1644/31 1651/36 1650/40 417/32
f 417/32 1650/40 1654/41 1653/42
f 1650/40 415/39 1652/43 1654/41
f 1654/41 1652/43 374/1 1630/4
f 1653/42 1654/41 1630/4 412/9
f 416/34 1645/33 1656/44 1655/45
f 1645/33 417/32 1653/42 1656/44
f 1656/44 1653/42 412/9 1641/23
f 1655/45 1656/44 1641/23 373/25
f 373/25 1640/24 1660/46 1659/47
f 1640/24 411/21 1657/48 1660/46
f 1660/46 1657/48 421/49 1658/50
f 1659/47 1660/46 1658/50 420/51
f 411/21 1637/20 1663/52 1657/48
f 1637/20 362/19 1661/53 1663/52
f 1663/52 1661/53 418/54 1662/55
f 1657/48 1663/52 1662/55 421/49
f 421/49 1662/55 1667/56 1666/57
f 1662/55 418/54 1664/58 1667/56
f 1667/56 1664/58 359/59 1665/60
f 1666/57 1667/56 1665/60 419/61
f 420/51 1658/50 1670/62 1669/63
f 1658/50 421/49 1666/57 1670/62
f 1670/62 1666/57 419/61 1668/64
f 1669/63 1670/62 1668/64 370/65
f 370/65 1671/66 1674/67 1669/63
f 1671/66 422/68 1672/69 1674/67
f 1674/67 1672/69 424/70 1673/71
f 1669/63 1674/67 1673/71 420/51
f 422/68 1675/72 1678/73 1672/69
f 1675/72 372/74 1676/75 1678/73
f 1678/73 1676/75 423/76 1677/77
f 1672/69 1678/73 1677/77 424/70
f 424/70 1677/77 1681/78 1680/79
f 1677/77 423/76 1679/80 1681/78
f 1681/78 1679/80 377/26 1646/29
f 1680/79 1681/78 1646/29 416/34
f 420/51 1673/71 1682/81 1659/47
f 1673/71 424/70 1680/79 1682/81
f 1682/81 1680/79 416/34 1655/45
f 1659/47 1682/81 1655/45 373/25
f 362/82 1636/83 1686/84 1685/85
f 1636/83 410/86 1683/87 1686/84
f 1686/84 1683/87 428/88 1684/89
f 1685/85 1686/84 1684/89 427/90
f 410/86 1633/91 1689/92 1683/87
f 1633/91 363/93 1687/94 1689/92
f 1689/92 1687/94 425/95 1688/96
f 1683/87 1689/92 1688/96 428/88
f 428/88 1688/96 1693/97 1692/98
f 1688/96 425/95 1690/99 1693/97
f 1693/97 1690/99 255/100 1691/101
f 1692/98 1693/97 1691/101 426/102
f 427/90 1684/89 1696/103 1695/104
f 1684/89 428/88 1692/98 1696/103
f 1696/103 1692/98 426/102 1694/105
f 1695/104 1696/103 1694/105 361/106
f 359/59 1664/107 1700/108 1699/109
f 1664/107 418/110 1697/111 1700/108
f 1700/108 1697/111 431/112 1698/113
f 1699/109 1700/108 1698/113 430/114
f 418/110 1661/115 1702/116 1697/111
f 1661/115 362/82 1685/85 1702/116
f 1702/116 1685/85 427/90 1701/117
f 1697/111 1702/116 1701/117 431/112
f 431/112 1701/117 1705/118 1704/119
f 1701/117 427/90 1695/104 1705/118
f 1705/118 1695/104 361/106 1703/120
f 1704/119 1705/118 1703/120 429/121
f 430/114 1698/113 1708/122 1707/123
f 1698/113 431/112 1704/119 1708/122
f 1708/122 1704/119 429/121 1706/124
f 1707/123 1708/122 1706/124 358/125
f 361/106 1694/105 1712/126 1711/127
f 1694/105 426/102 1709/128 1712/126
f 1712/126 1709/128 435/129 1710/130
f 1711/127 1712/126 1710/130 434/131
f 426/102 1691/101 1715/132 1709/128
f 1691/101 255/100 1713/133 1715/132
f 1715/132 1713/133 432/134 1714/135
f 1709/128 1715/132 1714/135 435/129
f 435/129 1714/135 1719/136 1718/137
f 1714/135 432/134 1716/138 1719/136
f 1719/136 1716/138 243/139 1717/140
f 1718/137 1719/136 1717/140 433/141
f 434/131 1710/130 1722/142 1721/143
f 1710/130 435/129 1718/137 1722/142
f 1722/142 1718/137 433/141 1720/144
f 1721/143 1722/142 1720/144 252/145
f 358/125 1706/124 1726/146 1725/147
f 1706/124 429/121 1723/148 1726/146
f 1726/146 1723/148 438/149 1724/150
f 1725/147 1726/146 1724/150 437/151
f 429/121 1703/120 1728/152 1723/148
f 1703/120 361/106 1711/127 1728/152
f 1728/152 1711/127 434/131 1727/153
f 1723/148 1728/152 1727/153 438/149
f 438/149 1727/153 1731/154 1730/155
f 1727/153 434/131 1721/143 1731/154
f 1731/154 1721/143 252/145 1729/156
f 1730/155 1731/154 1729/156 436/157
f 437/151 1724/150 1734/158 1733/159
f 1724/150 438/149 1730/155 1734/158
f 1734/158 1730/155 436/157 1732/160
f 1733/159 1734/158 1732/160 242/161
f 252/145 1720/144 1738/162 1737/163
f 1720/144 433/141 1735/164 1738/162
f 1738/162 1735/164 442/165 1736/166
f 1737/163 1738/162 1736/166 441/167
f 433/141 1717/140 1741/168 1735/164
f 1717/140 243/139 1739/169 1741/168
f 1741/168 1739/169 439/170 1740/171
f 1735/164 1741/168 1740/171 442/165
f 442/165 1740/171 1745/172 1744/173
f 1740/171 439/170 1742/174 1745/172
f 1745/172 1742/174 253/175 1743/176
f 1744/173 1745/172 1743/176 440/177
f 441/167 1736/166 1748/178 1747/179
f 1736/166 442/165 1744/173 1748/178
f 1748/178 1744/173 440/177 1746/180
f 1747/179 1748/178 1746/180 251/181
f 242/161 1732/160 1752/182 1751/183
f 1732/160 436/157 1749/184 1752/182
f 1752/182 1749/184 445/185 1750/186
f 1751/183 1752/182 1750/186 444/187
f 436/157 1729/156 1754/188 1749/184
f 1729/156 252/145 1737/163 1754/188
f 1754/188 1737/163 441/167 1753/189
f 1749/184 1754/188 1753/189 445/185
f 445/185 1753/189 1757/190 1756/191
f 1753/189 441/167 1747/179 1757/190
f 1757/190 1747/179 251/181 1755/192
f 1756/191 1757/190 1755/192 443/193
f 444/187 1750/186 1760/194 1759/195
f 1750/186 445/185 1756/191 1760/194
f 1760/194 1756/191 443/193 1758/196
f 1759/195 1760/194 1758/196 250/197
f 241/198 1761/199 1765/200 1764/201
f 1761/199 446/202 1762/203 1765/200
f 1765/200 1762/203 448/204 1763/205
f 1764/201 1765/200 1763/205 447/206
f 446/202 1766/207 1768/208 1762/203
f 1766/207 358/125 1725/147 1768/208
f 1768/208 1725/147 437/151 1767/209
f 1762/203 1768/208 1767/209 448/204
f 448/204 1767/209 1770/210 1769/211
f 1767/209 437/151 1733/159 1770/210
f 1770/210 1733/159 242/161 1751/183
f 1769/211 1770/210 1751/183 444/187
f 447/206 1763/205 1772/212 1771/213
f 1763/205 448/204 1769/211 1772/212
f 1772/212 1769/211 444/187 1759/195
f 1771/213 1772/212 1759/195 250/197
f 355/214 1773/215 1777/216 1776/217
f 1773/215 449/218 1774/219 1777/216
f 1777/216 1774/219 451/220 1775/221
f 1776/217 1777/216 1775/221 450/222
f 449/218 1778/223 1780/224 1774/219
f 1778/223 359/59 1699/109 1780/224
f 1780/224 1699/109 430/114 1779/225
f 1774/219 1780/224 1779/225 451/220
f 451/220 1779/225 1782/226 1781/227
f 1779/225 430/114 1707/123 1782/226
f 1782/226 1707/123 358/125 1766/207
f 1781/227 1782/226 1766/207 446/202
f 450/222 1775/221 1784/228 1783/229
f 1775/221 451/220 1781/227 1784/228
f 1784/228 1781/227 446/202 1761/199
f 1783/229 1784/228 1761/199 241/198
f 369/230 1785/231 1789/232 1788/233
f 1785/231 452/234 1786/235 1789/232
f 1789/232 1786/235 454/236 1787/237
f 1788/233 1789/232 1787/237 453/238
f 452/234 1790/239 1792/240 1786/235
f 1790/239 370/65 1668/64 1792/240
f 1792/240 1668/64 419/61 1791/241
f 1786/235 1792/240 1791/241 454/236
f 454/236 1791/241 1794/242 1793/243
f 1791/241 419/61 1665/60 1794/242
f 1794/242 1665/60 359/59 1778/223
f 1793/243 1794/242 1778/223 449/218
f 453/238 1787/237 1796/244 1795/245
f 1787/237 454/236 1793/243 1796/244
f 1796/244 1793/243 449/218 1773/215
f 1795/245 1796/244 1773/215 355/214
f 369/230 1797/246 1800/247 1785/231
f 1797/246 455/248 1798/249 1800/247
f 1800/247 1798/249 457/250 1799/251
f 1785/231 1800/247 1799/251 452/234
f 455/248 1801/252 1804/253 1798/249
f 1801/252 371/254 1802/255 1804/253
f 1804/253 1802/255 456/256 1803/257
f 1798/249 1804/253 1803/257 457/250
f 457/250 1803/257 1807/258 1806/259
f 1803/257 456/256 1805/260 1807/258
f 1807/258 1805/260 372/74 1675/72
f 1806/259 1807/258 1675/72 422/68
f 452/234 1799/251 1808/261 1790/239
f 1799/251 457/250 1806/259 1808/261
f 1808/261 1806/259 422/68 1671/66
f 1790/239 1808/261 1671/66 370/65
f 371/254 1809/262 1812/263 1802/255
f 1809/262 458/264 1810/265 1812/263
f 1812/263 1810/265 460/266 1811/267
f 1802/255 1812/263 1811/267 456/256
f 458/264 1813/268 1816/269 1810/265
f 1813/268 375/270 1814/271 1816/269
f 1816/269 1814/271 459/272 1815/273
f 1810/265 1816/269 1815/273 460/266
f 460/266 1815/273 1819/274 1818/275
f 1815/273 459/272 1817/276 1819/274
f 1819/274 1817/276 377/26 1679/80
f 1818/275 1819/274 1679/80 423/76
f 456/256 1811/267 1820/277 1805/260
f 1811/267 460/266 1818/275 1820/277
f 1820/277 1818/275 423/76 1676/75
f 1805/260 1820/277 1676/75 372/74
f 376/278 1821/279 1825/280 1824/281
f 1821/279 461/282 1822/283 1825/280
f 1825/280 1822/283 463/284 1823/285
f 1824/281 1825/280 1823/285 462/286
f 461/282 1826/287 1828/288 1822/283
f 1826/287 378/37 1648/35 1828/288
f 1828/288 1648/35 414/30 1827/289
f 1822/283 1828/288 1827/289 463/284
f 463/284 1827/289 1830/290 1829/291
f 1827/289 414/30 1643/27 1830/290
f 1830/290 1643/27 377/26 1817/276
f 1829/291 1830/290 1817/276 459/272
f 462/286 1823/285 1832/292 1831/293
f 1823/285 463/284 1829/291 1832/292
f 1832/292 1829/291 459/272 1814/271
f 1831/293 1832/292 1814/271 375/270
f 375/270 1833/294 1836/295 1831/293
f 1833/294 464/296 1834/297 1836/295
f 1836/295 1834/297 467/298 1835/299
f 1831/293 1836/295 1835/299 462/286
f 464/296 1837/300 1840/301 1834/297
f 1837/300 367/302 1838/303 1840/301
f 1840/301 1838/303 465/304 1839/305
f 1834/297 1840/301 1839/305 467/298
f 467/298 1839/305 1844/306 1843/307
f 1839/305 465/304 1841/308 1844/306
f 1844/306 1841/308 368/309 1842/310
f 1843/307 1844/306 1842/310 466/311
f 462/286 1835/299 1846/312 1824/281
f 1835/299 467/298 1843/307 1846/312
f 1846/312 1843/307 466/311 1845/313
f 1824/281 1846/312 1845/313 376/278
f 375/270 1813/268 1849/314 1833/294
f 1813/268 458/264 1847/315 1849/314
f 1849/314 1847/315 470/316 1848/317
f 1833/294 1849/314 1848/317 464/296
f 458/264 1809/262 1852/318 1847/315
f 1809/262 371/254 1850/319 1852/318
f 1852/318 1850/319 468/320 1851/321
f 1847/315 1852/318 1851/321 470/316
f 470/316 1851/321 1856/322 1855/323
f 1851/321 468/320 1853/324 1856/322
f 1856/322 1853/324 364/325 1854/326
f 1855/323 1856/322 1854/326 469/327
f 464/296 1848/317 1858/328 1837/300
f 1848/317 470/316 1855/323 1858/328
f 1858/328 1855/323 469/327 1857/329
f 1837/300 1858/328 1857/329 367/302
f 371/254 1801/252 1861/330 1850/319
f 1801/252 455/248 1859/331 1861/330
f 1861/330 1859/331 473/332 1860/333
f 1850/319 1861/330 1860/333 468/320
f 455/248 1797/246 1864/334 1859/331
f 1797/246 369/230 1862/335 1864/334
f 1864/334 1862/335 471/336 1863/337
f 1859/331 1864/334 1863/337 473/332
f 473/332 1863/337 1868/338 1867/339
f 1863/337 471/336 1865/340 1868/338
f 1868/338 1865/340 342/341 1866/342
f 1867/339 1868/338 1866/342 472/343
f 468/320 1860/333 1870/344 1853/324
f 1860/333 473/332 1867/339 1870/344
f 1870/344 1867/339 472/343 1869/345
f 1853/324 1870/344 1869/345 364/325
f 369/230 1788/233 1873/346 1862/335
f 1788/233 453/238 1871/347 1873/346
f 1873/346 1871/347 476/348 1872/349
f 1862/335 1873/346 1872/349 471/336
f 453/238 1795/245 1876/350 1871/347
f 1795/245 355/214 1874/351 1876/350
f 1876/350 1874/351 474/352 1875/353
f 1871/347 1876/350 1875/353 476/348
f 476/348 1875/353 1880/354 1879/355
f 1875/353 474/352 1877/356 1880/354
f 1880/354 1877/356 357/357 1878/358
f 1879/355 1880/354 1878/358 475/359
f 471/336 1872/349 1882/360 1865/340
f 1872/349 476/348 1879/355 1882/360
f 1882/360 1879/355 475/359 1881/361
f 1865/340 1882/360 1881/361 342/341
f 241/198 1883/362 1886/363 1783/229
f 1883/362 477/364 1884/365 1886/363
f 1886/363 1884/365 479/366 1885/367
f 1783/229 1886/363 1885/367 450/222
f 477/364 1887/368 1890/369 1884/365
f 1887/368 356/370 1888/371 1890/369
f 1890/369 1888/371 478/372 1889/373
f 1884/365 1890/369 1889/373 479/366
f 479/366 1889/373 1893/374 1892/375
f 1889/373 478/372 1891/376 1893/374
f 1893/374 1891/376 357/357 1877/356
f 1892/375 1893/374 1877/356 474/352
f 450/222 1885/367 1894/377 1776/217
f 1885/367 479/366 1892/375 1894/377
f 1894/377 1892/375 474/352 1874/351
f 1776/217 1894/377 1874/351 355/214
f 241/198 1764/201 1897/378 1883/362
f 1764/201 447/206 1895/379 1897/378
f 1897/378 1895/379 482/380 1896/381
f 1883/362 1897/378 1896/381 477/364
f 447/206 1771/213 1900/382 1895/379
f 1771/213 250/197 1898/383 1900/382
f 1900/382 1898/383 480/384 1899/385
f 1895/379 1900/382 1899/385 482/380
f 482/380 1899/385 1904/386 1903/387
f 1899/385 480/384 1901/388 1904/386
f 1904/386 1901/388 245/389 1902/390
f 1903/387 1904/386 1902/390 481/391
f 477/364 1896/381 1906/392 1887/368
f 1896/381 482/380 1903/387 1906/392
f 1906/392 1903/387 481/391 1905/393
f 1887/368 1906/392 1905/393 356/370
f 250/197 1758/196 1909/394 1898/383
f 1758/196 443/193 1907/395 1909/394
f 1909/394 1907/395 485/396 1908/397
f 1898/383 1909/394 1908/397 480/384
f 443/193 1755/192 1912/398 1907/395
f 1755/192 251/181 1910/399 1912/398
f 1912/398 1910/399 483/400 1911/401
f 1907/395 1912/398 1911/401 485/396
f 485/396 1911/401 1916/402 1915/403
f 1911/401 483/400 1913/404 1916/402
f 1916/402 1913/404 246/405 1914/406
f 1915/403 1916/402 1914/406 484/407
f 480/384 1908/397 1918/408 1901/388
f 1908/397 485/396 1915/403 1918/408
f 1918/408 1915/403 484/407 1917/409
f 1901/388 1918/408 1917/409 245/389
f 251/181 1746/180 1921/410 1910/399
f 1746/180 440/177 1919/411 1921/410
f 1921/410 1919/411 488/412 1920/413
f 1910/399 1921/410 1920/413 483/400
f 440/177 1743/176 1924/414 1919/411
f 1743/176 253/175 1922/415 1924/414
f 1924/414 1922/415 486/416 1923/417
f 1919/411 1924/414 1923/417 488/412
f 488/412 1923/417 1928/418 1927/419
f 1923/417 486/416 1925/420 1928/418
f 1928/418 1925/420 254/421 1926/422
f 1927/419 1928/418 1926/422 487/423
f 483/400 1920/413 1930/424 1913/404
f 1920/413 488/412 1927/419 1930/424
f 1930/424 1927/419 487/423 1929/425
f 1913/404 1930/424 1929/425 246/405
f 246/405 1929/425 1934/426 1933/427
f 1929/425 487/423 1931/428 1934/426
f 1934/426 1931/428 492/429 1932/430
f 1933/427 1934/426 1932/430 491/431
f 487/423 1926/422 1937/432 1931/428
f 1926/422 254/421 1935/433 1937/432
f 1937/432 1935/433 489/434 1936/435
f 1931/428 1937/432 1936/435 492/429
f 492/429 1936/435 1941/436 1940/437
f 1936/435 489/434 1938/438 1941/436
f 1941/436 1938/438 249/439 1939/440
f 1940/437 1941/436 1939/440 490/441
f 491/431 1932/430 1944/442 1943/443
f 1932/430 492/429 1940/437 1944/442
f 1944/442 1940/437 490/441 1942/444
f 1943/443 1944/442 1942/444 247/445
f 246/405 1933/427 1947/446 1914/406
f 1933/427 491/431 1945/447 1947/446
f 1947/446 1945/447 495/448 1946/449
f 1914/406 1947/446 1946/449 484/407
f 491/431 1943/443 1950/450 1945/447
f 1943/443 247/445 1948/451 1950/450
f 1950/450 1948/451 493/452 1949/453
f 1945/447 1950/450 1949/453 495/448
f 495/448 1949/453 1954/454 1953/455
f 1949/453 493/452 1951/456 1954/454
f 1954/454 1951/456 244/457 1952/458
f 1953/455 1954/454 1952/458 494/459
f 484/407 1946/449 1956/460 1917/409
f 1946/449 495/448 1953/455 1956/460
f 1956/460 1953/455 494/459 1955/461
f 1917/409 1956/460 1955/461 245/389
f 245/389 1955/461 1959/462 1902/390
f 1955/461 494/459 1957/463 1959/462
f 1959/462 1957/463 498/464 1958/465
f 1902/390 1959/462 1958/465 481/391
f 494/459 1952/458 1962/466 1957/463
f 1952/458 244/457 1960/467 1962/466
f 1962/466 1960/467 496/468 1961/469
f 1957/463 1962/466 1961/469 498/464
f 498/464 1961/469 1966/470 1965/471
f 1961/469 496/468 1963/472 1966/470
f 1966/470 1963/472 360/473 1964/474
f 1965/471 1966/470 1964/474 497/475
f 481/391 1958/465 1968/476 1905/393
f 1958/465 498/464 1965/471 1968/476
f 1968/476 1965/471 497/475 1967/477
f 1905/393 1968/476 1967/477 356/370
f 357/357 1891/376 1972/478 1971/479
f 1891/376 478/372 1969/480 1972/478
f 1972/478 1969/480 501/481 1970/482
f 1971/479 1972/478 1970/482 500/483
f 478/372 1888/371 1974/484 1969/480
f 1888/371 356/370 1967/477 1974/484
f 1974/484 1967/477 497/475 1973/485
f 1969/480 1974/484 1973/485 501/481
f 501/481 1973/485 1977/486 1976/487
f 1973/485 497/475 1964/474 1977/486
f 1977/486 1964/474 360/473 1975/488
f 1976/487 1977/486 1975/488 499/489
f 500/483 1970/482 1980/490 1979/491
f 1970/482 501/481 1976/487 1980/490
f 1980/490 1976/487 499/489 1978/492
f 1979/491 1980/490 1978/492 341/493
f 342/341 1881/361 1984/494 1983/495
f 1881/361 475/359 1981/496 1984/494
f 1984/494 1981/496 504/497 1982/498
f 1983/495 1984/494 1982/498 503/499
f 475/359 1878/358 1986/500 1981/496
f 1878/358 357/357 1971/479 1986/500
f 1986/500 1971/479 500/483 1985/501
f 1981/496 1986/500 1985/501 504/497
f 504/497 1985/501 1989/502 1988/503
f 1985/501 500/483 1979/491 1989/502
f 1989/502 1979/491 341/493 1987/504
f 1988/503 1989/502 1987/504 502/505
f 503/499 1982/498 1992/506 1991/507
f 1982/498 504/497 1988/503 1992/506
f 1992/506 1988/503 502/505 1990/508
f 1991/507 1992/506 1990/508 343/509
f 342/341 1983/495 1995/510 1866/342
f 1983/495 503/499 1993/511 1995/510
f 1995/510 1993/511 507/512 1994/513
f 1866/342 1995/510 1994/513 472/343
f 503/499 1991/507 1998/514 1993/511
f 1991/507 343/509 1996/515 1998/514
f 1998/514 1996/515 505/516 1997/517
f 1993/511 1998/514 1997/517 507/512
f 507/512 1997/517 2002/518 2001/519
f 1997/517 505/516 1999/520 2002/518
f 2002/518 1999/520 354/521 2000/522
f 2001/519 2002/518 2000/522 506/523
f 472/343 1994/513 2004/524 1869/345
f 1994/513 507/512 2001/519 2004/524
f 2004/524 2001/519 506/523 2003/525
f 1869/345 2004/524 2003/525 364/325
f 367/302 1857/329 2008/526 2007/527
f 1857/329 469/327 2005/528 2008/526
f 2008/526 2005/528 510/529 2006/530
f 2007/527 2008/526 2006/530 509/531
f 469/327 1854/326 2010/532 2005/528
f 1854/326 364/325 2003/525 2010/532
f 2010/532 2003/525 506/523 2009/533
f 2005/528 2010/532 2009/533 510/529
f 510/529 2009/533 2013/534 2012/535
f 2009/533 506/523 2000/522 2013/534
f 2013/534 2000/522 354/521 2011/536
f 2012/535 2013/534 2011/536 508/537
f 509/531 2006/530 2016/538 2015/539
f 2006/530 510/529 2012/535 2016/538
f 2016/538 2012/535 508/537 2014/540
f 2015/539 2016/538 2014/540 365/541
f 368/309 1841/308 2020/542 2019/543
f 1841/308 465/304 2017/544 2020/542
f 2020/542 2017/544 513/545 2018/546
f 2019/543 2020/542 2018/546 512/547
f 465/304 1838/303 2022/548 2017/544
f 1838/303 367/302 2007/527 2022/548
f 2022/548 2007/527 509/531 2021/549
f 2017/544 2022/548 2021/549 513/545
f 513/545 2021/549 2025/550 2024/551
f 2021/549 509/531 2015/539 2025/550
f 2025/550 2015/539 365/541 2023/552
f 2024/551 2025/550 2023/552 511/553
f 512/547 2018/546 2028/554 2027/555
f 2018/546 513/545 2024/551 2028/554
f 2028/554 2024/551 511/553 2026/556
f 2027/555 2028/554 2026/556 366/557
f 365/541 2029/558 2032/559 2023/552
f 2029/558 514/560 2030/561 2032/559
f 2032/559 2030/561 517/562 2031/563
f 2023/552 2032/559 2031/563 511/553
f 514/560 2033/564 2036/565 2030/561
f 2033/564 352/566 2034/567 2036/565
f 2036/565 2034/567 515/568 2035/569
f 2030/561 2036/565 2035/569 517/562
f 517/562 2035/569 2040/570 2039/571
f 2035/569 515/568 2037/572 2040/570
f 2040/570 2037/572 353/573 2038/574
f 2039/571 2040/570 2038/574 516/575
f 511/553 2031/563 2042/576 2026/556
f 2031/563 517/562 2039/571 2042/576
f 2042/576 2039/571 516/575 2041/577
f 2026/556 2042/576 2041/577 366/557
f 352/566 2033/564 2046/578 2045/579
f 2033/564 514/560 2043/580 2046/578
f 2046/578 2043/580 520/581 2044/582
f 2045/579 2046/578 2044/582 519/583
f 514/560 2029/558 2048/584 2043/580
f 2029/558 365/541 2014/540 2048/584
f 2048/584 2014/540 508/537 2047/585
f 2043/580 2048/584 2047/585 520/581
f 520/581 2047/585 2051/586 2050/587
f 2047/585 508/537 2011/536 2051/586
f 2051/586 2011/536 354/521 2049/588
f 2050/587 2051/586 2049/588 518/589
f 519/583 2044/582 2054/590 2053/591
f 2044/582 520/581 2050/587 2054/590
f 2054/590 2050/587 518/589 2052/592
f 2053/591 2054/590 2052/592 349/593
f 347/594 2055/595 2059/596 2058/597
f 2055/595 521/598 2056/599 2059/596
f 2059/596 2056/599 523/600 2057/601
f 2058/597 2059/596 2057/601 522/602
f 521/598 2060/603 2062/604 2056/599
f 2060/603 349/593 2052/592 2062/604
f 2062/604 2052/592 518/589 2061/605
f 2056/599 2062/604 2061/605 523/600
f 523/600 2061/605 2064/606 2063/607
f 2061/605 518/589 2049/588 2064/606
f 2064/606 2049/588 354/521 1999/520
f 2063/607 2064/606 1999/520 505/516
f 522/602 2057/601 2066/608 2065/609
f 2057/601 523/600 2063/607 2066/608
f 2066/608 2063/607 505/516 1996/515
f 2065/609 2066/608 1996/515 343/509
f 343/509 1990/508 2069/610 2065/609
f 1990/508 502/505 2067/611 2069/610
f 2069/610 2067/611 526/612 2068/613
f 2065/609 2069/610 2068/613 522/602
f 502/505 1987/504 2072/614 2067/611
f 1987/504 341/493 2070/615 2072/614
f 2072/614 2070/615 524/616 2071/617
f 2067/611 2072/614 2071/617 526/612
f 526/612 2071/617 2076/618 2075/619
f 2071/617 524/616 2073/620 2076/618
f 2076/618 2073/620 346/621 2074/622
f 2075/619 2076/618 2074/622 525/623
f 522/602 2068/613 2078/624 2058/597
f 2068/613 526/612 2075/619 2078/624
f 2078/624 2075/619 525/623 2077/625
f 2058/597 2078/624 2077/625 347/594
f 360/473 2079/626 2082/627 1975/488
f 2079/626 527/628 2080/629 2082/627
f 2082/627 2080/629 529/630 2081/631
f 1975/488 2082/627 2081/631 499/489
f 527/628 2083/632 2086/633 2080/629
f 2083/632 236/634 2084/635 2086/633
f 2086/633 2084/635 528/636 2085/637
f 2080/629 2086/633 2085/637 529/630
f 529/630 2085/637 2089/638 2088/639
f 2085/637 528/636 2087/640 2089/638
f 2089/638 2087/640 346/621 2073/620
f 2088/639 2089/638 2073/620 524/616
f 499/489 2081/631 2090/641 1978/492
f 2081/631 529/630 2088/639 2090/641
f 2090/641 2088/639 524/616 2070/615
f 1978/492 2090/641 2070/615 341/493
f 244/457 2091/642 2094/643 1960/467
f 2091/642 530/644 2092/645 2094/643
f 2094/643 2092/645 532/646 2093/647
f 1960/467 2094/643 2093/647 496/468
f 530/644 2095/648 2098/649 2092/645
f 2095/648 237/650 2096/651 2098/649
f 2098/649 2096/651 531/652 2097/653
f 2092/645 2098/649 2097/653 532/646
f 532/646 2097/653 2101/654 2100/655
f 2097/653 531/652 2099/656 2101/654
f 2101/654 2099/656 236/634 2083/632
f 2100/655 2101/654 2083/632 527/628
f 496/468 2093/647 2102/657 1963/472
f 2093/647 532/646 2100/655 2102/657
f 2102/657 2100/655 527/628 2079/626
f 1963/472 2102/657 2079/626 360/473
f 237/650 2095/648 2106/658 2105/659
f 2095/648 530/644 2103/660 2106/658
f 2106/658 2103/660 535/661 2104/662
f 2105/659 2106/658 2104/662 534/663
f 530/644 2091/642 2108/664 2103/660
f 2091/642 244/457 1951/456 2108/664
f 2108/664 1951/456 493/452 2107/665
f 2103/660 2108/664 2107/665 535/661
f 535/661 2107/665 2111/666 2110/667
f 2107/665 493/452 1948/451 2111/666
f 2111/666 1948/451 247/445 2109/668
f 2110/667 2111/666 2109/668 533/669
f 534/663 2104/662 2114/670 2113/671
f 2104/662 535/661 2110/667 2114/670
f 2114/670 2110/667 533/669 2112/672
f 2113/671 2114/670 2112/672 240/673
f 249/439 2115/674 2118/675 1939/440
f 2115/674 536/676 2116/677 2118/675
f 2118/675 2116/677 538/678 2117/679
f 1939/440 2118/675 2117/679 490/441
f 536/676 2119/680 2122/681 2116/677
f 2119/680 248/682 2120/683 2122/681
f 2122/681 2120/683 537/684 2121/685
f 2116/677 2122/681 2121/685 538/678
f 538/678 2121/685 2125/686 2124/687
f 2121/685 537/684 2123/688 2125/686
f 2125/686 2123/688 240/673 2112/672
f 2124/687 2125/686 2112/672 533/669
f 490/441 2117/679 2126/689 1942/444
f 2117/679 538/678 2124/687 2126/689
f 2126/689 2124/687 533/669 2109/668
f 1942/444 2126/689 2109/668 247/445
f 248/682 2127/690 2130/691 2120/683
f 2127/690 539/692 2128/693 2130/691
f 2130/691 2128/693 542/694 2129/695
f 2120/683 2130/691 2129/695 537/684
f 539/692 2131/696 2134/697 2128/693
f 2131/696 239/698 2132/699 2134/697
f 2134/697 2132/699 540/700 2133/701
f 2128/693 2134/697 2133/701 542/694
f 542/694 2133/701 2138/702 2137/703
f 2133/701 540/700 2135/704 2138/702
f 2138/702 2135/704 238/705 2136/706
f 2137/703 2138/702 2136/706 541/707
f 537/684 2129/695 2140/708 2123/688
f 2129/695 542/694 2137/703 2140/708
f 2140/708 2137/703 541/707 2139/709
f 2123/688 2140/708 2139/709 240/673
f 240/673 2139/709 2143/710 2113/671
f 2139/709 541/707 2141/711 2143/710
f 2143/710 2141/711 545/712 2142/713
f 2113/671 2143/710 2142/713 534/663
f 541/707 2136/706 2146/714 2141/711
f 2136/706 238/705 2144/715 2146/714
f 2146/714 2144/715 543/716 2145/717
f 2141/711 2146/714 2145/717 545/712
f 545/712 2145/717 2150/718 2149/719
f 2145/717 543/716 2147/720 2150/718
f 2150/718 2147/720 234/721 2148/722
f 2149/719 2150/718 2148/722 544/723
f 534/663 2142/713 2152/724 2105/659
f 2142/713 545/712 2149/719 2152/724
f 2152/724 2149/719 544/723 2151/725
f 2105/659 2152/724 2151/725 237/650
f 235/726 2153/727 2157/728 2156/729
f 2153/727 546/730 2154/731 2157/728
f 2157/728 2154/731 548/732 2155/733
f 2156/729 2157/728 2155/733 547/734
f 546/730 2158/735 2160/736 2154/731
f 2158/735 236/634 2099/656 2160/736
f 2160/736 2099/656 531/652 2159/737
f 2154/731 2160/736 2159/737 548/732
f 548/732 2159/737 2162/738 2161/739
f 2159/737 531/652 2096/651 2162/738
f 2162/738 2096/651 237/650 2151/725
f 2161/739 2162/738 2151/725 544/723
f 547/734 2155/733 2164/740 2163/741
f 2155/733 548/732 2161/739 2164/740
f 2164/740 2161/739 544/723 2148/722
f 2163/741 2164/740 2148/722 234/721
f 344/742 2165/743 2169/744 2168/745
f 2165/743 549/746 2166/747 2169/744
f 2169/744 2166/747 551/748 2167/749
f 2168/745 2169/744 2167/749 550/750
f 549/746 2170/751 2172/752 2166/747
f 2170/751 346/621 2087/640 2172/752
f 2172/752 2087/640 528/636 2171/753
f 2166/747 2172/752 2171/753 551/748
f 551/748 2171/753 2174/754 2173/755
f 2171/753 528/636 2084/635 2174/754
f 2174/754 2084/635 236/634 2158/735
f 2173/755 2174/754 2158/735 546/730
f 550/750 2167/749 2176/756 2175/757
f 2167/749 551/748 2173/755 2176/756
f 2176/756 2173/755 546/730 2153/727
f 2175/757 2176/756 2153/727 235/726
f 345/758 2177/759 2181/760 2180/761
f 2177/759 552/762 2178/763 2181/760
f 2181/760 2178/763 554/764 2179/765
f 2180/761 2181/760 2179/765 553/766
f 552/762 2182/767 2184/768 2178/763
f 2182/767 347/594 2077/625 2184/768
f 2184/768 2077/625 525/623 2183/769
f 2178/763 2184/768 2183/769 554/764
f 554/764 2183/769 2186/770 2185/771
f 2183/769 525/623 2074/622 2186/770
f 2186/770 2074/622 346/621 2170/751
f 2185/771 2186/770 2170/751 549/746
f 553/766 2179/765 2188/772 2187/773
f 2179/765 554/764 2185/771 2188/772
f 2188/772 2185/771 549/746 2165/743
f 2187/773 2188/772 2165/743 344/742
f 348/774 2189/775 2193/776 2192/777
f 2189/775 555/778 2190/779 2193/776
f 2193/776 2190/779 557/780 2191/781
f 2192/777 2193/776 2191/781 556/782
f 555/778 2194/783 2196/784 2190/779
f 2194/783 349/593 2060/603 2196/784
f 2196/784 2060/603 521/598 2195/785
f 2190/779 2196/784 2195/785 557/780
f 557/780 2195/785 2198/786 2197/787
f 2195/785 521/598 2055/595 2198/786
f 2198/786 2055/595 347/594 2182/767
f 2197/787 2198/786 2182/767 552/762
f 556/782 2191/781 2200/788 2199/789
f 2191/781 557/780 2197/787 2200/788
f 2200/788 2197/787 552/762 2177/759
f 2199/789 2200/788 2177/759 345/758
f 349/593 2194/783 2203/790 2053/591
f 2194/783 555/778 2201/791 2203/790
f 2203/790 2201/791 560/792 2202/793
f 2053/591 2203/790 2202/793 519/583
f 555/778 2189/775 2206/794 2201/791
f 2189/775 348/774 2204/795 2206/794
f 2206/794 2204/795 558/796 2205/797
f 2201/791 2206/794 2205/797 560/792
f 560/792 2205/797 2210/798 2209/799
f 2205/797 558/796 2207/800 2210/798
f 2210/798 2207/800 350/801 2208/802
f 2209/799 2210/798 2208/802 559/803
f 519/583 2202/793 2212/804 2045/579
f 2202/793 560/792 2209/799 2212/804
f 2212/804 2209/799 559/803 2211/805
f 2045/579 2212/804 2211/805 352/566
f 353/573 2037/572 2216/806 2215/807
f 2037/572 515/568 2213/808 2216/806
f 2216/806 2213/808 563/809 2214/810
f 2215/807 2216/806 2214/810 562/811
f 515/568 2034/567 2218/812 2213/808
f 2034/567 352/566 2211/805 2218/812
f 2218/812 2211/805 559/803 2217/813
f 2213/808 2218/812 2217/813 563/809
f 563/809 2217/813 2221/814 2220/815
f 2217/813 559/803 2208/802 2221/814
f 2221/814 2208/802 350/801 2219/816
f 2220/815 2221/814 2219/816 561/817
f 562/811 2214/810 2224/818 2223/819
f 2214/810 563/809 2220/815 2224/818
f 2224/818 2220/815 561/817 2222/820
f 2223/819 2224/818 2222/820 351/821
f 317/822 2225/823 2229/824 2228/825
f 2225/823 564/826 2226/827 2229/824
f 2229/824 2226/827 567/828 2227/829
f 2228/825 2229/824 2227/829 566/830
f 564/826 2230/831 2232/832 2226/827
f 2230/831 351/821 2222/820 2232/832
f 2232/832 2222/820 561/817 2231/833
f 2226/827 2232/832 2231/833 567/828
f 567/828 2231/833 2235/834 2234/835
f 2231/833 561/817 2219/816 2235/834
f 2235/834 2219/816 350/801 2233/836
f 2234/835 2235/834 2233/836 565/837
f 566/830 2227/829 2238/838 2237/839
f 2227/829 567/828 2234/835 2238/838
f 2238/838 2234/835 565/837 2236/840
f 2237/839 2238/838 2236/840 316/841
f 316/841 2236/840 2242/842 2241/843
f 2236/840 565/837 2239/844 2242/842
f 2242/842 2239/844 570/845 2240/846
f 2241/843 2242/842 2240/846 569/847
f 565/837 2233/836 2244/848 2239/844
f 2233/836 350/801 2207/800 2244/848
f 2244/848 2207/800 558/796 2243/849
f 2239/844 2244/848 2243/849 570/845
f 570/845 2243/849 2247/850 2246/851
f 2243/849 558/796 2204/795 2247/850
f 2247/850 2204/795 348/774 2245/852
f 2246/851 2247/850 2245/852 568/853
f 569/847 2240/846 2250/854 2249/855
f 2240/846 570/845 2246/851 2250/854
f 2250/854 2246/851 568/853 2248/856
f 2249/855 2250/854 2248/856 315/857
f 311/858 2251/859 2255/860 2254/861
f 2251/859 571/862 2252/863 2255/860
f 2255/860 2252/863 573/864 2253/865
f 2254/861 2255/860 2253/865 572/866
f 571/862 2256/867 2258/868 2252/863
f 2256/867 315/857 2248/856 2258/868
f 2258/868 2248/856 568/853 2257/869
f 2252/863 2258/868 2257/869 573/864
f 573/864 2257/869 2260/870 2259/871
f 2257/869 568/853 2245/852 2260/870
f 2260/870 2245/852 348/774 2192/777
f 2259/871 2260/870 2192/777 556/782
f 572/866 2253/865 2262/872 2261/873
f 2253/865 573/864 2259/871 2262/872
f 2262/872 2259/871 556/782 2199/789
f 2261/873 2262/872 2199/789 345/758
f 311/858 2254/861 2266/874 2265/875
f 2254/861 572/866 2263/876 2266/874
f 2266/874 2263/876 576/877 2264/878
f 2265/875 2266/874 2264/878 575/879
f 572/866 2261/873 2268/880 2263/876
f 2261/873 345/758 2180/761 2268/880
f 2268/880 2180/761 553/766 2267/881
f 2263/876 2268/880 2267/881 576/877
f 576/877 2267/881 2271/882 2270/883
f 2267/881 553/766 2187/773 2271/882
f 2271/882 2187/773 344/742 2269/884
f 2270/883 2271/882 2269/884 574/885
f 575/879 2264/878 2274/886 2273/887
f 2264/878 576/877 2270/883 2274/886
f 2274/886 2270/883 574/885 2272/888
f 2273/887 2274/886 2272/888 233/889
f 233/889 2272/888 2278/890 2277/891
f 2272/888 574/885 2275/892 2278/890
f 2278/890 2275/892 579/893 2276/894
f 2277/891 2278/890 2276/894 578/895
f 574/885 2269/884 2280/896 2275/892
f 2269/884 344/742 2168/745 2280/896
f 2280/896 2168/745 550/750 2279/897
f 2275/892 2280/896 2279/897 579/893
f 579/893 2279/897 2283/898 2282/899
f 2279/897 550/750 2175/757 2283/898
f 2283/898 2175/757 235/726 2281/900
f 2282/899 2283/898 2281/900 577/901
f 578/895 2276/894 2286/902 2285/903
f 2276/894 579/893 2282/899 2286/902
f 2286/902 2282/899 577/901 2284/904
f 2285/903 2286/902 2284/904 232/905
f 234/721 2287/906 2290/907 2163/741
f 2287/906 580/908 2288/909 2290/907
f 2290/907 2288/909 582/910 2289/911
f 2163/741 2290/907 2289/911 547/734
f 580/908 2291/912 2294/913 2288/909
f 2291/912 229/914 2292/915 2294/913
f 2294/913 2292/915 581/916 2293/917
f 2288/909 2294/913 2293/917 582/910
f 582/910 2293/917 2297/918 2296/919
f 2293/917 581/916 2295/920 2297/918
f 2297/918 2295/920 232/905 2284/904
f 2296/919 2297/918 2284/904 577/901
f 547/734 2289/911 2298/921 2156/729
f 2289/911 582/910 2296/919 2298/921
f 2298/921 2296/919 577/901 2281/900
f 2156/729 2298/921 2281/900 235/726
f 229/914 2291/912 2302/922 2301/923
f 2291/912 580/908 2299/924 2302/922
f 2302/922 2299/924 585/925 2300/926
f 2301/923 2302/922 2300/926 584/927
f 580/908 2287/906 2304/928 2299/924
f 2287/906 234/721 2147/720 2304/928
f 2304/928 2147/720 543/716 2303/929
f 2299/924 2304/928 2303/929 585/925
f 585/925 2303/929 2307/930 2306/931
f 2303/929 543/716 2144/715 2307/930
f 2307/930 2144/715 238/705 2305/932
f 2306/931 2307/930 2305/932 583/933
f 584/927 2300/926 2310/934 2309/935
f 2300/926 585/925 2306/931 2310/934
f 2310/934 2306/931 583/933 2308/936
f 2309/935 2310/934 2308/936 230/937
f 239/698 2311/938 2314/939 2132/699
f 2311/938 586/940 2312/941 2314/939
f 2314/939 2312/941 588/942 2313/943
f 2132/699 2314/939 2313/943 540/700
f 586/940 2315/944 2318/945 2312/941
f 2315/944 231/946 2316/947 2318/945
f 2318/945 2316/947 587/948 2317/949
f 2312/941 2318/945 2317/949 588/942
f 588/942 2317/949 2321/950 2320/951
f 2317/949 587/948 2319/952 2321/950
f 2321/950 2319/952 230/937 2308/936
f 2320/951 2321/950 2308/936 583/933
f 540/700 2313/943 2322/953 2135/704
f 2313/943 588/942 2320/951 2322/953
f 2322/953 2320/951 583/933 2305/932
f 2135/704 2322/953 2305/932 238/705
f 218/954 2323/955 2327/956 2326/957
f 2323/955 589/958 2324/959 2327/956
f 2327/956 2324/959 592/960 2325/961
f 2326/957 2327/956 2325/961 591/962
f 589/958 2328/963 2330/964 2324/959
f 2328/963 230/937 2319/952 2330/964
f 2330/964 2319/952 587/948 2329/965
f 2324/959 2330/964 2329/965 592/960
f 592/960 2329/965 2333/966 2332/967
f 2329/965 587/948 2316/947 2333/966
f 2333/966 2316/947 231/946 2331/968
f 2332/967 2333/966 2331/968 590/969
f 591/962 2325/961 2336/970 2335/971
f 2325/961 592/960 2332/967 2336/970
f 2336/970 2332/967 590/969 2334/972
f 2335/971 2336/970 2334/972 226/973
f 230/937 2328/963 2339/974 2309/935
f 2328/963 589/958 2337/975 2339/974
f 2339/974 2337/975 595/976 2338/977
f 2309/935 2339/974 2338/977 584/927
f 589/958 2323/955 2342/978 2337/975
f 2323/955 218/954 2340/979 2342/978
f 2342/978 2340/979 593/980 2341/981
f 2337/975 2342/978 2341/981 595/976
f 595/976 2341/981 2346/982 2345/983
f 2341/981 593/980 2343/984 2346/982
f 2346/982 2343/984 227/985 2344/986
f 2345/983 2346/982 2344/986 594/987
f 584/927 2338/977 2348/988 2301/923
f 2338/977 595/976 2345/983 2348/988
f 2348/988 2345/983 594/987 2347/989
f 2301/923 2348/988 2347/989 229/914
f 227/985 2349/990 2352/991 2344/986
f 2349/990 596/992 2350/993 2352/991
f 2352/991 2350/993 598/994 2351/995
f 2344/986 2352/991 2351/995 594/987
f 596/992 2353/996 2356/997 2350/993
f 2353/996 228/998 2354/999 2356/997
f 2356/997 2354/999 597/1000 2355/1001
f 2350/993 2356/997 2355/1001 598/994
f 598/994 2355/1001 2359/1002 2358/1003
f 2355/1001 597/1000 2357/1004 2359/1002
f 2359/1002 2357/1004 232/905 2295/920
f 2358/1003 2359/1002 2295/920 581/916
f 594/987 2351/995 2360/1005 2347/989
f 2351/995 598/994 2358/1003 2360/1005
f 2360/1005 2358/1003 581/916 2292/915
f 2347/989 2360/1005 2292/915 229/914
f 228/998 2361/1006 2364/1007 2354/999
f 2361/1006 599/1008 2362/1009 2364/1007
f 2364/1007 2362/1009 601/1010 2363/1011
f 2354/999 2364/1007 2363/1011 597/1000
f 599/1008 2365/1012 2368/1013 2362/1009
f 2365/1012 107/1014 2366/1015 2368/1013
f 2368/1013 2366/1015 600/1016 2367/1017
f 2362/1009 2368/1013 2367/1017 601/1010
f 601/1010 2367/1017 2371/1018 2370/1019
f 2367/1017 600/1016 2369/1020 2371/1018
f 2371/1018 2369/1020 233/889 2277/891
f 2370/1019 2371/1018 2277/891 578/895
f 597/1000 2363/1011 2372/1021 2357/1004
f 2363/1011 601/1010 2370/1019 2372/1021
f 2372/1021 2370/1019 578/895 2285/903
f 2357/1004 2372/1021 2285/903 232/905
f 108/1022 2373/1023 2377/1024 2376/1025
f 2373/1023 602/1026 2374/1027 2377/1024
f 2377/1024 2374/1027 604/1028 2375/1029
f 2376/1025 2377/1024 2375/1029 603/1030
f 602/1026 2378/1031 2380/1032 2374/1027
f 2378/1031 311/858 2265/875 2380/1032
f 2380/1032 2265/875 575/879 2379/1033
f 2374/1027 2380/1032 2379/1033 604/1028
f 604/1028 2379/1033 2382/1034 2381/1035
f 2379/1033 575/879 2273/887 2382/1034
f 2382/1034 2273/887 233/889 2369/1020
f 2381/1035 2382/1034 2369/1020 600/1016
f 603/1030 2375/1029 2384/1036 2383/1037
f 2375/1029 604/1028 2381/1035 2384/1036
f 2384/1036 2381/1035 600/1016 2366/1015
f 2383/1037 2384/1036 2366/1015 107/1014
f 311/858 2385/1038 2388/1039 2251/859
f 2385/1038 605/1040 2386/1041 2388/1039
f 2388/1039 2386/1041 608/1042 2387/1043
f 2251/859 2388/1039 2387/1043 571/862
f 605/1040 2389/1044 2392/1045 2386/1041
f 2389/1044 310/1046 2390/1047 2392/1045
f 2392/1045 2390/1047 606/1048 2391/1049
f 2386/1041 2392/1045 2391/1049 608/1042
f 608/1042 2391/1049 2396/1050 2395/1051
f 2391/1049 606/1048 2393/1052 2396/1050
f 2396/1050 2393/1052 313/1053 2394/1054
f 2395/1051 2396/1050 2394/1054 607/1055
f 571/862 2387/1043 2398/1056 2256/867
f 2387/1043 608/1042 2395/1051 2398/1056
f 2398/1056 2395/1051 607/1055 2397/1057
f 2256/867 2398/1056 2397/1057 315/857
f 311/858 2378/1031 2401/1058 2385/1038
f 2378/1031 602/1026 2399/1059 2401/1058
f 2401/1058 2399/1059 611/1060 2400/1061
f 2385/1038 2401/1058 2400/1061 605/1040
f 602/1026 2373/1023 2404/1062 2399/1059
f 2373/1023 108/1022 2402/1063 2404/1062
f 2404/1062 2402/1063 609/1064 2403/1065
f 2399/1059 2404/1062 2403/1065 611/1060
f 611/1060 2403/1065 2408/1066 2407/1067
f 2403/1065 609/1064 2405/1068 2408/1066
f 2408/1066 2405/1068 308/1069 2406/1070
f 2407/1067 2408/1066 2406/1070 610/1071
f 605/1040 2400/1061 2410/1072 2389/1044
f 2400/1061 611/1060 2407/1067 2410/1072
f 2410/1072 2407/1067 610/1071 2409/1073
f 2389/1044 2410/1072 2409/1073 310/1046
f 314/1074 2411/1075 2415/1076 2414/1077
f 2411/1075 612/1078 2412/1079 2415/1076
f 2415/1076 2412/1079 614/1080 2413/1081
f 2414/1077 2415/1076 2413/1081 613/1082
f 612/1078 2416/1083 2418/1084 2412/1079
f 2416/1083 316/841 2241/843 2418/1084
f 2418/1084 2241/843 569/847 2417/1085
f 2412/1079 2418/1084 2417/1085 614/1080
f 614/1080 2417/1085 2420/1086 2419/1087
f 2417/1085 569/847 2249/855 2420/1086
f 2420/1086 2249/855 315/857 2397/1057
f 2419/1087 2420/1086 2397/1057 607/1055
f 613/1082 2413/1081 2422/1088 2421/1089
f 2413/1081 614/1080 2419/1087 2422/1088
f 2422/1088 2419/1087 607/1055 2394/1054
f 2421/1089 2422/1088 2394/1054 313/1053
f 321/1090 2423/1091 2427/1092 2426/1093
f 2423/1091 615/1094 2424/1095 2427/1092
f 2427/1092 2424/1095 617/1096 2425/1097
f 2426/1093 2427/1092 2425/1097 616/1098
f 615/1094 2428/1099 2430/1100 2424/1095
f 2428/1099 317/822 2228/825 2430/1100
f 2430/1100 2228/825 566/830 2429/1101
f 2424/1095 2430/1100 2429/1101 617/1096
f 617/1096 2429/1101 2432/1102 2431/1103
f 2429/1101 566/830 2237/839 2432/1102
f 2432/1102 2237/839 316/841 2416/1083
f 2431/1103 2432/1102 2416/1083 612/1078
f 616/1098 2425/1097 2434/1104 2433/1105
f 2425/1097 617/1096 2431/1103 2434/1104
f 2434/1104 2431/1103 612/1078 2411/1075
f 2433/1105 2434/1104 2411/1075 314/1074
f 314/1074 2435/1106 2438/1107 2433/1105
f 2435/1106 618/1108 2436/1109 2438/1107
f 2438/1107 2436/1109 621/1110 2437/1111
f 2433/1105 2438/1107 2437/1111 616/1098
f 618/1108 2439/1112 2442/1113 2436/1109
f 2439/1112 318/1114 2440/1115 2442/1113
f 2442/1113 2440/1115 619/1116 2441/1117
f 2436/1109 2442/1113 2441/1117 621/1110
f 621/1110 2441/1117 2446/1118 2445/1119
f 2441/1117 619/1116 2443/1120 2446/1118
f 2446/1118 2443/1120 320/1121 2444/1122
f 2445/1119 2446/1118 2444/1122 620/1123
f 616/1098 2437/1111 2448/1124 2426/1093
f 2437/1111 621/1110 2445/1119 2448/1124
f 2448/1124 2445/1119 620/1123 2447/1125
f 2426/1093 2448/1124 2447/1125 321/1090
f 318/1114 2439/1112 2452/1126 2451/1127
f 2439/1112 618/1108 2449/1128 2452/1126
f 2452/1126 2449/1128 624/1129 2450/1130
f 2451/1127 2452/1126 2450/1130 623/1131
f 618/1108 2435/1106 2454/1132 2449/1128
f 2435/1106 314/1074 2414/1077 2454/1132
f 2454/1132 2414/1077 613/1082 2453/1133
f 2449/1128 2454/1132 2453/1133 624/1129
f 624/1129 2453/1133 2457/1134 2456/1135
f 2453/1133 613/1082 2421/1089 2457/1134
f 2457/1134 2421/1089 313/1053 2455/1136
f 2456/1135 2457/1134 2455/1136 622/1137
f 623/1131 2450/1130 2460/1138 2459/1139
f 2450/1130 624/1129 2456/1135 2460/1138
f 2460/1138 2456/1135 622/1137 2458/1140
f 2459/1139 2460/1138 2458/1140 312/1141
f 312/1141 2458/1140 2464/1142 2463/1143
f 2458/1140 622/1137 2461/1144 2464/1142
f 2464/1142 2461/1144 627/1145 2462/1146
f 2463/1143 2464/1142 2462/1146 626/1147
f 622/1137 2455/1136 2466/1148 2461/1144
f 2455/1136 313/1053 2393/1052 2466/1148
f 2466/1148 2393/1052 606/1048 2465/1149
f 2461/1144 2466/1148 2465/1149 627/1145
f 627/1145 2465/1149 2469/1150 2468/1151
f 2465/1149 606/1048 2390/1047 2469/1150
f 2469/1150 2390/1047 310/1046 2467/1152
f 2468/1151 2469/1150 2467/1152 625/1153
f 626/1147 2462/1146 2472/1154 2471/1155
f 2462/1146 627/1145 2468/1151 2472/1154
f 2472/1154 2468/1151 625/1153 2470/1156
f 2471/1155 2472/1154 2470/1156 309/1157
f 309/1157 2470/1156 2476/1158 2475/1159
f 2470/1156 625/1153 2473/1160 2476/1158
f 2476/1158 2473/1160 630/1161 2474/1162
f 2475/1159 2476/1158 2474/1162 629/1163
f 625/1153 2467/1152 2478/1164 2473/1160
f 2467/1152 310/1046 2409/1073 2478/1164
f 2478/1164 2409/1073 610/1071 2477/1165
f 2473/1160 2478/1164 2477/1165 630/1161
f 630/1161 2477/1165 2481/1166 2480/1167
f 2477/1165 610/1071 2406/1070 2481/1166
f 2481/1166 2406/1070 308/1069 2479/1168
f 2480/1167 2481/1166 2479/1168 628/1169
f 629/1163 2474/1162 2484/1170 2483/1171
f 2474/1162 630/1161 2480/1167 2484/1170
f 2484/1170 2480/1167 628/1169 2482/1172
f 2483/1171 2484/1170 2482/1172 94/1173
f 94/1173 2482/1172 2488/1174 2487/1175
f 2482/1172 628/1169 2485/1176 2488/1174
f 2488/1174 2485/1176 634/1177 2486/1178
f 2487/1175 2488/1174 2486/1178 633/1179
f 628/1169 2479/1168 2491/1180 2485/1176
f 2479/1168 308/1069 2489/1181 2491/1180
f 2491/1180 2489/1181 631/1182 2490/1183
f 2485/1176 2491/1180 2490/1183 634/1177
f 634/1177 2490/1183 2495/1184 2494/1185
f 2490/1183 631/1182 2492/1186 2495/1184
f 2495/1184 2492/1186 307/1187 2493/1188
f 2494/1185 2495/1184 2493/1188 632/1189
f 633/1179 2486/1178 2498/1190 2497/1191
f 2486/1178 634/1177 2494/1185 2498/1190
f 2498/1190 2494/1185 632/1189 2496/1192
f 2497/1191 2498/1190 2496/1192 93/1193
f 108/1022 2376/1025 2502/1194 2501/1195
f 2376/1025 603/1030 2499/1196 2502/1194
f 2502/1194 2499/1196 638/1197 2500/1198
f 2501/1195 2502/1194 2500/1198 637/1199
f 603/1030 2383/1037 2505/1200 2499/1196
f 2383/1037 107/1014 2503/1201 2505/1200
f 2505/1200 2503/1201 635/1202 2504/1203
f 2499/1196 2505/1200 2504/1203 638/1197
f 638/1197 2504/1203 2509/1204 2508/1205
f 2504/1203 635/1202 2506/1206 2509/1204
f 2509/1204 2506/1206 91/1207 2507/1208
f 2508/1205 2509/1204 2507/1208 636/1209
f 637/1199 2500/1198 2512/1210 2511/1211
f 2500/1198 638/1197 2508/1205 2512/1210
f 2512/1210 2508/1205 636/1209 2510/1212
f 2511/1211 2512/1210 2510/1212 103/1213
f 107/1014 2365/1012 2515/1214 2503/1201
f 2365/1012 599/1008 2513/1215 2515/1214
f 2515/1214 2513/1215 641/1216 2514/1217
f 2503/1201 2515/1214 2514/1217 635/1202
f 599/1008 2361/1006 2518/1218 2513/1215
f 2361/1006 228/998 2516/1219 2518/1218
f 2518/1218 2516/1219 639/1220 2517/1221
f 2513/1215 2518/1218 2517/1221 641/1216
f 641/1216 2517/1221 2522/1222 2521/1223
f 2517/1221 639/1220 2519/1224 2522/1222
f 2522/1222 2519/1224 89/1225 2520/1226
f 2521/1223 2522/1222 2520/1226 640/1227
f 635/1202 2514/1217 2524/1228 2506/1206
f 2514/1217 641/1216 2521/1223 2524/1228
f 2524/1228 2521/1223 640/1227 2523/1229
f 2506/1206 2524/1228 2523/1229 91/1207
f 227/985 2525/1230 2528/1231 2349/990
f 2525/1230 642/1232 2526/1233 2528/1231
f 2528/1231 2526/1233 644/1234 2527/1235
f 2349/990 2528/1231 2527/1235 596/992
f 642/1232 2529/1236 2532/1237 2526/1233
f 2529/1236 76/1238 2530/1239 2532/1237
f 2532/1237 2530/1239 643/1240 2531/1241
f 2526/1233 2532/1237 2531/1241 644/1234
f 644/1234 2531/1241 2535/1242 2534/1243
f 2531/1241 643/1240 2533/1244 2535/1242
f 2535/1242 2533/1244 89/1225 2519/1224
f 2534/1243 2535/1242 2519/1224 639/1220
f 596/992 2527/1235 2536/1245 2353/996
f 2527/1235 644/1234 2534/1243 2536/1245
f 2536/1245 2534/1243 639/1220 2516/1219
f 2353/996 2536/1245 2516/1219 228/998
f 218/954 2537/1246 2540/1247 2340/979
f 2537/1246 645/1248 2538/1249 2540/1247
f 2540/1247 2538/1249 647/1250 2539/1251
f 2340/979 2540/1247 2539/1251 593/980
f 645/1248 2541/1252 2544/1253 2538/1249
f 2541/1252 217/1254 2542/1255 2544/1253
f 2544/1253 2542/1255 646/1256 2543/1257
f 2538/1249 2544/1253 2543/1257 647/1250
f 647/1250 2543/1257 2547/1258 2546/1259
f 2543/1257 646/1256 2545/1260 2547/1258
f 2547/1258 2545/1260 76/1238 2529/1236
f 2546/1259 2547/1258 2529/1236 642/1232
f 593/980 2539/1251 2548/1261 2343/984
f 2539/1251 647/1250 2546/1259 2548/1261
f 2548/1261 2546/1259 642/1232 2525/1230
f 2343/984 2548/1261 2525/1230 227/985
f 218/954 2326/957 2552/1262 2551/1263
f 2326/957 591/962 2549/1264 2552/1262
f 2552/1262 2549/1264 651/1265 2550/1266
f 2551/1263 2552/1262 2550/1266 650/1267
f 591/962 2335/971 2555/1268 2549/1264
f 2335/971 226/973 2553/1269 2555/1268
f 2555/1268 2553/1269 648/1270 2554/1271
f 2549/1264 2555/1268 2554/1271 651/1265
f 651/1265 2554/1271 2559/1272 2558/1273
f 2554/1271 648/1270 2556/1274 2559/1272
f 2559/1272 2556/1274 225/1275 2557/1276
f 2558/1273 2559/1272 2557/1276 649/1277
f 650/1267 2550/1266 2562/1278 2561/1279
f 2550/1266 651/1265 2558/1273 2562/1278
f 2562/1278 2558/1273 649/1277 2560/1280
f 2561/1279 2562/1278 2560/1280 224/1281
f 218/954 2551/1263 2566/1282 2565/1283
f 2551/1263 650/1267 2563/1284 2566/1282
f 2566/1282 2563/1284 655/1285 2564/1286
f 2565/1283 2566/1282 2564/1286 654/1287
f 650/1267 2561/1279 2569/1288 2563/1284
f 2561/1279 224/1281 2567/1289 2569/1288
f 2569/1288 2567/1289 652/1290 2568/1291
f 2563/1284 2569/1288 2568/1291 655/1285
f 655/1285 2568/1291 2573/1292 2572/1293
f 2568/1291 652/1290 2570/1294 2573/1292
f 2573/1292 2570/1294 223/1295 2571/1296
f 2572/1293 2573/1292 2571/1296 653/1297
f 654/1287 2564/1286 2576/1298 2575/1299
f 2564/1286 655/1285 2572/1293 2576/1298
f 2576/1298 2572/1293 653/1297 2574/1300
f 2575/1299 2576/1298 2574/1300 222/1301
f 218/954 2565/1283 2579/1302 2537/1246
f 2565/1283 654/1287 2577/1303 2579/1302
f 2579/1302 2577/1303 658/1304 2578/1305
f 2537/1246 2579/1302 2578/1305 645/1248
f 654/1287 2575/1299 2582/1306 2577/1303
f 2575/1299 222/1301 2580/1307 2582/1306
f 2582/1306 2580/1307 656/1308 2581/1309
f 2577/1303 2582/1306 2581/1309 658/1304
f 658/1304 2581/1309 2586/1310 2585/1311
f 2581/1309 656/1308 2583/1312 2586/1310
f 2586/1310 2583/1312 216/1313 2584/1314
f 2585/1311 2586/1310 2584/1314 657/1315
f 645/1248 2578/1305 2588/1316 2541/1252
f 2578/1305 658/1304 2585/1311 2588/1316
f 2588/1316 2585/1311 657/1315 2587/1317
f 2541/1252 2588/1316 2587/1317 217/1254
f 224/1281 2560/1280 2591/1318 2567/1289
f 2560/1280 649/1277 2589/1319 2591/1318
f 2591/1318 2589/1319 661/1320 2590/1321
f 2567/1289 2591/1318 2590/1321 652/1290
f 649/1277 2557/1276 2594/1322 2589/1319
f 2557/1276 225/1275 2592/1323 2594/1322
f 2594/1322 2592/1323 659/1324 2593/1325
f 2589/1319 2594/1322 2593/1325 661/1320
f 661/1320 2593/1325 2598/1326 2597/1327
f 2593/1325 659/1324 2595/1328 2598/1326
f 2598/1326 2595/1328 215/1329 2596/1330
f 2597/1327 2598/1326 2596/1330 660/1331
f 652/1290 2590/1321 2600/1332 2570/1294
f 2590/1321 661/1320 2597/1327 2600/1332
f 2600/1332 2597/1327 660/1331 2599/1333
f 2570/1294 2600/1332 2599/1333 223/1295
f 215/1329 2601/1334 2604/1335 2596/1330
f 2601/1334 662/1336 2602/1337 2604/1335
f 2604/1335 2602/1337 665/1338 2603/1339
f 2596/1330 2604/1335 2603/1339 660/1331
f 662/1336 2605/1340 2608/1341 2602/1337
f 2605/1340 214/1342 2606/1343 2608/1341
f 2608/1341 2606/1343 663/1344 2607/1345
f 2602/1337 2608/1341 2607/1345 665/1338
f 665/1338 2607/1345 2612/1346 2611/1347
f 2607/1345 663/1344 2609/1348 2612/1346
f 2612/1346 2609/1348 204/1349 2610/1350
f 2611/1347 2612/1346 2610/1350 664/1351
f 660/1331 2603/1339 2614/1352 2599/1333
f 2603/1339 665/1338 2611/1347 2614/1352
f 2614/1352 2611/1347 664/1351 2613/1353
f 2599/1333 2614/1352 2613/1353 223/1295
f 222/1301 2574/1300 2618/1354 2617/1355
f 2574/1300 653/1297 2615/1356 2618/1354
f 2618/1354 2615/1356 668/1357 2616/1358
f 2617/1355 2618/1354 2616/1358 667/1359
f 653/1297 2571/1296 2620/1360 2615/1356
f 2571/1296 223/1295 2613/1353 2620/1360
f 2620/1360 2613/1353 664/1351 2619/1361
f 2615/1356 2620/1360 2619/1361 668/1357
f 668/1357 2619/1361 2623/1362 2622/1363
f 2619/1361 664/1351 2610/1350 2623/1362
f 2623/1362 2610/1350 204/1349 2621/1364
f 2622/1363 2623/1362 2621/1364 666/1365
f 667/1359 2616/1358 2626/1366 2625/1367
f 2616/1358 668/1357 2622/1363 2626/1366
f 2626/1366 2622/1363 666/1365 2624/1368
f 2625/1367 2626/1366 2624/1368 221/1369
f 204/1349 2609/1348 2630/1370 2629/1371
f 2609/1348 663/1344 2627/1372 2630/1370
f 2630/1370 2627/1372 672/1373 2628/1374
f 2629/1371 2630/1370 2628/1374 671/1375
f 663/1344 2606/1343 2633/1376 2627/1372
f 2606/1343 214/1342 2631/1377 2633/1376
f 2633/1376 2631/1377 669/1378 2632/1379
f 2627/1372 2633/1376 2632/1379 672/1373
f 672/1373 2632/1379 2637/1380 2636/1381
f 2632/1379 669/1378 2634/1382 2637/1380
f 2637/1380 2634/1382 212/1383 2635/1384
f 2636/1381 2637/1380 2635/1384 670/1385
f 671/1375 2628/1374 2640/1386 2639/1387
f 2628/1374 672/1373 2636/1381 2640/1386
f 2640/1386 2636/1381 670/1385 2638/1388
f 2639/1387 2640/1386 2638/1388 211/1389
f 221/1369 2624/1368 2644/1390 2643/1391
f 2624/1368 666/1365 2641/1392 2644/1390
f 2644/1390 2641/1392 675/1393 2642/1394
f 2643/1391 2644/1390 2642/1394 674/1395
f 666/1365 2621/1364 2646/1396 2641/1392
f 2621/1364 204/1349 2629/1371 2646/1396
f 2646/1396 2629/1371 671/1375 2645/1397
f 2641/1392 2646/1396 2645/1397 675/1393
f 675/1393 2645/1397 2649/1398 2648/1399
f 2645/1397 671/1375 2639/1387 2649/1398
f 2649/1398 2639/1387 211/1389 2647/1400
f 2648/1399 2649/1398 2647/1400 673/1401
f 674/1395 2642/1394 2652/1402 2651/1403
f 2642/1394 675/1393 2648/1399 2652/1402
f 2652/1402 2648/1399 673/1401 2650/1404
f 2651/1403 2652/1402 2650/1404 200/1405
f 221/1369 2643/1391 2656/1406 2655/1407
f 2643/1391 674/1395 2653/1408 2656/1406
f 2656/1406 2653/1408 679/1409 2654/1410
f 2655/1407 2656/1406 2654/1410 678/1411
f 674/1395 2651/1403 2659/1412 2653/1408
f 2651/1403 200/1405 2657/1413 2659/1412
f 2659/1412 2657/1413 676/1414 2658/1415
f 2653/1408 2659/1412 2658/1415 679/1409
f 679/1409 2658/1415 2663/1416 2662/1417
f 2658/1415 676/1414 2660/1418 2663/1416
f 2663/1416 2660/1418 220/1419 2661/1420
f 2662/1417 2663/1416 2661/1420 677/1421
f 678/1411 2654/1410 2666/1422 2665/1423
f 2654/1410 679/1409 2662/1417 2666/1422
f 2666/1422 2662/1417 677/1421 2664/1424
f 2665/1423 2666/1422 2664/1424 219/1425
f 216/1313 2583/1312 2670/1426 2669/1427
f 2583/1312 656/1308 2667/1428 2670/1426
f 2670/1426 2667/1428 681/1429 2668/1430
f 2669/1427 2670/1426 2668/1430 680/1431
f 656/1308 2580/1307 2672/1432 2667/1428
f 2580/1307 222/1301 2617/1355 2672/1432
f 2672/1432 2617/1355 667/1359 2671/1433
f 2667/1428 2672/1432 2671/1433 681/1429
f 681/1429 2671/1433 2674/1434 2673/1435
f 2671/1433 667/1359 2625/1367 2674/1434
f 2674/1434 2625/1367 221/1369 2655/1407
f 2673/1435 2674/1434 2655/1407 678/1411
f 680/1431 2668/1430 2676/1436 2675/1437
f 2668/1430 681/1429 2673/1435 2676/1436
f 2676/1436 2673/1435 678/1411 2665/1423
f 2675/1437 2676/1436 2665/1423 219/1425
f 60/1438 2677/1439 2681/1440 2680/1441
f 2677/1439 682/1442 2678/1443 2681/1440
f 2681/1440 2678/1443 685/1444 2679/1445
f 2680/1441 2681/1440 2679/1445 684/1446
f 682/1442 2682/1447 2684/1448 2678/1443
f 2682/1447 216/1313 2669/1427 2684/1448
f 2684/1448 2669/1427 680/1431 2683/1449
f 2678/1443 2684/1448 2683/1449 685/1444
f 685/1444 2683/1449 2687/1450 2686/1451
f 2683/1449 680/1431 2675/1437 2687/1450
f 2687/1450 2675/1437 219/1425 2685/1452
f 2686/1451 2687/1450 2685/1452 683/1453
f 684/1446 2679/1445 2690/1454 2689/1455
f 2679/1445 685/1444 2686/1451 2690/1454
f 2690/1454 2686/1451 683/1453 2688/1456
f 2689/1455 2690/1454 2688/1456 61/1457
f 44/1458 2691/1459 2695/1460 2694/1461
f 2691/1459 686/1462 2692/1463 2695/1460
f 2695/1460 2692/1463 688/1464 2693/1465
f 2694/1461 2695/1460 2693/1465 687/1466
f 686/1462 2696/1467 2698/1468 2692/1463
f 2696/1467 217/1254 2587/1317 2698/1468
f 2698/1468 2587/1317 657/1315 2697/1469
f 2692/1463 2698/1468 2697/1469 688/1464
f 688/1464 2697/1469 2700/1470 2699/1471
f 2697/1469 657/1315 2584/1314 2700/1470
f 2700/1470 2584/1314 216/1313 2682/1447
f 2699/1471 2700/1470 2682/1447 682/1442
f 687/1466 2693/1465 2702/1472 2701/1473
f 2693/1465 688/1464 2699/1471 2702/1472
f 2702/1472 2699/1471 682/1442 2677/1439
f 2701/1473 2702/1472 2677/1439 60/1438
f 219/1425 2664/1424 2705/1474 2685/1452
f 2664/1424 677/1421 2703/1475 2705/1474
f 2705/1474 2703/1475 691/1476 2704/1477
f 2685/1452 2705/1474 2704/1477 683/1453
f 677/1421 2661/1420 2708/1478 2703/1475
f 2661/1420 220/1419 2706/1479 2708/1478
f 2708/1478 2706/1479 689/1480 2707/1481
f 2703/1475 2708/1478 2707/1481 691/1476
f 691/1476 2707/1481 2712/1482 2711/1483
f 2707/1481 689/1480 2709/1484 2712/1482
f 2712/1482 2709/1484 201/1485 2710/1486
f 2711/1483 2712/1482 2710/1486 690/1487
f 683/1453 2704/1477 2714/1488 2688/1456
f 2704/1477 691/1476 2711/1483 2714/1488
f 2714/1488 2711/1483 690/1487 2713/1489
f 2688/1456 2714/1488 2713/1489 61/1457
f 59/1490 2715/1491 2719/1492 2718/1493
f 2715/1491 692/1494 2716/1495 2719/1492
f 2719/1492 2716/1495 695/1496 2717/1497
f 2718/1493 2719/1492 2717/1497 694/1498
f 692/1494 2720/1499 2722/1500 2716/1495
f 2720/1499 61/1457 2713/1489 2722/1500
f 2722/1500 2713/1489 690/1487 2721/1501
f 2716/1495 2722/1500 2721/1501 695/1496
f 695/1496 2721/1501 2725/1502 2724/1503
f 2721/1501 690/1487 2710/1486 2725/1502
f 2725/1502 2710/1486 201/1485 2723/1504
f 2724/1503 2725/1502 2723/1504 693/1505
f 694/1498 2717/1497 2728/1506 2727/1507
f 2717/1497 695/1496 2724/1503 2728/1506
f 2728/1506 2724/1503 693/1505 2726/1508
f 2727/1507 2728/1506 2726/1508 64/1509
f 59/1490 2718/1493 2732/1510 2731/1511
f 2718/1493 694/1498 2729/1512 2732/1510
f 2732/1510 2729/1512 699/1513 2730/1514
f 2731/1511 2732/1510 2730/1514 698/1515
f 694/1498 2727/1507 2735/1516 2729/1512
f 2727/1507 64/1509 2733/1517 2735/1516
f 2735/1516 2733/1517 696/1518 2734/1519
f 2729/1512 2735/1516 2734/1519 699/1513
f 699/1513 2734/1519 2739/1520 2738/1521
f 2734/1519 696/1518 2736/1522 2739/1520
f 2739/1520 2736/1522 55/1523 2737/1524
f 2738/1521 2739/1520 2737/1524 697/1525
f 698/1515 2730/1514 2742/1526 2741/1527
f 2730/1514 699/1513 2738/1521 2742/1526
f 2742/1526 2738/1521 697/1525 2740/1528
f 2741/1527 2742/1526 2740/1528 63/1529
f 59/1490 2731/1511 2746/1530 2745/1531
f 2731/1511 698/1515 2743/1532 2746/1530
f 2746/1530 2743/1532 703/1533 2744/1534
f 2745/1531 2746/1530 2744/1534 702/1535
f 698/1515 2741/1527 2749/1536 2743/1532
f 2741/1527 63/1529 2747/1537 2749/1536
f 2749/1536 2747/1537 700/1538 2748/1539
f 2743/1532 2749/1536 2748/1539 703/1533
f 703/1533 2748/1539 2753/1540 2752/1541
f 2748/1539 700/1538 2750/1542 2753/1540
f 2753/1540 2750/1542 53/1543 2751/1544
f 2752/1541 2753/1540 2751/1544 701/1545
f 702/1535 2744/1534 2756/1546 2755/1547
f 2744/1534 703/1533 2752/1541 2756/1546
f 2756/1546 2752/1541 701/1545 2754/1548
f 2755/1547 2756/1546 2754/1548 62/1549
f 56/1550 2757/1551 2761/1552 2760/1553
f 2757/1551 704/1554 2758/1555 2761/1552
f 2761/1552 2758/1555 706/1556 2759/1557
f 2760/1553 2761/1552 2759/1557 705/1558
f 704/1554 2762/1559 2764/1560 2758/1555
f 2762/1559 60/1438 2680/1441 2764/1560
f 2764/1560 2680/1441 684/1446 2763/1561
f 2758/1555 2764/1560 2763/1561 706/1556
f 706/1556 2763/1561 2766/1562 2765/1563
f 2763/1561 684/1446 2689/1455 2766/1562
f 2766/1562 2689/1455 61/1457 2720/1499
f 2765/1563 2766/1562 2720/1499 692/1494
f 705/1558 2759/1557 2768/1564 2767/1565
f 2759/1557 706/1556 2765/1563 2768/1564
f 2768/1564 2765/1563 692/1494 2715/1491
f 2767/1565 2768/1564 2715/1491 59/1490
f 56/1550 2760/1553 2772/1566 2771/1567
f 2760/1553 705/1558 2769/1568 2772/1566
f 2772/1566 2769/1568 709/1569 2770/1570
f 2771/1567 2772/1566 2770/1570 708/1571
f 705/1558 2767/1565 2774/1572 2769/1568
f 2767/1565 59/1490 2745/1531 2774/1572
f 2774/1572 2745/1531 702/1535 2773/1573
f 2769/1568 2774/1572 2773/1573 709/1569
f 709/1569 2773/1573 2777/1574 2776/1575
f 2773/1573 702/1535 2755/1547 2777/1574
f 2777/1574 2755/1547 62/1549 2775/1576
f 2776/1575 2777/1574 2775/1576 707/1577
f 708/1571 2770/1570 2780/1578 2779/1579
f 2770/1570 709/1569 2776/1575 2780/1578
f 2780/1578 2776/1575 707/1577 2778/1580
f 2779/1579 2780/1578 2778/1580 49/1581
f 60/1438 2762/1559 2783/1582 2701/1473
f 2762/1559 704/1554 2781/1583 2783/1582
f 2783/1582 2781/1583 712/1584 2782/1585
f 2701/1473 2783/1582 2782/1585 687/1466
f 704/1554 2757/1551 2786/1586 2781/1583
f 2757/1551 56/1550 2784/1587 2786/1586
f 2786/1586 2784/1587 710/1588 2785/1589
f 2781/1583 2786/1586 2785/1589 712/1584
f 712/1584 2785/1589 2790/1590 2789/1591
f 2785/1589 710/1588 2787/1592 2790/1590
f 2790/1590 2787/1592 58/1593 2788/1594
f 2789/1591 2790/1590 2788/1594 711/1595
f 687/1466 2782/1585 2792/1596 2694/1461
f 2782/1585 712/1584 2789/1591 2792/1596
f 2792/1596 2789/1591 711/1595 2791/1597
f 2694/1461 2792/1596 2791/1597 44/1458
f 47/1598 2793/1599 2797/1600 2796/1601
f 2793/1599 713/1602 2794/1603 2797/1600
f 2797/1600 2794/1603 716/1604 2795/1605
f 2796/1601 2797/1600 2795/1605 715/1606
f 713/1602 2798/1607 2801/1608 2794/1603
f 2798/1607 48/1609 2799/1610 2801/1608
f 2801/1608 2799/1610 714/1611 2800/1612
f 2794/1603 2801/1608 2800/1612 716/1604
f 716/1604 2800/1612 2804/1613 2803/1614
f 2800/1612 714/1611 2802/1615 2804/1613
f 2804/1613 2802/1615 58/1593 2787/1592
f 2803/1614 2804/1613 2787/1592 710/1588
f 715/1606 2795/1605 2806/1616 2805/1617
f 2795/1605 716/1604 2803/1614 2806/1616
f 2806/1616 2803/1614 710/1588 2784/1587
f 2805/1617 2806/1616 2784/1587 56/1550
f 62/1549 2754/1548 2810/1618 2809/1619
f 2754/1548 701/1545 2807/1620 2810/1618
f 2810/1618 2807/1620 720/1621 2808/1622
f 2809/1619 2810/1618 2808/1622 719/1623
f 701/1545 2751/1544 2813/1624 2807/1620
f 2751/1544 53/1543 2811/1625 2813/1624
f 2813/1624 2811/1625 717/1626 2812/1627
f 2807/1620 2813/1624 2812/1627 720/1621
f 720/1621 2812/1627 2817/1628 2816/1629
f 2812/1627 717/1626 2814/1630 2817/1628
f 2817/1628 2814/1630 54/1631 2815/1632
f 2816/1629 2817/1628 2815/1632 718/1633
f 719/1623 2808/1622 2820/1634 2819/1635
f 2808/1622 720/1621 2816/1629 2820/1634
f 2820/1634 2816/1629 718/1633 2818/1636
f 2819/1635 2820/1634 2818/1636 50/1637
f 46/1638 2821/1639 2825/1640 2824/1641
f 2821/1639 721/1642 2822/1643 2825/1640
f 2825/1640 2822/1643 724/1644 2823/1645
f 2824/1641 2825/1640 2823/1645 723/1646
f 721/1642 2826/1647 2829/1648 2822/1643
f 2826/1647 52/1649 2827/1650 2829/1648
f 2829/1648 2827/1650 722/1651 2828/1652
f 2822/1643 2829/1648 2828/1652 724/1644
f 724/1644 2828/1652 2832/1653 2831/1654
f 2828/1652 722/1651 2830/1655 2832/1653
f 2832/1653 2830/1655 50/1637 2818/1636
f 2831/1654 2832/1653 2818/1636 718/1633
f 723/1646 2823/1645 2834/1656 2833/1657
f 2823/1645 724/1644 2831/1654 2834/1656
f 2834/1656 2831/1654 718/1633 2815/1632
f 2833/1657 2834/1656 2815/1632 54/1631
f 47/1598 2835/1658 2839/1659 2838/1660
f 2835/1658 725/1661 2836/1662 2839/1659
f 2839/1659 2836/1662 728/1663 2837/1664
f 2838/1660 2839/1659 2837/1664 727/1665
f 725/1661 2840/1666 2842/1667 2836/1662
f 2840/1666 52/1649 2826/1647 2842/1667
f 2842/1667 2826/1647 721/1642 2841/1668
f 2836/1662 2842/1667 2841/1668 728/1663
f 728/1663 2841/1668 2845/1669 2844/1670
f 2841/1668 721/1642 2821/1639 2845/1669
f 2845/1669 2821/1639 46/1638 2843/1671
f 2844/1670 2845/1669 2843/1671 726/1672
f 727/1665 2837/1664 2848/1673 2847/1674
f 2837/1664 728/1663 2844/1670 2848/1673
f 2848/1673 2844/1670 726/1672 2846/1675
f 2847/1674 2848/1673 2846/1675 45/1676
f 45/1676 2849/1677 2852/1678 2847/1674
f 2849/1677 729/1679 2850/1680 2852/1678
f 2852/1678 2850/1680 731/1681 2851/1682
f 2847/1674 2852/1678 2851/1682 727/1665
f 729/1679 2853/1683 2856/1684 2850/1680
f 2853/1683 26/1685 2854/1686 2856/1684
f 2856/1684 2854/1686 730/1687 2855/1688
f 2850/1680 2856/1684 2855/1688 731/1681
f 731/1681 2855/1688 2859/1689 2858/1690
f 2855/1688 730/1687 2857/1691 2859/1689
f 2859/1689 2857/1691 48/1609 2798/1607
f 2858/1690 2859/1689 2798/1607 713/1602
f 727/1665 2851/1682 2860/1692 2838/1660
f 2851/1682 731/1681 2858/1690 2860/1692
f 2860/1692 2858/1690 713/1602 2793/1599
f 2838/1660 2860/1692 2793/1599 47/1598
f 42/1693 2861/1694 2865/1695 2864/1696
f 2861/1694 732/1697 2862/1698 2865/1695
f 2865/1695 2862/1698 735/1699 2863/1700
f 2864/1696 2865/1695 2863/1700 734/1701
f 732/1697 2866/1702 2868/1703 2862/1698
f 2866/1702 48/1609 2857/1691 2868/1703
f 2868/1703 2857/1691 730/1687 2867/1704
f 2862/1698 2868/1703 2867/1704 735/1699
f 735/1699 2867/1704 2871/1705 2870/1706
f 2867/1704 730/1687 2854/1686 2871/1705
f 2871/1705 2854/1686 26/1685 2869/1707
f 2870/1706 2871/1705 2869/1707 733/1708
f 734/1701 2863/1700 2874/1709 2873/1710
f 2863/1700 735/1699 2870/1706 2874/1709
f 2874/1709 2870/1706 733/1708 2872/1711
f 2873/1710 2874/1709 2872/1711 27/1712
f 42/1693 2875/1713 2878/1714 2861/1694
f 2875/1713 736/1715 2876/1716 2878/1714
f 2878/1714 2876/1716 738/1717 2877/1718
f 2861/1694 2878/1714 2877/1718 732/1697
f 736/1715 2879/1719 2882/1720 2876/1716
f 2879/1719 57/1721 2880/1722 2882/1720
f 2882/1720 2880/1722 737/1723 2881/1724
f 2876/1716 2882/1720 2881/1724 738/1717
f 738/1717 2881/1724 2885/1725 2884/1726
f 2881/1724 737/1723 2883/1727 2885/1725
f 2885/1725 2883/1727 58/1593 2802/1615
f 2884/1726 2885/1725 2802/1615 714/1611
f 732/1697 2877/1718 2886/1728 2866/1702
f 2877/1718 738/1717 2884/1726 2886/1728
f 2886/1728 2884/1726 714/1611 2799/1610
f 2866/1702 2886/1728 2799/1610 48/1609
f 27/1712 2887/1729 2890/1730 2873/1710
f 2887/1729 739/1731 2888/1732 2890/1730
f 2890/1730 2888/1732 742/1733 2889/1734
f 2873/1710 2890/1730 2889/1734 734/1701
f 739/1731 2891/1735 2894/1736 2888/1732
f 2891/1735 40/1737 2892/1738 2894/1736
f 2894/1736 2892/1738 740/1739 2893/1740
f 2888/1732 2894/1736 2893/1740 742/1733
f 742/1733 2893/1740 2898/1741 2897/1742
f 2893/1740 740/1739 2895/1743 2898/1741
f 2898/1741 2895/1743 38/1744 2896/1745
f 2897/1742 2898/1741 2896/1745 741/1746
f 734/1701 2889/1734 2900/1747 2864/1696
f 2889/1734 742/1733 2897/1742 2900/1747
f 2900/1747 2897/1742 741/1746 2899/1748
f 2864/1696 2900/1747 2899/1748 42/1693
f 37/1749 2901/1750 2905/1751 2904/1752
f 2901/1750 743/1753 2902/1754 2905/1751
f 2905/1751 2902/1754 746/1755 2903/1756
f 2904/1752 2905/1751 2903/1756 745/1757
f 743/1753 2906/1758 2908/1759 2902/1754
f 2906/1758 42/1693 2899/1748 2908/1759
f 2908/1759 2899/1748 741/1746 2907/1760
f 2902/1754 2908/1759 2907/1760 746/1755
f 746/1755 2907/1760 2911/1761 2910/1762
f 2907/1760 741/1746 2896/1745 2911/1761
f 2911/1761 2896/1745 38/1744 2909/1763
f 2910/1762 2911/1761 2909/1763 744/1764
f 745/1757 2903/1756 2914/1765 2913/1766
f 2903/1756 746/1755 2910/1762 2914/1765
f 2914/1765 2910/1762 744/1764 2912/1767
f 2913/1766 2914/1765 2912/1767 34/1768
f 42/1693 2906/1758 2917/1769 2875/1713
f 2906/1758 743/1753 2915/1770 2917/1769
f 2917/1769 2915/1770 749/1771 2916/1772
f 2875/1713 2917/1769 2916/1772 736/1715
f 743/1753 2901/1750 2920/1773 2915/1770
f 2901/1750 37/1749 2918/1774 2920/1773
f 2920/1773 2918/1774 747/1775 2919/1776
f 2915/1770 2920/1773 2919/1776 749/1771
f 749/1771 2919/1776 2924/1777 2923/1778
f 2919/1776 747/1775 2921/1779 2924/1777
f 2924/1777 2921/1779 36/1780 2922/1781
f 2923/1778 2924/1777 2922/1781 748/1782
f 736/1715 2916/1772 2926/1783 2879/1719
f 2916/1772 749/1771 2923/1778 2926/1783
f 2926/1783 2923/1778 748/1782 2925/1784
f 2879/1719 2926/1783 2925/1784 57/1721
f 38/1744 2895/1743 2930/1785 2929/1786
f 2895/1743 740/1739 2927/1787 2930/1785
f 2930/1785 2927/1787 753/1788 2928/1789
f 2929/1786 2930/1785 2928/1789 752/1790
f 740/1739 2892/1738 2933/1791 2927/1787
f 2892/1738 40/1737 2931/1792 2933/1791
f 2933/1791 2931/1792 750/1793 2932/1794
f 2927/1787 2933/1791 2932/1794 753/1788
f 753/1788 2932/1794 2937/1795 2936/1796
f 2932/1794 750/1793 2934/1797 2937/1795
f 2937/1795 2934/1797 41/1798 2935/1799
f 2936/1796 2937/1795 2935/1799 751/1800
f 752/1790 2928/1789 2940/1801 2939/1802
f 2928/1789 753/1788 2936/1796 2940/1801
f 2940/1801 2936/1796 751/1800 2938/1803
f 2939/1802 2940/1801 2938/1803 39/1804
f 39/1804 2941/1805 2944/1806 2939/1802
f 2941/1805 754/1807 2942/1808 2944/1806
f 2944/1806 2942/1808 756/1809 2943/1810
f 2939/1802 2944/1806 2943/1810 752/1790
f 754/1807 2945/1811 2948/1812 2942/1808
f 2945/1811 33/1813 2946/1814 2948/1812
f 2948/1812 2946/1814 755/1815 2947/1816
f 2942/1808 2948/1812 2947/1816 756/1809
f 756/1809 2947/1816 2951/1817 2950/1818
f 2947/1816 755/1815 2949/1819 2951/1817
f 2951/1817 2949/1819 34/1768 2912/1767
f 2950/1818 2951/1817 2912/1767 744/1764
f 752/1790 2943/1810 2952/1820 2929/1786
f 2943/1810 756/1809 2950/1818 2952/1820
f 2952/1820 2950/1818 744/1764 2909/1763
f 2929/1786 2952/1820 2909/1763 38/1744
f 28/1821 2953/1822 2957/1823 2956/1824
f 2953/1822 757/1825 2954/1826 2957/1823
f 2957/1823 2954/1826 760/1827 2955/1828
f 2956/1824 2957/1823 2955/1828 759/1829
f 757/1825 2958/1830 2960/1831 2954/1826
f 2958/1830 39/1804 2938/1803 2960/1831
f 2960/1831 2938/1803 751/1800 2959/1832
f 2954/1826 2960/1831 2959/1832 760/1827
f 760/1827 2959/1832 2963/1833 2962/1834
f 2959/1832 751/1800 2935/1799 2963/1833
f 2963/1833 2935/1799 41/1798 2961/1835
f 2962/1834 2963/1833 2961/1835 758/1836
f 759/1829 2955/1828 2966/1837 2965/1838
f 2955/1828 760/1827 2962/1834 2966/1837
f 2966/1837 2962/1834 758/1836 2964/1839
f 2965/1838 2966/1837 2964/1839 25/1840
f 28/1821 2967/1841 2970/1842 2953/1822
f 2967/1841 761/1843 2968/1844 2970/1842
f 2970/1842 2968/1844 763/1845 2969/1846
f 2953/1822 2970/1842 2969/1846 757/1825
f 761/1843 2971/1847 2974/1848 2968/1844
f 2971/1847 29/1849 2972/1850 2974/1848
f 2974/1848 2972/1850 762/1851 2973/1852
f 2968/1844 2974/1848 2973/1852 763/1845
f 763/1845 2973/1852 2977/1853 2976/1854
f 2973/1852 762/1851 2975/1855 2977/1853
f 2977/1853 2975/1855 33/1813 2945/1811
f 2976/1854 2977/1853 2945/1811 754/1807
f 757/1825 2969/1846 2978/1856 2958/1830
f 2969/1846 763/1845 2976/1854 2978/1856
f 2978/1856 2976/1854 754/1807 2941/1805
f 2958/1830 2978/1856 2941/1805 39/1804
f 3/1857 2979/1858 2983/1859 2982/1860
f 2979/1858 764/1861 2980/1862 2983/1859
f 2983/1859 2980/1862 767/1863 2981/1864
f 2982/1860 2983/1859 2981/1864 766/1865
f 764/1861 2984/1866 2986/1867 2980/1862
f 2984/1866 28/1821 2956/1824 2986/1867
f 2986/1867 2956/1824 759/1829 2985/1868
f 2980/1862 2986/1867 2985/1868 767/1863
f 767/1863 2985/1868 2989/1869 2988/1870
f 2985/1868 759/1829 2965/1838 2989/1869
f 2989/1869 2965/1838 25/1840 2987/1871
f 2988/1870 2989/1869 2987/1871 765/1872
f 766/1865 2981/1864 2992/1873 2991/1874
f 2981/1864 767/1863 2988/1870 2992/1873
f 2992/1873 2988/1870 765/1872 2990/1875
f 2991/1874 2992/1873 2990/1875 4/1876
f 28/1821 2984/1866 2996/1877 2995/1878
f 2984/1866 764/1861 2993/1879 2996/1877
f 2996/1877 2993/1879 771/1880 2994/1881
f 2995/1878 2996/1877 2994/1881 770/1882
f 764/1861 2979/1858 2999/1883 2993/1879
f 2979/1858 3/1857 2997/1884 2999/1883
f 2999/1883 2997/1884 768/1885 2998/1886
f 2993/1879 2999/1883 2998/1886 771/1880
f 771/1880 2998/1886 3003/1887 3002/1888
f 2998/1886 768/1885 3000/1889 3003/1887
f 3003/1887 3000/1889 2/1890 3001/1891
f 3002/1888 3003/1887 3001/1891 769/1892
f 770/1882 2994/1881 3006/1893 3005/1894
f 2994/1881 771/1880 3002/1888 3006/1893
f 3006/1893 3002/1888 769/1892 3004/1895
f 3005/1894 3006/1893 3004/1895 15/1896
f 28/1821 2995/1878 3009/1897 2967/1841
f 2995/1878 770/1882 3007/1898 3009/1897
f 3009/1897 3007/1898 774/1899 3008/1900
f 2967/1841 3009/1897 3008/1900 761/1843
f 770/1882 3005/1894 3012/1901 3007/1898
f 3005/1894 15/1896 3010/1902 3012/1901
f 3012/1901 3010/1902 772/1903 3011/1904
f 3007/1898 3012/1901 3011/1904 774/1899
f 774/1899 3011/1904 3016/1905 3015/1906
f 3011/1904 772/1903 3013/1907 3016/1905
f 3016/1905 3013/1907 17/1908 3014/1909
f 3015/1906 3016/1905 3014/1909 773/1910
f 761/1843 3008/1900 3018/1911 2971/1847
f 3008/1900 774/1899 3015/1906 3018/1911
f 3018/1911 3015/1906 773/1910 3017/1912
f 2971/1847 3018/1911 3017/1912 29/1849
f 6/1913 3019/1914 3023/1915 3022/1916
f 3019/1914 775/1917 3020/1918 3023/1915
f 3023/1915 3020/1918 778/1919 3021/1920
f 3022/1916 3023/1915 3021/1920 777/1921
f 775/1917 3024/1922 3027/1923 3020/1918
f 3024/1922 5/1924 3025/1925 3027/1923
f 3027/1923 3025/1925 776/1926 3026/1927
f 3020/1918 3027/1923 3026/1927 778/1919
f 778/1919 3026/1927 3030/1928 3029/1929
f 3026/1927 776/1926 3028/1930 3030/1928
f 3030/1928 3028/1930 3/1857 2982/1860
f 3029/1929 3030/1928 2982/1860 766/1865
f 777/1921 3021/1920 3032/1931 3031/1932
f 3021/1920 778/1919 3029/1929 3032/1931
f 3032/1931 3029/1929 766/1865 2991/1874
f 3031/1932 3032/1931 2991/1874 4/1876
f 10/1933 3033/1934 3037/1935 3036/1936
f 3033/1934 779/1937 3034/1938 3037/1935
f 3037/1935 3034/1938 781/1939 3035/1940
f 3036/1936 3037/1935 3035/1940 780/1941
f 779/1937 3038/1942 3040/1943 3034/1938
f 3038/1942 2/1890 3000/1889 3040/1943
f 3040/1943 3000/1889 768/1885 3039/1944
f 3034/1938 3040/1943 3039/1944 781/1939
f 781/1939 3039/1944 3042/1945 3041/1946
f 3039/1944 768/1885 2997/1884 3042/1945
f 3042/1945 2997/1884 3/1857 3028/1930
f 3041/1946 3042/1945 3028/1930 776/1926
f 780/1941 3035/1940 3044/1947 3043/1948
f 3035/1940 781/1939 3041/1946 3044/1947
f 3044/1947 3041/1946 776/1926 3025/1925
f 3043/1948 3044/1947 3025/1925 5/1924
f 65/1949 3045/1950 3049/1951 3048/1952
f 3045/1950 782/1953 3046/1954 3049/1951
f 3049/1951 3046/1954 785/1955 3047/1956
f 3048/1952 3049/1951 3047/1956 784/1957
f 782/1953 3050/1958 3053/1959 3046/1954
f 3050/1958 14/1960 3051/1961 3053/1959
f 3053/1959 3051/1961 783/1962 3052/1963
f 3046/1954 3053/1959 3052/1963 785/1955
f 785/1955 3052/1963 3056/1964 3055/1965
f 3052/1963 783/1962 3054/1966 3056/1964
f 3056/1964 3054/1966 15/1896 3004/1895
f 3055/1965 3056/1964 3004/1895 769/1892
f 784/1957 3047/1956 3058/1967 3057/1968
f 3047/1956 785/1955 3055/1965 3058/1967
f 3058/1967 3055/1965 769/1892 3001/1891
f 3057/1968 3058/1967 3001/1891 2/1890
f 1/1969 3059/1970 3063/1971 3062/1972
f 3059/1970 786/1973 3060/1974 3063/1971
f 3063/1971 3060/1974 788/1975 3061/1976
f 3062/1972 3063/1971 3061/1976 787/1977
f 786/1973 3064/1978 3066/1979 3060/1974
f 3064/1978 65/1949 3048/1952 3066/1979
f 3066/1979 3048/1952 784/1957 3065/1980
f 3060/1974 3066/1979 3065/1980 788/1975
f 788/1975 3065/1980 3068/1981 3067/1982
f 3065/1980 784/1957 3057/1968 3068/1981
f 3068/1981 3057/1968 2/1890 3038/1942
f 3067/1982 3068/1981 3038/1942 779/1937
f 787/1977 3061/1976 3070/1983 3069/1984
f 3061/1976 788/1975 3067/1982 3070/1983
f 3070/1983 3067/1982 779/1937 3033/1934
f 3069/1984 3070/1983 3033/1934 10/1933
f 14/1960 3071/1985 3074/1986 3051/1961
f 3071/1985 789/1987 3072/1988 3074/1986
f 3074/1986 3072/1988 791/1989 3073/1990
f 3051/1961 3074/1986 3073/1990 783/1962
f 789/1987 3075/1991 3078/1992 3072/1988
f 3075/1991 16/1993 3076/1994 3078/1992
f 3078/1992 3076/1994 790/1995 3077/1996
f 3072/1988 3078/1992 3077/1996 791/1989
f 791/1989 3077/1996 3081/1997 3080/1998
f 3077/1996 790/1995 3079/1999 3081/1997
f 3081/1997 3079/1999 17/1908 3013/1907
f 3080/1998 3081/1997 3013/1907 772/1903
f 783/1962 3073/1990 3082/2000 3054/1966
f 3073/1990 791/1989 3080/1998 3082/2000
f 3082/2000 3080/1998 772/1903 3010/1902
f 3054/1966 3082/2000 3010/1902 15/1896
f 57/1721 2925/1784 3086/2001 3085/2002
f 2925/1784 748/1782 3083/2003 3086/2001
f 3086/2001 3083/2003 795/2004 3084/2005
f 3085/2002 3086/2001 3084/2005 794/2006
f 748/1782 2922/1781 3089/2007 3083/2003
f 2922/1781 36/1780 3087/2008 3089/2007
f 3089/2007 3087/2008 792/2009 3088/2010
f 3083/2003 3089/2007 3088/2010 795/2004
f 795/2004 3088/2010 3093/2011 3092/2012
f 3088/2010 792/2009 3090/2013 3093/2011
f 3093/2011 3090/2013 23/2014 3091/2015
f 3092/2012 3093/2011 3091/2015 793/2016
f 794/2006 3084/2005 3096/2017 3095/2018
f 3084/2005 795/2004 3092/2012 3096/2017
f 3096/2017 3092/2012 793/2016 3094/2019
f 3095/2018 3096/2017 3094/2019 43/2020
f 44/1458 2791/1597 3100/2021 3099/2022
f 2791/1597 711/1595 3097/2023 3100/2021
f 3100/2021 3097/2023 797/2024 3098/2025
f 3099/2022 3100/2021 3098/2025 796/2026
f 711/1595 2788/1594 3102/2027 3097/2023
f 2788/1594 58/1593 2883/1727 3102/2027
f 3102/2027 2883/1727 737/1723 3101/2028
f 3097/2023 3102/2027 3101/2028 797/2024
f 797/2024 3101/2028 3104/2029 3103/2030
f 3101/2028 737/1723 2880/1722 3104/2029
f 3104/2029 2880/1722 57/1721 3085/2002
f 3103/2030 3104/2029 3085/2002 794/2006
f 796/2026 3098/2025 3106/2031 3105/2032
f 3098/2025 797/2024 3103/2030 3106/2031
f 3106/2031 3103/2030 794/2006 3095/2018
f 3105/2032 3106/2031 3095/2018 43/2020
f 44/1458 3107/2033 3110/2034 2691/1459
f 3107/2033 798/2035 3108/2036 3110/2034
f 3110/2034 3108/2036 800/2037 3109/2038
f 2691/1459 3110/2034 3109/2038 686/1462
f 798/2035 3111/2039 3114/2040 3108/2036
f 3111/2039 75/2041 3112/2042 3114/2040
f 3114/2040 3112/2042 799/2043 3113/2044
f 3108/2036 3114/2040 3113/2044 800/2037
f 800/2037 3113/2044 3117/2045 3116/2046
f 3113/2044 799/2043 3115/2047 3117/2045
f 3117/2045 3115/2047 76/1238 2545/1260
f 3116/2046 3117/2045 2545/1260 646/1256
f 686/1462 3109/2038 3118/2048 2696/1467
f 3109/2038 800/2037 3116/2046 3118/2048
f 3118/2048 3116/2046 646/1256 2542/1255
f 2696/1467 3118/2048 2542/1255 217/1254
f 75/2041 3111/2039 3122/2049 3121/2050
f 3111/2039 798/2035 3119/2051 3122/2049
f 3122/2049 3119/2051 803/2052 3120/2053
f 3121/2050 3122/2049 3120/2053 802/2054
f 798/2035 3107/2033 3124/2055 3119/2051
f 3107/2033 44/1458 3099/2022 3124/2055
f 3124/2055 3099/2022 796/2026 3123/2056
f 3119/2051 3124/2055 3123/2056 803/2052
f 803/2052 3123/2056 3127/2057 3126/2058
f 3123/2056 796/2026 3105/2032 3127/2057
f 3127/2057 3105/2032 43/2020 3125/2059
f 3126/2058 3127/2057 3125/2059 801/2060
f 802/2054 3120/2053 3130/2061 3129/2062
f 3120/2053 803/2052 3126/2058 3130/2061
f 3130/2061 3126/2058 801/2060 3128/2063
f 3129/2062 3130/2061 3128/2063 74/2064
f 13/2065 3131/2066 3135/2067 3134/2068
f 3131/2066 804/2069 3132/2070 3135/2067
f 3135/2067 3132/2070 806/2071 3133/2072
f 3134/2068 3135/2067 3133/2072 805/2073
f 804/2069 3136/2074 3138/2075 3132/2070
f 3136/2074 89/1225 2533/1244 3138/2075
f 3138/2075 2533/1244 643/1240 3137/2076
f 3132/2070 3138/2075 3137/2076 806/2071
f 806/2071 3137/2076 3140/2077 3139/2078
f 3137/2076 643/1240 2530/1239 3140/2077
f 3140/2077 2530/1239 76/1238 3115/2047
f 3139/2078 3140/2077 3115/2047 799/2043
f 805/2073 3133/2072 3142/2079 3141/2080
f 3133/2072 806/2071 3139/2078 3142/2079
f 3142/2079 3139/2078 799/2043 3112/2042
f 3141/2080 3142/2079 3112/2042 75/2041
f 13/2065 3134/2068 3146/2081 3145/2082
f 3134/2068 805/2073 3143/2083 3146/2081
f 3146/2081 3143/2083 809/2084 3144/2085
f 3145/2082 3146/2081 3144/2085 808/2086
f 805/2073 3141/2080 3148/2087 3143/2083
f 3141/2080 75/2041 3121/2050 3148/2087
f 3148/2087 3121/2050 802/2054 3147/2088
f 3143/2083 3148/2087 3147/2088 809/2084
f 809/2084 3147/2088 3151/2089 3150/2090
f 3147/2088 802/2054 3129/2062 3151/2089
f 3151/2089 3129/2062 74/2064 3149/2091
f 3150/2090 3151/2089 3149/2091 807/2092
f 808/2086 3144/2085 3154/2093 3153/2094
f 3144/2085 809/2084 3150/2090 3154/2093
f 3154/2093 3150/2090 807/2092 3152/2095
f 3153/2094 3154/2093 3152/2095 71/2096
f 74/2064 3128/2063 3158/2097 3157/2098
f 3128/2063 801/2060 3155/2099 3158/2097
f 3158/2097 3155/2099 812/2100 3156/2101
f 3157/2098 3158/2097 3156/2101 811/2102
f 801/2060 3125/2059 3160/2103 3155/2099
f 3125/2059 43/2020 3094/2019 3160/2103
f 3160/2103 3094/2019 793/2016 3159/2104
f 3155/2099 3160/2103 3159/2104 812/2100
f 812/2100 3159/2104 3163/2105 3162/2106
f 3159/2104 793/2016 3091/2015 3163/2105
f 3163/2105 3091/2015 23/2014 3161/2107
f 3162/2106 3163/2105 3161/2107 810/2108
f 811/2102 3156/2101 3166/2109 3165/2110
f 3156/2101 812/2100 3162/2106 3166/2109
f 3166/2109 3162/2106 810/2108 3164/2111
f 3165/2110 3166/2109 3164/2111 73/2112
f 71/2096 3152/2095 3170/2113 3169/2114
f 3152/2095 807/2092 3167/2115 3170/2113
f 3170/2113 3167/2115 815/2116 3168/2117
f 3169/2114 3170/2113 3168/2117 814/2118
f 807/2092 3149/2091 3172/2119 3167/2115
f 3149/2091 74/2064 3157/2098 3172/2119
f 3172/2119 3157/2098 811/2102 3171/2120
f 3167/2115 3172/2119 3171/2120 815/2116
f 815/2116 3171/2120 3175/2121 3174/2122
f 3171/2120 811/2102 3165/2110 3175/2121
f 3175/2121 3165/2110 73/2112 3173/2123
f 3174/2122 3175/2121 3173/2123 813/2124
f 814/2118 3168/2117 3178/2125 3177/2126
f 3168/2117 815/2116 3174/2122 3178/2125
f 3178/2125 3174/2122 813/2124 3176/2127
f 3177/2126 3178/2125 3176/2127 68/2128
f 91/1207 3179/2129 3182/2130 2507/1208
f 3179/2129 816/2131 3180/2132 3182/2130
f 3182/2130 3180/2132 819/2133 3181/2134
f 2507/1208 3182/2130 3181/2134 636/1209
f 816/2131 3183/2135 3186/2136 3180/2132
f 3183/2135 90/2137 3184/2138 3186/2136
f 3186/2136 3184/2138 817/2139 3185/2140
f 3180/2132 3186/2136 3185/2140 819/2133
f 819/2133 3185/2140 3190/2141 3189/2142
f 3185/2140 817/2139 3187/2143 3190/2141
f 3190/2141 3187/2143 100/2144 3188/2145
f 3189/2142 3190/2141 3188/2145 818/2146
f 636/1209 3181/2134 3192/2147 2510/1212
f 3181/2134 819/2133 3189/2142 3192/2147
f 3192/2147 3189/2142 818/2146 3191/2148
f 2510/1212 3192/2147 3191/2148 103/1213
f 103/1213 3191/2148 3196/2149 3195/2150
f 3191/2148 818/2146 3193/2151 3196/2149
f 3196/2149 3193/2151 823/2152 3194/2153
f 3195/2150 3196/2149 3194/2153 822/2154
f 818/2146 3188/2145 3199/2155 3193/2151
f 3188/2145 100/2144 3197/2156 3199/2155
f 3199/2155 3197/2156 820/2157 3198/2158
f 3193/2151 3199/2155 3198/2158 823/2152
f 823/2152 3198/2158 3203/2159 3202/2160
f 3198/2158 820/2157 3200/2161 3203/2159
f 3203/2159 3200/2161 101/2162 3201/2163
f 3202/2160 3203/2159 3201/2163 821/2164
f 822/2154 3194/2153 3206/2165 3205/2166
f 3194/2153 823/2152 3202/2160 3206/2165
f 3206/2165 3202/2160 821/2164 3204/2167
f 3205/2166 3206/2165 3204/2167 102/2168
f 13/2065 3207/2169 3210/2170 3131/2066
f 3207/2169 824/2171 3208/2172 3210/2170
f 3210/2170 3208/2172 825/2173 3209/2174
f 3131/2066 3210/2170 3209/2174 804/2069
f 824/2171 3211/2175 3213/2176 3208/2172
f 3211/2175 90/2137 3183/2135 3213/2176
f 3213/2176 3183/2135 816/2131 3212/2177
f 3208/2172 3213/2176 3212/2177 825/2173
f 825/2173 3212/2177 3215/2178 3214/2179
f 3212/2177 816/2131 3179/2129 3215/2178
f 3215/2178 3179/2129 91/1207 2523/1229
f 3214/2179 3215/2178 2523/1229 640/1227
f 804/2069 3209/2174 3216/2180 3136/2074
f 3209/2174 825/2173 3214/2179 3216/2180
f 3216/2180 3214/2179 640/1227 2520/1226
f 3136/2074 3216/2180 2520/1226 89/1225
f 13/2065 3145/2082 3220/2181 3219/2182
f 3145/2082 808/2086 3217/2183 3220/2181
f 3220/2181 3217/2183 829/2184 3218/2185
f 3219/2182 3220/2181 3218/2185 828/2186
f 808/2086 3153/2094 3223/2187 3217/2183
f 3153/2094 71/2096 3221/2188 3223/2187
f 3223/2187 3221/2188 826/2189 3222/2190
f 3217/2183 3223/2187 3222/2190 829/2184
f 829/2184 3222/2190 3227/2191 3226/2192
f 3222/2190 826/2189 3224/2193 3227/2191
f 3227/2191 3224/2193 69/2194 3225/2195
f 3226/2192 3227/2191 3225/2195 827/2196
f 828/2186 3218/2185 3230/2197 3229/2198
f 3218/2185 829/2184 3226/2192 3230/2197
f 3230/2197 3226/2192 827/2196 3228/2199
f 3229/2198 3230/2197 3228/2199 12/2200
f 13/2065 3219/2182 3233/2201 3207/2169
f 3219/2182 828/2186 3231/2202 3233/2201
f 3233/2201 3231/2202 832/2203 3232/2204
f 3207/2169 3233/2201 3232/2204 824/2171
f 828/2186 3229/2198 3236/2205 3231/2202
f 3229/2198 12/2200 3234/2206 3236/2205
f 3236/2205 3234/2206 830/2207 3235/2208
f 3231/2202 3236/2205 3235/2208 832/2203
f 832/2203 3235/2208 3240/2209 3239/2210
f 3235/2208 830/2207 3237/2211 3240/2209
f 3240/2209 3237/2211 88/2212 3238/2213
f 3239/2210 3240/2209 3238/2213 831/2214
f 824/2171 3232/2204 3242/2215 3211/2175
f 3232/2204 832/2203 3239/2210 3242/2215
f 3242/2215 3239/2210 831/2214 3241/2216
f 3211/2175 3242/2215 3241/2216 90/2137
f 69/2194 3224/2193 3246/2217 3245/2218
f 3224/2193 826/2189 3243/2219 3246/2217
f 3246/2217 3243/2219 835/2220 3244/2221
f 3245/2218 3246/2217 3244/2221 834/2222
f 826/2189 3221/2188 3248/2223 3243/2219
f 3221/2188 71/2096 3169/2114 3248/2223
f 3248/2223 3169/2114 814/2118 3247/2224
f 3243/2219 3248/2223 3247/2224 835/2220
f 835/2220 3247/2224 3251/2225 3250/2226
f 3247/2224 814/2118 3177/2126 3251/2225
f 3251/2225 3177/2126 68/2128 3249/2227
f 3250/2226 3251/2225 3249/2227 833/2228
f 834/2222 3244/2221 3254/2229 3253/2230
f 3244/2221 835/2220 3250/2226 3254/2229
f 3254/2229 3250/2226 833/2228 3252/2231
f 3253/2230 3254/2229 3252/2231 70/2232
f 66/2233 3255/2234 3259/2235 3258/2236
f 3255/2234 836/2237 3256/2238 3259/2235
f 3259/2235 3256/2238 839/2239 3257/2240
f 3258/2236 3259/2235 3257/2240 838/2241
f 836/2237 3260/2242 3263/2243 3256/2238
f 3260/2242 67/2244 3261/2245 3263/2243
f 3263/2243 3261/2245 837/2246 3262/2247
f 3256/2238 3263/2243 3262/2247 839/2239
f 839/2239 3262/2247 3266/2248 3265/2249
f 3262/2247 837/2246 3264/2250 3266/2248
f 3266/2248 3264/2250 16/1993 3075/1991
f 3265/2249 3266/2248 3075/1991 789/1987
f 838/2241 3257/2240 3268/2251 3267/2252
f 3257/2240 839/2239 3265/2249 3268/2251
f 3268/2251 3265/2249 789/1987 3071/1985
f 3267/2252 3268/2251 3071/1985 14/1960
f 69/2194 3245/2218 3272/2253 3271/2254
f 3245/2218 834/2222 3269/2255 3272/2253
f 3272/2253 3269/2255 842/2256 3270/2257
f 3271/2254 3272/2253 3270/2257 841/2258
f 834/2222 3253/2230 3275/2259 3269/2255
f 3253/2230 70/2232 3273/2260 3275/2259
f 3275/2259 3273/2260 840/2261 3274/2262
f 3269/2255 3275/2259 3274/2262 842/2256
f 842/2256 3274/2262 3278/2263 3277/2264
f 3274/2262 840/2261 3276/2265 3278/2263
f 3278/2263 3276/2265 67/2244 3260/2242
f 3277/2264 3278/2263 3260/2242 836/2237
f 841/2258 3270/2257 3280/2266 3279/2267
f 3270/2257 842/2256 3277/2264 3280/2266
f 3280/2266 3277/2264 836/2237 3255/2234
f 3279/2267 3280/2266 3255/2234 66/2233
f 11/2268 3281/2269 3285/2270 3284/2271
f 3281/2269 843/2272 3282/2273 3285/2270
f 3285/2270 3282/2273 845/2274 3283/2275
f 3284/2271 3285/2270 3283/2275 844/2276
f 843/2272 3286/2277 3288/2278 3282/2273
f 3286/2277 66/2233 3258/2236 3288/2278
f 3288/2278 3258/2236 838/2241 3287/2279
f 3282/2273 3288/2278 3287/2279 845/2274
f 845/2274 3287/2279 3290/2280 3289/2281
f 3287/2279 838/2241 3267/2252 3290/2280
f 3290/2280 3267/2252 14/1960 3050/1958
f 3289/2281 3290/2280 3050/1958 782/1953
f 844/2276 3283/2275 3292/2282 3291/2283
f 3283/2275 845/2274 3289/2281 3292/2282
f 3292/2282 3289/2281 782/1953 3045/1950
f 3291/2283 3292/2282 3045/1950 65/1949
f 87/2284 3293/2285 3297/2286 3296/2287
f 3293/2285 846/2288 3294/2289 3297/2286
f 3297/2286 3294/2289 848/2290 3295/2291
f 3296/2287 3297/2286 3295/2291 847/2292
f 846/2288 3298/2293 3300/2294 3294/2289
f 3298/2293 11/2268 3284/2271 3300/2294
f 3300/2294 3284/2271 844/2276 3299/2295
f 3294/2289 3300/2294 3299/2295 848/2290
f 848/2290 3299/2295 3302/2296 3301/2297
f 3299/2295 844/2276 3291/2283 3302/2296
f 3302/2296 3291/2283 65/1949 3064/1978
f 3301/2297 3302/2296 3064/1978 786/1973
f 847/2292 3295/2291 3304/2298 3303/2299
f 3295/2291 848/2290 3301/2297 3304/2298
f 3304/2298 3301/2297 786/1973 3059/1970
f 3303/2299 3304/2298 3059/1970 1/1969
f 66/2233 3286/2277 3307/2300 3279/2267
f 3286/2277 843/2272 3305/2301 3307/2300
f 3307/2300 3305/2301 850/2302 3306/2303
f 3279/2267 3307/2300 3306/2303 841/2258
f 843/2272 3281/2269 3310/2304 3305/2301
f 3281/2269 11/2268 3308/2305 3310/2304
f 3310/2304 3308/2305 849/2306 3309/2307
f 3305/2301 3310/2304 3309/2307 850/2302
f 850/2302 3309/2307 3313/2308 3312/2309
f 3309/2307 849/2306 3311/2310 3313/2308
f 3313/2308 3311/2310 12/2200 3228/2199
f 3312/2309 3313/2308 3228/2199 827/2196
f 841/2258 3306/2303 3314/2311 3271/2254
f 3306/2303 850/2302 3312/2309 3314/2311
f 3314/2311 3312/2309 827/2196 3225/2195
f 3271/2254 3314/2311 3225/2195 69/2194
f 87/2284 3315/2312 3318/2313 3293/2285
f 3315/2312 851/2314 3316/2315 3318/2313
f 3318/2313 3316/2315 852/2316 3317/2317
f 3293/2285 3318/2313 3317/2317 846/2288
f 851/2314 3319/2318 3321/2319 3316/2315
f 3319/2318 88/2212 3237/2211 3321/2319
f 3321/2319 3237/2211 830/2207 3320/2320
f 3316/2315 3321/2319 3320/2320 852/2316
f 852/2316 3320/2320 3323/2321 3322/2322
f 3320/2320 830/2207 3234/2206 3323/2321
f 3323/2321 3234/2206 12/2200 3311/2310
f 3322/2322 3323/2321 3311/2310 849/2306
f 846/2288 3317/2317 3324/2323 3298/2293
f 3317/2317 852/2316 3322/2322 3324/2323
f 3324/2323 3322/2322 849/2306 3308/2305
f 3298/2293 3324/2323 3308/2305 11/2268
f 92/2324 3325/2325 3329/2326 3328/2327
f 3325/2325 853/2328 3326/2329 3329/2326
f 3329/2326 3326/2329 855/2330 3327/2331
f 3328/2327 3329/2326 3327/2331 854/2332
f 853/2328 3330/2333 3332/2334 3326/2329
f 3330/2333 100/2144 3187/2143 3332/2334
f 3332/2334 3187/2143 817/2139 3331/2335
f 3326/2329 3332/2334 3331/2335 855/2330
f 855/2330 3331/2335 3334/2336 3333/2337
f 3331/2335 817/2139 3184/2138 3334/2336
f 3334/2336 3184/2138 90/2137 3241/2216
f 3333/2337 3334/2336 3241/2216 831/2214
f 854/2332 3327/2331 3336/2338 3335/2339
f 3327/2331 855/2330 3333/2337 3336/2338
f 3336/2338 3333/2337 831/2214 3238/2213
f 3335/2339 3336/2338 3238/2213 88/2212
f 78/2340 3337/2341 3341/2342 3340/2343
f 3337/2341 856/2344 3338/2345 3341/2342
f 3341/2342 3338/2345 858/2346 3339/2347
f 3340/2343 3341/2342 3339/2347 857/2348
f 856/2344 3342/2349 3344/2350 3338/2345
f 3342/2349 92/2324 3328/2327 3344/2350
f 3344/2350 3328/2327 854/2332 3343/2351
f 3338/2345 3344/2350 3343/2351 858/2346
f 858/2346 3343/2351 3346/2352 3345/2353
f 3343/2351 854/2332 3335/2339 3346/2352
f 3346/2352 3335/2339 88/2212 3319/2318
f 3345/2353 3346/2352 3319/2318 851/2314
f 857/2348 3339/2347 3348/2354 3347/2355
f 3339/2347 858/2346 3345/2353 3348/2354
f 3348/2354 3345/2353 851/2314 3315/2312
f 3347/2355 3348/2354 3315/2312 87/2284
f 92/2324 3349/2356 3352/2357 3325/2325
f 3349/2356 859/2358 3350/2359 3352/2357
f 3352/2357 3350/2359 861/2360 3351/2361
f 3325/2325 3352/2357 3351/2361 853/2328
f 859/2358 3353/2362 3356/2363 3350/2359
f 3353/2362 97/2364 3354/2365 3356/2363
f 3356/2363 3354/2365 860/2366 3355/2367
f 3350/2359 3356/2363 3355/2367 861/2360
f 861/2360 3355/2367 3359/2368 3358/2369
f 3355/2367 860/2366 3357/2370 3359/2368
f 3359/2368 3357/2370 101/2162 3200/2161
f 3358/2369 3359/2368 3200/2161 820/2157
f 853/2328 3351/2361 3360/2371 3330/2333
f 3351/2361 861/2360 3358/2369 3360/2371
f 3360/2371 3358/2369 820/2157 3197/2156
f 3330/2333 3360/2371 3197/2156 100/2144
f 102/2168 3204/2167 3364/2372 3363/2373
f 3204/2167 821/2164 3361/2374 3364/2372
f 3364/2372 3361/2374 865/2375 3362/2376
f 3363/2373 3364/2372 3362/2376 864/2377
f 821/2164 3201/2163 3367/2378 3361/2374
f 3201/2163 101/2162 3365/2379 3367/2378
f 3367/2378 3365/2379 862/2380 3366/2381
f 3361/2374 3367/2378 3366/2381 865/2375
f 865/2375 3366/2381 3371/2382 3370/2383
f 3366/2381 862/2380 3368/2384 3371/2382
f 3371/2382 3368/2384 99/2385 3369/2386
f 3370/2383 3371/2382 3369/2386 863/2387
f 864/2377 3362/2376 3374/2388 3373/2389
f 3362/2376 865/2375 3370/2383 3374/2388
f 3374/2388 3370/2383 863/2387 3372/2390
f 3373/2389 3374/2388 3372/2390 104/2391
f 97/2364 3375/2392 3378/2393 3354/2365
f 3375/2392 866/2394 3376/2395 3378/2393
f 3378/2393 3376/2395 868/2396 3377/2397
f 3354/2365 3378/2393 3377/2397 860/2366
f 866/2394 3379/2398 3382/2399 3376/2395
f 3379/2398 98/2400 3380/2401 3382/2399
f 3382/2399 3380/2401 867/2402 3381/2403
f 3376/2395 3382/2399 3381/2403 868/2396
f 868/2396 3381/2403 3385/2404 3384/2405
f 3381/2403 867/2402 3383/2406 3385/2404
f 3385/2404 3383/2406 99/2385 3368/2384
f 3384/2405 3385/2404 3368/2384 862/2380
f 860/2366 3377/2397 3386/2407 3357/2370
f 3377/2397 868/2396 3384/2405 3386/2407
f 3386/2407 3384/2405 862/2380 3365/2379
f 3357/2370 3386/2407 3365/2379 101/2162
f 106/2408 3387/2409 3391/2410 3390/2411
f 3387/2409 869/2412 3388/2413 3391/2410
f 3391/2410 3388/2413 873/2414 3389/2415
f 3390/2411 3391/2410 3389/2415 872/2416
f 869/2412 3392/2417 3395/2418 3388/2413
f 3392/2417 105/2419 3393/2420 3395/2418
f 3395/2418 3393/2420 870/2421 3394/2422
f 3388/2413 3395/2418 3394/2422 873/2414
f 873/2414 3394/2422 3399/2423 3398/2424
f 3394/2422 870/2421 3396/2425 3399/2423
f 3399/2423 3396/2425 96/2426 3397/2427
f 3398/2424 3399/2423 3397/2427 871/2428
f 872/2416 3389/2415 3402/2429 3401/2430
f 3389/2415 873/2414 3398/2424 3402/2429
f 3402/2429 3398/2424 871/2428 3400/2431
f 3401/2430 3402/2429 3400/2431 307/1187
f 93/1193 2496/1192 3406/2432 3405/2433
f 2496/1192 632/1189 3403/2434 3406/2432
f 3406/2432 3403/2434 876/2435 3404/2436
f 3405/2433 3406/2432 3404/2436 875/2437
f 632/1189 2493/1188 3408/2438 3403/2434
f 2493/1188 307/1187 3400/2431 3408/2438
f 3408/2438 3400/2431 871/2428 3407/2439
f 3403/2434 3408/2438 3407/2439 876/2435
f 876/2435 3407/2439 3411/2440 3410/2441
f 3407/2439 871/2428 3397/2427 3411/2440
f 3411/2440 3397/2427 96/2426 3409/2442
f 3410/2441 3411/2440 3409/2442 874/2443
f 875/2437 3404/2436 3414/2444 3413/2445
f 3404/2436 876/2435 3410/2441 3414/2444
f 3414/2444 3410/2441 874/2443 3412/2446
f 3413/2445 3414/2444 3412/2446 95/2447
f 92/2324 3415/2448 3418/2449 3349/2356
f 3415/2448 877/2450 3416/2451 3418/2449
f 3418/2449 3416/2451 879/2452 3417/2453
f 3349/2356 3418/2449 3417/2453 859/2358
f 877/2450 3419/2454 3421/2455 3416/2451
f 3419/2454 94/1173 2487/1175 3421/2455
f 3421/2455 2487/1175 633/1179 3420/2456
f 3416/2451 3421/2455 3420/2456 879/2452
f 879/2452 3420/2456 3424/2457 3423/2458
f 3420/2456 633/1179 2497/1191 3424/2457
f 3424/2457 2497/1191 93/1193 3422/2459
f 3423/2458 3424/2457 3422/2459 878/2460
f 859/2358 3417/2453 3426/2461 3353/2362
f 3417/2453 879/2452 3423/2458 3426/2461
f 3426/2461 3423/2458 878/2460 3425/2462
f 3353/2362 3426/2461 3425/2462 97/2364
f 93/1193 3405/2433 3429/2463 3422/2459
f 3405/2433 875/2437 3427/2464 3429/2463
f 3429/2463 3427/2464 881/2465 3428/2466
f 3422/2459 3429/2463 3428/2466 878/2460
f 875/2437 3413/2445 3432/2467 3427/2464
f 3413/2445 95/2447 3430/2468 3432/2467
f 3432/2467 3430/2468 880/2469 3431/2470
f 3427/2464 3432/2467 3431/2470 881/2465
f 881/2465 3431/2470 3435/2471 3434/2472
f 3431/2470 880/2469 3433/2473 3435/2471
f 3435/2471 3433/2473 98/2400 3379/2398
f 3434/2472 3435/2471 3379/2398 866/2394
f 878/2460 3428/2466 3436/2474 3425/2462
f 3428/2466 881/2465 3434/2472 3436/2474
f 3436/2474 3434/2472 866/2394 3375/2392
f 3425/2462 3436/2474 3375/2392 97/2364
f 309/1157 2475/1159 3440/2475 3439/2476
f 2475/1159 629/1163 3437/2477 3440/2475
f 3440/2475 3437/2477 885/2478 3438/2479
f 3439/2476 3440/2475 3438/2479 884/2480
f 629/1163 2483/1171 3443/2481 3437/2477
f 2483/1171 94/1173 3441/2482 3443/2481
f 3443/2481 3441/2482 882/2483 3442/2484
f 3437/2477 3443/2481 3442/2484 885/2478
f 885/2478 3442/2484 3447/2485 3446/2486
f 3442/2484 882/2483 3444/2487 3447/2485
f 3447/2485 3444/2487 80/2488 3445/2489
f 3446/2486 3447/2485 3445/2489 883/2490
f 884/2480 3438/2479 3450/2491 3449/2492
f 3438/2479 885/2478 3446/2486 3450/2491
f 3450/2491 3446/2486 883/2490 3448/2493
f 3449/2492 3450/2491 3448/2493 298/2494
f 94/1173 3419/2454 3453/2495 3441/2482
f 3419/2454 877/2450 3451/2496 3453/2495
f 3453/2495 3451/2496 887/2497 3452/2498
f 3441/2482 3453/2495 3452/2498 882/2483
f 877/2450 3415/2448 3455/2499 3451/2496
f 3415/2448 92/2324 3342/2349 3455/2499
f 3455/2499 3342/2349 856/2344 3454/2500
f 3451/2496 3455/2499 3454/2500 887/2497
f 887/2497 3454/2500 3458/2501 3457/2502
f 3454/2500 856/2344 3337/2341 3458/2501
f 3458/2501 3337/2341 78/2340 3456/2503
f 3457/2502 3458/2501 3456/2503 886/2504
f 882/2483 3452/2498 3460/2505 3444/2487
f 3452/2498 887/2497 3457/2502 3460/2505
f 3460/2505 3457/2502 886/2504 3459/2506
f 3444/2487 3460/2505 3459/2506 80/2488
f 299/2507 3461/2508 3465/2509 3464/2510
f 3461/2508 888/2511 3462/2512 3465/2509
f 3465/2509 3462/2512 890/2513 3463/2514
f 3464/2510 3465/2509 3463/2514 889/2515
f 888/2511 3466/2516 3468/2517 3462/2512
f 3466/2516 312/1141 2463/1143 3468/2517
f 3468/2517 2463/1143 626/1147 3467/2518
f 3462/2512 3468/2517 3467/2518 890/2513
f 890/2513 3467/2518 3470/2519 3469/2520
f 3467/2518 626/1147 2471/1155 3470/2519
f 3470/2519 2471/1155 309/1157 3439/2476
f 3469/2520 3470/2519 3439/2476 884/2480
f 889/2515 3463/2514 3472/2521 3471/2522
f 3463/2514 890/2513 3469/2520 3472/2521
f 3472/2521 3469/2520 884/2480 3449/2492
f 3471/2522 3472/2521 3449/2492 298/2494
f 312/1141 3466/2516 3475/2523 2459/1139
f 3466/2516 888/2511 3473/2524 3475/2523
f 3475/2523 3473/2524 893/2525 3474/2526
f 2459/1139 3475/2523 3474/2526 623/1131
f 888/2511 3461/2508 3478/2527 3473/2524
f 3461/2508 299/2507 3476/2528 3478/2527
f 3478/2527 3476/2528 891/2529 3477/2530
f 3473/2524 3478/2527 3477/2530 893/2525
f 893/2525 3477/2530 3482/2531 3481/2532
f 3477/2530 891/2529 3479/2533 3482/2531
f 3482/2531 3479/2533 306/2534 3480/2535
f 3481/2532 3482/2531 3480/2535 892/2536
f 623/1131 3474/2526 3484/2537 2451/1127
f 3474/2526 893/2525 3481/2532 3484/2537
f 3484/2537 3481/2532 892/2536 3483/2538
f 2451/1127 3484/2537 3483/2538 318/1114
f 306/2534 3485/2539 3488/2540 3480/2535
f 3485/2539 894/2541 3486/2542 3488/2540
f 3488/2540 3486/2542 896/2543 3487/2544
f 3480/2535 3488/2540 3487/2544 892/2536
f 894/2541 3489/2545 3492/2546 3486/2542
f 3489/2545 319/2547 3490/2548 3492/2546
f 3492/2546 3490/2548 895/2549 3491/2550
f 3486/2542 3492/2546 3491/2550 896/2543
f 896/2543 3491/2550 3495/2551 3494/2552
f 3491/2550 895/2549 3493/2553 3495/2551
f 3495/2551 3493/2553 320/1121 2443/1120
f 3494/2552 3495/2551 2443/1120 619/1116
f 892/2536 3487/2544 3496/2554 3483/2538
f 3487/2544 896/2543 3494/2552 3496/2554
f 3496/2554 3494/2552 619/1116 2440/1115
f 3483/2538 3496/2554 2440/1115 318/1114
f 319/2547 3489/2545 3500/2555 3499/2556
f 3489/2545 894/2541 3497/2557 3500/2555
f 3500/2555 3497/2557 900/2558 3498/2559
f 3499/2556 3500/2555 3498/2559 899/2560
f 894/2541 3485/2539 3503/2561 3497/2557
f 3485/2539 306/2534 3501/2562 3503/2561
f 3503/2561 3501/2562 897/2563 3502/2564
f 3497/2557 3503/2561 3502/2564 900/2558
f 900/2558 3502/2564 3507/2565 3506/2566
f 3502/2564 897/2563 3504/2567 3507/2565
f 3507/2565 3504/2567 304/2568 3505/2569
f 3506/2566 3507/2565 3505/2569 898/2570
f 899/2560 3498/2559 3510/2571 3509/2572
f 3498/2559 900/2558 3506/2566 3510/2571
f 3510/2571 3506/2566 898/2570 3508/2573
f 3509/2572 3510/2571 3508/2573 305/2574
f 306/2534 3479/2533 3513/2575 3501/2562
f 3479/2533 891/2529 3511/2576 3513/2575
f 3513/2575 3511/2576 903/2577 3512/2578
f 3501/2562 3513/2575 3512/2578 897/2563
f 891/2529 3476/2528 3516/2579 3511/2576
f 3476/2528 299/2507 3514/2580 3516/2579
f 3516/2579 3514/2580 901/2581 3515/2582
f 3511/2576 3516/2579 3515/2582 903/2577
f 903/2577 3515/2582 3520/2583 3519/2584
f 3515/2582 901/2581 3517/2585 3520/2583
f 3520/2583 3517/2585 302/2586 3518/2587
f 3519/2584 3520/2583 3518/2587 902/2588
f 897/2563 3512/2578 3522/2589 3504/2567
f 3512/2578 903/2577 3519/2584 3522/2589
f 3522/2589 3519/2584 902/2588 3521/2590
f 3504/2567 3522/2589 3521/2590 304/2568
f 299/2507 3464/2510 3525/2591 3514/2580
f 3464/2510 889/2515 3523/2592 3525/2591
f 3525/2591 3523/2592 906/2593 3524/2594
f 3514/2580 3525/2591 3524/2594 901/2581
f 889/2515 3471/2522 3528/2595 3523/2592
f 3471/2522 298/2494 3526/2596 3528/2595
f 3528/2595 3526/2596 904/2597 3527/2598
f 3523/2592 3528/2595 3527/2598 906/2593
f 906/2593 3527/2598 3532/2599 3531/2600
f 3527/2598 904/2597 3529/2601 3532/2599
f 3532/2599 3529/2601 297/2602 3530/2603
f 3531/2600 3532/2599 3530/2603 905/2604
f 901/2581 3524/2594 3534/2605 3517/2585
f 3524/2594 906/2593 3531/2600 3534/2605
f 3534/2605 3531/2600 905/2604 3533/2606
f 3517/2585 3534/2605 3533/2606 302/2586
f 79/2607 3535/2608 3539/2609 3538/2610
f 3535/2608 907/2611 3536/2612 3539/2609
f 3539/2609 3536/2612 909/2613 3537/2614
f 3538/2610 3539/2609 3537/2614 908/2615
f 907/2611 3540/2616 3542/2617 3536/2612
f 3540/2616 297/2602 3529/2601 3542/2617
f 3542/2617 3529/2601 904/2597 3541/2618
f 3536/2612 3542/2617 3541/2618 909/2613
f 909/2613 3541/2618 3544/2619 3543/2620
f 3541/2618 904/2597 3526/2596 3544/2619
f 3544/2619 3526/2596 298/2494 3448/2493
f 3543/2620 3544/2619 3448/2493 883/2490
f 908/2615 3537/2614 3546/2621 3545/2622
f 3537/2614 909/2613 3543/2620 3546/2621
f 3546/2621 3543/2620 883/2490 3445/2489
f 3545/2622 3546/2621 3445/2489 80/2488
f 80/2488 3459/2506 3549/2623 3545/2622
f 3459/2506 886/2504 3547/2624 3549/2623
f 3549/2623 3547/2624 912/2625 3548/2626
f 3545/2622 3549/2623 3548/2626 908/2615
f 886/2504 3456/2503 3552/2627 3547/2624
f 3456/2503 78/2340 3550/2628 3552/2627
f 3552/2627 3550/2628 910/2629 3551/2630
f 3547/2624 3552/2627 3551/2630 912/2625
f 912/2625 3551/2630 3556/2631 3555/2632
f 3551/2630 910/2629 3553/2633 3556/2631
f 3556/2631 3553/2633 77/2634 3554/2635
f 3555/2632 3556/2631 3554/2635 911/2636
f 908/2615 3548/2626 3558/2637 3538/2610
f 3548/2626 912/2625 3555/2632 3558/2637
f 3558/2637 3555/2632 911/2636 3557/2638
f 3538/2610 3558/2637 3557/2638 79/2607
f 1/1969 3559/2639 3562/2640 3303/2299
f 3559/2639 913/2641 3560/2642 3562/2640
f 3562/2640 3560/2642 914/2643 3561/2644
f 3303/2299 3562/2640 3561/2644 847/2292
f 913/2641 3563/2645 3565/2646 3560/2642
f 3563/2645 77/2634 3553/2633 3565/2646
f 3565/2646 3553/2633 910/2629 3564/2647
f 3560/2642 3565/2646 3564/2647 914/2643
f 914/2643 3564/2647 3567/2648 3566/2649
f 3564/2647 910/2629 3550/2628 3567/2648
f 3567/2648 3550/2628 78/2340 3340/2343
f 3566/2649 3567/2648 3340/2343 857/2348
f 847/2292 3561/2644 3568/2650 3296/2287
f 3561/2644 914/2643 3566/2649 3568/2650
f 3568/2650 3566/2649 857/2348 3347/2355
f 3296/2287 3568/2650 3347/2355 87/2284
f 77/2634 3563/2645 3572/2651 3571/2652
f 3563/2645 913/2641 3569/2653 3572/2651
f 3572/2651 3569/2653 917/2654 3570/2655
f 3571/2652 3572/2651 3570/2655 916/2656
f 913/2641 3559/2639 3574/2657 3569/2653
f 3559/2639 1/1969 3062/1972 3574/2657
f 3574/2657 3062/1972 787/1977 3573/2658
f 3569/2653 3574/2657 3573/2658 917/2654
f 917/2654 3573/2658 3577/2659 3576/2660
f 3573/2658 787/1977 3069/1984 3577/2659
f 3577/2659 3069/1984 10/1933 3575/2661
f 3576/2660 3577/2659 3575/2661 915/2662
f 916/2656 3570/2655 3580/2663 3579/2664
f 3570/2655 917/2654 3576/2660 3580/2663
f 3580/2663 3576/2660 915/2662 3578/2665
f 3579/2664 3580/2663 3578/2665 8/2666
f 8/2666 3581/2667 3584/2668 3579/2664
f 3581/2667 918/2669 3582/2670 3584/2668
f 3584/2668 3582/2670 920/2671 3583/2672
f 3579/2664 3584/2668 3583/2672 916/2656
f 918/2669 3585/2673 3588/2674 3582/2670
f 3585/2673 82/2675 3586/2676 3588/2674
f 3588/2674 3586/2676 919/2677 3587/2678
f 3582/2670 3588/2674 3587/2678 920/2671
f 920/2671 3587/2678 3591/2679 3590/2680
f 3587/2678 919/2677 3589/2681 3591/2679
f 3591/2679 3589/2681 79/2607 3557/2638
f 3590/2680 3591/2679 3557/2638 911/2636
f 916/2656 3583/2672 3592/2682 3571/2652
f 3583/2672 920/2671 3590/2680 3592/2682
f 3592/2682 3590/2680 911/2636 3554/2635
f 3571/2652 3592/2682 3554/2635 77/2634
f 297/2602 3540/2616 3596/2683 3595/2684
f 3540/2616 907/2611 3593/2685 3596/2683
f 3596/2683 3593/2685 923/2686 3594/2687
f 3595/2684 3596/2683 3594/2687 922/2688
f 907/2611 3535/2608 3598/2689 3593/2685
f 3535/2608 79/2607 3589/2681 3598/2689
f 3598/2689 3589/2681 919/2677 3597/2690
f 3593/2685 3598/2689 3597/2690 923/2686
f 923/2686 3597/2690 3601/2691 3600/2692
f 3597/2690 919/2677 3586/2676 3601/2691
f 3601/2691 3586/2676 82/2675 3599/2693
f 3600/2692 3601/2691 3599/2693 921/2694
f 922/2688 3594/2687 3604/2695 3603/2696
f 3594/2687 923/2686 3600/2692 3604/2695
f 3604/2695 3600/2692 921/2694 3602/2697
f 3603/2696 3604/2695 3602/2697 85/2698
f 85/2698 3605/2699 3608/2700 3603/2696
f 3605/2699 924/2701 3606/2702 3608/2700
f 3608/2700 3606/2702 926/2703 3607/2704
f 3603/2696 3608/2700 3607/2704 922/2688
f 924/2701 3609/2705 3612/2706 3606/2702
f 3609/2705 300/2707 3610/2708 3612/2706
f 3612/2706 3610/2708 925/2709 3611/2710
f 3606/2702 3612/2706 3611/2710 926/2703
f 926/2703 3611/2710 3615/2711 3614/2712
f 3611/2710 925/2709 3613/2713 3615/2711
f 3615/2711 3613/2713 302/2586 3533/2606
f 3614/2712 3615/2711 3533/2606 905/2604
f 922/2688 3607/2704 3616/2714 3595/2684
f 3607/2704 926/2703 3614/2712 3616/2714
f 3616/2714 3614/2712 905/2604 3530/2603
f 3595/2684 3616/2714 3530/2603 297/2602
f 304/2568 3521/2590 3620/2715 3619/2716
f 3521/2590 902/2588 3617/2717 3620/2715
f 3620/2715 3617/2717 929/2718 3618/2719
f 3619/2716 3620/2715 3618/2719 928/2720
f 902/2588 3518/2587 3622/2721 3617/2717
f 3518/2587 302/2586 3613/2713 3622/2721
f 3622/2721 3613/2713 925/2709 3621/2722
f 3617/2717 3622/2721 3621/2722 929/2718
f 929/2718 3621/2722 3625/2723 3624/2724
f 3621/2722 925/2709 3610/2708 3625/2723
f 3625/2723 3610/2708 300/2707 3623/2725
f 3624/2724 3625/2723 3623/2725 927/2726
f 928/2720 3618/2719 3628/2727 3627/2728
f 3618/2719 929/2718 3624/2724 3628/2727
f 3628/2727 3624/2724 927/2726 3626/2729
f 3627/2728 3628/2727 3626/2729 301/2730
f 305/2574 3508/2573 3632/2731 3631/2732
f 3508/2573 898/2570 3629/2733 3632/2731
f 3632/2731 3629/2733 932/2734 3630/2735
f 3631/2732 3632/2731 3630/2735 931/2736
f 898/2570 3505/2569 3634/2737 3629/2733
f 3505/2569 304/2568 3619/2716 3634/2737
f 3634/2737 3619/2716 928/2720 3633/2738
f 3629/2733 3634/2737 3633/2738 932/2734
f 932/2734 3633/2738 3637/2739 3636/2740
f 3633/2738 928/2720 3627/2728 3637/2739
f 3637/2739 3627/2728 301/2730 3635/2741
f 3636/2740 3637/2739 3635/2741 930/2742
f 931/2736 3630/2735 3640/2743 3639/2744
f 3630/2735 932/2734 3636/2740 3640/2743
f 3640/2743 3636/2740 930/2742 3638/2745
f 3639/2744 3640/2743 3638/2745 303/2746
f 84/2747 3641/2748 3645/2749 3644/2750
f 3641/2748 933/2751 3642/2752 3645/2749
f 3645/2749 3642/2752 935/2753 3643/2754
f 3644/2750 3645/2749 3643/2754 934/2755
f 933/2751 3646/2756 3648/2757 3642/2752
f 3646/2756 301/2730 3626/2729 3648/2757
f 3648/2757 3626/2729 927/2726 3647/2758
f 3642/2752 3648/2757 3647/2758 935/2753
f 935/2753 3647/2758 3650/2759 3649/2760
f 3647/2758 927/2726 3623/2725 3650/2759
f 3650/2759 3623/2725 300/2707 3609/2705
f 3649/2760 3650/2759 3609/2705 924/2701
f 934/2755 3643/2754 3652/2761 3651/2762
f 3643/2754 935/2753 3649/2760 3652/2761
f 3652/2761 3649/2760 924/2701 3605/2699
f 3651/2762 3652/2761 3605/2699 85/2698
f 86/2763 3653/2764 3657/2765 3656/2766
f 3653/2764 936/2767 3654/2768 3657/2765
f 3657/2765 3654/2768 938/2769 3655/2770
f 3656/2766 3657/2765 3655/2770 937/2771
f 936/2767 3658/2772 3660/2773 3654/2768
f 3658/2772 303/2746 3638/2745 3660/2773
f 3660/2773 3638/2745 930/2742 3659/2774
f 3654/2768 3660/2773 3659/2774 938/2769
f 938/2769 3659/2774 3662/2775 3661/2776
f 3659/2774 930/2742 3635/2741 3662/2775
f 3662/2775 3635/2741 301/2730 3646/2756
f 3661/2776 3662/2775 3646/2756 933/2751
f 937/2771 3655/2770 3664/2777 3663/2778
f 3655/2770 938/2769 3661/2776 3664/2777
f 3664/2777 3661/2776 933/2751 3641/2748
f 3663/2778 3664/2777 3641/2748 84/2747
f 81/2779 3665/2780 3669/2781 3668/2782
f 3665/2780 939/2783 3666/2784 3669/2781
f 3669/2781 3666/2784 941/2785 3667/2786
f 3668/2782 3669/2781 3667/2786 940/2787
f 939/2783 3670/2788 3672/2789 3666/2784
f 3670/2788 84/2747 3644/2750 3672/2789
f 3672/2789 3644/2750 934/2755 3671/2790
f 3666/2784 3672/2789 3671/2790 941/2785
f 941/2785 3671/2790 3674/2791 3673/2792
f 3671/2790 934/2755 3651/2762 3674/2791
f 3674/2791 3651/2762 85/2698 3602/2697
f 3673/2792 3674/2791 3602/2697 921/2694
f 940/2787 3667/2786 3676/2793 3675/2794
f 3667/2786 941/2785 3673/2792 3676/2793
f 3676/2793 3673/2792 921/2694 3599/2693
f 3675/2794 3676/2793 3599/2693 82/2675
f 7/2795 3677/2796 3681/2797 3680/2798
f 3677/2796 942/2799 3678/2800 3681/2797
f 3681/2797 3678/2800 944/2801 3679/2802
f 3680/2798 3681/2797 3679/2802 943/2803
f 942/2799 3682/2804 3684/2805 3678/2800
f 3682/2804 81/2779 3668/2782 3684/2805
f 3684/2805 3668/2782 940/2787 3683/2806
f 3678/2800 3684/2805 3683/2806 944/2801
f 944/2801 3683/2806 3686/2807 3685/2808
f 3683/2806 940/2787 3675/2794 3686/2807
f 3686/2807 3675/2794 82/2675 3585/2673
f 3685/2808 3686/2807 3585/2673 918/2669
f 943/2803 3679/2802 3688/2809 3687/2810
f 3679/2802 944/2801 3685/2808 3688/2809
f 3688/2809 3685/2808 918/2669 3581/2667
f 3687/2810 3688/2809 3581/2667 8/2666
f 8/2666 3578/2665 3691/2811 3687/2810
f 3578/2665 915/2662 3689/2812 3691/2811
f 3691/2811 3689/2812 946/2813 3690/2814
f 3687/2810 3691/2811 3690/2814 943/2803
f 915/2662 3575/2661 3693/2815 3689/2812
f 3575/2661 10/1933 3036/1936 3693/2815
f 3693/2815 3036/1936 780/1941 3692/2816
f 3689/2812 3693/2815 3692/2816 946/2813
f 946/2813 3692/2816 3696/2817 3695/2818
f 3692/2816 780/1941 3043/1948 3696/2817
f 3696/2817 3043/1948 5/1924 3694/2819
f 3695/2818 3696/2817 3694/2819 945/2820
f 943/2803 3690/2814 3698/2821 3680/2798
f 3690/2814 946/2813 3695/2818 3698/2821
f 3698/2821 3695/2818 945/2820 3697/2822
f 3680/2798 3698/2821 3697/2822 7/2795
f 5/1924 3024/1922 3701/2823 3694/2819
f 3024/1922 775/1917 3699/2824 3701/2823
f 3701/2823 3699/2824 949/2825 3700/2826
f 3694/2819 3701/2823 3700/2826 945/2820
f 775/1917 3019/1914 3704/2827 3699/2824
f 3019/1914 6/1913 3702/2828 3704/2827
f 3704/2827 3702/2828 947/2829 3703/2830
f 3699/2824 3704/2827 3703/2830 949/2825
f 949/2825 3703/2830 3708/2831 3707/2832
f 3703/2830 947/2829 3705/2833 3708/2831
f 3708/2831 3705/2833 9/2834 3706/2835
f 3707/2832 3708/2831 3706/2835 948/2836
f 945/2820 3700/2826 3710/2837 3697/2822
f 3700/2826 949/2825 3707/2832 3710/2837
f 3710/2837 3707/2832 948/2836 3709/2838
f 3697/2822 3710/2837 3709/2838 7/2795
f 81/2779 3682/2804 3714/2839 3713/2840
f 3682/2804 942/2799 3711/2841 3714/2839
f 3714/2839 3711/2841 952/2842 3712/2843
f 3713/2840 3714/2839 3712/2843 951/2844
f 942/2799 3677/2796 3716/2845 3711/2841
f 3677/2796 7/2795 3709/2838 3716/2845
f 3716/2845 3709/2838 948/2836 3715/2846
f 3711/2841 3716/2845 3715/2846 952/2842
f 952/2842 3715/2846 3719/2847 3718/2848
f 3715/2846 948/2836 3706/2835 3719/2847
f 3719/2847 3706/2835 9/2834 3717/2849
f 3718/2848 3719/2847 3717/2849 950/2850
f 951/2844 3712/2843 3722/2851 3721/2852
f 3712/2843 952/2842 3718/2848 3722/2851
f 3722/2851 3718/2848 950/2850 3720/2853
f 3721/2852 3722/2851 3720/2853 83/2854
f 83/2854 3723/2855 3726/2856 3721/2852
f 3723/2855 953/2857 3724/2858 3726/2856
f 3726/2856 3724/2858 954/2859 3725/2860
f 3721/2852 3726/2856 3725/2860 951/2844
f 953/2857 3727/2861 3729/2862 3724/2858
f 3727/2861 86/2763 3656/2766 3729/2862
f 3729/2862 3656/2766 937/2771 3728/2863
f 3724/2858 3729/2862 3728/2863 954/2859
f 954/2859 3728/2863 3731/2864 3730/2865
f 3728/2863 937/2771 3663/2778 3731/2864
f 3731/2864 3663/2778 84/2747 3670/2788
f 3730/2865 3731/2864 3670/2788 939/2783
f 951/2844 3725/2860 3732/2866 3713/2840
f 3725/2860 954/2859 3730/2865 3732/2866
f 3732/2866 3730/2865 939/2783 3665/2780
f 3713/2840 3732/2866 3665/2780 81/2779
f 99/2385 3383/2406 3736/2867 3735/2868
f 3383/2406 867/2402 3733/2869 3736/2867
f 3736/2867 3733/2869 956/2870 3734/2871
f 3735/2868 3736/2867 3734/2871 955/2872
f 867/2402 3380/2401 3738/2873 3733/2869
f 3380/2401 98/2400 3433/2473 3738/2873
f 3738/2873 3433/2473 880/2469 3737/2874
f 3733/2869 3738/2873 3737/2874 956/2870
f 956/2870 3737/2874 3740/2875 3739/2876
f 3737/2874 880/2469 3430/2468 3740/2875
f 3740/2875 3430/2468 95/2447 3412/2446
f 3739/2876 3740/2875 3412/2446 874/2443
f 955/2872 3734/2871 3742/2877 3741/2878
f 3734/2871 956/2870 3739/2876 3742/2877
f 3742/2877 3739/2876 874/2443 3409/2442
f 3741/2878 3742/2877 3409/2442 96/2426
f 96/2426 3396/2425 3745/2879 3741/2878
f 3396/2425 870/2421 3743/2880 3745/2879
f 3745/2879 3743/2880 958/2881 3744/2882
f 3741/2878 3745/2879 3744/2882 955/2872
f 870/2421 3393/2420 3748/2883 3743/2880
f 3393/2420 105/2419 3746/2884 3748/2883
f 3748/2883 3746/2884 957/2885 3747/2886
f 3743/2880 3748/2883 3747/2886 958/2881
f 958/2881 3747/2886 3751/2887 3750/2888
f 3747/2886 957/2885 3749/2889 3751/2887
f 3751/2887 3749/2889 104/2391 3372/2390
f 3750/2888 3751/2887 3372/2390 863/2387
f 955/2872 3744/2882 3752/2890 3735/2868
f 3744/2882 958/2881 3750/2888 3752/2890
f 3752/2890 3750/2888 863/2387 3369/2386
f 3735/2868 3752/2890 3369/2386 99/2385
f 105/2419 3392/2417 3755/2891 3746/2884
f 3392/2417 869/2412 3753/2892 3755/2891
f 3755/2891 3753/2892 960/2893 3754/2894
f 3746/2884 3755/2891 3754/2894 957/2885
f 869/2412 3387/2409 3758/2895 3753/2892
f 3387/2409 106/2408 3756/2896 3758/2895
f 3758/2895 3756/2896 959/2897 3757/2898
f 3753/2892 3758/2895 3757/2898 960/2893
f 960/2893 3757/2898 3761/2899 3760/2900
f 3757/2898 959/2897 3759/2901 3761/2899
f 3761/2899 3759/2901 102/2168 3363/2373
f 3760/2900 3761/2899 3363/2373 864/2377
f 957/2885 3754/2894 3762/2902 3749/2889
f 3754/2894 960/2893 3760/2900 3762/2902
f 3762/2902 3760/2900 864/2377 3373/2389
f 3749/2889 3762/2902 3373/2389 104/2391
f 56/1550 2771/1567 3765/2903 2805/1617
f 2771/1567 708/1571 3763/2904 3765/2903
f 3765/2903 3763/2904 962/2905 3764/2906
f 2805/1617 3765/2903 3764/2906 715/1606
f 708/1571 2779/1579 3768/2907 3763/2904
f 2779/1579 49/1581 3766/2908 3768/2907
f 3768/2907 3766/2908 961/2909 3767/2910
f 3763/2904 3768/2907 3767/2910 962/2905
f 962/2905 3767/2910 3771/2911 3770/2912
f 3767/2910 961/2909 3769/2913 3771/2911
f 3771/2911 3769/2913 52/1649 2840/1666
f 3770/2912 3771/2911 2840/1666 725/1661
f 715/1606 3764/2906 3772/2914 2796/1601
f 3764/2906 962/2905 3770/2912 3772/2914
f 3772/2914 3770/2912 725/1661 2835/1658
f 2796/1601 3772/2914 2835/1658 47/1598
f 103/1213 3195/2150 3775/2915 2511/1211
f 3195/2150 822/2154 3773/2916 3775/2915
f 3775/2915 3773/2916 964/2917 3774/2918
f 2511/1211 3775/2915 3774/2918 637/1199
f 822/2154 3205/2166 3777/2919 3773/2916
f 3205/2166 102/2168 3759/2901 3777/2919
f 3777/2919 3759/2901 959/2897 3776/2920
f 3773/2916 3777/2919 3776/2920 964/2917
f 964/2917 3776/2920 3780/2921 3779/2922
f 3776/2920 959/2897 3756/2896 3780/2921
f 3780/2921 3756/2896 106/2408 3778/2923
f 3779/2922 3780/2921 3778/2923 963/2924
f 637/1199 3774/2918 3782/2925 2501/1195
f 3774/2918 964/2917 3779/2922 3782/2925
f 3782/2925 3779/2922 963/2924 3781/2926
f 2501/1195 3782/2925 3781/2926 108/1022
f 108/1022 3781/2926 3785/2927 2402/1063
f 3781/2926 963/2924 3783/2928 3785/2927
f 3785/2927 3783/2928 965/2929 3784/2930
f 2402/1063 3785/2927 3784/2930 609/1064
f 963/2924 3778/2923 3787/2931 3783/2928
f 3778/2923 106/2408 3390/2411 3787/2931
f 3787/2931 3390/2411 872/2416 3786/2932
f 3783/2928 3787/2931 3786/2932 965/2929
f 965/2929 3786/2932 3789/2933 3788/2934
f 3786/2932 872/2416 3401/2430 3789/2933
f 3789/2933 3401/2430 307/1187 2492/1186
f 3788/2934 3789/2933 2492/1186 631/1182
f 609/1064 3784/2930 3790/2935 2405/1068
f 3784/2930 965/2929 3788/2934 3790/2935
f 3790/2935 3788/2934 631/1182 2489/1181
f 2405/1068 3790/2935 2489/1181 308/1069
f 50/1637 2830/1655 3793/2936 2819/1635
f 2830/1655 722/1651 3791/2937 3793/2936
f 3793/2936 3791/2937 966/2938 3792/2939
f 2819/1635 3793/2936 3792/2939 719/1623
f 722/1651 2827/1650 3795/2940 3791/2937
f 2827/1650 52/1649 3769/2913 3795/2940
f 3795/2940 3769/2913 961/2909 3794/2941
f 3791/2937 3795/2940 3794/2941 966/2938
f 966/2938 3794/2941 3797/2942 3796/2943
f 3794/2941 961/2909 3766/2908 3797/2942
f 3797/2942 3766/2908 49/1581 2778/1580
f 3796/2943 3797/2942 2778/1580 707/1577
f 719/1623 3792/2939 3798/2944 2809/1619
f 3792/2939 966/2938 3796/2943 3798/2944
f 3798/2944 3796/2943 707/1577 2775/1576
f 2809/1619 3798/2944 2775/1576 62/1549
f 208/2945 3799/2946 3803/2947 3802/2948
f 3799/2946 967/2949 3800/2950 3803/2947
f 3803/2947 3800/2950 970/2951 3801/2952
f 3802/2948 3803/2947 3801/2952 969/2953
f 967/2949 3804/2954 3807/2955 3800/2950
f 3804/2954 205/2956 3805/2957 3807/2955
f 3807/2955 3805/2957 968/2958 3806/2959
f 3800/2950 3807/2955 3806/2959 970/2951
f 970/2951 3806/2959 3810/2960 3809/2961
f 3806/2959 968/2958 3808/2962 3810/2960
f 3810/2960 3808/2962 211/1389 2638/1388
f 3809/2961 3810/2960 2638/1388 670/1385
f 969/2953 3801/2952 3812/2963 3811/2964
f 3801/2952 970/2951 3809/2961 3812/2963
f 3812/2963 3809/2961 670/1385 2635/1384
f 3811/2964 3812/2963 2635/1384 212/1383
f 205/2956 3804/2954 3816/2965 3815/2966
f 3804/2954 967/2949 3813/2967 3816/2965
f 3816/2965 3813/2967 974/2968 3814/2969
f 3815/2966 3816/2965 3814/2969 973/2970
f 967/2949 3799/2946 3819/2971 3813/2967
f 3799/2946 208/2945 3817/2972 3819/2971
f 3819/2971 3817/2972 971/2973 3818/2974
f 3813/2967 3819/2971 3818/2974 974/2968
f 974/2968 3818/2974 3823/2975 3822/2976
f 3818/2974 971/2973 3820/2977 3823/2975
f 3823/2975 3820/2977 209/2978 3821/2979
f 3822/2976 3823/2975 3821/2979 972/2980
f 973/2970 3814/2969 3826/2981 3825/2982
f 3814/2969 974/2968 3822/2976 3826/2981
f 3826/2981 3822/2976 972/2980 3824/2983
f 3825/2982 3826/2981 3824/2983 206/2984
f 205/2956 3827/2985 3830/2986 3805/2957
f 3827/2985 975/2987 3828/2988 3830/2986
f 3830/2986 3828/2988 977/2989 3829/2990
f 3805/2957 3830/2986 3829/2990 968/2958
f 975/2987 3831/2991 3834/2992 3828/2988
f 3831/2991 202/2993 3832/2994 3834/2992
f 3834/2992 3832/2994 976/2995 3833/2996
f 3828/2988 3834/2992 3833/2996 977/2989
f 977/2989 3833/2996 3837/2997 3836/2998
f 3833/2996 976/2995 3835/2999 3837/2997
f 3837/2997 3835/2999 200/1405 2650/1404
f 3836/2998 3837/2997 2650/1404 673/1401
f 968/2958 3829/2990 3838/3000 3808/2962
f 3829/2990 977/2989 3836/2998 3838/3000
f 3838/3000 3836/2998 673/1401 2647/1400
f 3808/2962 3838/3000 2647/1400 211/1389
f 206/2984 3839/3001 3842/3002 3825/2982
f 3839/3001 978/3003 3840/3004 3842/3002
f 3842/3002 3840/3004 980/3005 3841/3006
f 3825/2982 3842/3002 3841/3006 973/2970
f 978/3003 3843/3007 3846/3008 3840/3004
f 3843/3007 213/3009 3844/3010 3846/3008
f 3846/3008 3844/3010 979/3011 3845/3012
f 3840/3004 3846/3008 3845/3012 980/3005
f 980/3005 3845/3012 3849/3013 3848/3014
f 3845/3012 979/3011 3847/3015 3849/3013
f 3849/3013 3847/3015 202/2993 3831/2991
f 3848/3014 3849/3013 3831/2991 975/2987
f 973/2970 3841/3006 3850/3016 3815/2966
f 3841/3006 980/3005 3848/3014 3850/3016
f 3850/3016 3848/3014 975/2987 3827/2985
f 3815/2966 3850/3016 3827/2985 205/2956
f 207/3017 3851/3018 3855/3019 3854/3020
f 3851/3018 981/3021 3852/3022 3855/3019
f 3855/3019 3852/3022 984/3023 3853/3024
f 3854/3020 3855/3019 3853/3024 983/3025
f 981/3021 3856/3026 3859/3027 3852/3022
f 3856/3026 210/3028 3857/3029 3859/3027
f 3859/3027 3857/3029 982/3030 3858/3031
f 3852/3022 3859/3027 3858/3031 984/3023
f 984/3023 3858/3031 3862/3032 3861/3033
f 3858/3031 982/3030 3860/3034 3862/3032
f 3862/3032 3860/3034 55/1523 2736/1522
f 3861/3033 3862/3032 2736/1522 696/1518
f 983/3025 3853/3024 3864/3035 3863/3036
f 3853/3024 984/3023 3861/3033 3864/3035
f 3864/3035 3861/3033 696/1518 2733/1517
f 3863/3036 3864/3035 2733/1517 64/1509
f 210/3028 3856/3026 3868/3037 3867/3038
f 3856/3026 981/3021 3865/3039 3868/3037
f 3868/3037 3865/3039 987/3040 3866/3041
f 3867/3038 3868/3037 3866/3041 986/3042
f 981/3021 3851/3018 3871/3043 3865/3039
f 3851/3018 207/3017 3869/3044 3871/3043
f 3871/3043 3869/3044 985/3045 3870/3046
f 3865/3039 3871/3043 3870/3046 987/3040
f 987/3040 3870/3046 3874/3047 3873/3048
f 3870/3046 985/3045 3872/3049 3874/3047
f 3874/3047 3872/3049 206/2984 3824/2983
f 3873/3048 3874/3047 3824/2983 972/2980
f 986/3042 3866/3041 3876/3050 3875/3051
f 3866/3041 987/3040 3873/3048 3876/3050
f 3876/3050 3873/3048 972/2980 3821/2979
f 3875/3051 3876/3050 3821/2979 209/2978
f 199/3052 3877/3053 3881/3054 3880/3055
f 3877/3053 988/3056 3878/3057 3881/3054
f 3881/3054 3878/3057 990/3058 3879/3059
f 3880/3055 3881/3054 3879/3059 989/3060
f 988/3056 3882/3061 3884/3062 3878/3057
f 3882/3061 207/3017 3854/3020 3884/3062
f 3884/3062 3854/3020 983/3025 3883/3063
f 3878/3057 3884/3062 3883/3063 990/3058
f 990/3058 3883/3063 3886/3064 3885/3065
f 3883/3063 983/3025 3863/3036 3886/3064
f 3886/3064 3863/3036 64/1509 2726/1508
f 3885/3065 3886/3064 2726/1508 693/1505
f 989/3060 3879/3059 3888/3066 3887/3067
f 3879/3059 990/3058 3885/3065 3888/3066
f 3888/3066 3885/3065 693/1505 2723/1504
f 3887/3067 3888/3066 2723/1504 201/1485
f 207/3017 3882/3061 3891/3068 3869/3044
f 3882/3061 988/3056 3889/3069 3891/3068
f 3891/3068 3889/3069 992/3070 3890/3071
f 3869/3044 3891/3068 3890/3071 985/3045
f 988/3056 3877/3053 3894/3072 3889/3069
f 3877/3053 199/3052 3892/3073 3894/3072
f 3894/3072 3892/3073 991/3074 3893/3075
f 3889/3069 3894/3072 3893/3075 992/3070
f 992/3070 3893/3075 3897/3076 3896/3077
f 3893/3075 991/3074 3895/3078 3897/3076
f 3897/3076 3895/3078 213/3009 3843/3007
f 3896/3077 3897/3076 3843/3007 978/3003
f 985/3045 3890/3071 3898/3079 3872/3049
f 3890/3071 992/3070 3896/3077 3898/3079
f 3898/3079 3896/3077 978/3003 3839/3001
f 3872/3049 3898/3079 3839/3001 206/2984
f 203/3080 3899/3081 3903/3082 3902/3083
f 3899/3081 993/3084 3900/3085 3903/3082
f 3903/3082 3900/3085 995/3086 3901/3087
f 3902/3083 3903/3082 3901/3087 994/3088
f 993/3084 3904/3089 3906/3090 3900/3085
f 3904/3089 199/3052 3880/3055 3906/3090
f 3906/3090 3880/3055 989/3060 3905/3091
f 3900/3085 3906/3090 3905/3091 995/3086
f 995/3086 3905/3091 3908/3092 3907/3093
f 3905/3091 989/3060 3887/3067 3908/3092
f 3908/3092 3887/3067 201/1485 2709/1484
f 3907/3093 3908/3092 2709/1484 689/1480
f 994/3088 3901/3087 3910/3094 3909/3095
f 3901/3087 995/3086 3907/3093 3910/3094
f 3910/3094 3907/3093 689/1480 2706/1479
f 3909/3095 3910/3094 2706/1479 220/1419
f 202/2993 3911/3096 3914/3097 3832/2994
f 3911/3096 996/3098 3912/3099 3914/3097
f 3914/3097 3912/3099 997/3100 3913/3101
f 3832/2994 3914/3097 3913/3101 976/2995
f 996/3098 3915/3102 3917/3103 3912/3099
f 3915/3102 203/3080 3902/3083 3917/3103
f 3917/3103 3902/3083 994/3088 3916/3104
f 3912/3099 3917/3103 3916/3104 997/3100
f 997/3100 3916/3104 3919/3105 3918/3106
f 3916/3104 994/3088 3909/3095 3919/3105
f 3919/3105 3909/3095 220/1419 2660/1418
f 3918/3106 3919/3105 2660/1418 676/1414
f 976/2995 3913/3101 3920/3107 3835/2999
f 3913/3101 997/3100 3918/3106 3920/3107
f 3920/3107 3918/3106 676/1414 2657/1413
f 3835/2999 3920/3107 2657/1413 200/1405
f 199/3052 3904/3089 3923/3108 3892/3073
f 3904/3089 993/3084 3921/3109 3923/3108
f 3923/3108 3921/3109 998/3110 3922/3111
f 3892/3073 3923/3108 3922/3111 991/3074
f 993/3084 3899/3081 3925/3112 3921/3109
f 3899/3081 203/3080 3915/3102 3925/3112
f 3925/3112 3915/3102 996/3098 3924/3113
f 3921/3109 3925/3112 3924/3113 998/3110
f 998/3110 3924/3113 3927/3114 3926/3115
f 3924/3113 996/3098 3911/3096 3927/3114
f 3927/3114 3911/3096 202/2993 3847/3015
f 3926/3115 3927/3114 3847/3015 979/3011
f 991/3074 3922/3111 3928/3116 3895/3078
f 3922/3111 998/3110 3926/3115 3928/3116
f 3928/3116 3926/3115 979/3011 3844/3010
f 3895/3078 3928/3116 3844/3010 213/3009
f 31/3117 3929/3118 3933/3119 3932/3120
f 3929/3118 999/3121 3930/3122 3933/3119
f 3933/3119 3930/3122 1002/3123 3931/3124
f 3932/3120 3933/3119 3931/3124 1001/3125
f 999/3121 3934/3126 3937/3127 3930/3122
f 3934/3126 35/3128 3935/3129 3937/3127
f 3937/3127 3935/3129 1000/3130 3936/3131
f 3930/3122 3937/3127 3936/3131 1002/3123
f 1002/3123 3936/3131 3940/3132 3939/3133
f 3936/3131 1000/3130 3938/3134 3940/3132
f 3940/3132 3938/3134 33/1813 2975/1855
f 3939/3133 3940/3132 2975/1855 762/1851
f 1001/3125 3931/3124 3942/3135 3941/3136
f 3931/3124 1002/3123 3939/3133 3942/3135
f 3942/3135 3939/3133 762/1851 2972/1850
f 3941/3136 3942/3135 2972/1850 29/1849
f 35/3128 3943/3137 3947/3138 3946/3139
f 3943/3137 1003/3140 3944/3141 3947/3138
f 3947/3138 3944/3141 1006/3142 3945/3143
f 3946/3139 3947/3138 3945/3143 1005/3144
f 1003/3140 3948/3145 3951/3146 3944/3141
f 3948/3145 30/3147 3949/3148 3951/3146
f 3951/3146 3949/3148 1004/3149 3950/3150
f 3944/3141 3951/3146 3950/3150 1006/3142
f 1006/3142 3950/3150 3954/3151 3953/3152
f 3950/3150 1004/3149 3952/3153 3954/3151
f 3954/3151 3952/3153 36/1780 2921/1779
f 3953/3152 3954/3151 2921/1779 747/1775
f 1005/3144 3945/3143 3956/3154 3955/3155
f 3945/3143 1006/3142 3953/3152 3956/3154
f 3956/3154 3953/3152 747/1775 2918/1774
f 3955/3155 3956/3154 2918/1774 37/1749
f 30/3147 3957/3156 3960/3157 3949/3148
f 3957/3156 1007/3158 3958/3159 3960/3157
f 3960/3157 3958/3159 1009/3160 3959/3161
f 3949/3148 3960/3157 3959/3161 1004/3149
f 1007/3158 3961/3162 3964/3163 3958/3159
f 3961/3162 24/3164 3962/3165 3964/3163
f 3964/3163 3962/3165 1008/3166 3963/3167
f 3958/3159 3964/3163 3963/3167 1009/3160
f 1009/3160 3963/3167 3967/3168 3966/3169
f 3963/3167 1008/3166 3965/3170 3967/3168
f 3967/3168 3965/3170 23/2014 3090/2013
f 3966/3169 3967/3168 3090/2013 792/2009
f 1004/3149 3959/3161 3968/3171 3952/3153
f 3959/3161 1009/3160 3966/3169 3968/3171
f 3968/3171 3966/3169 792/2009 3087/2008
f 3952/3153 3968/3171 3087/2008 36/1780
f 24/3164 3969/3172 3972/3173 3962/3165
f 3969/3172 1010/3174 3970/3175 3972/3173
f 3972/3173 3970/3175 1012/3176 3971/3177
f 3962/3165 3972/3173 3971/3177 1008/3166
f 1010/3174 3973/3178 3976/3179 3970/3175
f 3973/3178 18/3180 3974/3181 3976/3179
f 3976/3179 3974/3181 1011/3182 3975/3183
f 3970/3175 3976/3179 3975/3183 1012/3176
f 1012/3176 3975/3183 3979/3184 3978/3185
f 3975/3183 1011/3182 3977/3186 3979/3184
f 3979/3184 3977/3186 73/2112 3164/2111
f 3978/3185 3979/3184 3164/2111 810/2108
f 1008/3166 3971/3177 3980/3187 3965/3170
f 3971/3177 1012/3176 3978/3185 3980/3187
f 3980/3187 3978/3185 810/2108 3161/2107
f 3965/3170 3980/3187 3161/2107 23/2014
f 18/3180 3981/3188 3984/3189 3974/3181
f 3981/3188 1013/3190 3982/3191 3984/3189
f 3984/3189 3982/3191 1015/3192 3983/3193
f 3974/3181 3984/3189 3983/3193 1011/3182
f 1013/3190 3985/3194 3988/3195 3982/3191
f 3985/3194 72/3196 3986/3197 3988/3195
f 3988/3195 3986/3197 1014/3198 3987/3199
f 3982/3191 3988/3195 3987/3199 1015/3192
f 1015/3192 3987/3199 3991/3200 3990/3201
f 3987/3199 1014/3198 3989/3202 3991/3200
f 3991/3200 3989/3202 68/2128 3176/2127
f 3990/3201 3991/3200 3176/2127 813/2124
f 1011/3182 3983/3193 3992/3203 3977/3186
f 3983/3193 1015/3192 3990/3201 3992/3203
f 3992/3203 3990/3201 813/2124 3173/2123
f 3977/3186 3992/3203 3173/2123 73/2112
f 19/3204 3993/3205 3997/3206 3996/3207
f 3993/3205 1016/3208 3994/3209 3997/3206
f 3997/3206 3994/3209 1019/3210 3995/3211
f 3996/3207 3997/3206 3995/3211 1018/3212
f 1016/3208 3998/3213 4001/3214 3994/3209
f 3998/3213 20/3215 3999/3216 4001/3214
f 4001/3214 3999/3216 1017/3217 4000/3218
f 3994/3209 4001/3214 4000/3218 1019/3210
f 1019/3210 4000/3218 4004/3219 4003/3220
f 4000/3218 1017/3217 4002/3221 4004/3219
f 4004/3219 4002/3221 17/1908 3079/1999
f 4003/3220 4004/3219 3079/1999 790/1995
f 1018/3212 3995/3211 4006/3222 4005/3223
f 3995/3211 1019/3210 4003/3220 4006/3222
f 4006/3222 4003/3220 790/1995 3076/1994
f 4005/3223 4006/3222 3076/1994 16/1993
f 72/3196 4007/3224 4011/3225 4010/3226
f 4007/3224 1020/3227 4008/3228 4011/3225
f 4011/3225 4008/3228 1022/3229 4009/3230
f 4010/3226 4011/3225 4009/3230 1021/3231
f 1020/3227 4012/3232 4014/3233 4008/3228
f 4012/3232 19/3204 3996/3207 4014/3233
f 4014/3233 3996/3207 1018/3212 4013/3234
f 4008/3228 4014/3233 4013/3234 1022/3229
f 1022/3229 4013/3234 4016/3235 4015/3236
f 4013/3234 1018/3212 4005/3223 4016/3235
f 4016/3235 4005/3223 16/1993 3264/2250
f 4015/3236 4016/3235 3264/2250 837/2246
f 1021/3231 4009/3230 4018/3237 4017/3238
f 4009/3230 1022/3229 4015/3236 4018/3237
f 4018/3237 4015/3236 837/2246 3261/2245
f 4017/3238 4018/3237 3261/2245 67/2244
f 20/3215 4019/3239 4022/3240 3999/3216
f 4019/3239 1023/3241 4020/3242 4022/3240
f 4022/3240 4020/3242 1024/3243 4021/3244
f 3999/3216 4022/3240 4021/3244 1017/3217
f 1023/3241 4023/3245 4025/3246 4020/3242
f 4023/3245 31/3117 3932/3120 4025/3246
f 4025/3246 3932/3120 1001/3125 4024/3247
f 4020/3242 4025/3246 4024/3247 1024/3243
f 1024/3243 4024/3247 4027/3248 4026/3249
f 4024/3247 1001/3125 3941/3136 4027/3248
f 4027/3248 3941/3136 29/1849 3017/1912
f 4026/3249 4027/3248 3017/1912 773/1910
f 1017/3217 4021/3244 4028/3250 4002/3221
f 4021/3244 1024/3243 4026/3249 4028/3250
f 4028/3250 4026/3249 773/1910 3014/1909
f 4002/3221 4028/3250 3014/1909 17/1908
f 34/1768 2949/1819 4031/3251 2913/1766
f 2949/1819 755/1815 4029/3252 4031/3251
f 4031/3251 4029/3252 1025/3253 4030/3254
f 2913/1766 4031/3251 4030/3254 745/1757
f 755/1815 2946/1814 4033/3255 4029/3252
f 2946/1814 33/1813 3938/3134 4033/3255
f 4033/3255 3938/3134 1000/3130 4032/3256
f 4029/3252 4033/3255 4032/3256 1025/3253
f 1025/3253 4032/3256 4035/3257 4034/3258
f 4032/3256 1000/3130 3935/3129 4035/3257
f 4035/3257 3935/3129 35/3128 3946/3139
f 4034/3258 4035/3257 3946/3139 1005/3144
f 745/1757 4030/3254 4036/3259 2904/1752
f 4030/3254 1025/3253 4034/3258 4036/3259
f 4036/3259 4034/3258 1005/3144 3955/3155
f 2904/1752 4036/3259 3955/3155 37/1749
f 72/3196 4010/3226 4039/3260 3986/3197
f 4010/3226 1021/3231 4037/3261 4039/3260
f 4039/3260 4037/3261 1026/3262 4038/3263
f 3986/3197 4039/3260 4038/3263 1014/3198
f 1021/3231 4017/3238 4041/3264 4037/3261
f 4017/3238 67/2244 3276/2265 4041/3264
f 4041/3264 3276/2265 840/2261 4040/3265
f 4037/3261 4041/3264 4040/3265 1026/3262
f 1026/3262 4040/3265 4043/3266 4042/3267
f 4040/3265 840/2261 3273/2260 4043/3266
f 4043/3266 3273/2260 70/2232 3252/2231
f 4042/3267 4043/3266 3252/2231 833/2228
f 1014/3198 4038/3263 4044/3268 3989/3202
f 4038/3263 1026/3262 4042/3267 4044/3268
f 4044/3268 4042/3267 833/2228 3249/2227
f 3989/3202 4044/3268 3249/2227 68/2128
g Group25369
f 21/3269 4045/3270 4049/3271 4048/3272
f 4045/3270 1027/3273 4046/3274 4049/3271
f 4049/3271 4046/3274 1030/3275 4047/3276
f 4048/3272 4049/3271 4047/3276 1029/3277
f 1027/3273 4050/3278 4053/3279 4046/3274
f 4050/3278 32/3280 4051/3281 4053/3279
f 4053/3279 4051/3281 1028/3282 4052/3283
f 4046/3274 4053/3279 4052/3283 1030/3275
f 1030/3275 4052/3283 4056/3284 4055/3285
f 4052/3283 1028/3282 4054/3286 4056/3284
f 4056/3284 4054/3286 31/3117 4023/3245
f 4055/3285 4056/3284 4023/3245 1023/3241
f 1029/3277 4047/3276 4058/3287 4057/3288
f 4047/3276 1030/3275 4055/3285 4058/3287
f 4058/3287 4055/3285 1023/3241 4019/3239
f 4057/3288 4058/3287 4019/3239 20/3215
f 22/3289 4059/3290 4063/3291 4062/3292
f 4059/3290 1031/3293 4060/3294 4063/3291
f 4063/3291 4060/3294 1033/3295 4061/3296
f 4062/3292 4063/3291 4061/3296 1032/3297
f 1031/3293 4064/3298 4066/3299 4060/3294
f 4064/3298 21/3269 4048/3272 4066/3299
f 4066/3299 4048/3272 1029/3277 4065/3300
f 4060/3294 4066/3299 4065/3300 1033/3295
f 1033/3295 4065/3300 4068/3301 4067/3302
f 4065/3300 1029/3277 4057/3288 4068/3301
f 4068/3301 4057/3288 20/3215 3998/3213
f 4067/3302 4068/3301 3998/3213 1016/3208
f 1032/3297 4061/3296 4070/3303 4069/3304
f 4061/3296 1033/3295 4067/3302 4070/3303
f 4070/3303 4067/3302 1016/3208 3993/3205
f 4069/3304 4070/3303 3993/3205 19/3204
f 21/3269 4064/3298 4074/3305 4073/3306
f 4064/3298 1031/3293 4071/3307 4074/3305
f 4074/3305 4071/3307 1036/3308 4072/3309
f 4073/3306 4074/3305 4072/3309 1035/3310
f 1031/3293 4059/3290 4077/3311 4071/3307
f 4059/3290 22/3289 4075/3312 4077/3311
f 4077/3311 4075/3312 1034/3313 4076/3314
f 4071/3307 4077/3311 4076/3314 1036/3308
f 1036/3308 4076/3314 4080/3315 4079/3316
f 4076/3314 1034/3313 4078/3317 4080/3315
f 4080/3315 4078/3317 18/3180 3973/3178
f 4079/3316 4080/3315 3973/3178 1010/3174
f 1035/3310 4072/3309 4082/3318 4081/3319
f 4072/3309 1036/3308 4079/3316 4082/3318
f 4082/3318 4079/3316 1010/3174 3969/3172
f 4081/3319 4082/3318 3969/3172 24/3164
f 32/3280 4050/3278 4086/3320 4085/3321
f 4050/3278 1027/3273 4083/3322 4086/3320
f 4086/3320 4083/3322 1038/3323 4084/3324
f 4085/3321 4086/3320 4084/3324 1037/3325
f 1027/3273 4045/3270 4088/3326 4083/3322
f 4045/3270 21/3269 4073/3306 4088/3326
f 4088/3326 4073/3306 1035/3310 4087/3327
f 4083/3322 4088/3326 4087/3327 1038/3323
f 1038/3323 4087/3327 4090/3328 4089/3329
f 4087/3327 1035/3310 4081/3319 4090/3328
f 4090/3328 4081/3319 24/3164 3961/3162
f 4089/3329 4090/3328 3961/3162 1007/3158
f 1037/3325 4084/3324 4092/3330 4091/3331
f 4084/3324 1038/3323 4089/3329 4092/3330
f 4092/3330 4089/3329 1007/3158 3957/3156
f 4091/3331 4092/3330 3957/3156 30/3147
g ZBrush_defualt_group
f 374/3332 4093/3333 4096/3334 1627/3335
f 4093/3333 1039/3336 4094/3337 4096/3334
f 4096/3334 4094/3337 1042/3338 4095/3339
f 1627/3335 4096/3334 4095/3339 409/3340
f 1039/3336 4097/3341 4100/3342 4094/3337
f 4097/3341 402/3343 4098/3344 4100/3342
f 4100/3342 4098/3344 1040/3345 4099/3346
f 4094/3337 4100/3342 4099/3346 1042/3338
f 1042/3338 4099/3346 4104/3347 4103/3348
f 4099/3346 1040/3345 4101/3349 4104/3347
f 4104/3347 4101/3349 393/3350 4102/3351
f 4103/3348 4104/3347 4102/3351 1041/3352
f 409/3340 4095/3339 4106/3353 1632/3354
f 4095/3339 1042/3338 4103/3348 4106/3353
f 4106/3353 4103/3348 1041/3352 4105/3355
f 1632/3354 4106/3353 4105/3355 363/3356
f 404/3357 4107/3358 4111/3359 4110/3360
f 4107/3358 1043/3361 4108/3362 4111/3359
f 4111/3359 4108/3362 1045/3363 4109/3364
f 4110/3360 4111/3359 4109/3364 1044/3365
f 1043/3361 4112/3366 4114/3367 4108/3362
f 4112/3366 402/3343 4097/3341 4114/3367
f 4114/3367 4097/3341 1039/3336 4113/3368
f 4108/3362 4114/3367 4113/3368 1045/3363
f 1045/3363 4113/3368 4116/3369 4115/3370
f 4113/3368 1039/3336 4093/3333 4116/3369
f 4116/3369 4093/3333 374/3332 1652/3371
f 4115/3370 4116/3369 1652/3371 415/3372
f 1044/3365 4109/3364 4118/3373 4117/3374
f 4109/3364 1045/3363 4115/3370 4118/3373
f 4118/3373 4115/3370 415/3372 1649/3375
f 4117/3374 4118/3373 1649/3375 378/3376
f 402/3343 4119/3377 4122/3378 4098/3344
f 4119/3377 1046/3379 4120/3380 4122/3378
f 4122/3378 4120/3380 1049/3381 4121/3382
f 4098/3344 4122/3378 4121/3382 1040/3345
f 1046/3379 4123/3383 4126/3384 4120/3380
f 4123/3383 406/3385 4124/3386 4126/3384
f 4126/3384 4124/3386 1047/3387 4125/3388
f 4120/3380 4126/3384 4125/3388 1049/3381
f 1049/3381 4125/3388 4130/3389 4129/3390
f 4125/3388 1047/3387 4127/3391 4130/3389
f 4130/3389 4127/3391 398/3392 4128/3393
f 4129/3390 4130/3389 4128/3393 1048/3394
f 1040/3345 4121/3382 4132/3395 4101/3349
f 4121/3382 1049/3381 4129/3390 4132/3395
f 4132/3395 4129/3390 1048/3394 4131/3396
f 4101/3349 4132/3395 4131/3396 393/3350
f 406/3385 4123/3383 4136/3397 4135/3398
f 4123/3383 1046/3379 4133/3399 4136/3397
f 4136/3397 4133/3399 1052/3400 4134/3401
f 4135/3398 4136/3397 4134/3401 1051/3402
f 1046/3379 4119/3377 4138/3403 4133/3399
f 4119/3377 402/3343 4112/3366 4138/3403
f 4138/3403 4112/3366 1043/3361 4137/3404
f 4133/3399 4138/3403 4137/3404 1052/3400
f 1052/3400 4137/3404 4141/3405 4140/3406
f 4137/3404 1043/3361 4107/3358 4141/3405
f 4141/3405 4107/3358 404/3357 4139/3407
f 4140/3406 4141/3405 4139/3407 1050/3408
f 1051/3402 4134/3401 4144/3409 4143/3410
f 4134/3401 1052/3400 4140/3406 4144/3409
f 4144/3409 4140/3406 1050/3408 4142/3411
f 4143/3410 4144/3409 4142/3411 408/3412
f 393/3413 4145/3414 4148/3415 4102/3416
f 4145/3414 1053/3417 4146/3418 4148/3415
f 4148/3415 4146/3418 1055/3419 4147/3420
f 4102/3416 4148/3415 4147/3420 1041/3421
f 1053/3417 4149/3422 4152/3423 4146/3418
f 4149/3422 392/3424 4150/3425 4152/3423
f 4152/3423 4150/3425 1054/3426 4151/3427
f 4146/3418 4152/3423 4151/3427 1055/3419
f 1055/3419 4151/3427 4155/3428 4154/3429
f 4151/3427 1054/3426 4153/3430 4155/3428
f 4155/3428 4153/3430 255/100 1690/99
f 4154/3429 4155/3428 1690/99 425/95
f 1041/3421 4147/3420 4156/3431 4105/3432
f 4147/3420 1055/3419 4154/3429 4156/3431
f 4156/3431 4154/3429 425/95 1687/94
f 4105/3432 4156/3431 1687/94 363/93
f 398/3392 4157/3433 4160/3434 4128/3435
f 4157/3433 1056/3436 4158/3437 4160/3434
f 4160/3434 4158/3437 1058/3438 4159/3439
f 4128/3435 4160/3434 4159/3439 1048/3440
f 1056/3436 4161/3441 4164/3442 4158/3437
f 4161/3441 397/3443 4162/3444 4164/3442
f 4164/3442 4162/3444 1057/3445 4163/3446
f 4158/3437 4164/3442 4163/3446 1058/3438
f 1058/3438 4163/3446 4167/3447 4166/3448
f 4163/3446 1057/3445 4165/3449 4167/3447
f 4167/3447 4165/3449 392/3424 4149/3422
f 4166/3448 4167/3447 4149/3422 1053/3417
f 1048/3440 4159/3439 4168/3450 4131/3451
f 4159/3439 1058/3438 4166/3448 4168/3450
f 4168/3450 4166/3448 1053/3417 4145/3414
f 4131/3451 4168/3450 4145/3414 393/3413
f 392/3424 4169/3452 4172/3453 4150/3425
f 4169/3452 1059/3454 4170/3455 4172/3453
f 4172/3453 4170/3455 1061/3456 4171/3457
f 4150/3425 4172/3453 4171/3457 1054/3426
f 1059/3454 4173/3458 4176/3459 4170/3455
f 4173/3458 293/3460 4174/3461 4176/3459
f 4176/3459 4174/3461 1060/3462 4175/3463
f 4170/3455 4176/3459 4175/3463 1061/3456
f 1061/3456 4175/3463 4179/3464 4178/3465
f 4175/3463 1060/3462 4177/3466 4179/3464
f 4179/3464 4177/3466 243/139 1716/138
f 4178/3465 4179/3464 1716/138 432/134
f 1054/3426 4171/3457 4180/3467 4153/3430
f 4171/3457 1061/3456 4178/3465 4180/3467
f 4180/3467 4178/3465 432/134 1713/133
f 4153/3430 4180/3467 1713/133 255/100
f 397/3443 4181/3468 4184/3469 4162/3444
f 4181/3468 1062/3470 4182/3471 4184/3469
f 4184/3469 4182/3471 1064/3472 4183/3473
f 4162/3444 4184/3469 4183/3473 1057/3445
f 1062/3470 4185/3474 4188/3475 4182/3471
f 4185/3474 295/3476 4186/3477 4188/3475
f 4188/3475 4186/3477 1063/3478 4187/3479
f 4182/3471 4188/3475 4187/3479 1064/3472
f 1064/3472 4187/3479 4191/3480 4190/3481
f 4187/3479 1063/3478 4189/3482 4191/3480
f 4191/3480 4189/3482 293/3460 4173/3458
f 4190/3481 4191/3480 4173/3458 1059/3454
f 1057/3445 4183/3473 4192/3483 4165/3449
f 4183/3473 1064/3472 4190/3481 4192/3483
f 4192/3483 4190/3481 1059/3454 4169/3452
f 4165/3449 4192/3483 4169/3452 392/3424
f 293/3460 4193/3484 4196/3485 4174/3461
f 4193/3484 1065/3486 4194/3487 4196/3485
f 4196/3485 4194/3487 1067/3488 4195/3489
f 4174/3461 4196/3485 4195/3489 1060/3462
f 1065/3486 4197/3490 4200/3491 4194/3487
f 4197/3490 292/3492 4198/3493 4200/3491
f 4200/3491 4198/3493 1066/3494 4199/3495
f 4194/3487 4200/3491 4199/3495 1067/3488
f 1067/3488 4199/3495 4203/3496 4202/3497
f 4199/3495 1066/3494 4201/3498 4203/3496
f 4203/3496 4201/3498 253/175 1742/174
f 4202/3497 4203/3496 1742/174 439/170
f 1060/3462 4195/3489 4204/3499 4177/3466
f 4195/3489 1067/3488 4202/3497 4204/3499
f 4204/3499 4202/3497 439/170 1739/169
f 4177/3466 4204/3499 1739/169 243/139
f 295/3476 4205/3500 4208/3501 4186/3477
f 4205/3500 1068/3502 4206/3503 4208/3501
f 4208/3501 4206/3503 1070/3504 4207/3505
f 4186/3477 4208/3501 4207/3505 1063/3478
f 1068/3502 4209/3506 4212/3507 4206/3503
f 4209/3506 294/3508 4210/3509 4212/3507
f 4212/3507 4210/3509 1069/3510 4211/3511
f 4206/3503 4212/3507 4211/3511 1070/3504
f 1070/3504 4211/3511 4215/3512 4214/3513
f 4211/3511 1069/3510 4213/3514 4215/3512
f 4215/3512 4213/3514 292/3492 4197/3490
f 4214/3513 4215/3512 4197/3490 1065/3486
f 1063/3478 4207/3505 4216/3515 4189/3482
f 4207/3505 1070/3504 4214/3513 4216/3515
f 4216/3515 4214/3513 1065/3486 4193/3484
f 4189/3482 4216/3515 4193/3484 293/3460
f 296/3516 4217/3517 4221/3518 4220/3519
f 4217/3517 1071/3520 4218/3521 4221/3518
f 4221/3518 4218/3521 1073/3522 4219/3523
f 4220/3519 4221/3518 4219/3523 1072/3524
f 1071/3520 4222/3525 4224/3526 4218/3521
f 4222/3525 294/3508 4209/3506 4224/3526
f 4224/3526 4209/3506 1068/3502 4223/3527
f 4218/3521 4224/3526 4223/3527 1073/3522
f 1073/3522 4223/3527 4226/3528 4225/3529
f 4223/3527 1068/3502 4205/3500 4226/3528
f 4226/3528 4205/3500 295/3476 4185/3474
f 4225/3529 4226/3528 4185/3474 1062/3470
f 1072/3524 4219/3523 4228/3530 4227/3531
f 4219/3523 1073/3522 4225/3529 4228/3530
f 4228/3530 4225/3529 1062/3470 4181/3468
f 4227/3531 4228/3530 4181/3468 397/3443
f 396/3532 4229/3533 4233/3534 4232/3535
f 4229/3533 1074/3536 4230/3537 4233/3534
f 4233/3534 4230/3537 1076/3538 4231/3539
f 4232/3535 4233/3534 4231/3539 1075/3540
f 1074/3536 4234/3541 4236/3542 4230/3537
f 4234/3541 296/3516 4220/3519 4236/3542
f 4236/3542 4220/3519 1072/3524 4235/3543
f 4230/3537 4236/3542 4235/3543 1076/3538
f 1076/3538 4235/3543 4238/3544 4237/3545
f 4235/3543 1072/3524 4227/3531 4238/3544
f 4238/3544 4227/3531 397/3443 4161/3441
f 4237/3545 4238/3544 4161/3441 1056/3436
f 1075/3540 4231/3539 4240/3546 4239/3547
f 4231/3539 1076/3538 4237/3545 4240/3546
f 4240/3546 4237/3545 1056/3436 4157/3433
f 4239/3547 4240/3546 4157/3433 398/3392
f 405/3548 4241/3549 4245/3550 4244/3551
f 4241/3549 1077/3552 4242/3553 4245/3550
f 4245/3550 4242/3553 1079/3554 4243/3555
f 4244/3551 4245/3550 4243/3555 1078/3556
f 1077/3552 4246/3557 4248/3558 4242/3553
f 4246/3557 396/3532 4232/3535 4248/3558
f 4248/3558 4232/3535 1075/3540 4247/3559
f 4242/3553 4248/3558 4247/3559 1079/3554
f 1079/3554 4247/3559 4250/3560 4249/3561
f 4247/3559 1075/3540 4239/3547 4250/3560
f 4250/3560 4239/3547 398/3392 4127/3391
f 4249/3561 4250/3560 4127/3391 1047/3387
f 1078/3556 4243/3555 4252/3562 4251/3563
f 4243/3555 1079/3554 4249/3561 4252/3562
f 4252/3562 4249/3561 1047/3387 4124/3386
f 4251/3563 4252/3562 4124/3386 406/3385
f 405/3548 4244/3551 4256/3564 4255/3565
f 4244/3551 1078/3556 4253/3566 4256/3564
f 4256/3564 4253/3566 1082/3567 4254/3568
f 4255/3565 4256/3564 4254/3568 1081/3569
f 1078/3556 4251/3563 4258/3570 4253/3566
f 4251/3563 406/3385 4135/3398 4258/3570
f 4258/3570 4135/3398 1051/3402 4257/3571
f 4253/3566 4258/3570 4257/3571 1082/3567
f 1082/3567 4257/3571 4261/3572 4260/3573
f 4257/3571 1051/3402 4143/3410 4261/3572
f 4261/3572 4143/3410 408/3412 4259/3574
f 4260/3573 4261/3572 4259/3574 1080/3575
f 1081/3569 4254/3568 4264/3576 4263/3577
f 4254/3568 1082/3567 4260/3573 4264/3576
f 4264/3576 4260/3573 1080/3575 4262/3578
f 4263/3577 4264/3576 4262/3578 407/3579
f 407/3579 4262/3578 4268/3580 4267/3581
f 4262/3578 1080/3575 4265/3582 4268/3580
f 4268/3580 4265/3582 1085/3583 4266/3584
f 4267/3581 4268/3580 4266/3584 1084/3585
f 1080/3575 4259/3574 4270/3586 4265/3582
f 4259/3574 408/3412 4142/3411 4270/3586
f 4270/3586 4142/3411 1050/3408 4269/3587
f 4265/3582 4270/3586 4269/3587 1085/3583
f 1085/3583 4269/3587 4273/3588 4272/3589
f 4269/3587 1050/3408 4139/3407 4273/3588
f 4273/3588 4139/3407 404/3357 4271/3590
f 4272/3589 4273/3588 4271/3590 1083/3591
f 1084/3585 4266/3584 4276/3592 4275/3593
f 4266/3584 1085/3583 4272/3589 4276/3592
f 4276/3592 4272/3589 1083/3591 4274/3594
f 4275/3593 4276/3592 4274/3594 403/3595
f 376/3596 4277/3597 4280/3598 1821/3599
f 4277/3597 1086/3600 4278/3601 4280/3598
f 4280/3598 4278/3601 1087/3602 4279/3603
f 1821/3599 4280/3598 4279/3603 461/3604
f 1086/3600 4281/3605 4283/3606 4278/3601
f 4281/3605 403/3595 4274/3594 4283/3606
f 4283/3606 4274/3594 1083/3591 4282/3607
f 4278/3601 4283/3606 4282/3607 1087/3602
f 1087/3602 4282/3607 4285/3608 4284/3609
f 4282/3607 1083/3591 4271/3590 4285/3608
f 4285/3608 4271/3590 404/3357 4110/3360
f 4284/3609 4285/3608 4110/3360 1044/3365
f 461/3604 4279/3603 4286/3610 1826/3611
f 4279/3603 1087/3602 4284/3609 4286/3610
f 4286/3610 4284/3609 1044/3365 4117/3374
f 1826/3611 4286/3610 4117/3374 378/3376
f 403/3595 4281/3605 4290/3612 4289/3613
f 4281/3605 1086/3600 4287/3614 4290/3612
f 4290/3612 4287/3614 1090/3615 4288/3616
f 4289/3613 4290/3612 4288/3616 1089/3617
f 1086/3600 4277/3597 4292/3618 4287/3614
f 4277/3597 376/3596 1845/3619 4292/3618
f 4292/3618 1845/3619 466/3620 4291/3621
f 4287/3614 4292/3618 4291/3621 1090/3615
f 1090/3615 4291/3621 4295/3622 4294/3623
f 4291/3621 466/3620 1842/3624 4295/3622
f 4295/3622 1842/3624 368/3625 4293/3626
f 4294/3623 4295/3622 4293/3626 1088/3627
f 1089/3617 4288/3616 4298/3628 4297/3629
f 4288/3616 1090/3615 4294/3623 4298/3628
f 4298/3628 4294/3623 1088/3627 4296/3630
f 4297/3629 4298/3628 4296/3630 400/3631
f 403/3595 4289/3613 4301/3632 4275/3593
f 4289/3613 1089/3617 4299/3633 4301/3632
f 4301/3632 4299/3633 1093/3634 4300/3635
f 4275/3593 4301/3632 4300/3635 1084/3585
f 1089/3617 4297/3629 4304/3636 4299/3633
f 4297/3629 400/3631 4302/3637 4304/3636
f 4304/3636 4302/3637 1091/3638 4303/3639
f 4299/3633 4304/3636 4303/3639 1093/3634
f 1093/3634 4303/3639 4308/3640 4307/3641
f 4303/3639 1091/3638 4305/3642 4308/3640
f 4308/3640 4305/3642 401/3643 4306/3644
f 4307/3641 4308/3640 4306/3644 1092/3645
f 1084/3585 4300/3635 4310/3646 4267/3581
f 4300/3635 1093/3634 4307/3641 4310/3646
f 4310/3646 4307/3641 1092/3645 4309/3647
f 4267/3581 4310/3646 4309/3647 407/3579
f 407/3579 4309/3647 4313/3648 4263/3577
f 4309/3647 1092/3645 4311/3649 4313/3648
f 4313/3648 4311/3649 1096/3650 4312/3651
f 4263/3577 4313/3648 4312/3651 1081/3569
f 1092/3645 4306/3644 4316/3652 4311/3649
f 4306/3644 401/3643 4314/3653 4316/3652
f 4316/3652 4314/3653 1094/3654 4315/3655
f 4311/3649 4316/3652 4315/3655 1096/3650
f 1096/3650 4315/3655 4320/3656 4319/3657
f 4315/3655 1094/3654 4317/3658 4320/3656
f 4320/3656 4317/3658 390/3659 4318/3660
f 4319/3657 4320/3656 4318/3660 1095/3661
f 1081/3569 4312/3651 4322/3662 4255/3565
f 4312/3651 1096/3650 4319/3657 4322/3662
f 4322/3662 4319/3657 1095/3661 4321/3663
f 4255/3565 4322/3662 4321/3663 405/3548
f 405/3548 4321/3663 4325/3664 4241/3549
f 4321/3663 1095/3661 4323/3665 4325/3664
f 4325/3664 4323/3665 1099/3666 4324/3667
f 4241/3549 4325/3664 4324/3667 1077/3552
f 1095/3661 4318/3660 4328/3668 4323/3665
f 4318/3660 390/3659 4326/3669 4328/3668
f 4328/3668 4326/3669 1097/3670 4327/3671
f 4323/3665 4328/3668 4327/3671 1099/3666
f 1099/3666 4327/3671 4332/3672 4331/3673
f 4327/3671 1097/3670 4329/3674 4332/3672
f 4332/3672 4329/3674 395/3675 4330/3676
f 4331/3673 4332/3672 4330/3676 1098/3677
f 1077/3552 4324/3667 4334/3678 4246/3557
f 4324/3667 1099/3666 4331/3673 4334/3678
f 4334/3678 4331/3673 1098/3677 4333/3679
f 4246/3557 4334/3678 4333/3679 396/3532
f 296/3516 4234/3541 4338/3680 4337/3681
f 4234/3541 1074/3536 4335/3682 4338/3680
f 4338/3680 4335/3682 1102/3683 4336/3684
f 4337/3681 4338/3680 4336/3684 1101/3685
f 1074/3536 4229/3533 4340/3686 4335/3682
f 4229/3533 396/3532 4333/3679 4340/3686
f 4340/3686 4333/3679 1098/3677 4339/3687
f 4335/3682 4340/3686 4339/3687 1102/3683
f 1102/3683 4339/3687 4343/3688 4342/3689
f 4339/3687 1098/3677 4330/3676 4343/3688
f 4343/3688 4330/3676 395/3675 4341/3690
f 4342/3689 4343/3688 4341/3690 1100/3691
f 1101/3685 4336/3684 4346/3692 4345/3693
f 4336/3684 1102/3683 4342/3689 4346/3692
f 4346/3692 4342/3689 1100/3691 4344/3694
f 4345/3693 4346/3692 4344/3694 394/3695
f 296/3516 4337/3681 4349/3696 4217/3517
f 4337/3681 1101/3685 4347/3697 4349/3696
f 4349/3696 4347/3697 1105/3698 4348/3699
f 4217/3517 4349/3696 4348/3699 1071/3520
f 1101/3685 4345/3693 4352/3700 4347/3697
f 4345/3693 394/3695 4350/3701 4352/3700
f 4352/3700 4350/3701 1103/3702 4351/3703
f 4347/3697 4352/3700 4351/3703 1105/3698
f 1105/3698 4351/3703 4356/3704 4355/3705
f 4351/3703 1103/3702 4353/3706 4356/3704
f 4356/3704 4353/3706 291/3707 4354/3708
f 4355/3705 4356/3704 4354/3708 1104/3709
f 1071/3520 4348/3699 4358/3710 4222/3525
f 4348/3699 1105/3698 4355/3705 4358/3710
f 4358/3710 4355/3705 1104/3709 4357/3711
f 4222/3525 4358/3710 4357/3711 294/3508
f 294/3508 4357/3711 4361/3712 4210/3509
f 4357/3711 1104/3709 4359/3713 4361/3712
f 4361/3712 4359/3713 1108/3714 4360/3715
f 4210/3509 4361/3712 4360/3715 1069/3510
f 1104/3709 4354/3708 4364/3716 4359/3713
f 4354/3708 291/3707 4362/3717 4364/3716
f 4364/3716 4362/3717 1106/3718 4363/3719
f 4359/3713 4364/3716 4363/3719 1108/3714
f 1108/3714 4363/3719 4368/3720 4367/3721
f 4363/3719 1106/3718 4365/3722 4368/3720
f 4368/3720 4365/3722 288/3723 4366/3724
f 4367/3721 4368/3720 4366/3724 1107/3725
f 1069/3510 4360/3715 4370/3726 4213/3514
f 4360/3715 1108/3714 4367/3721 4370/3726
f 4370/3726 4367/3721 1107/3725 4369/3727
f 4213/3514 4370/3726 4369/3727 292/3492
f 292/3492 4369/3727 4373/3728 4198/3493
f 4369/3727 1107/3725 4371/3729 4373/3728
f 4373/3728 4371/3729 1110/3730 4372/3731
f 4198/3493 4373/3728 4372/3731 1066/3494
f 1107/3725 4366/3724 4376/3732 4371/3729
f 4366/3724 288/3723 4374/3733 4376/3732
f 4376/3732 4374/3733 1109/3734 4375/3735
f 4371/3729 4376/3732 4375/3735 1110/3730
f 1110/3730 4375/3735 4379/3736 4378/3737
f 4375/3735 1109/3734 4377/3738 4379/3736
f 4379/3736 4377/3738 254/421 1925/420
f 4378/3737 4379/3736 1925/420 486/416
f 1066/3494 4372/3731 4380/3739 4201/3498
f 4372/3731 1110/3730 4378/3737 4380/3739
f 4380/3739 4378/3737 486/416 1922/415
f 4201/3498 4380/3739 1922/415 253/175
f 288/3723 4381/3740 4384/3741 4374/3733
f 4381/3740 1111/3742 4382/3743 4384/3741
f 4384/3741 4382/3743 1113/3744 4383/3745
f 4374/3733 4384/3741 4383/3745 1109/3734
f 1111/3742 4385/3746 4388/3747 4382/3743
f 4385/3746 289/3748 4386/3749 4388/3747
f 4388/3747 4386/3749 1112/3750 4387/3751
f 4382/3743 4388/3747 4387/3751 1113/3744
f 1113/3744 4387/3751 4391/3752 4390/3753
f 4387/3751 1112/3750 4389/3754 4391/3752
f 4391/3752 4389/3754 249/439 1938/438
f 4390/3753 4391/3752 1938/438 489/434
f 1109/3734 4383/3745 4392/3755 4377/3738
f 4383/3745 1113/3744 4390/3753 4392/3755
f 4392/3755 4390/3753 489/434 1935/433
f 4377/3738 4392/3755 1935/433 254/421
f 288/3723 4365/3722 4395/3756 4381/3740
f 4365/3722 1106/3718 4393/3757 4395/3756
f 4395/3756 4393/3757 1116/3758 4394/3759
f 4381/3740 4395/3756 4394/3759 1111/3742
f 1106/3718 4362/3717 4398/3760 4393/3757
f 4362/3717 291/3707 4396/3761 4398/3760
f 4398/3760 4396/3761 1114/3762 4397/3763
f 4393/3757 4398/3760 4397/3763 1116/3758
f 1116/3758 4397/3763 4402/3764 4401/3765
f 4397/3763 1114/3762 4399/3766 4402/3764
f 4402/3764 4399/3766 290/3767 4400/3768
f 4401/3765 4402/3764 4400/3768 1115/3769
f 1111/3742 4394/3759 4404/3770 4385/3746
f 4394/3759 1116/3758 4401/3765 4404/3770
f 4404/3770 4401/3765 1115/3769 4403/3771
f 4385/3746 4404/3770 4403/3771 289/3748
f 291/3707 4353/3706 4407/3772 4396/3761
f 4353/3706 1103/3702 4405/3773 4407/3772
f 4407/3772 4405/3773 1119/3774 4406/3775
f 4396/3761 4407/3772 4406/3775 1114/3762
f 1103/3702 4350/3701 4410/3776 4405/3773
f 4350/3701 394/3695 4408/3777 4410/3776
f 4410/3776 4408/3777 1117/3778 4409/3779
f 4405/3773 4410/3776 4409/3779 1119/3774
f 1119/3774 4409/3779 4414/3780 4413/3781
f 4409/3779 1117/3778 4411/3782 4414/3780
f 4414/3780 4411/3782 391/3783 4412/3784
f 4413/3781 4414/3780 4412/3784 1118/3785
f 1114/3762 4406/3775 4416/3786 4399/3766
f 4406/3775 1119/3774 4413/3781 4416/3786
f 4416/3786 4413/3781 1118/3785 4415/3787
f 4399/3766 4416/3786 4415/3787 290/3767
f 395/3675 4417/3788 4420/3789 4341/3690
f 4417/3788 1120/3790 4418/3791 4420/3789
f 4420/3789 4418/3791 1122/3792 4419/3793
f 4341/3690 4420/3789 4419/3793 1100/3691
f 1120/3790 4421/3794 4424/3795 4418/3791
f 4421/3794 383/3796 4422/3797 4424/3795
f 4424/3795 4422/3797 1121/3798 4423/3799
f 4418/3791 4424/3795 4423/3799 1122/3792
f 1122/3792 4423/3799 4427/3800 4426/3801
f 4423/3799 1121/3798 4425/3802 4427/3800
f 4427/3800 4425/3802 391/3783 4411/3782
f 4426/3801 4427/3800 4411/3782 1117/3778
f 1100/3691 4419/3793 4428/3803 4344/3694
f 4419/3793 1122/3792 4426/3801 4428/3803
f 4428/3803 4426/3801 1117/3778 4408/3777
f 4344/3694 4428/3803 4408/3777 394/3695
f 390/3659 4429/3804 4432/3805 4326/3669
f 4429/3804 1123/3806 4430/3807 4432/3805
f 4432/3805 4430/3807 1125/3808 4431/3809
f 4326/3669 4432/3805 4431/3809 1097/3670
f 1123/3806 4433/3810 4436/3811 4430/3807
f 4433/3810 388/3812 4434/3813 4436/3811
f 4436/3811 4434/3813 1124/3814 4435/3815
f 4430/3807 4436/3811 4435/3815 1125/3808
f 1125/3808 4435/3815 4439/3816 4438/3817
f 4435/3815 1124/3814 4437/3818 4439/3816
f 4439/3816 4437/3818 383/3796 4421/3794
f 4438/3817 4439/3816 4421/3794 1120/3790
f 1097/3670 4431/3809 4440/3819 4329/3674
f 4431/3809 1125/3808 4438/3817 4440/3819
f 4440/3819 4438/3817 1120/3790 4417/3788
f 4329/3674 4440/3819 4417/3788 395/3675
f 390/3659 4317/3658 4443/3820 4429/3804
f 4317/3658 1094/3654 4441/3821 4443/3820
f 4443/3820 4441/3821 1128/3822 4442/3823
f 4429/3804 4443/3820 4442/3823 1123/3806
f 1094/3654 4314/3653 4446/3824 4441/3821
f 4314/3653 401/3643 4444/3825 4446/3824
f 4446/3824 4444/3825 1126/3826 4445/3827
f 4441/3821 4446/3824 4445/3827 1128/3822
f 1128/3822 4445/3827 4450/3828 4449/3829
f 4445/3827 1126/3826 4447/3830 4450/3828
f 4450/3828 4447/3830 389/3831 4448/3832
f 4449/3829 4450/3828 4448/3832 1127/3833
f 1123/3806 4442/3823 4452/3834 4433/3810
f 4442/3823 1128/3822 4449/3829 4452/3834
f 4452/3834 4449/3829 1127/3833 4451/3835
f 4433/3810 4452/3834 4451/3835 388/3812
f 400/3631 4453/3836 4456/3837 4302/3637
f 4453/3836 1129/3838 4454/3839 4456/3837
f 4456/3837 4454/3839 1131/3840 4455/3841
f 4302/3637 4456/3837 4455/3841 1091/3638
f 1129/3838 4457/3842 4460/3843 4454/3839
f 4457/3842 399/3844 4458/3845 4460/3843
f 4460/3843 4458/3845 1130/3846 4459/3847
f 4454/3839 4460/3843 4459/3847 1131/3840
f 1131/3840 4459/3847 4463/3848 4462/3849
f 4459/3847 1130/3846 4461/3850 4463/3848
f 4463/3848 4461/3850 389/3831 4447/3830
f 4462/3849 4463/3848 4447/3830 1126/3826
f 1091/3638 4455/3841 4464/3851 4305/3642
f 4455/3841 1131/3840 4462/3849 4464/3851
f 4464/3851 4462/3849 1126/3826 4444/3825
f 4305/3642 4464/3851 4444/3825 401/3643
f 368/3625 2019/3852 4467/3853 4293/3626
f 2019/3852 512/3854 4465/3855 4467/3853
f 4467/3853 4465/3855 1133/3856 4466/3857
f 4293/3626 4467/3853 4466/3857 1088/3627
f 512/3854 2027/3858 4470/3859 4465/3855
f 2027/3858 366/3860 4468/3861 4470/3859
f 4470/3859 4468/3861 1132/3862 4469/3863
f 4465/3855 4470/3859 4469/3863 1133/3856
f 1133/3856 4469/3863 4473/3864 4472/3865
f 4469/3863 1132/3862 4471/3866 4473/3864
f 4473/3864 4471/3866 399/3844 4457/3842
f 4472/3865 4473/3864 4457/3842 1129/3838
f 1088/3627 4466/3857 4474/3867 4296/3630
f 4466/3857 1133/3856 4472/3865 4474/3867
f 4474/3867 4472/3865 1129/3838 4453/3836
f 4296/3630 4474/3867 4453/3836 400/3631
f 399/3844 4471/3866 4478/3868 4477/3869
f 4471/3866 1132/3862 4475/3870 4478/3868
f 4478/3868 4475/3870 1136/3871 4476/3872
f 4477/3869 4478/3868 4476/3872 1135/3873
f 1132/3862 4468/3861 4480/3874 4475/3870
f 4468/3861 366/3860 2041/3875 4480/3874
f 4480/3874 2041/3875 516/3876 4479/3877
f 4475/3870 4480/3874 4479/3877 1136/3871
f 1136/3871 4479/3877 4483/3878 4482/3879
f 4479/3877 516/3876 2038/3880 4483/3878
f 4483/3878 2038/3880 353/3881 4481/3882
f 4482/3879 4483/3878 4481/3882 1134/3883
f 1135/3873 4476/3872 4486/3884 4485/3885
f 4476/3872 1136/3871 4482/3879 4486/3884
f 4486/3884 4482/3879 1134/3883 4484/3886
f 4485/3885 4486/3884 4484/3886 385/3887
f 385/3887 4487/3888 4490/3889 4485/3885
f 4487/3888 1137/3890 4488/3891 4490/3889
f 4490/3889 4488/3891 1139/3892 4489/3893
f 4485/3885 4490/3889 4489/3893 1135/3873
f 1137/3890 4491/3894 4494/3895 4488/3891
f 4491/3894 387/3896 4492/3897 4494/3895
f 4494/3895 4492/3897 1138/3898 4493/3899
f 4488/3891 4494/3895 4493/3899 1139/3892
f 1139/3892 4493/3899 4497/3900 4496/3901
f 4493/3899 1138/3898 4495/3902 4497/3900
f 4497/3900 4495/3902 389/3831 4461/3850
f 4496/3901 4497/3900 4461/3850 1130/3846
f 1135/3873 4489/3893 4498/3903 4477/3869
f 4489/3893 1139/3892 4496/3901 4498/3903
f 4498/3903 4496/3901 1130/3846 4458/3845
f 4477/3869 4498/3903 4458/3845 399/3844
f 382/3904 4499/3905 4503/3906 4502/3907
f 4499/3905 1140/3908 4500/3909 4503/3906
f 4503/3906 4500/3909 1142/3910 4501/3911
f 4502/3907 4503/3906 4501/3911 1141/3912
f 1140/3908 4504/3913 4506/3914 4500/3909
f 4504/3913 388/3812 4451/3835 4506/3914
f 4506/3914 4451/3835 1127/3833 4505/3915
f 4500/3909 4506/3914 4505/3915 1142/3910
f 1142/3910 4505/3915 4508/3916 4507/3917
f 4505/3915 1127/3833 4448/3832 4508/3916
f 4508/3916 4448/3832 389/3831 4495/3902
f 4507/3917 4508/3916 4495/3902 1138/3898
f 1141/3912 4501/3911 4510/3918 4509/3919
f 4501/3911 1142/3910 4507/3917 4510/3918
f 4510/3918 4507/3917 1138/3898 4492/3897
f 4509/3919 4510/3918 4492/3897 387/3896
f 388/3812 4504/3913 4513/3920 4434/3813
f 4504/3913 1140/3908 4511/3921 4513/3920
f 4513/3920 4511/3921 1145/3922 4512/3923
f 4434/3813 4513/3920 4512/3923 1124/3814
f 1140/3908 4499/3905 4516/3924 4511/3921
f 4499/3905 382/3904 4514/3925 4516/3924
f 4516/3924 4514/3925 1143/3926 4515/3927
f 4511/3921 4516/3924 4515/3927 1145/3922
f 1145/3922 4515/3927 4520/3928 4519/3929
f 4515/3927 1143/3926 4517/3930 4520/3928
f 4520/3928 4517/3930 381/3931 4518/3932
f 4519/3929 4520/3928 4518/3932 1144/3933
f 1124/3814 4512/3923 4522/3934 4437/3818
f 4512/3923 1145/3922 4519/3929 4522/3934
f 4522/3934 4519/3929 1144/3933 4521/3935
f 4437/3818 4522/3934 4521/3935 383/3796
f 391/3783 4425/3802 4526/3936 4525/3937
f 4425/3802 1121/3798 4523/3938 4526/3936
f 4526/3936 4523/3938 1148/3939 4524/3940
f 4525/3937 4526/3936 4524/3940 1147/3941
f 1121/3798 4422/3797 4528/3942 4523/3938
f 4422/3797 383/3796 4521/3935 4528/3942
f 4528/3942 4521/3935 1144/3933 4527/3943
f 4523/3938 4528/3942 4527/3943 1148/3939
f 1148/3939 4527/3943 4531/3944 4530/3945
f 4527/3943 1144/3933 4518/3932 4531/3944
f 4531/3944 4518/3932 381/3931 4529/3946
f 4530/3945 4531/3944 4529/3946 1146/3947
f 1147/3941 4524/3940 4534/3948 4533/3949
f 4524/3940 1148/3939 4530/3945 4534/3948
f 4534/3948 4530/3945 1146/3947 4532/3950
f 4533/3949 4534/3948 4532/3950 287/3951
f 290/3767 4415/3787 4538/3952 4537/3953
f 4415/3787 1118/3785 4535/3954 4538/3952
f 4538/3952 4535/3954 1151/3955 4536/3956
f 4537/3953 4538/3952 4536/3956 1150/3957
f 1118/3785 4412/3784 4540/3958 4535/3954
f 4412/3784 391/3783 4525/3937 4540/3958
f 4540/3958 4525/3937 1147/3941 4539/3959
f 4535/3954 4540/3958 4539/3959 1151/3955
f 1151/3955 4539/3959 4543/3960 4542/3961
f 4539/3959 1147/3941 4533/3949 4543/3960
f 4543/3960 4533/3949 287/3951 4541/3962
f 4542/3961 4543/3960 4541/3962 1149/3963
f 1150/3957 4536/3956 4546/3964 4545/3965
f 4536/3956 1151/3955 4542/3961 4546/3964
f 4546/3964 4542/3961 1149/3963 4544/3966
f 4545/3965 4546/3964 4544/3966 285/3967
f 285/3967 4547/3968 4550/3969 4545/3965
f 4547/3968 1152/3970 4548/3971 4550/3969
f 4550/3969 4548/3971 1154/3972 4549/3973
f 4545/3965 4550/3969 4549/3973 1150/3957
f 1152/3970 4551/3974 4554/3975 4548/3971
f 4551/3974 284/3976 4552/3977 4554/3975
f 4554/3975 4552/3977 1153/3978 4553/3979
f 4548/3971 4554/3975 4553/3979 1154/3972
f 1154/3972 4553/3979 4557/3980 4556/3981
f 4553/3979 1153/3978 4555/3982 4557/3980
f 4557/3980 4555/3982 289/3748 4403/3771
f 4556/3981 4557/3980 4403/3771 1115/3769
f 1150/3957 4549/3973 4558/3983 4537/3953
f 4549/3973 1154/3972 4556/3981 4558/3983
f 4558/3983 4556/3981 1115/3769 4400/3768
f 4537/3953 4558/3983 4400/3768 290/3767
f 249/439 4389/3754 4561/3984 2115/674
f 4389/3754 1112/3750 4559/3985 4561/3984
f 4561/3984 4559/3985 1156/3986 4560/3987
f 2115/674 4561/3984 4560/3987 536/676
f 1112/3750 4386/3749 4563/3988 4559/3985
f 4386/3749 289/3748 4555/3982 4563/3988
f 4563/3988 4555/3982 1153/3978 4562/3989
f 4559/3985 4563/3988 4562/3989 1156/3986
f 1156/3986 4562/3989 4566/3990 4565/3991
f 4562/3989 1153/3978 4552/3977 4566/3990
f 4566/3990 4552/3977 284/3976 4564/3992
f 4565/3991 4566/3990 4564/3992 1155/3993
f 536/676 4560/3987 4568/3994 2119/680
f 4560/3987 1156/3986 4565/3991 4568/3994
f 4568/3994 4565/3991 1155/3993 4567/3995
f 2119/680 4568/3994 4567/3995 248/682
f 248/682 4567/3995 4571/3996 2127/690
f 4567/3995 1155/3993 4569/3997 4571/3996
f 4571/3996 4569/3997 1159/3998 4570/3999
f 2127/690 4571/3996 4570/3999 539/692
f 1155/3993 4564/3992 4574/4000 4569/3997
f 4564/3992 284/3976 4572/4001 4574/4000
f 4574/4000 4572/4001 1157/4002 4573/4003
f 4569/3997 4574/4000 4573/4003 1159/3998
f 1159/3998 4573/4003 4578/4004 4577/4005
f 4573/4003 1157/4002 4575/4006 4578/4004
f 4578/4004 4575/4006 282/4007 4576/4008
f 4577/4005 4578/4004 4576/4008 1158/4009
f 539/692 4570/3999 4580/4010 2131/696
f 4570/3999 1159/3998 4577/4005 4580/4010
f 4580/4010 4577/4005 1158/4009 4579/4011
f 2131/696 4580/4010 4579/4011 239/698
f 284/3976 4551/3974 4583/4012 4572/4001
f 4551/3974 1152/3970 4581/4013 4583/4012
f 4583/4012 4581/4013 1162/4014 4582/4015
f 4572/4001 4583/4012 4582/4015 1157/4002
f 1152/3970 4547/3968 4586/4016 4581/4013
f 4547/3968 285/3967 4584/4017 4586/4016
f 4586/4016 4584/4017 1160/4018 4585/4019
f 4581/4013 4586/4016 4585/4019 1162/4014
f 1162/4014 4585/4019 4590/4020 4589/4021
f 4585/4019 1160/4018 4587/4022 4590/4020
f 4590/4020 4587/4022 283/4023 4588/4024
f 4589/4021 4590/4020 4588/4024 1161/4025
f 1157/4002 4582/4015 4592/4026 4575/4006
f 4582/4015 1162/4014 4589/4021 4592/4026
f 4592/4026 4589/4021 1161/4025 4591/4027
f 4575/4006 4592/4026 4591/4027 282/4007
f 286/4028 4593/4029 4597/4030 4596/4031
f 4593/4029 1163/4032 4594/4033 4597/4030
f 4597/4030 4594/4033 1165/4034 4595/4035
f 4596/4031 4597/4030 4595/4035 1164/4036
f 1163/4032 4598/4037 4600/4038 4594/4033
f 4598/4037 283/4023 4587/4022 4600/4038
f 4600/4038 4587/4022 1160/4018 4599/4039
f 4594/4033 4600/4038 4599/4039 1165/4034
f 1165/4034 4599/4039 4602/4040 4601/4041
f 4599/4039 1160/4018 4584/4017 4602/4040
f 4602/4040 4584/4017 285/3967 4544/3966
f 4601/4041 4602/4040 4544/3966 1149/3963
f 1164/4036 4595/4035 4604/4042 4603/4043
f 4595/4035 1165/4034 4601/4041 4604/4042
f 4604/4042 4601/4041 1149/3963 4541/3962
f 4603/4043 4604/4042 4541/3962 287/3951
f 379/4044 4605/4045 4609/4046 4608/4047
f 4605/4045 1166/4048 4606/4049 4609/4046
f 4609/4046 4606/4049 1168/4050 4607/4051
f 4608/4047 4609/4046 4607/4051 1167/4052
f 1166/4048 4610/4053 4612/4054 4606/4049
f 4610/4053 286/4028 4596/4031 4612/4054
f 4612/4054 4596/4031 1164/4036 4611/4055
f 4606/4049 4612/4054 4611/4055 1168/4050
f 1168/4050 4611/4055 4614/4056 4613/4057
f 4611/4055 1164/4036 4603/4043 4614/4056
f 4614/4056 4603/4043 287/3951 4532/3950
f 4613/4057 4614/4056 4532/3950 1146/3947
f 1167/4052 4607/4051 4616/4058 4615/4059
f 4607/4051 1168/4050 4613/4057 4616/4058
f 4616/4058 4613/4057 1146/3947 4529/3946
f 4615/4059 4616/4058 4529/3946 381/3931
f 380/4060 4617/4061 4621/4062 4620/4063
f 4617/4061 1169/4064 4618/4065 4621/4062
f 4621/4062 4618/4065 1171/4066 4619/4067
f 4620/4063 4621/4062 4619/4067 1170/4068
f 1169/4064 4622/4069 4624/4070 4618/4065
f 4622/4069 379/4044 4608/4047 4624/4070
f 4624/4070 4608/4047 1167/4052 4623/4071
f 4618/4065 4624/4070 4623/4071 1171/4066
f 1171/4066 4623/4071 4626/4072 4625/4073
f 4623/4071 1167/4052 4615/4059 4626/4072
f 4626/4072 4615/4059 381/3931 4517/3930
f 4625/4073 4626/4072 4517/3930 1143/3926
f 1170/4068 4619/4067 4628/4074 4627/4075
f 4619/4067 1171/4066 4625/4073 4628/4074
f 4628/4074 4625/4073 1143/3926 4514/3925
f 4627/4075 4628/4074 4514/3925 382/3904
f 386/4076 4629/4077 4633/4078 4632/4079
f 4629/4077 1172/4080 4630/4081 4633/4078
f 4633/4078 4630/4081 1174/4082 4631/4083
f 4632/4079 4633/4078 4631/4083 1173/4084
f 1172/4080 4634/4085 4636/4086 4630/4081
f 4634/4085 380/4060 4620/4063 4636/4086
f 4636/4086 4620/4063 1170/4068 4635/4087
f 4630/4081 4636/4086 4635/4087 1174/4082
f 1174/4082 4635/4087 4638/4088 4637/4089
f 4635/4087 1170/4068 4627/4075 4638/4088
f 4638/4088 4627/4075 382/3904 4502/3907
f 4637/4089 4638/4088 4502/3907 1141/3912
f 1173/4084 4631/4083 4640/4090 4639/4091
f 4631/4083 1174/4082 4637/4089 4640/4090
f 4640/4090 4637/4089 1141/3912 4509/3919
f 4639/4091 4640/4090 4509/3919 387/3896
f 387/3896 4491/3894 4643/4092 4639/4091
f 4491/3894 1137/3890 4641/4093 4643/4092
f 4643/4092 4641/4093 1177/4094 4642/4095
f 4639/4091 4643/4092 4642/4095 1173/4084
f 1137/3890 4487/3888 4646/4096 4641/4093
f 4487/3888 385/3887 4644/4097 4646/4096
f 4646/4096 4644/4097 1175/4098 4645/4099
f 4641/4093 4646/4096 4645/4099 1177/4094
f 1177/4094 4645/4099 4650/4100 4649/4101
f 4645/4099 1175/4098 4647/4102 4650/4100
f 4650/4100 4647/4102 384/4103 4648/4104
f 4649/4101 4650/4100 4648/4104 1176/4105
f 1173/4084 4642/4095 4652/4106 4632/4079
f 4642/4095 1177/4094 4649/4101 4652/4106
f 4652/4106 4649/4101 1176/4105 4651/4107
f 4632/4079 4652/4106 4651/4107 386/4076
f 353/3881 2215/4108 4655/4109 4481/3882
f 2215/4108 562/4110 4653/4111 4655/4109
f 4655/4109 4653/4111 1179/4112 4654/4113
f 4481/3882 4655/4109 4654/4113 1134/3883
f 562/4110 2223/4114 4658/4115 4653/4111
f 2223/4114 351/4116 4656/4117 4658/4115
f 4658/4115 4656/4117 1178/4118 4657/4119
f 4653/4111 4658/4115 4657/4119 1179/4112
f 1179/4112 4657/4119 4661/4120 4660/4121
f 4657/4119 1178/4118 4659/4122 4661/4120
f 4661/4120 4659/4122 384/4103 4647/4102
f 4660/4121 4661/4120 4647/4102 1175/4098
f 1134/3883 4654/4113 4662/4123 4484/3886
f 4654/4113 1179/4112 4660/4121 4662/4123
f 4662/4123 4660/4121 1175/4098 4644/4097
f 4484/3886 4662/4123 4644/4097 385/3887
f 317/4124 4663/4125 4666/4126 2225/4127
f 4663/4125 1180/4128 4664/4129 4666/4126
f 4666/4126 4664/4129 1182/4130 4665/4131
f 2225/4127 4666/4126 4665/4131 564/4132
f 1180/4128 4667/4133 4670/4134 4664/4129
f 4667/4133 336/4135 4668/4136 4670/4134
f 4670/4134 4668/4136 1181/4137 4669/4138
f 4664/4129 4670/4134 4669/4138 1182/4130
f 1182/4130 4669/4138 4673/4139 4672/4140
f 4669/4138 1181/4137 4671/4141 4673/4139
f 4673/4139 4671/4141 384/4103 4659/4122
f 4672/4140 4673/4139 4659/4122 1178/4118
f 564/4132 4665/4131 4674/4142 2230/4143
f 4665/4131 1182/4130 4672/4140 4674/4142
f 4674/4142 4672/4140 1178/4118 4656/4117
f 2230/4143 4674/4142 4656/4117 351/4116
f 336/4135 4675/4144 4678/4145 4668/4136
f 4675/4144 1183/4146 4676/4147 4678/4145
f 4678/4145 4676/4147 1185/4148 4677/4149
f 4668/4136 4678/4145 4677/4149 1181/4137
f 1183/4146 4679/4150 4682/4151 4676/4147
f 4679/4150 337/4152 4680/4153 4682/4151
f 4682/4151 4680/4153 1184/4154 4681/4155
f 4676/4147 4682/4151 4681/4155 1185/4148
f 1185/4148 4681/4155 4685/4156 4684/4157
f 4681/4155 1184/4154 4683/4158 4685/4156
f 4685/4156 4683/4158 386/4076 4651/4107
f 4684/4157 4685/4156 4651/4107 1176/4105
f 1181/4137 4677/4149 4686/4159 4671/4141
f 4677/4149 1185/4148 4684/4157 4686/4159
f 4686/4159 4684/4157 1176/4105 4648/4104
f 4671/4141 4686/4159 4648/4104 384/4103
f 332/4160 4687/4161 4691/4162 4690/4163
f 4687/4161 1186/4164 4688/4165 4691/4162
f 4691/4162 4688/4165 1188/4166 4689/4167
f 4690/4163 4691/4162 4689/4167 1187/4168
f 1186/4164 4692/4169 4694/4170 4688/4165
f 4692/4169 380/4060 4634/4085 4694/4170
f 4694/4170 4634/4085 1172/4080 4693/4171
f 4688/4165 4694/4170 4693/4171 1188/4166
f 1188/4166 4693/4171 4696/4172 4695/4173
f 4693/4171 1172/4080 4629/4077 4696/4172
f 4696/4172 4629/4077 386/4076 4683/4158
f 4695/4173 4696/4172 4683/4158 1184/4154
f 1187/4168 4689/4167 4698/4174 4697/4175
f 4689/4167 1188/4166 4695/4173 4698/4174
f 4698/4174 4695/4173 1184/4154 4680/4153
f 4697/4175 4698/4174 4680/4153 337/4152
f 332/4160 4699/4176 4702/4177 4687/4161
f 4699/4176 1189/4178 4700/4179 4702/4177
f 4702/4177 4700/4179 1191/4180 4701/4181
f 4687/4161 4702/4177 4701/4181 1186/4164
f 1189/4178 4703/4182 4706/4183 4700/4179
f 4703/4182 281/4184 4704/4185 4706/4183
f 4706/4183 4704/4185 1190/4186 4705/4187
f 4700/4179 4706/4183 4705/4187 1191/4180
f 1191/4180 4705/4187 4709/4188 4708/4189
f 4705/4187 1190/4186 4707/4190 4709/4188
f 4709/4188 4707/4190 379/4044 4622/4069
f 4708/4189 4709/4188 4622/4069 1169/4064
f 1186/4164 4701/4181 4710/4191 4692/4169
f 4701/4181 1191/4180 4708/4189 4710/4191
f 4710/4191 4708/4189 1169/4064 4617/4061
f 4692/4169 4710/4191 4617/4061 380/4060
f 281/4184 4711/4192 4714/4193 4704/4185
f 4711/4192 1192/4194 4712/4195 4714/4193
f 4714/4193 4712/4195 1194/4196 4713/4197
f 4704/4185 4714/4193 4713/4197 1190/4186
f 1192/4194 4715/4198 4718/4199 4712/4195
f 4715/4198 280/4200 4716/4201 4718/4199
f 4718/4199 4716/4201 1193/4202 4717/4203
f 4712/4195 4718/4199 4717/4203 1194/4196
f 1194/4196 4717/4203 4721/4204 4720/4205
f 4717/4203 1193/4202 4719/4206 4721/4204
f 4721/4204 4719/4206 286/4028 4610/4053
f 4720/4205 4721/4204 4610/4053 1166/4048
f 1190/4186 4713/4197 4722/4207 4707/4190
f 4713/4197 1194/4196 4720/4205 4722/4207
f 4722/4207 4720/4205 1166/4048 4605/4045
f 4707/4190 4722/4207 4605/4045 379/4044
f 283/4023 4598/4037 4726/4208 4725/4209
f 4598/4037 1163/4032 4723/4210 4726/4208
f 4726/4208 4723/4210 1197/4211 4724/4212
f 4725/4209 4726/4208 4724/4212 1196/4213
f 1163/4032 4593/4029 4728/4214 4723/4210
f 4593/4029 286/4028 4719/4206 4728/4214
f 4728/4214 4719/4206 1193/4202 4727/4215
f 4723/4210 4728/4214 4727/4215 1197/4211
f 1197/4211 4727/4215 4731/4216 4730/4217
f 4727/4215 1193/4202 4716/4201 4731/4216
f 4731/4216 4716/4201 280/4200 4729/4218
f 4730/4217 4731/4216 4729/4218 1195/4219
f 1196/4213 4724/4212 4734/4220 4733/4221
f 4724/4212 1197/4211 4730/4217 4734/4220
f 4734/4220 4730/4217 1195/4219 4732/4222
f 4733/4221 4734/4220 4732/4222 277/4223
f 277/4223 4735/4224 4738/4225 4733/4221
f 4735/4224 1198/4226 4736/4227 4738/4225
f 4738/4225 4736/4227 1200/4228 4737/4229
f 4733/4221 4738/4225 4737/4229 1196/4213
f 1198/4226 4739/4230 4742/4231 4736/4227
f 4739/4230 276/4232 4740/4233 4742/4231
f 4742/4231 4740/4233 1199/4234 4741/4235
f 4736/4227 4742/4231 4741/4235 1200/4228
f 1200/4228 4741/4235 4745/4236 4744/4237
f 4741/4235 1199/4234 4743/4238 4745/4236
f 4745/4236 4743/4238 282/4007 4591/4027
f 4744/4237 4745/4236 4591/4027 1161/4025
f 1196/4213 4737/4229 4746/4239 4725/4209
f 4737/4229 1200/4228 4744/4237 4746/4239
f 4746/4239 4744/4237 1161/4025 4588/4024
f 4725/4209 4746/4239 4588/4024 283/4023
f 239/698 4579/4011 4749/4240 2311/938
f 4579/4011 1158/4009 4747/4241 4749/4240
f 4749/4240 4747/4241 1202/4242 4748/4243
f 2311/938 4749/4240 4748/4243 586/940
f 1158/4009 4576/4008 4751/4244 4747/4241
f 4576/4008 282/4007 4743/4238 4751/4244
f 4751/4244 4743/4238 1199/4234 4750/4245
f 4747/4241 4751/4244 4750/4245 1202/4242
f 1202/4242 4750/4245 4754/4246 4753/4247
f 4750/4245 1199/4234 4740/4233 4754/4246
f 4754/4246 4740/4233 276/4232 4752/4248
f 4753/4247 4754/4246 4752/4248 1201/4249
f 586/940 4748/4243 4756/4250 2315/944
f 4748/4243 1202/4242 4753/4247 4756/4250
f 4756/4250 4753/4247 1201/4249 4755/4251
f 2315/944 4756/4250 4755/4251 231/946
f 274/4252 4757/4253 4761/4254 4760/4255
f 4757/4253 1203/4256 4758/4257 4761/4254
f 4761/4254 4758/4257 1205/4258 4759/4259
f 4760/4255 4761/4254 4759/4259 1204/4260
f 1203/4256 4762/4261 4764/4262 4758/4257
f 4762/4261 226/973 2334/972 4764/4262
f 4764/4262 2334/972 590/969 4763/4263
f 4758/4257 4764/4262 4763/4263 1205/4258
f 1205/4258 4763/4263 4766/4264 4765/4265
f 4763/4263 590/969 2331/968 4766/4264
f 4766/4264 2331/968 231/946 4755/4251
f 4765/4265 4766/4264 4755/4251 1201/4249
f 1204/4260 4759/4259 4768/4266 4767/4267
f 4759/4259 1205/4258 4765/4265 4768/4266
f 4768/4266 4765/4265 1201/4249 4752/4248
f 4767/4267 4768/4266 4752/4248 276/4232
f 276/4232 4739/4230 4771/4268 4767/4267
f 4739/4230 1198/4226 4769/4269 4771/4268
f 4771/4268 4769/4269 1208/4270 4770/4271
f 4767/4267 4771/4268 4770/4271 1204/4260
f 1198/4226 4735/4224 4774/4272 4769/4269
f 4735/4224 277/4223 4772/4273 4774/4272
f 4774/4272 4772/4273 1206/4274 4773/4275
f 4769/4269 4774/4272 4773/4275 1208/4270
f 1208/4270 4773/4275 4778/4276 4777/4277
f 4773/4275 1206/4274 4775/4278 4778/4276
f 4778/4276 4775/4278 278/4279 4776/4280
f 4777/4277 4778/4276 4776/4280 1207/4281
f 1204/4260 4770/4271 4780/4282 4760/4255
f 4770/4271 1208/4270 4777/4277 4780/4282
f 4780/4282 4777/4277 1207/4281 4779/4283
f 4760/4255 4780/4282 4779/4283 274/4252
f 278/4279 4775/4278 4784/4284 4783/4285
f 4775/4278 1206/4274 4781/4286 4784/4284
f 4784/4284 4781/4286 1211/4287 4782/4288
f 4783/4285 4784/4284 4782/4288 1210/4289
f 1206/4274 4772/4273 4786/4290 4781/4286
f 4772/4273 277/4223 4732/4222 4786/4290
f 4786/4290 4732/4222 1195/4219 4785/4291
f 4781/4286 4786/4290 4785/4291 1211/4287
f 1211/4287 4785/4291 4789/4292 4788/4293
f 4785/4291 1195/4219 4729/4218 4789/4292
f 4789/4292 4729/4218 280/4200 4787/4294
f 4788/4293 4789/4292 4787/4294 1209/4295
f 1210/4289 4782/4288 4792/4296 4791/4297
f 4782/4288 1211/4287 4788/4293 4792/4296
f 4792/4296 4788/4293 1209/4295 4790/4298
f 4791/4297 4792/4296 4790/4298 279/4299
f 279/4299 4790/4298 4796/4300 4795/4301
f 4790/4298 1209/4295 4793/4302 4796/4300
f 4796/4300 4793/4302 1214/4303 4794/4304
f 4795/4301 4796/4300 4794/4304 1213/4305
f 1209/4295 4787/4294 4798/4306 4793/4302
f 4787/4294 280/4200 4715/4198 4798/4306
f 4798/4306 4715/4198 1192/4194 4797/4307
f 4793/4302 4798/4306 4797/4307 1214/4303
f 1214/4303 4797/4307 4801/4308 4800/4309
f 4797/4307 1192/4194 4711/4192 4801/4308
f 4801/4308 4711/4192 281/4184 4799/4310
f 4800/4309 4801/4308 4799/4310 1212/4311
f 1213/4305 4794/4304 4804/4312 4803/4313
f 4794/4304 1214/4303 4800/4309 4804/4312
f 4804/4312 4800/4309 1212/4311 4802/4314
f 4803/4313 4804/4312 4802/4314 182/4315
f 183/4316 4805/4317 4809/4318 4808/4319
f 4805/4317 1215/4320 4806/4321 4809/4318
f 4809/4318 4806/4321 1217/4322 4807/4323
f 4808/4319 4809/4318 4807/4323 1216/4324
f 1215/4320 4810/4325 4812/4326 4806/4321
f 4810/4325 182/4315 4802/4314 4812/4326
f 4812/4326 4802/4314 1212/4311 4811/4327
f 4806/4321 4812/4326 4811/4327 1217/4322
f 1217/4322 4811/4327 4814/4328 4813/4329
f 4811/4327 1212/4311 4799/4310 4814/4328
f 4814/4328 4799/4310 281/4184 4703/4182
f 4813/4329 4814/4328 4703/4182 1189/4178
f 1216/4324 4807/4323 4816/4330 4815/4331
f 4807/4323 1217/4322 4813/4329 4816/4330
f 4816/4330 4813/4329 1189/4178 4699/4176
f 4815/4331 4816/4330 4699/4176 332/4160
f 332/4160 4690/4163 4820/4332 4819/4333
f 4690/4163 1187/4168 4817/4334 4820/4332
f 4820/4332 4817/4334 1221/4335 4818/4336
f 4819/4333 4820/4332 4818/4336 1220/4337
f 1187/4168 4697/4175 4823/4338 4817/4334
f 4697/4175 337/4152 4821/4339 4823/4338
f 4823/4338 4821/4339 1218/4340 4822/4341
f 4817/4334 4823/4338 4822/4341 1221/4335
f 1221/4335 4822/4341 4827/4342 4826/4343
f 4822/4341 1218/4340 4824/4344 4827/4342
f 4827/4342 4824/4344 335/4345 4825/4346
f 4826/4343 4827/4342 4825/4346 1219/4347
f 1220/4337 4818/4336 4830/4348 4829/4349
f 4818/4336 1221/4335 4826/4343 4830/4348
f 4830/4348 4826/4343 1219/4347 4828/4350
f 4829/4349 4830/4348 4828/4350 331/4351
f 332/4160 4819/4333 4833/4352 4815/4331
f 4819/4333 1220/4337 4831/4353 4833/4352
f 4833/4352 4831/4353 1224/4354 4832/4355
f 4815/4331 4833/4352 4832/4355 1216/4324
f 1220/4337 4829/4349 4836/4356 4831/4353
f 4829/4349 331/4351 4834/4357 4836/4356
f 4836/4356 4834/4357 1222/4358 4835/4359
f 4831/4353 4836/4356 4835/4359 1224/4354
f 1224/4354 4835/4359 4840/4360 4839/4361
f 4835/4359 1222/4358 4837/4362 4840/4360
f 4840/4360 4837/4362 330/4363 4838/4364
f 4839/4361 4840/4360 4838/4364 1223/4365
f 1216/4324 4832/4355 4842/4366 4808/4319
f 4832/4355 1224/4354 4839/4361 4842/4366
f 4842/4366 4839/4361 1223/4365 4841/4367
f 4808/4319 4842/4366 4841/4367 183/4316
f 333/4368 4843/4369 4847/4370 4846/4371
f 4843/4369 1225/4372 4844/4373 4847/4370
f 4847/4370 4844/4373 1227/4374 4845/4375
f 4846/4371 4847/4370 4845/4375 1226/4376
f 1225/4372 4848/4377 4850/4378 4844/4373
f 4848/4377 335/4345 4824/4344 4850/4378
f 4850/4378 4824/4344 1218/4340 4849/4379
f 4844/4373 4850/4378 4849/4379 1227/4374
f 1227/4374 4849/4379 4852/4380 4851/4381
f 4849/4379 1218/4340 4821/4339 4852/4380
f 4852/4380 4821/4339 337/4152 4679/4150
f 4851/4381 4852/4380 4679/4150 1183/4146
f 1226/4376 4845/4375 4854/4382 4853/4383
f 4845/4375 1227/4374 4851/4381 4854/4382
f 4854/4382 4851/4381 1183/4146 4675/4144
f 4853/4383 4854/4382 4675/4144 336/4135
f 321/4384 4855/4385 4858/4386 2423/4387
f 4855/4385 1228/4388 4856/4389 4858/4386
f 4858/4386 4856/4389 1229/4390 4857/4391
f 2423/4387 4858/4386 4857/4391 615/4392
f 1228/4388 4859/4393 4861/4394 4856/4389
f 4859/4393 333/4368 4846/4371 4861/4394
f 4861/4394 4846/4371 1226/4376 4860/4395
f 4856/4389 4861/4394 4860/4395 1229/4390
f 1229/4390 4860/4395 4863/4396 4862/4397
f 4860/4395 1226/4376 4853/4383 4863/4396
f 4863/4396 4853/4383 336/4135 4667/4133
f 4862/4397 4863/4396 4667/4133 1180/4128
f 615/4392 4857/4391 4864/4398 2428/4399
f 4857/4391 1229/4390 4862/4397 4864/4398
f 4864/4398 4862/4397 1180/4128 4663/4125
f 2428/4399 4864/4398 4663/4125 317/4124
f 333/4368 4859/4393 4868/4400 4867/4401
f 4859/4393 1228/4388 4865/4402 4868/4400
f 4868/4400 4865/4402 1232/4403 4866/4404
f 4867/4401 4868/4400 4866/4404 1231/4405
f 1228/4388 4855/4385 4870/4406 4865/4402
f 4855/4385 321/4384 2447/4407 4870/4406
f 4870/4406 2447/4407 620/4408 4869/4409
f 4865/4402 4870/4406 4869/4409 1232/4403
f 1232/4403 4869/4409 4873/4410 4872/4411
f 4869/4409 620/4408 2444/4412 4873/4410
f 4873/4410 2444/4412 320/4413 4871/4414
f 4872/4411 4873/4410 4871/4414 1230/4415
f 1231/4405 4866/4404 4876/4416 4875/4417
f 4866/4404 1232/4403 4872/4411 4876/4416
f 4876/4416 4872/4411 1230/4415 4874/4418
f 4875/4417 4876/4416 4874/4418 340/4419
f 340/4419 4877/4420 4880/4421 4875/4417
f 4877/4420 1233/4422 4878/4423 4880/4421
f 4880/4421 4878/4423 1235/4424 4879/4425
f 4875/4417 4880/4421 4879/4425 1231/4405
f 1233/4422 4881/4426 4884/4427 4878/4423
f 4881/4426 334/4428 4882/4429 4884/4427
f 4884/4427 4882/4429 1234/4430 4883/4431
f 4878/4423 4884/4427 4883/4431 1235/4424
f 1235/4424 4883/4431 4887/4432 4886/4433
f 4883/4431 1234/4430 4885/4434 4887/4432
f 4887/4432 4885/4434 335/4345 4848/4377
f 4886/4433 4887/4432 4848/4377 1225/4372
f 1231/4405 4879/4425 4888/4435 4867/4401
f 4879/4425 1235/4424 4886/4433 4888/4435
f 4888/4435 4886/4433 1225/4372 4843/4369
f 4867/4401 4888/4435 4843/4369 333/4368
f 334/4428 4889/4436 4892/4437 4882/4429
f 4889/4436 1236/4438 4890/4439 4892/4437
f 4892/4437 4890/4439 1238/4440 4891/4441
f 4882/4429 4892/4437 4891/4441 1234/4430
f 1236/4438 4893/4442 4896/4443 4890/4439
f 4893/4442 339/4444 4894/4445 4896/4443
f 4896/4443 4894/4445 1237/4446 4895/4447
f 4890/4439 4896/4443 4895/4447 1238/4440
f 1238/4440 4895/4447 4899/4448 4898/4449
f 4895/4447 1237/4446 4897/4450 4899/4448
f 4899/4448 4897/4450 331/4351 4828/4350
f 4898/4449 4899/4448 4828/4350 1219/4347
f 1234/4430 4891/4441 4900/4451 4885/4434
f 4891/4441 1238/4440 4898/4449 4900/4451
f 4900/4451 4898/4449 1219/4347 4825/4346
f 4885/4434 4900/4451 4825/4346 335/4345
f 339/4444 4901/4452 4904/4453 4894/4445
f 4901/4452 1239/4454 4902/4455 4904/4453
f 4904/4453 4902/4455 1241/4456 4903/4457
f 4894/4445 4904/4453 4903/4457 1237/4446
f 1239/4454 4905/4458 4908/4459 4902/4455
f 4905/4458 187/4460 4906/4461 4908/4459
f 4908/4459 4906/4461 1240/4462 4907/4463
f 4902/4455 4908/4459 4907/4463 1241/4456
f 1241/4456 4907/4463 4911/4464 4910/4465
f 4907/4463 1240/4462 4909/4466 4911/4464
f 4911/4464 4909/4466 330/4363 4837/4362
f 4910/4465 4911/4464 4837/4362 1222/4358
f 1237/4446 4903/4457 4912/4467 4897/4450
f 4903/4457 1241/4456 4910/4465 4912/4467
f 4912/4467 4910/4465 1222/4358 4834/4357
f 4897/4450 4912/4467 4834/4357 331/4351
f 187/4460 4913/4468 4916/4469 4906/4461
f 4913/4468 1242/4470 4914/4471 4916/4469
f 4916/4469 4914/4471 1245/4472 4915/4473
f 4906/4461 4916/4469 4915/4473 1240/4462
f 1242/4470 4917/4474 4920/4475 4914/4471
f 4917/4474 188/4476 4918/4477 4920/4475
f 4920/4475 4918/4477 1243/4478 4919/4479
f 4914/4471 4920/4475 4919/4479 1245/4472
f 1245/4472 4919/4479 4924/4480 4923/4481
f 4919/4479 1243/4478 4921/4482 4924/4480
f 4924/4480 4921/4482 338/4483 4922/4484
f 4923/4481 4924/4480 4922/4484 1244/4485
f 1240/4462 4915/4473 4926/4486 4909/4466
f 4915/4473 1245/4472 4923/4481 4926/4486
f 4926/4486 4923/4481 1244/4485 4925/4487
f 4909/4466 4926/4486 4925/4487 330/4363
f 183/4316 4927/4488 4930/4489 4805/4317
f 4927/4488 1246/4490 4928/4491 4930/4489
f 4930/4489 4928/4491 1249/4492 4929/4493
f 4805/4317 4930/4489 4929/4493 1215/4320
f 1246/4490 4931/4494 4934/4495 4928/4491
f 4931/4494 181/4496 4932/4497 4934/4495
f 4934/4495 4932/4497 1247/4498 4933/4499
f 4928/4491 4934/4495 4933/4499 1249/4492
f 1249/4492 4933/4499 4938/4500 4937/4501
f 4933/4499 1247/4498 4935/4502 4938/4500
f 4938/4500 4935/4502 179/4503 4936/4504
f 4937/4501 4938/4500 4936/4504 1248/4505
f 1215/4320 4929/4493 4940/4506 4810/4325
f 4929/4493 1249/4492 4937/4501 4940/4506
f 4940/4506 4937/4501 1248/4505 4939/4507
f 4810/4325 4940/4506 4939/4507 182/4315
f 182/4315 4939/4507 4943/4508 4803/4313
f 4939/4507 1248/4505 4941/4509 4943/4508
f 4943/4508 4941/4509 1252/4510 4942/4511
f 4803/4313 4943/4508 4942/4511 1213/4305
f 1248/4505 4936/4504 4946/4512 4941/4509
f 4936/4504 179/4503 4944/4513 4946/4512
f 4946/4512 4944/4513 1250/4514 4945/4515
f 4941/4509 4946/4512 4945/4515 1252/4510
f 1252/4510 4945/4515 4950/4516 4949/4517
f 4945/4515 1250/4514 4947/4518 4950/4516
f 4950/4516 4947/4518 178/4519 4948/4520
f 4949/4517 4950/4516 4948/4520 1251/4521
f 1213/4305 4942/4511 4952/4522 4795/4301
f 4942/4511 1252/4510 4949/4517 4952/4522
f 4952/4522 4949/4517 1251/4521 4951/4523
f 4795/4301 4952/4522 4951/4523 279/4299
f 278/4279 4783/4285 4956/4524 4955/4525
f 4783/4285 1210/4289 4953/4526 4956/4524
f 4956/4524 4953/4526 1255/4527 4954/4528
f 4955/4525 4956/4524 4954/4528 1254/4529
f 1210/4289 4791/4297 4958/4530 4953/4526
f 4791/4297 279/4299 4951/4523 4958/4530
f 4958/4530 4951/4523 1251/4521 4957/4531
f 4953/4526 4958/4530 4957/4531 1255/4527
f 1255/4527 4957/4531 4961/4532 4960/4533
f 4957/4531 1251/4521 4948/4520 4961/4532
f 4961/4532 4948/4520 178/4519 4959/4534
f 4960/4533 4961/4532 4959/4534 1253/4535
f 1254/4529 4954/4528 4964/4536 4963/4537
f 4954/4528 1255/4527 4960/4533 4964/4536
f 4964/4536 4960/4533 1253/4535 4962/4538
f 4963/4537 4964/4536 4962/4538 168/4539
f 274/4252 4779/4283 4968/4540 4967/4541
f 4779/4283 1207/4281 4965/4542 4968/4540
f 4968/4540 4965/4542 1258/4543 4966/4544
f 4967/4541 4968/4540 4966/4544 1257/4545
f 1207/4281 4776/4280 4970/4546 4965/4542
f 4776/4280 278/4279 4955/4525 4970/4546
f 4970/4546 4955/4525 1254/4529 4969/4547
f 4965/4542 4970/4546 4969/4547 1258/4543
f 1258/4543 4969/4547 4973/4548 4972/4549
f 4969/4547 1254/4529 4963/4537 4973/4548
f 4973/4548 4963/4537 168/4539 4971/4550
f 4972/4549 4973/4548 4971/4550 1256/4551
f 1257/4545 4966/4544 4976/4552 4975/4553
f 4966/4544 1258/4543 4972/4549 4976/4552
f 4976/4552 4972/4549 1256/4551 4974/4554
f 4975/4553 4976/4552 4974/4554 275/4555
f 274/4252 4977/4556 4980/4557 4757/4253
f 4977/4556 1259/4558 4978/4559 4980/4557
f 4980/4557 4978/4559 1261/4560 4979/4561
f 4757/4253 4980/4557 4979/4561 1203/4256
f 1259/4558 4981/4562 4984/4563 4978/4559
f 4981/4562 273/4564 4982/4565 4984/4563
f 4984/4563 4982/4565 1260/4566 4983/4567
f 4978/4559 4984/4563 4983/4567 1261/4560
f 1261/4560 4983/4567 4987/4568 4986/4569
f 4983/4567 1260/4566 4985/4570 4987/4568
f 4987/4568 4985/4570 225/1275 2556/1274
f 4986/4569 4987/4568 2556/1274 648/1270
f 1203/4256 4979/4561 4988/4571 4762/4261
f 4979/4561 1261/4560 4986/4569 4988/4571
f 4988/4571 4986/4569 648/1270 2553/1269
f 4762/4261 4988/4571 2553/1269 226/973
f 274/4252 4989/4572 4992/4573 4977/4556
f 4989/4572 1262/4574 4990/4575 4992/4573
f 4992/4573 4990/4575 1265/4576 4991/4577
f 4977/4556 4992/4573 4991/4577 1259/4558
f 1262/4574 4993/4578 4996/4579 4990/4575
f 4993/4578 271/4580 4994/4581 4996/4579
f 4996/4579 4994/4581 1263/4582 4995/4583
f 4990/4575 4996/4579 4995/4583 1265/4576
f 1265/4576 4995/4583 5000/4584 4999/4585
f 4995/4583 1263/4582 4997/4586 5000/4584
f 5000/4584 4997/4586 272/4587 4998/4588
f 4999/4585 5000/4584 4998/4588 1264/4589
f 1259/4558 4991/4577 5002/4590 4981/4562
f 4991/4577 1265/4576 4999/4585 5002/4590
f 5002/4590 4999/4585 1264/4589 5001/4591
f 4981/4562 5002/4590 5001/4591 273/4564
f 274/4252 4967/4541 5005/4592 4989/4572
f 4967/4541 1257/4545 5003/4593 5005/4592
f 5005/4592 5003/4593 1268/4594 5004/4595
f 4989/4572 5005/4592 5004/4595 1262/4574
f 1257/4545 4975/4553 5008/4596 5003/4593
f 4975/4553 275/4555 5006/4597 5008/4596
f 5008/4596 5006/4597 1266/4598 5007/4599
f 5003/4593 5008/4596 5007/4599 1268/4594
f 1268/4594 5007/4599 5012/4600 5011/4601
f 5007/4599 1266/4598 5009/4602 5012/4600
f 5012/4600 5009/4602 269/4603 5010/4604
f 5011/4601 5012/4600 5010/4604 1267/4605
f 1262/4574 5004/4595 5014/4606 4993/4578
f 5004/4595 1268/4594 5011/4601 5014/4606
f 5014/4606 5011/4601 1267/4605 5013/4607
f 4993/4578 5014/4606 5013/4607 271/4580
f 273/4564 5001/4591 5017/4608 4982/4565
f 5001/4591 1264/4589 5015/4609 5017/4608
f 5017/4608 5015/4609 1270/4610 5016/4611
f 4982/4565 5017/4608 5016/4611 1260/4566
f 1264/4589 4998/4588 5020/4612 5015/4609
f 4998/4588 272/4587 5018/4613 5020/4612
f 5020/4612 5018/4613 1269/4614 5019/4615
f 5015/4609 5020/4612 5019/4615 1270/4610
f 1270/4610 5019/4615 5023/4616 5022/4617
f 5019/4615 1269/4614 5021/4618 5023/4616
f 5023/4616 5021/4618 215/1329 2595/1328
f 5022/4617 5023/4616 2595/1328 659/1324
f 1260/4566 5016/4611 5024/4619 4985/4570
f 5016/4611 1270/4610 5022/4617 5024/4619
f 5024/4619 5022/4617 659/1324 2592/1323
f 4985/4570 5024/4619 2592/1323 225/1275
f 215/1329 5021/4618 5027/4620 2601/1334
f 5021/4618 1269/4614 5025/4621 5027/4620
f 5027/4620 5025/4621 1273/4622 5026/4623
f 2601/1334 5027/4620 5026/4623 662/1336
f 1269/4614 5018/4613 5030/4624 5025/4621
f 5018/4613 272/4587 5028/4625 5030/4624
f 5030/4624 5028/4625 1271/4626 5029/4627
f 5025/4621 5030/4624 5029/4627 1273/4622
f 1273/4622 5029/4627 5034/4628 5033/4629
f 5029/4627 1271/4626 5031/4630 5034/4628
f 5034/4628 5031/4630 266/4631 5032/4632
f 5033/4629 5034/4628 5032/4632 1272/4633
f 662/1336 5026/4623 5036/4634 2605/1340
f 5026/4623 1273/4622 5033/4629 5036/4634
f 5036/4634 5033/4629 1272/4633 5035/4635
f 2605/1340 5036/4634 5035/4635 214/1342
f 271/4580 5037/4636 5040/4637 4994/4581
f 5037/4636 1274/4638 5038/4639 5040/4637
f 5040/4637 5038/4639 1276/4640 5039/4641
f 4994/4581 5040/4637 5039/4641 1263/4582
f 1274/4638 5041/4642 5044/4643 5038/4639
f 5041/4642 270/4644 5042/4645 5044/4643
f 5044/4643 5042/4645 1275/4646 5043/4647
f 5038/4639 5044/4643 5043/4647 1276/4640
f 1276/4640 5043/4647 5047/4648 5046/4649
f 5043/4647 1275/4646 5045/4650 5047/4648
f 5047/4648 5045/4650 266/4631 5031/4630
f 5046/4649 5047/4648 5031/4630 1271/4626
f 1263/4582 5039/4641 5048/4651 4997/4586
f 5039/4641 1276/4640 5046/4649 5048/4651
f 5048/4651 5046/4649 1271/4626 5028/4625
f 4997/4586 5048/4651 5028/4625 272/4587
f 266/4631 5049/4652 5052/4653 5032/4632
f 5049/4652 1277/4654 5050/4655 5052/4653
f 5052/4653 5050/4655 1279/4656 5051/4657
f 5032/4632 5052/4653 5051/4657 1272/4633
f 1277/4654 5053/4658 5056/4659 5050/4655
f 5053/4658 260/4660 5054/4661 5056/4659
f 5056/4659 5054/4661 1278/4662 5055/4663
f 5050/4655 5056/4659 5055/4663 1279/4656
f 1279/4656 5055/4663 5059/4664 5058/4665
f 5055/4663 1278/4662 5057/4666 5059/4664
f 5059/4664 5057/4666 212/1383 2634/1382
f 5058/4665 5059/4664 2634/1382 669/1378
f 1272/4633 5051/4657 5060/4667 5035/4635
f 5051/4657 1279/4656 5058/4665 5060/4667
f 5060/4667 5058/4665 669/1378 2631/1377
f 5035/4635 5060/4667 2631/1377 214/1342
f 270/4644 5061/4668 5064/4669 5042/4645
f 5061/4668 1280/4670 5062/4671 5064/4669
f 5064/4669 5062/4671 1282/4672 5063/4673
f 5042/4645 5064/4669 5063/4673 1275/4646
f 1280/4670 5065/4674 5068/4675 5062/4671
f 5065/4674 262/4676 5066/4677 5068/4675
f 5068/4675 5066/4677 1281/4678 5067/4679
f 5062/4671 5068/4675 5067/4679 1282/4672
f 1282/4672 5067/4679 5071/4680 5070/4681
f 5067/4679 1281/4678 5069/4682 5071/4680
f 5071/4680 5069/4682 260/4660 5053/4658
f 5070/4681 5071/4680 5053/4658 1277/4654
f 1275/4646 5063/4673 5072/4683 5045/4650
f 5063/4673 1282/4672 5070/4681 5072/4683
f 5072/4683 5070/4681 1277/4654 5049/4652
f 5045/4650 5072/4683 5049/4652 266/4631
f 270/4644 5073/4684 5076/4685 5061/4668
f 5073/4684 1283/4686 5074/4687 5076/4685
f 5076/4685 5074/4687 1286/4688 5075/4689
f 5061/4668 5076/4685 5075/4689 1280/4670
f 1283/4686 5077/4690 5080/4691 5074/4687
f 5077/4690 267/4692 5078/4693 5080/4691
f 5080/4691 5078/4693 1284/4694 5079/4695
f 5074/4687 5080/4691 5079/4695 1286/4688
f 1286/4688 5079/4695 5084/4696 5083/4697
f 5079/4695 1284/4694 5081/4698 5084/4696
f 5084/4696 5081/4698 268/4699 5082/4700
f 5083/4697 5084/4696 5082/4700 1285/4701
f 1280/4670 5075/4689 5086/4702 5065/4674
f 5075/4689 1286/4688 5083/4697 5086/4702
f 5086/4702 5083/4697 1285/4701 5085/4703
f 5065/4674 5086/4702 5085/4703 262/4676
f 269/4603 5087/4704 5090/4705 5010/4604
f 5087/4704 1287/4706 5088/4707 5090/4705
f 5090/4705 5088/4707 1288/4708 5089/4709
f 5010/4604 5090/4705 5089/4709 1267/4605
f 1287/4706 5091/4710 5093/4711 5088/4707
f 5091/4710 267/4692 5077/4690 5093/4711
f 5093/4711 5077/4690 1283/4686 5092/4712
f 5088/4707 5093/4711 5092/4712 1288/4708
f 1288/4708 5092/4712 5095/4713 5094/4714
f 5092/4712 1283/4686 5073/4684 5095/4713
f 5095/4713 5073/4684 270/4644 5041/4642
f 5094/4714 5095/4713 5041/4642 1274/4638
f 1267/4605 5089/4709 5096/4715 5013/4607
f 5089/4709 1288/4708 5094/4714 5096/4715
f 5096/4715 5094/4714 1274/4638 5037/4636
f 5013/4607 5096/4715 5037/4636 271/4580
f 152/4716 5097/4717 5101/4718 5100/4719
f 5097/4717 1289/4720 5098/4721 5101/4718
f 5101/4718 5098/4721 1292/4722 5099/4723
f 5100/4719 5101/4718 5099/4723 1291/4724
f 1289/4720 5102/4725 5105/4726 5098/4721
f 5102/4725 153/4727 5103/4728 5105/4726
f 5105/4726 5103/4728 1290/4729 5104/4730
f 5098/4721 5105/4726 5104/4730 1292/4722
f 1292/4722 5104/4730 5108/4731 5107/4732
f 5104/4730 1290/4729 5106/4733 5108/4731
f 5108/4731 5106/4733 267/4692 5091/4710
f 5107/4732 5108/4731 5091/4710 1287/4706
f 1291/4724 5099/4723 5110/4734 5109/4735
f 5099/4723 1292/4722 5107/4732 5110/4734
f 5110/4734 5107/4732 1287/4706 5087/4704
f 5109/4735 5110/4734 5087/4704 269/4603
f 148/4736 5111/4737 5115/4738 5114/4739
f 5111/4737 1293/4740 5112/4741 5115/4738
f 5115/4738 5112/4741 1295/4742 5113/4743
f 5114/4739 5115/4738 5113/4743 1294/4744
f 1293/4740 5116/4745 5118/4746 5112/4741
f 5116/4745 152/4716 5100/4719 5118/4746
f 5118/4746 5100/4719 1291/4724 5117/4747
f 5112/4741 5118/4746 5117/4747 1295/4742
f 1295/4742 5117/4747 5120/4748 5119/4749
f 5117/4747 1291/4724 5109/4735 5120/4748
f 5120/4748 5109/4735 269/4603 5009/4602
f 5119/4749 5120/4748 5009/4602 1266/4598
f 1294/4744 5113/4743 5122/4750 5121/4751
f 5113/4743 1295/4742 5119/4749 5122/4750
f 5122/4750 5119/4749 1266/4598 5006/4597
f 5121/4751 5122/4750 5006/4597 275/4555
f 267/4692 5106/4733 5125/4752 5078/4693
f 5106/4733 1290/4729 5123/4753 5125/4752
f 5125/4752 5123/4753 1298/4754 5124/4755
f 5078/4693 5125/4752 5124/4755 1284/4694
f 1290/4729 5103/4728 5128/4756 5123/4753
f 5103/4728 153/4727 5126/4757 5128/4756
f 5128/4756 5126/4757 1296/4758 5127/4759
f 5123/4753 5128/4756 5127/4759 1298/4754
f 1298/4754 5127/4759 5132/4760 5131/4761
f 5127/4759 1296/4758 5129/4762 5132/4760
f 5132/4760 5129/4762 263/4763 5130/4764
f 5131/4761 5132/4760 5130/4764 1297/4765
f 1284/4694 5124/4755 5134/4766 5081/4698
f 5124/4755 1298/4754 5131/4761 5134/4766
f 5134/4766 5131/4761 1297/4765 5133/4767
f 5081/4698 5134/4766 5133/4767 268/4699
f 150/4768 5135/4769 5139/4770 5138/4771
f 5135/4769 1299/4772 5136/4773 5139/4770
f 5139/4770 5136/4773 1302/4774 5137/4775
f 5138/4771 5139/4770 5137/4775 1301/4776
f 1299/4772 5140/4777 5143/4778 5136/4773
f 5140/4777 151/4779 5141/4780 5143/4778
f 5143/4778 5141/4780 1300/4781 5142/4782
f 5136/4773 5143/4778 5142/4782 1302/4774
f 1302/4774 5142/4782 5146/4783 5145/4784
f 5142/4782 1300/4781 5144/4785 5146/4783
f 5146/4783 5144/4785 263/4763 5129/4762
f 5145/4784 5146/4783 5129/4762 1296/4758
f 1301/4776 5137/4775 5148/4786 5147/4787
f 5137/4775 1302/4774 5145/4784 5148/4786
f 5148/4786 5145/4784 1296/4758 5126/4757
f 5147/4787 5148/4786 5126/4757 153/4727
f 150/4768 5149/4788 5152/4789 5135/4769
f 5149/4788 1303/4790 5150/4791 5152/4789
f 5152/4789 5150/4791 1305/4792 5151/4793
f 5135/4769 5152/4789 5151/4793 1299/4772
f 1303/4790 5153/4794 5155/4795 5150/4791
f 5153/4794 63/1529 2740/1528 5155/4795
f 5155/4795 2740/1528 697/1525 5154/4796
f 5150/4791 5155/4795 5154/4796 1305/4792
f 1305/4792 5154/4796 5158/4797 5157/4798
f 5154/4796 697/1525 2737/1524 5158/4797
f 5158/4797 2737/1524 55/1523 5156/4799
f 5157/4798 5158/4797 5156/4799 1304/4800
f 1299/4772 5151/4793 5160/4801 5140/4777
f 5151/4793 1305/4792 5157/4798 5160/4801
f 5160/4801 5157/4798 1304/4800 5159/4802
f 5140/4777 5160/4801 5159/4802 151/4779
f 150/4768 5161/4803 5164/4804 5149/4788
f 5161/4803 1306/4805 5162/4806 5164/4804
f 5164/4804 5162/4806 1308/4807 5163/4808
f 5149/4788 5164/4804 5163/4808 1303/4790
f 1306/4805 5165/4809 5168/4810 5162/4806
f 5165/4809 149/4811 5166/4812 5168/4810
f 5168/4810 5166/4812 1307/4813 5167/4814
f 5162/4806 5168/4810 5167/4814 1308/4807
f 1308/4807 5167/4814 5171/4815 5170/4816
f 5167/4814 1307/4813 5169/4817 5171/4815
f 5171/4815 5169/4817 53/1543 2750/1542
f 5170/4816 5171/4815 2750/1542 700/1538
f 1303/4790 5163/4808 5172/4818 5153/4794
f 5163/4808 1308/4807 5170/4816 5172/4818
f 5172/4818 5170/4816 700/1538 2747/1537
f 5153/4794 5172/4818 2747/1537 63/1529
f 144/4819 5173/4820 5177/4821 5176/4822
f 5173/4820 1309/4823 5174/4824 5177/4821
f 5177/4821 5174/4824 1311/4825 5175/4826
f 5176/4822 5177/4821 5175/4826 1310/4827
f 1309/4823 5178/4828 5180/4829 5174/4824
f 5178/4828 150/4768 5138/4771 5180/4829
f 5180/4829 5138/4771 1301/4776 5179/4830
f 5174/4824 5180/4829 5179/4830 1311/4825
f 1311/4825 5179/4830 5182/4831 5181/4832
f 5179/4830 1301/4776 5147/4787 5182/4831
f 5182/4831 5147/4787 153/4727 5102/4725
f 5181/4832 5182/4831 5102/4725 1289/4720
f 1310/4827 5175/4826 5184/4833 5183/4834
f 5175/4826 1311/4825 5181/4832 5184/4833
f 5184/4833 5181/4832 1289/4720 5097/4717
f 5183/4834 5184/4833 5097/4717 152/4716
f 144/4819 5185/4835 5188/4836 5173/4820
f 5185/4835 1312/4837 5186/4838 5188/4836
f 5188/4836 5186/4838 1314/4839 5187/4840
f 5173/4820 5188/4836 5187/4840 1309/4823
f 1312/4837 5189/4841 5192/4842 5186/4838
f 5189/4841 142/4843 5190/4844 5192/4842
f 5192/4842 5190/4844 1313/4845 5191/4846
f 5186/4838 5192/4842 5191/4846 1314/4839
f 1314/4839 5191/4846 5195/4847 5194/4848
f 5191/4846 1313/4845 5193/4849 5195/4847
f 5195/4847 5193/4849 149/4811 5165/4809
f 5194/4848 5195/4847 5165/4809 1306/4805
f 1309/4823 5187/4840 5196/4850 5178/4828
f 5187/4840 1314/4839 5194/4848 5196/4850
f 5196/4850 5194/4848 1306/4805 5161/4803
f 5178/4828 5196/4850 5161/4803 150/4768
f 152/4716 5116/4745 5199/4851 5183/4834
f 5116/4745 1293/4740 5197/4852 5199/4851
f 5199/4851 5197/4852 1317/4853 5198/4854
f 5183/4834 5199/4851 5198/4854 1310/4827
f 1293/4740 5111/4737 5202/4855 5197/4852
f 5111/4737 148/4736 5200/4856 5202/4855
f 5202/4855 5200/4856 1315/4857 5201/4858
f 5197/4852 5202/4855 5201/4858 1317/4853
f 1317/4853 5201/4858 5206/4859 5205/4860
f 5201/4858 1315/4857 5203/4861 5206/4859
f 5206/4859 5203/4861 145/4862 5204/4863
f 5205/4860 5206/4859 5204/4863 1316/4864
f 1310/4827 5198/4854 5208/4865 5176/4822
f 5198/4854 1317/4853 5205/4860 5208/4865
f 5208/4865 5205/4860 1316/4864 5207/4866
f 5176/4822 5208/4865 5207/4866 144/4819
f 140/4867 5209/4868 5213/4869 5212/4870
f 5209/4868 1318/4871 5210/4872 5213/4869
f 5213/4869 5210/4872 1321/4873 5211/4874
f 5212/4870 5213/4869 5211/4874 1320/4875
f 1318/4871 5214/4876 5216/4877 5210/4872
f 5214/4876 144/4819 5207/4866 5216/4877
f 5216/4877 5207/4866 1316/4864 5215/4878
f 5210/4872 5216/4877 5215/4878 1321/4873
f 1321/4873 5215/4878 5219/4879 5218/4880
f 5215/4878 1316/4864 5204/4863 5219/4879
f 5219/4879 5204/4863 145/4862 5217/4881
f 5218/4880 5219/4879 5217/4881 1319/4882
f 1320/4875 5211/4874 5222/4883 5221/4884
f 5211/4874 1321/4873 5218/4880 5222/4883
f 5222/4883 5218/4880 1319/4882 5220/4885
f 5221/4884 5222/4883 5220/4885 141/4886
f 149/4811 5223/4887 5226/4888 5166/4812
f 5223/4887 1322/4889 5224/4890 5226/4888
f 5226/4888 5224/4890 1324/4891 5225/4892
f 5166/4812 5226/4888 5225/4892 1307/4813
f 1322/4889 5227/4893 5230/4894 5224/4890
f 5227/4893 51/4895 5228/4896 5230/4894
f 5230/4894 5228/4896 1323/4897 5229/4898
f 5224/4890 5230/4894 5229/4898 1324/4891
f 1324/4891 5229/4898 5233/4899 5232/4900
f 5229/4898 1323/4897 5231/4901 5233/4899
f 5233/4899 5231/4901 54/1631 2814/1630
f 5232/4900 5233/4899 2814/1630 717/1626
f 1307/4813 5225/4892 5234/4902 5169/4817
f 5225/4892 1324/4891 5232/4900 5234/4902
f 5234/4902 5232/4900 717/1626 2811/1625
f 5169/4817 5234/4902 2811/1625 53/1543
f 46/1638 2824/1641 5238/4903 5237/4904
f 2824/1641 723/1646 5235/4905 5238/4903
f 5238/4903 5235/4905 1327/4906 5236/4907
f 5237/4904 5238/4903 5236/4907 1326/4908
f 723/1646 2833/1657 5240/4909 5235/4905
f 2833/1657 54/1631 5231/4901 5240/4909
f 5240/4909 5231/4901 1323/4897 5239/4910
f 5235/4905 5240/4909 5239/4910 1327/4906
f 1327/4906 5239/4910 5243/4911 5242/4912
f 5239/4910 1323/4897 5228/4896 5243/4911
f 5243/4911 5228/4896 51/4895 5241/4913
f 5242/4912 5243/4911 5241/4913 1325/4914
f 1326/4908 5236/4907 5246/4915 5245/4916
f 5236/4907 1327/4906 5242/4912 5246/4915
f 5246/4915 5242/4912 1325/4914 5244/4917
f 5245/4916 5246/4915 5244/4917 143/4918
f 140/4867 5247/4919 5251/4920 5250/4921
f 5247/4919 1328/4922 5248/4923 5251/4920
f 5251/4920 5248/4923 1330/4924 5249/4925
f 5250/4921 5251/4920 5249/4925 1329/4926
f 1328/4922 5252/4927 5254/4928 5248/4923
f 5252/4927 45/1676 2846/1675 5254/4928
f 5254/4928 2846/1675 726/1672 5253/4929
f 5248/4923 5254/4928 5253/4929 1330/4924
f 1330/4924 5253/4929 5256/4930 5255/4931
f 5253/4929 726/1672 2843/1671 5256/4930
f 5256/4930 2843/1671 46/1638 5237/4904
f 5255/4931 5256/4930 5237/4904 1326/4908
f 1329/4926 5249/4925 5258/4932 5257/4933
f 5249/4925 1330/4924 5255/4931 5258/4932
f 5258/4932 5255/4931 1326/4908 5245/4916
f 5257/4933 5258/4932 5245/4916 143/4918
f 45/1676 5252/4927 5261/4934 2849/1677
f 5252/4927 1328/4922 5259/4935 5261/4934
f 5261/4934 5259/4935 1332/4936 5260/4937
f 2849/1677 5261/4934 5260/4937 729/1679
f 1328/4922 5247/4919 5263/4938 5259/4935
f 5247/4919 140/4867 5212/4870 5263/4938
f 5263/4938 5212/4870 1320/4875 5262/4939
f 5259/4935 5263/4938 5262/4939 1332/4936
f 1332/4936 5262/4939 5266/4940 5265/4941
f 5262/4939 1320/4875 5221/4884 5266/4940
f 5266/4940 5221/4884 141/4886 5264/4942
f 5265/4941 5266/4940 5264/4942 1331/4943
f 729/1679 5260/4937 5268/4944 2853/1683
f 5260/4937 1332/4936 5265/4941 5268/4944
f 5268/4944 5265/4941 1331/4943 5267/4945
f 2853/1683 5268/4944 5267/4945 26/1685
f 122/4946 5269/4947 5273/4948 5272/4949
f 5269/4947 1333/4950 5270/4951 5273/4948
f 5273/4948 5270/4951 1335/4952 5271/4953
f 5272/4949 5273/4948 5271/4953 1334/4954
f 1333/4950 5274/4955 5276/4956 5270/4951
f 5274/4955 27/1712 2872/1711 5276/4956
f 5276/4956 2872/1711 733/1708 5275/4957
f 5270/4951 5276/4956 5275/4957 1335/4952
f 1335/4952 5275/4957 5278/4958 5277/4959
f 5275/4957 733/1708 2869/1707 5278/4958
f 5278/4958 2869/1707 26/1685 5267/4945
f 5277/4959 5278/4958 5267/4945 1331/4943
f 1334/4954 5271/4953 5280/4960 5279/4961
f 5271/4953 1335/4952 5277/4959 5280/4960
f 5280/4960 5277/4959 1331/4943 5264/4942
f 5279/4961 5280/4960 5264/4942 141/4886
f 122/4946 5272/4949 5284/4962 5283/4963
f 5272/4949 1334/4954 5281/4964 5284/4962
f 5284/4962 5281/4964 1338/4965 5282/4966
f 5283/4963 5284/4962 5282/4966 1337/4967
f 1334/4954 5279/4961 5286/4968 5281/4964
f 5279/4961 141/4886 5220/4885 5286/4968
f 5286/4968 5220/4885 1319/4882 5285/4969
f 5281/4964 5286/4968 5285/4969 1338/4965
f 1338/4965 5285/4969 5289/4970 5288/4971
f 5285/4969 1319/4882 5217/4881 5289/4970
f 5289/4970 5217/4881 145/4862 5287/4972
f 5288/4971 5289/4970 5287/4972 1336/4973
f 1337/4967 5282/4966 5292/4974 5291/4975
f 5282/4966 1338/4965 5288/4971 5292/4974
f 5292/4974 5288/4971 1336/4973 5290/4976
f 5291/4975 5292/4974 5290/4976 146/4977
f 27/1712 5274/4955 5295/4978 2887/1729
f 5274/4955 1333/4950 5293/4979 5295/4978
f 5295/4978 5293/4979 1341/4980 5294/4981
f 2887/1729 5295/4978 5294/4981 739/1731
f 1333/4950 5269/4947 5298/4982 5293/4979
f 5269/4947 122/4946 5296/4983 5298/4982
f 5298/4982 5296/4983 1339/4984 5297/4985
f 5293/4979 5298/4982 5297/4985 1341/4980
f 1341/4980 5297/4985 5302/4986 5301/4987
f 5297/4985 1339/4984 5299/4988 5302/4986
f 5302/4986 5299/4988 120/4989 5300/4990
f 5301/4987 5302/4986 5300/4990 1340/4991
f 739/1731 5294/4981 5304/4992 2891/1735
f 5294/4981 1341/4980 5301/4987 5304/4992
f 5304/4992 5301/4987 1340/4991 5303/4993
f 2891/1735 5304/4992 5303/4993 40/1737
f 126/4994 5305/4995 5309/4996 5308/4997
f 5305/4995 1342/4998 5306/4999 5309/4996
f 5309/4996 5306/4999 1345/5000 5307/5001
f 5308/4997 5309/4996 5307/5001 1344/5002
f 1342/4998 5310/5003 5313/5004 5306/4999
f 5310/5003 124/5005 5311/5006 5313/5004
f 5313/5004 5311/5006 1343/5007 5312/5008
f 5306/4999 5313/5004 5312/5008 1345/5000
f 1345/5000 5312/5008 5316/5009 5315/5010
f 5312/5008 1343/5007 5314/5011 5316/5009
f 5316/5009 5314/5011 120/4989 5299/4988
f 5315/5010 5316/5009 5299/4988 1339/4984
f 1344/5002 5307/5001 5318/5012 5317/5013
f 5307/5001 1345/5000 5315/5010 5318/5012
f 5318/5012 5315/5010 1339/4984 5296/4983
f 5317/5013 5318/5012 5296/4983 122/4946
f 122/4946 5283/4963 5321/5014 5317/5013
f 5283/4963 1337/4967 5319/5015 5321/5014
f 5321/5014 5319/5015 1348/5016 5320/5017
f 5317/5013 5321/5014 5320/5017 1344/5002
f 1337/4967 5291/4975 5324/5018 5319/5015
f 5291/4975 146/4977 5322/5019 5324/5018
f 5324/5018 5322/5019 1346/5020 5323/5021
f 5319/5015 5324/5018 5323/5021 1348/5016
f 1348/5016 5323/5021 5328/5022 5327/5023
f 5323/5021 1346/5020 5325/5024 5328/5022
f 5328/5022 5325/5024 133/5025 5326/5026
f 5327/5023 5328/5022 5326/5026 1347/5027
f 1344/5002 5320/5017 5330/5028 5308/4997
f 5320/5017 1348/5016 5327/5023 5330/5028
f 5330/5028 5327/5023 1347/5027 5329/5029
f 5308/4997 5330/5028 5329/5029 126/4994
f 120/4989 5331/5030 5334/5031 5300/4990
f 5331/5030 1349/5032 5332/5033 5334/5031
f 5334/5031 5332/5033 1351/5034 5333/5035
f 5300/4990 5334/5031 5333/5035 1340/4991
f 1349/5032 5335/5036 5338/5037 5332/5033
f 5335/5036 121/5038 5336/5039 5338/5037
f 5338/5037 5336/5039 1350/5040 5337/5041
f 5332/5033 5338/5037 5337/5041 1351/5034
f 1351/5034 5337/5041 5341/5042 5340/5043
f 5337/5041 1350/5040 5339/5044 5341/5042
f 5341/5042 5339/5044 41/1798 2934/1797
f 5340/5043 5341/5042 2934/1797 750/1793
f 1340/4991 5333/5035 5342/5045 5303/4993
f 5333/5035 1351/5034 5340/5043 5342/5045
f 5342/5045 5340/5043 750/1793 2931/1792
f 5303/4993 5342/5045 2931/1792 40/1737
f 121/5038 5335/5036 5346/5046 5345/5047
f 5335/5036 1349/5032 5343/5048 5346/5046
f 5346/5046 5343/5048 1354/5049 5344/5050
f 5345/5047 5346/5046 5344/5050 1353/5051
f 1349/5032 5331/5030 5348/5052 5343/5048
f 5331/5030 120/4989 5314/5011 5348/5052
f 5348/5052 5314/5011 1343/5007 5347/5053
f 5343/5048 5348/5052 5347/5053 1354/5049
f 1354/5049 5347/5053 5351/5054 5350/5055
f 5347/5053 1343/5007 5311/5006 5351/5054
f 5351/5054 5311/5006 124/5005 5349/5056
f 5350/5055 5351/5054 5349/5056 1352/5057
f 1353/5051 5344/5050 5354/5058 5353/5059
f 5344/5050 1354/5049 5350/5055 5354/5058
f 5354/5058 5350/5055 1352/5057 5352/5060
f 5353/5059 5354/5058 5352/5060 123/5061
f 116/5062 5355/5063 5359/5064 5358/5065
f 5355/5063 1355/5066 5356/5067 5359/5064
f 5359/5064 5356/5067 1357/5068 5357/5069
f 5358/5065 5359/5064 5357/5069 1356/5070
f 1355/5066 5360/5071 5362/5072 5356/5067
f 5360/5071 25/1840 2964/1839 5362/5072
f 5362/5072 2964/1839 758/1836 5361/5073
f 5356/5067 5362/5072 5361/5073 1357/5068
f 1357/5068 5361/5073 5364/5074 5363/5075
f 5361/5073 758/1836 2961/1835 5364/5074
f 5364/5074 2961/1835 41/1798 5339/5044
f 5363/5075 5364/5074 5339/5044 1350/5040
f 1356/5070 5357/5069 5366/5076 5365/5077
f 5357/5069 1357/5068 5363/5075 5366/5076
f 5366/5076 5363/5075 1350/5040 5336/5039
f 5365/5077 5366/5076 5336/5039 121/5038
f 116/5062 5358/5065 5370/5078 5369/5079
f 5358/5065 1356/5070 5367/5080 5370/5078
f 5370/5078 5367/5080 1360/5081 5368/5082
f 5369/5079 5370/5078 5368/5082 1359/5083
f 1356/5070 5365/5077 5372/5084 5367/5080
f 5365/5077 121/5038 5345/5047 5372/5084
f 5372/5084 5345/5047 1353/5051 5371/5085
f 5367/5080 5372/5084 5371/5085 1360/5081
f 1360/5081 5371/5085 5375/5086 5374/5087
f 5371/5085 1353/5051 5353/5059 5375/5086
f 5375/5086 5353/5059 123/5061 5373/5088
f 5374/5087 5375/5086 5373/5088 1358/5089
f 1359/5083 5368/5082 5378/5090 5377/5091
f 5368/5082 1360/5081 5374/5087 5378/5090
f 5378/5090 5374/5087 1358/5089 5376/5092
f 5377/5091 5378/5090 5376/5092 118/5093
f 109/5094 5379/5095 5383/5096 5382/5097
f 5379/5095 1361/5098 5380/5099 5383/5096
f 5383/5096 5380/5099 1363/5100 5381/5101
f 5382/5097 5383/5096 5381/5101 1362/5102
f 1361/5098 5384/5103 5386/5104 5380/5099
f 5384/5103 4/1876 2990/1875 5386/5104
f 5386/5104 2990/1875 765/1872 5385/5105
f 5380/5099 5386/5104 5385/5105 1363/5100
f 1363/5100 5385/5105 5388/5106 5387/5107
f 5385/5105 765/1872 2987/1871 5388/5106
f 5388/5106 2987/1871 25/1840 5360/5071
f 5387/5107 5388/5106 5360/5071 1355/5066
f 1362/5102 5381/5101 5390/5108 5389/5109
f 5381/5101 1363/5100 5387/5107 5390/5108
f 5390/5108 5387/5107 1355/5066 5355/5063
f 5389/5109 5390/5108 5355/5063 116/5062
f 116/5062 5391/5110 5394/5111 5389/5109
f 5391/5110 1364/5112 5392/5113 5394/5111
f 5394/5111 5392/5113 1367/5114 5393/5115
f 5389/5109 5394/5111 5393/5115 1362/5102
f 1364/5112 5395/5116 5398/5117 5392/5113
f 5395/5116 117/5118 5396/5119 5398/5117
f 5398/5117 5396/5119 1365/5120 5397/5121
f 5392/5113 5398/5117 5397/5121 1367/5114
f 1367/5114 5397/5121 5402/5122 5401/5123
f 5397/5121 1365/5120 5399/5124 5402/5122
f 5402/5122 5399/5124 111/5125 5400/5126
f 5401/5123 5402/5122 5400/5126 1366/5127
f 1362/5102 5393/5115 5404/5128 5382/5097
f 5393/5115 1367/5114 5401/5123 5404/5128
f 5404/5128 5401/5123 1366/5127 5403/5129
f 5382/5097 5404/5128 5403/5129 109/5094
f 116/5062 5369/5079 5407/5130 5391/5110
f 5369/5079 1359/5083 5405/5131 5407/5130
f 5407/5130 5405/5131 1370/5132 5406/5133
f 5391/5110 5407/5130 5406/5133 1364/5112
f 1359/5083 5377/5091 5410/5134 5405/5131
f 5377/5091 118/5093 5408/5135 5410/5134
f 5410/5134 5408/5135 1368/5136 5409/5137
f 5405/5131 5410/5134 5409/5137 1370/5132
f 1370/5132 5409/5137 5414/5138 5413/5139
f 5409/5137 1368/5136 5411/5140 5414/5138
f 5414/5138 5411/5140 119/5141 5412/5142
f 5413/5139 5414/5138 5412/5142 1369/5143
f 1364/5112 5406/5133 5416/5144 5395/5116
f 5406/5133 1370/5132 5413/5139 5416/5144
f 5416/5144 5413/5139 1369/5143 5415/5145
f 5395/5116 5416/5144 5415/5145 117/5118
f 6/1913 3022/1916 5420/5146 5419/5147
f 3022/1916 777/1921 5417/5148 5420/5146
f 5420/5146 5417/5148 1373/5149 5418/5150
f 5419/5147 5420/5146 5418/5150 1372/5151
f 777/1921 3031/1932 5422/5152 5417/5148
f 3031/1932 4/1876 5384/5103 5422/5152
f 5422/5152 5384/5103 1361/5098 5421/5153
f 5417/5148 5422/5152 5421/5153 1373/5149
f 1373/5149 5421/5153 5425/5154 5424/5155
f 5421/5153 1361/5098 5379/5095 5425/5154
f 5425/5154 5379/5095 109/5094 5423/5156
f 5424/5155 5425/5154 5423/5156 1371/5157
f 1372/5151 5418/5150 5428/5158 5427/5159
f 5418/5150 1373/5149 5424/5155 5428/5158
f 5428/5158 5424/5155 1371/5157 5426/5160
f 5427/5159 5428/5158 5426/5160 110/5161
f 114/5162 5429/5163 5433/5164 5432/5165
f 5429/5163 1374/5166 5430/5167 5433/5164
f 5433/5164 5430/5167 1376/5168 5431/5169
f 5432/5165 5433/5164 5431/5169 1375/5170
f 1374/5166 5434/5171 5436/5172 5430/5167
f 5434/5171 110/5161 5426/5160 5436/5172
f 5436/5172 5426/5160 1371/5157 5435/5173
f 5430/5167 5436/5172 5435/5173 1376/5168
f 1376/5168 5435/5173 5438/5174 5437/5175
f 5435/5173 1371/5157 5423/5156 5438/5174
f 5438/5174 5423/5156 109/5094 5403/5129
f 5437/5175 5438/5174 5403/5129 1366/5127
f 1375/5170 5431/5169 5440/5176 5439/5177
f 5431/5169 1376/5168 5437/5175 5440/5176
f 5440/5176 5437/5175 1366/5127 5400/5126
f 5439/5177 5440/5176 5400/5126 111/5125
f 154/5178 5441/5179 5445/5180 5444/5181
f 5441/5179 1377/5182 5442/5183 5445/5180
f 5445/5180 5442/5183 1380/5184 5443/5185
f 5444/5181 5445/5180 5443/5185 1379/5186
f 1377/5182 5446/5187 5448/5188 5442/5183
f 5446/5187 111/5125 5399/5124 5448/5188
f 5448/5188 5399/5124 1365/5120 5447/5189
f 5442/5183 5448/5188 5447/5189 1380/5184
f 1380/5184 5447/5189 5451/5190 5450/5191
f 5447/5189 1365/5120 5396/5119 5451/5190
f 5451/5190 5396/5119 117/5118 5449/5192
f 5450/5191 5451/5190 5449/5192 1378/5193
f 1379/5186 5443/5185 5454/5194 5453/5195
f 5443/5185 1380/5184 5450/5191 5454/5194
f 5454/5194 5450/5191 1378/5193 5452/5196
f 5453/5195 5454/5194 5452/5196 137/5197
f 115/5198 5455/5199 5459/5200 5458/5201
f 5455/5199 1381/5202 5456/5203 5459/5200
f 5459/5200 5456/5203 1383/5204 5457/5205
f 5458/5201 5459/5200 5457/5205 1382/5206
f 1381/5202 5460/5207 5462/5208 5456/5203
f 5460/5207 114/5162 5432/5165 5462/5208
f 5462/5208 5432/5165 1375/5170 5461/5209
f 5456/5203 5462/5208 5461/5209 1383/5204
f 1383/5204 5461/5209 5464/5210 5463/5211
f 5461/5209 1375/5170 5439/5177 5464/5210
f 5464/5210 5439/5177 111/5125 5446/5187
f 5463/5211 5464/5210 5446/5187 1377/5182
f 1382/5206 5457/5205 5466/5212 5465/5213
f 5457/5205 1383/5204 5463/5211 5466/5212
f 5466/5212 5463/5211 1377/5182 5441/5179
f 5465/5213 5466/5212 5441/5179 154/5178
f 137/5197 5452/5196 5470/5214 5469/5215
f 5452/5196 1378/5193 5467/5216 5470/5214
f 5470/5214 5467/5216 1386/5217 5468/5218
f 5469/5215 5470/5214 5468/5218 1385/5219
f 1378/5193 5449/5192 5472/5220 5467/5216
f 5449/5192 117/5118 5415/5145 5472/5220
f 5472/5220 5415/5145 1369/5143 5471/5221
f 5467/5216 5472/5220 5471/5221 1386/5217
f 1386/5217 5471/5221 5475/5222 5474/5223
f 5471/5221 1369/5143 5412/5142 5475/5222
f 5475/5222 5412/5142 119/5141 5473/5224
f 5474/5223 5475/5222 5473/5224 1384/5225
f 1385/5219 5468/5218 5478/5226 5477/5227
f 5468/5218 1386/5217 5474/5223 5478/5226
f 5478/5226 5474/5223 1384/5225 5476/5228
f 5477/5227 5478/5226 5476/5228 136/5229
f 146/4977 5479/5230 5482/5231 5322/5019
f 5479/5230 1387/5232 5480/5233 5482/5231
f 5482/5231 5480/5233 1390/5234 5481/5235
f 5322/5019 5482/5231 5481/5235 1346/5020
f 1387/5232 5483/5236 5486/5237 5480/5233
f 5483/5236 147/5238 5484/5239 5486/5237
f 5486/5237 5484/5239 1388/5240 5485/5241
f 5480/5233 5486/5237 5485/5241 1390/5234
f 1390/5234 5485/5241 5490/5242 5489/5243
f 5485/5241 1388/5240 5487/5244 5490/5242
f 5490/5242 5487/5244 134/5245 5488/5246
f 5489/5243 5490/5242 5488/5246 1389/5247
f 1346/5020 5481/5235 5492/5248 5325/5024
f 5481/5235 1390/5234 5489/5243 5492/5248
f 5492/5248 5489/5243 1389/5247 5491/5249
f 5325/5024 5492/5248 5491/5249 133/5025
f 148/4736 5493/5250 5496/5251 5200/4856
f 5493/5250 1391/5252 5494/5253 5496/5251
f 5496/5251 5494/5253 1392/5254 5495/5255
f 5200/4856 5496/5251 5495/5255 1315/4857
f 1391/5252 5497/5256 5499/5257 5494/5253
f 5497/5256 147/5238 5483/5236 5499/5257
f 5499/5257 5483/5236 1387/5232 5498/5258
f 5494/5253 5499/5257 5498/5258 1392/5254
f 1392/5254 5498/5258 5501/5259 5500/5260
f 5498/5258 1387/5232 5479/5230 5501/5259
f 5501/5259 5479/5230 146/4977 5290/4976
f 5500/5260 5501/5259 5290/4976 1336/4973
f 1315/4857 5495/5255 5502/5261 5203/4861
f 5495/5255 1392/5254 5500/5260 5502/5261
f 5502/5261 5500/5260 1336/4973 5287/4972
f 5203/4861 5502/5261 5287/4972 145/4862
f 148/4736 5114/4739 5506/5262 5505/5263
f 5114/4739 1294/4744 5503/5264 5506/5262
f 5506/5262 5503/5264 1395/5265 5504/5266
f 5505/5263 5506/5262 5504/5266 1394/5267
f 1294/4744 5121/4751 5508/5268 5503/5264
f 5121/4751 275/4555 4974/4554 5508/5268
f 5508/5268 4974/4554 1256/4551 5507/5269
f 5503/5264 5508/5268 5507/5269 1395/5265
f 1395/5265 5507/5269 5511/5270 5510/5271
f 5507/5269 1256/4551 4971/4550 5511/5270
f 5511/5270 4971/4550 168/4539 5509/5272
f 5510/5271 5511/5270 5509/5272 1393/5273
f 1394/5267 5504/5266 5514/5274 5513/5275
f 5504/5266 1395/5265 5510/5271 5514/5274
f 5514/5274 5510/5271 1393/5273 5512/5276
f 5513/5275 5514/5274 5512/5276 166/5277
f 166/5277 5515/5278 5518/5279 5513/5275
f 5515/5278 1396/5280 5516/5281 5518/5279
f 5518/5279 5516/5281 1398/5282 5517/5283
f 5513/5275 5518/5279 5517/5283 1394/5267
f 1396/5280 5519/5284 5522/5285 5516/5281
f 5519/5284 165/5286 5520/5287 5522/5285
f 5522/5285 5520/5287 1397/5288 5521/5289
f 5516/5281 5522/5285 5521/5289 1398/5282
f 1398/5282 5521/5289 5525/5290 5524/5291
f 5521/5289 1397/5288 5523/5292 5525/5290
f 5525/5290 5523/5292 147/5238 5497/5256
f 5524/5291 5525/5290 5497/5256 1391/5252
f 1394/5267 5517/5283 5526/5293 5505/5263
f 5517/5283 1398/5282 5524/5291 5526/5293
f 5526/5293 5524/5291 1391/5252 5493/5250
f 5505/5263 5526/5293 5493/5250 148/4736
f 167/5294 5527/5295 5531/5296 5530/5297
f 5527/5295 1399/5298 5528/5299 5531/5296
f 5531/5296 5528/5299 1401/5300 5529/5301
f 5530/5297 5531/5296 5529/5301 1400/5302
f 1399/5298 5532/5303 5534/5304 5528/5299
f 5532/5303 166/5277 5512/5276 5534/5304
f 5534/5304 5512/5276 1393/5273 5533/5305
f 5528/5299 5534/5304 5533/5305 1401/5300
f 1401/5300 5533/5305 5536/5306 5535/5307
f 5533/5305 1393/5273 5509/5272 5536/5306
f 5536/5306 5509/5272 168/4539 4962/4538
f 5535/5307 5536/5306 4962/4538 1253/4535
f 1400/5302 5529/5301 5538/5308 5537/5309
f 5529/5301 1401/5300 5535/5307 5538/5308
f 5538/5308 5535/5307 1253/4535 4959/4534
f 5537/5309 5538/5308 4959/4534 178/4519
f 167/5294 5539/5310 5542/5311 5527/5295
f 5539/5310 1402/5312 5540/5313 5542/5311
f 5542/5311 5540/5313 1404/5314 5541/5315
f 5527/5295 5542/5311 5541/5315 1399/5298
f 1402/5312 5543/5316 5546/5317 5540/5313
f 5543/5316 162/5318 5544/5319 5546/5317
f 5546/5317 5544/5319 1403/5320 5545/5321
f 5540/5313 5546/5317 5545/5321 1404/5314
f 1404/5314 5545/5321 5549/5322 5548/5323
f 5545/5321 1403/5320 5547/5324 5549/5322
f 5549/5322 5547/5324 165/5286 5519/5284
f 5548/5323 5549/5322 5519/5284 1396/5280
f 1399/5298 5541/5315 5550/5325 5532/5303
f 5541/5315 1404/5314 5548/5323 5550/5325
f 5550/5325 5548/5323 1396/5280 5515/5278
f 5532/5303 5550/5325 5515/5278 166/5277
f 165/5286 5551/5326 5554/5327 5520/5287
f 5551/5326 1405/5328 5552/5329 5554/5327
f 5554/5327 5552/5329 1407/5330 5553/5331
f 5520/5287 5554/5327 5553/5331 1397/5288
f 1405/5328 5555/5332 5558/5333 5552/5329
f 5555/5332 158/5334 5556/5335 5558/5333
f 5558/5333 5556/5335 1406/5336 5557/5337
f 5552/5329 5558/5333 5557/5337 1407/5330
f 1407/5330 5557/5337 5561/5338 5560/5339
f 5557/5337 1406/5336 5559/5340 5561/5338
f 5561/5338 5559/5340 134/5245 5487/5244
f 5560/5339 5561/5338 5487/5244 1388/5240
f 1397/5288 5553/5331 5562/5341 5523/5292
f 5553/5331 1407/5330 5560/5339 5562/5341
f 5562/5341 5560/5339 1388/5240 5484/5239
f 5523/5292 5562/5341 5484/5239 147/5238
f 162/5318 5563/5342 5566/5343 5544/5319
f 5563/5342 1408/5344 5564/5345 5566/5343
f 5566/5343 5564/5345 1410/5346 5565/5347
f 5544/5319 5566/5343 5565/5347 1403/5320
f 1408/5344 5567/5348 5570/5349 5564/5345
f 5567/5348 159/5350 5568/5351 5570/5349
f 5570/5349 5568/5351 1409/5352 5569/5353
f 5564/5345 5570/5349 5569/5353 1410/5346
f 1410/5346 5569/5353 5573/5354 5572/5355
f 5569/5353 1409/5352 5571/5356 5573/5354
f 5573/5354 5571/5356 158/5334 5555/5332
f 5572/5355 5573/5354 5555/5332 1405/5328
f 1403/5320 5565/5347 5574/5357 5547/5324
f 5565/5347 1410/5346 5572/5355 5574/5357
f 5574/5357 5572/5355 1405/5328 5551/5326
f 5547/5324 5574/5357 5551/5326 165/5286
f 179/4503 4935/4502 5578/5358 5577/5359
f 4935/4502 1247/4498 5575/5360 5578/5358
f 5578/5358 5575/5360 1414/5361 5576/5362
f 5577/5359 5578/5358 5576/5362 1413/5363
f 1247/4498 4932/4497 5581/5364 5575/5360
f 4932/4497 181/4496 5579/5365 5581/5364
f 5581/5364 5579/5365 1411/5366 5580/5367
f 5575/5360 5581/5364 5580/5367 1414/5361
f 1414/5361 5580/5367 5585/5368 5584/5369
f 5580/5367 1411/5366 5582/5370 5585/5368
f 5585/5368 5582/5370 193/5371 5583/5372
f 5584/5369 5585/5368 5583/5372 1412/5373
f 1413/5363 5576/5362 5588/5374 5587/5375
f 5576/5362 1414/5361 5584/5369 5588/5374
f 5588/5374 5584/5369 1412/5373 5586/5376
f 5587/5375 5588/5374 5586/5376 185/5377
f 181/4496 5589/5378 5592/5379 5579/5365
f 5589/5378 1415/5380 5590/5381 5592/5379
f 5592/5379 5590/5381 1418/5382 5591/5383
f 5579/5365 5592/5379 5591/5383 1411/5366
f 1415/5380 5593/5384 5596/5385 5590/5381
f 5593/5384 195/5386 5594/5387 5596/5385
f 5596/5385 5594/5387 1416/5388 5595/5389
f 5590/5381 5596/5385 5595/5389 1418/5382
f 1418/5382 5595/5389 5600/5390 5599/5391
f 5595/5389 1416/5388 5597/5392 5600/5390
f 5600/5390 5597/5392 194/5393 5598/5394
f 5599/5391 5600/5390 5598/5394 1417/5395
f 1411/5366 5591/5383 5602/5396 5582/5370
f 5591/5383 1418/5382 5599/5391 5602/5396
f 5602/5396 5599/5391 1417/5395 5601/5397
f 5582/5370 5602/5396 5601/5397 193/5371
f 167/5294 5530/5297 5606/5398 5605/5399
f 5530/5297 1400/5302 5603/5400 5606/5398
f 5606/5398 5603/5400 1420/5401 5604/5402
f 5605/5399 5606/5398 5604/5402 1419/5403
f 1400/5302 5537/5309 5608/5404 5603/5400
f 5537/5309 178/4519 4947/4518 5608/5404
f 5608/5404 4947/4518 1250/4514 5607/5405
f 5603/5400 5608/5404 5607/5405 1420/5401
f 1420/5401 5607/5405 5610/5406 5609/5407
f 5607/5405 1250/4514 4944/4513 5610/5406
f 5610/5406 4944/4513 179/4503 5577/5359
f 5609/5407 5610/5406 5577/5359 1413/5363
f 1419/5403 5604/5402 5612/5408 5611/5409
f 5604/5402 1420/5401 5609/5407 5612/5408
f 5612/5408 5609/5407 1413/5363 5587/5375
f 5611/5409 5612/5408 5587/5375 185/5377
f 167/5294 5613/5410 5616/5411 5539/5310
f 5613/5410 1421/5412 5614/5413 5616/5411
f 5616/5411 5614/5413 1424/5414 5615/5415
f 5539/5310 5616/5411 5615/5415 1402/5312
f 1421/5412 5617/5416 5620/5417 5614/5413
f 5617/5416 164/5418 5618/5419 5620/5417
f 5620/5417 5618/5419 1422/5420 5619/5421
f 5614/5413 5620/5417 5619/5421 1424/5414
f 1424/5414 5619/5421 5624/5422 5623/5423
f 5619/5421 1422/5420 5621/5424 5624/5422
f 5624/5422 5621/5424 161/5425 5622/5426
f 5623/5423 5624/5422 5622/5426 1423/5427
f 1402/5312 5615/5415 5626/5428 5543/5316
f 5615/5415 1424/5414 5623/5423 5626/5428
f 5626/5428 5623/5423 1423/5427 5625/5429
f 5543/5316 5626/5428 5625/5429 162/5318
f 167/5294 5605/5399 5629/5430 5613/5410
f 5605/5399 1419/5403 5627/5431 5629/5430
f 5629/5430 5627/5431 1427/5432 5628/5433
f 5613/5410 5629/5430 5628/5433 1421/5412
f 1419/5403 5611/5409 5632/5434 5627/5431
f 5611/5409 185/5377 5630/5435 5632/5434
f 5632/5434 5630/5435 1425/5436 5631/5437
f 5627/5431 5632/5434 5631/5437 1427/5432
f 1427/5432 5631/5437 5636/5438 5635/5439
f 5631/5437 1425/5436 5633/5440 5636/5438
f 5636/5438 5633/5440 184/5441 5634/5442
f 5635/5439 5636/5438 5634/5442 1426/5443
f 1421/5412 5628/5433 5638/5444 5617/5416
f 5628/5433 1427/5432 5635/5439 5638/5444
f 5638/5444 5635/5439 1426/5443 5637/5445
f 5617/5416 5638/5444 5637/5445 164/5418
f 161/5425 5639/5446 5642/5447 5622/5426
f 5639/5446 1428/5448 5640/5449 5642/5447
f 5642/5447 5640/5449 1430/5450 5641/5451
f 5622/5426 5642/5447 5641/5451 1423/5427
f 1428/5448 5643/5452 5646/5453 5640/5449
f 5643/5452 160/5454 5644/5455 5646/5453
f 5646/5453 5644/5455 1429/5456 5645/5457
f 5640/5449 5646/5453 5645/5457 1430/5450
f 1430/5450 5645/5457 5649/5458 5648/5459
f 5645/5457 1429/5456 5647/5460 5649/5458
f 5649/5458 5647/5460 159/5350 5567/5348
f 5648/5459 5649/5458 5567/5348 1408/5344
f 1423/5427 5641/5451 5650/5461 5625/5429
f 5641/5451 1430/5450 5648/5459 5650/5461
f 5650/5461 5648/5459 1408/5344 5563/5342
f 5625/5429 5650/5461 5563/5342 162/5318
f 155/5462 5651/5463 5655/5464 5654/5465
f 5651/5463 1431/5466 5652/5467 5655/5464
f 5655/5464 5652/5467 1434/5468 5653/5469
f 5654/5465 5655/5464 5653/5469 1433/5470
f 1431/5466 5656/5471 5658/5472 5652/5467
f 5656/5471 137/5197 5469/5215 5658/5472
f 5658/5472 5469/5215 1385/5219 5657/5473
f 5652/5467 5658/5472 5657/5473 1434/5468
f 1434/5468 5657/5473 5661/5474 5660/5475
f 5657/5473 1385/5219 5477/5227 5661/5474
f 5661/5474 5477/5227 136/5229 5659/5476
f 5660/5475 5661/5474 5659/5476 1432/5477
f 1433/5470 5653/5469 5664/5478 5663/5479
f 5653/5469 1434/5468 5660/5475 5664/5478
f 5664/5478 5660/5475 1432/5477 5662/5480
f 5663/5479 5664/5478 5662/5480 157/5481
f 161/5425 5665/5482 5668/5483 5639/5446
f 5665/5482 1435/5484 5666/5485 5668/5483
f 5668/5483 5666/5485 1437/5486 5667/5487
f 5639/5446 5668/5483 5667/5487 1428/5448
f 1435/5484 5669/5488 5671/5489 5666/5485
f 5669/5488 155/5462 5654/5465 5671/5489
f 5671/5489 5654/5465 1433/5470 5670/5490
f 5666/5485 5671/5489 5670/5490 1437/5486
f 1437/5486 5670/5490 5674/5491 5673/5492
f 5670/5490 1433/5470 5663/5479 5674/5491
f 5674/5491 5663/5479 157/5481 5672/5493
f 5673/5492 5674/5491 5672/5493 1436/5494
f 1428/5448 5667/5487 5676/5495 5643/5452
f 5667/5487 1437/5486 5673/5492 5676/5495
f 5676/5495 5673/5492 1436/5494 5675/5496
f 5643/5452 5676/5495 5675/5496 160/5454
f 163/5497 5677/5498 5681/5499 5680/5500
f 5677/5498 1438/5501 5678/5502 5681/5499
f 5681/5499 5678/5502 1440/5503 5679/5504
f 5680/5500 5681/5499 5679/5504 1439/5505
f 1438/5501 5682/5506 5684/5507 5678/5502
f 5682/5506 154/5178 5444/5181 5684/5507
f 5684/5507 5444/5181 1379/5186 5683/5508
f 5678/5502 5684/5507 5683/5508 1440/5503
f 1440/5503 5683/5508 5686/5509 5685/5510
f 5683/5508 1379/5186 5453/5195 5686/5509
f 5686/5509 5453/5195 137/5197 5656/5471
f 5685/5510 5686/5509 5656/5471 1431/5466
f 1439/5505 5679/5504 5688/5511 5687/5512
f 5679/5504 1440/5503 5685/5510 5688/5511
f 5688/5511 5685/5510 1431/5466 5651/5463
f 5687/5512 5688/5511 5651/5463 155/5462
f 177/5513 5689/5514 5693/5515 5692/5516
f 5689/5514 1441/5517 5690/5518 5693/5515
f 5693/5515 5690/5518 1443/5519 5691/5520
f 5692/5516 5693/5515 5691/5520 1442/5521
f 1441/5517 5694/5522 5696/5523 5690/5518
f 5694/5522 115/5198 5458/5201 5696/5523
f 5696/5523 5458/5201 1382/5206 5695/5524
f 5690/5518 5696/5523 5695/5524 1443/5519
f 1443/5519 5695/5524 5698/5525 5697/5526
f 5695/5524 1382/5206 5465/5213 5698/5525
f 5698/5525 5465/5213 154/5178 5682/5506
f 5697/5526 5698/5525 5682/5506 1438/5501
f 1442/5521 5691/5520 5700/5527 5699/5528
f 5691/5520 1443/5519 5697/5526 5700/5527
f 5700/5527 5697/5526 1438/5501 5677/5498
f 5699/5528 5700/5527 5677/5498 163/5497
f 155/5462 5669/5488 5703/5529 5687/5512
f 5669/5488 1435/5484 5701/5530 5703/5529
f 5703/5529 5701/5530 1445/5531 5702/5532
f 5687/5512 5703/5529 5702/5532 1439/5505
f 1435/5484 5665/5482 5705/5533 5701/5530
f 5665/5482 161/5425 5621/5424 5705/5533
f 5705/5533 5621/5424 1422/5420 5704/5534
f 5701/5530 5705/5533 5704/5534 1445/5531
f 1445/5531 5704/5534 5708/5535 5707/5536
f 5704/5534 1422/5420 5618/5419 5708/5535
f 5708/5535 5618/5419 164/5418 5706/5537
f 5707/5536 5708/5535 5706/5537 1444/5538
f 1439/5505 5702/5532 5710/5539 5680/5500
f 5702/5532 1445/5531 5707/5536 5710/5539
f 5710/5539 5707/5536 1444/5538 5709/5540
f 5680/5500 5710/5539 5709/5540 163/5497
f 177/5513 5692/5516 5714/5541 5713/5542
f 5692/5516 1442/5521 5711/5543 5714/5541
f 5714/5541 5711/5543 1447/5544 5712/5545
f 5713/5542 5714/5541 5712/5545 1446/5546
f 1442/5521 5699/5528 5716/5547 5711/5543
f 5699/5528 163/5497 5709/5540 5716/5547
f 5716/5547 5709/5540 1444/5538 5715/5548
f 5711/5543 5716/5547 5715/5548 1447/5544
f 1447/5544 5715/5548 5718/5549 5717/5550
f 5715/5548 1444/5538 5706/5537 5718/5549
f 5718/5549 5706/5537 164/5418 5637/5445
f 5717/5550 5718/5549 5637/5445 1426/5443
f 1446/5546 5712/5545 5720/5551 5719/5552
f 5712/5545 1447/5544 5717/5550 5720/5551
f 5720/5551 5717/5550 1426/5443 5634/5442
f 5719/5552 5720/5551 5634/5442 184/5441
f 186/5553 5721/5554 5725/5555 5724/5556
f 5721/5554 1448/5557 5722/5558 5725/5555
f 5725/5555 5722/5558 1450/5559 5723/5560
f 5724/5556 5725/5555 5723/5560 1449/5561
f 1448/5557 5726/5562 5728/5563 5722/5558
f 5726/5562 184/5441 5633/5440 5728/5563
f 5728/5563 5633/5440 1425/5436 5727/5564
f 5722/5558 5728/5563 5727/5564 1450/5559
f 1450/5559 5727/5564 5730/5565 5729/5566
f 5727/5564 1425/5436 5630/5435 5730/5565
f 5730/5565 5630/5435 185/5377 5586/5376
f 5729/5566 5730/5565 5586/5376 1412/5373
f 1449/5561 5723/5560 5732/5567 5731/5568
f 5723/5560 1450/5559 5729/5566 5732/5567
f 5732/5567 5729/5566 1412/5373 5583/5372
f 5731/5568 5732/5567 5583/5372 193/5371
f 174/5569 5733/5570 5737/5571 5736/5572
f 5733/5570 1451/5573 5734/5574 5737/5571
f 5737/5571 5734/5574 1453/5575 5735/5576
f 5736/5572 5737/5571 5735/5576 1452/5577
f 1451/5573 5738/5578 5740/5579 5734/5574
f 5738/5578 177/5513 5713/5542 5740/5579
f 5740/5579 5713/5542 1446/5546 5739/5580
f 5734/5574 5740/5579 5739/5580 1453/5575
f 1453/5575 5739/5580 5742/5581 5741/5582
f 5739/5580 1446/5546 5719/5552 5742/5581
f 5742/5581 5719/5552 184/5441 5726/5562
f 5741/5582 5742/5581 5726/5562 1448/5557
f 1452/5577 5735/5576 5744/5583 5743/5584
f 5735/5576 1453/5575 5741/5582 5744/5583
f 5744/5583 5741/5582 1448/5557 5721/5554
f 5743/5584 5744/5583 5721/5554 186/5553
f 186/5553 5724/5556 5748/5585 5747/5586
f 5724/5556 1449/5561 5745/5587 5748/5585
f 5748/5585 5745/5587 1456/5588 5746/5589
f 5747/5586 5748/5585 5746/5589 1455/5590
f 1449/5561 5731/5568 5750/5591 5745/5587
f 5731/5568 193/5371 5601/5397 5750/5591
f 5750/5591 5601/5397 1417/5395 5749/5592
f 5745/5587 5750/5591 5749/5592 1456/5588
f 1456/5588 5749/5592 5753/5593 5752/5594
f 5749/5592 1417/5395 5598/5394 5753/5593
f 5753/5593 5598/5394 194/5393 5751/5595
f 5752/5594 5753/5593 5751/5595 1454/5596
f 1455/5590 5746/5589 5756/5597 5755/5598
f 5746/5589 1456/5588 5752/5594 5756/5597
f 5756/5597 5752/5594 1454/5596 5754/5599
f 5755/5598 5756/5597 5754/5599 189/5600
f 195/5386 5757/5601 5760/5602 5594/5387
f 5757/5601 1457/5603 5758/5604 5760/5602
f 5760/5602 5758/5604 1460/5605 5759/5606
f 5594/5387 5760/5602 5759/5606 1416/5388
f 1457/5603 5761/5607 5764/5608 5758/5604
f 5761/5607 196/5609 5762/5610 5764/5608
f 5764/5608 5762/5610 1458/5611 5763/5612
f 5758/5604 5764/5608 5763/5612 1460/5605
f 1460/5605 5763/5612 5768/5613 5767/5614
f 5763/5612 1458/5611 5765/5615 5768/5613
f 5768/5613 5765/5615 180/5616 5766/5617
f 5767/5614 5768/5613 5766/5617 1459/5618
f 1416/5388 5759/5606 5770/5619 5597/5392
f 5759/5606 1460/5605 5767/5614 5770/5619
f 5770/5619 5767/5614 1459/5618 5769/5620
f 5597/5392 5770/5619 5769/5620 194/5393
f 189/5600 5754/5599 5774/5621 5773/5622
f 5754/5599 1454/5596 5771/5623 5774/5621
f 5774/5621 5771/5623 1463/5624 5772/5625
f 5773/5622 5774/5621 5772/5625 1462/5626
f 1454/5596 5751/5595 5776/5627 5771/5623
f 5751/5595 194/5393 5769/5620 5776/5627
f 5776/5627 5769/5620 1459/5618 5775/5628
f 5771/5623 5776/5627 5775/5628 1463/5624
f 1463/5624 5775/5628 5779/5629 5778/5630
f 5775/5628 1459/5618 5766/5617 5779/5629
f 5779/5629 5766/5617 180/5616 5777/5631
f 5778/5630 5779/5629 5777/5631 1461/5632
f 1462/5626 5772/5625 5782/5633 5781/5634
f 5772/5625 1463/5624 5778/5630 5782/5633
f 5782/5633 5778/5630 1461/5632 5780/5635
f 5781/5634 5782/5633 5780/5635 190/5636
f 198/5637 5783/5638 5787/5639 5786/5640
f 5783/5638 1464/5641 5784/5642 5787/5639
f 5787/5639 5784/5642 1468/5643 5785/5644
f 5786/5640 5787/5639 5785/5644 1467/5645
f 1464/5641 5788/5646 5791/5647 5784/5642
f 5788/5646 338/4483 5789/5648 5791/5647
f 5791/5647 5789/5648 1465/5649 5790/5650
f 5784/5642 5791/5647 5790/5650 1468/5643
f 1468/5643 5790/5650 5795/5651 5794/5652
f 5790/5650 1465/5649 5792/5653 5795/5651
f 5795/5651 5792/5653 192/5654 5793/5655
f 5794/5652 5795/5651 5793/5655 1466/5656
f 1467/5645 5785/5644 5798/5657 5797/5658
f 5785/5644 1468/5643 5794/5652 5798/5657
f 5798/5657 5794/5652 1466/5656 5796/5659
f 5797/5658 5798/5657 5796/5659 197/5660
f 188/4476 5799/5661 5802/5662 4918/4477
f 5799/5661 1469/5663 5800/5664 5802/5662
f 5802/5662 5800/5664 1471/5665 5801/5666
f 4918/4477 5802/5662 5801/5666 1243/4478
f 1469/5663 5803/5667 5806/5668 5800/5664
f 5803/5667 191/5669 5804/5670 5806/5668
f 5806/5668 5804/5670 1470/5671 5805/5672
f 5800/5664 5806/5668 5805/5672 1471/5665
f 1471/5665 5805/5672 5809/5673 5808/5674
f 5805/5672 1470/5671 5807/5675 5809/5673
f 5809/5673 5807/5675 192/5654 5792/5653
f 5808/5674 5809/5673 5792/5653 1465/5649
f 1243/4478 5801/5666 5810/5676 4921/4482
f 5801/5666 1471/5665 5808/5674 5810/5676
f 5810/5676 5808/5674 1465/5649 5789/5648
f 4921/4482 5810/5676 5789/5648 338/4483
f 186/5553 5747/5586 5814/5677 5813/5678
f 5747/5586 1455/5590 5811/5679 5814/5677
f 5814/5677 5811/5679 1474/5680 5812/5681
f 5813/5678 5814/5677 5812/5681 1473/5682
f 1455/5590 5755/5598 5817/5683 5811/5679
f 5755/5598 189/5600 5815/5684 5817/5683
f 5817/5683 5815/5684 1472/5685 5816/5686
f 5811/5679 5817/5683 5816/5686 1474/5680
f 1474/5680 5816/5686 5820/5687 5819/5688
f 5816/5686 1472/5685 5818/5689 5820/5687
f 5820/5687 5818/5689 188/4476 4917/4474
f 5819/5688 5820/5687 4917/4474 1242/4470
f 1473/5682 5812/5681 5822/5690 5821/5691
f 5812/5681 1474/5680 5819/5688 5822/5690
f 5822/5690 5819/5688 1242/4470 4913/4468
f 5821/5691 5822/5690 4913/4468 187/4460
f 188/4476 5818/5689 5825/5692 5799/5661
f 5818/5689 1472/5685 5823/5693 5825/5692
f 5825/5692 5823/5693 1476/5694 5824/5695
f 5799/5661 5825/5692 5824/5695 1469/5663
f 1472/5685 5815/5684 5827/5696 5823/5693
f 5815/5684 189/5600 5773/5622 5827/5696
f 5827/5696 5773/5622 1462/5626 5826/5697
f 5823/5693 5827/5696 5826/5697 1476/5694
f 1476/5694 5826/5697 5830/5698 5829/5699
f 5826/5697 1462/5626 5781/5634 5830/5698
f 5830/5698 5781/5634 190/5636 5828/5700
f 5829/5699 5830/5698 5828/5700 1475/5701
f 1469/5663 5824/5695 5832/5702 5803/5667
f 5824/5695 1476/5694 5829/5699 5832/5702
f 5832/5702 5829/5699 1475/5701 5831/5703
f 5803/5667 5832/5702 5831/5703 191/5669
f 339/4444 5833/5704 5836/5705 4901/4452
f 5833/5704 1477/5706 5834/5707 5836/5705
f 5836/5705 5834/5707 1480/5708 5835/5709
f 4901/4452 5836/5705 5835/5709 1239/4454
f 1477/5706 5837/5710 5840/5711 5834/5707
f 5837/5710 329/5712 5838/5713 5840/5711
f 5840/5711 5838/5713 1478/5714 5839/5715
f 5834/5707 5840/5711 5839/5715 1480/5708
f 1480/5708 5839/5715 5844/5716 5843/5717
f 5839/5715 1478/5714 5841/5718 5844/5716
f 5844/5716 5841/5718 176/5719 5842/5720
f 5843/5717 5844/5716 5842/5720 1479/5721
f 1239/4454 5835/5709 5846/5722 4905/4458
f 5835/5709 1480/5708 5843/5717 5846/5722
f 5846/5722 5843/5717 1479/5721 5845/5723
f 4905/4458 5846/5722 5845/5723 187/4460
f 187/4460 5845/5723 5849/5724 5821/5691
f 5845/5723 1479/5721 5847/5725 5849/5724
f 5849/5724 5847/5725 1482/5726 5848/5727
f 5821/5691 5849/5724 5848/5727 1473/5682
f 1479/5721 5842/5720 5852/5728 5847/5725
f 5842/5720 176/5719 5850/5729 5852/5728
f 5852/5728 5850/5729 1481/5730 5851/5731
f 5847/5725 5852/5728 5851/5731 1482/5726
f 1482/5726 5851/5731 5855/5732 5854/5733
f 5851/5731 1481/5730 5853/5734 5855/5732
f 5855/5732 5853/5734 174/5569 5736/5572
f 5854/5733 5855/5732 5736/5572 1452/5577
f 1473/5682 5848/5727 5856/5735 5813/5678
f 5848/5727 1482/5726 5854/5733 5856/5735
f 5856/5735 5854/5733 1452/5577 5743/5584
f 5813/5678 5856/5735 5743/5584 186/5553
f 327/5736 5857/5737 5861/5738 5860/5739
f 5857/5737 1483/5740 5858/5741 5861/5738
f 5861/5738 5858/5741 1485/5742 5859/5743
f 5860/5739 5861/5738 5859/5743 1484/5744
f 1483/5740 5862/5745 5864/5746 5858/5741
f 5862/5745 329/5712 5837/5710 5864/5746
f 5864/5746 5837/5710 1477/5706 5863/5747
f 5858/5741 5864/5746 5863/5747 1485/5742
f 1485/5742 5863/5747 5866/5748 5865/5749
f 5863/5747 1477/5706 5833/5704 5866/5748
f 5866/5748 5833/5704 339/4444 4893/4442
f 5865/5749 5866/5748 4893/4442 1236/4438
f 1484/5744 5859/5743 5868/5750 5867/5751
f 5859/5743 1485/5742 5865/5749 5868/5750
f 5868/5750 5865/5749 1236/4438 4889/4436
f 5867/5751 5868/5750 4889/4436 334/4428
f 334/4428 4881/4426 5871/5752 5867/5751
f 4881/4426 1233/4422 5869/5753 5871/5752
f 5871/5752 5869/5753 1488/5754 5870/5755
f 5867/5751 5871/5752 5870/5755 1484/5744
f 1233/4422 4877/4420 5874/5756 5869/5753
f 4877/4420 340/4419 5872/5757 5874/5756
f 5874/5756 5872/5757 1486/5758 5873/5759
f 5869/5753 5874/5756 5873/5759 1488/5754
f 1488/5754 5873/5759 5878/5760 5877/5761
f 5873/5759 1486/5758 5875/5762 5878/5760
f 5878/5760 5875/5762 326/5763 5876/5764
f 5877/5761 5878/5760 5876/5764 1487/5765
f 1484/5744 5870/5755 5880/5766 5860/5739
f 5870/5755 1488/5754 5877/5761 5880/5766
f 5880/5766 5877/5761 1487/5765 5879/5767
f 5860/5739 5880/5766 5879/5767 327/5736
f 326/5763 5875/5762 5884/5768 5883/5769
f 5875/5762 1486/5758 5881/5770 5884/5768
f 5884/5768 5881/5770 1490/5771 5882/5772
f 5883/5769 5884/5768 5882/5772 1489/5773
f 1486/5758 5872/5757 5886/5774 5881/5770
f 5872/5757 340/4419 4874/4418 5886/5774
f 5886/5774 4874/4418 1230/4415 5885/5775
f 5881/5770 5886/5774 5885/5775 1490/5771
f 1490/5771 5885/5775 5888/5776 5887/5777
f 5885/5775 1230/4415 4871/4414 5888/5776
f 5888/5776 4871/4414 320/4413 3493/5778
f 5887/5777 5888/5776 3493/5778 895/5779
f 1489/5773 5882/5772 5890/5780 5889/5781
f 5882/5772 1490/5771 5887/5777 5890/5780
f 5890/5780 5887/5777 895/5779 3490/5782
f 5889/5781 5890/5780 3490/5782 319/5783
f 319/5783 3499/5784 5893/5785 5889/5781
f 3499/5784 899/5786 5891/5787 5893/5785
f 5893/5785 5891/5787 1493/5788 5892/5789
f 5889/5781 5893/5785 5892/5789 1489/5773
f 899/5786 3509/5790 5896/5791 5891/5787
f 3509/5790 305/5792 5894/5793 5896/5791
f 5896/5791 5894/5793 1491/5794 5895/5795
f 5891/5787 5896/5791 5895/5795 1493/5788
f 1493/5788 5895/5795 5900/5796 5899/5797
f 5895/5795 1491/5794 5897/5798 5900/5796
f 5900/5796 5897/5798 325/5799 5898/5800
f 5899/5797 5900/5796 5898/5800 1492/5801
f 1489/5773 5892/5789 5902/5802 5883/5769
f 5892/5789 1493/5788 5899/5797 5902/5802
f 5902/5802 5899/5797 1492/5801 5901/5803
f 5883/5769 5902/5802 5901/5803 326/5763
f 326/5763 5901/5803 5905/5804 5876/5764
f 5901/5803 1492/5801 5903/5805 5905/5804
f 5905/5804 5903/5805 1496/5806 5904/5807
f 5876/5764 5905/5804 5904/5807 1487/5765
f 1492/5801 5898/5800 5908/5808 5903/5805
f 5898/5800 325/5799 5906/5809 5908/5808
f 5908/5808 5906/5809 1494/5810 5907/5811
f 5903/5805 5908/5808 5907/5811 1496/5806
f 1496/5806 5907/5811 5912/5812 5911/5813
f 5907/5811 1494/5810 5909/5814 5912/5812
f 5912/5812 5909/5814 324/5815 5910/5816
f 5911/5813 5912/5812 5910/5816 1495/5817
f 1487/5765 5904/5807 5914/5818 5879/5767
f 5904/5807 1496/5806 5911/5813 5914/5818
f 5914/5818 5911/5813 1495/5817 5913/5819
f 5879/5767 5914/5818 5913/5819 327/5736
f 327/5736 5913/5819 5917/5820 5857/5737
f 5913/5819 1495/5817 5915/5821 5917/5820
f 5917/5820 5915/5821 1499/5822 5916/5823
f 5857/5737 5917/5820 5916/5823 1483/5740
f 1495/5817 5910/5816 5920/5824 5915/5821
f 5910/5816 324/5815 5918/5825 5920/5824
f 5920/5824 5918/5825 1497/5826 5919/5827
f 5915/5821 5920/5824 5919/5827 1499/5822
f 1499/5822 5919/5827 5924/5828 5923/5829
f 5919/5827 1497/5826 5921/5830 5924/5828
f 5924/5828 5921/5830 328/5831 5922/5832
f 5923/5829 5924/5828 5922/5832 1498/5833
f 1483/5740 5916/5823 5926/5834 5862/5745
f 5916/5823 1499/5822 5923/5829 5926/5834
f 5926/5834 5923/5829 1498/5833 5925/5835
f 5862/5745 5926/5834 5925/5835 329/5712
f 175/5836 5927/5837 5931/5838 5930/5839
f 5927/5837 1500/5840 5928/5841 5931/5838
f 5931/5838 5928/5841 1502/5842 5929/5843
f 5930/5839 5931/5838 5929/5843 1501/5844
f 1500/5840 5932/5845 5934/5846 5928/5841
f 5932/5845 176/5719 5841/5718 5934/5846
f 5934/5846 5841/5718 1478/5714 5933/5847
f 5928/5841 5934/5846 5933/5847 1502/5842
f 1502/5842 5933/5847 5936/5848 5935/5849
f 5933/5847 1478/5714 5838/5713 5936/5848
f 5936/5848 5838/5713 329/5712 5925/5835
f 5935/5849 5936/5848 5925/5835 1498/5833
f 1501/5844 5929/5843 5938/5850 5937/5851
f 5929/5843 1502/5842 5935/5849 5938/5850
f 5938/5850 5935/5849 1498/5833 5922/5832
f 5937/5851 5938/5850 5922/5832 328/5831
f 176/5719 5932/5845 5941/5852 5850/5729
f 5932/5845 1500/5840 5939/5853 5941/5852
f 5941/5852 5939/5853 1505/5854 5940/5855
f 5850/5729 5941/5852 5940/5855 1481/5730
f 1500/5840 5927/5837 5944/5856 5939/5853
f 5927/5837 175/5836 5942/5857 5944/5856
f 5944/5856 5942/5857 1503/5858 5943/5859
f 5939/5853 5944/5856 5943/5859 1505/5854
f 1505/5854 5943/5859 5948/5860 5947/5861
f 5943/5859 1503/5858 5945/5862 5948/5860
f 5948/5860 5945/5862 171/5863 5946/5864
f 5947/5861 5948/5860 5946/5864 1504/5865
f 1481/5730 5940/5855 5950/5866 5853/5734
f 5940/5855 1505/5854 5947/5861 5950/5866
f 5950/5866 5947/5861 1504/5865 5949/5867
f 5853/5734 5950/5866 5949/5867 174/5569
f 115/5198 5694/5522 5954/5868 5953/5869
f 5694/5522 1441/5517 5951/5870 5954/5868
f 5954/5868 5951/5870 1507/5871 5952/5872
f 5953/5869 5954/5868 5952/5872 1506/5873
f 1441/5517 5689/5514 5956/5874 5951/5870
f 5689/5514 177/5513 5738/5578 5956/5874
f 5956/5874 5738/5578 1451/5573 5955/5875
f 5951/5870 5956/5874 5955/5875 1507/5871
f 1507/5871 5955/5875 5958/5876 5957/5877
f 5955/5875 1451/5573 5733/5570 5958/5876
f 5958/5876 5733/5570 174/5569 5949/5867
f 5957/5877 5958/5876 5949/5867 1504/5865
f 1506/5873 5952/5872 5960/5878 5959/5879
f 5952/5872 1507/5871 5957/5877 5960/5878
f 5960/5878 5957/5877 1504/5865 5946/5864
f 5959/5879 5960/5878 5946/5864 171/5863
f 171/5863 5961/5880 5964/5881 5959/5879
f 5961/5880 1508/5882 5962/5883 5964/5881
f 5964/5881 5962/5883 1510/5884 5963/5885
f 5959/5879 5964/5881 5963/5885 1506/5873
f 1508/5882 5965/5886 5968/5887 5962/5883
f 5965/5886 113/5888 5966/5889 5968/5887
f 5968/5887 5966/5889 1509/5890 5967/5891
f 5962/5883 5968/5887 5967/5891 1510/5884
f 1510/5884 5967/5891 5971/5892 5970/5893
f 5967/5891 1509/5890 5969/5894 5971/5892
f 5971/5892 5969/5894 114/5162 5460/5207
f 5970/5893 5971/5892 5460/5207 1381/5202
f 1506/5873 5963/5885 5972/5895 5953/5869
f 5963/5885 1510/5884 5970/5893 5972/5895
f 5972/5895 5970/5893 1381/5202 5455/5199
f 5953/5869 5972/5895 5455/5199 115/5198
f 113/5888 5965/5886 5976/5896 5975/5897
f 5965/5886 1508/5882 5973/5898 5976/5896
f 5976/5896 5973/5898 1513/5899 5974/5900
f 5975/5897 5976/5896 5974/5900 1512/5901
f 1508/5882 5961/5880 5978/5902 5973/5898
f 5961/5880 171/5863 5945/5862 5978/5902
f 5978/5902 5945/5862 1503/5858 5977/5903
f 5973/5898 5978/5902 5977/5903 1513/5899
f 1513/5899 5977/5903 5981/5904 5980/5905
f 5977/5903 1503/5858 5942/5857 5981/5904
f 5981/5904 5942/5857 175/5836 5979/5906
f 5980/5905 5981/5904 5979/5906 1511/5907
f 1512/5901 5974/5900 5984/5908 5983/5909
f 5974/5900 1513/5899 5980/5905 5984/5908
f 5984/5908 5980/5905 1511/5907 5982/5910
f 5983/5909 5984/5908 5982/5910 170/5911
f 328/5831 5985/5912 5988/5913 5937/5851
f 5985/5912 1514/5914 5986/5915 5988/5913
f 5988/5913 5986/5915 1516/5916 5987/5917
f 5937/5851 5988/5913 5987/5917 1501/5844
f 1514/5914 5989/5918 5992/5919 5986/5915
f 5989/5918 173/5920 5990/5921 5992/5919
f 5992/5919 5990/5921 1515/5922 5991/5923
f 5986/5915 5992/5919 5991/5923 1516/5916
f 1516/5916 5991/5923 5995/5924 5994/5925
f 5991/5923 1515/5922 5993/5926 5995/5924
f 5995/5924 5993/5926 170/5911 5982/5910
f 5994/5925 5995/5924 5982/5910 1511/5907
f 1501/5844 5987/5917 5996/5927 5930/5839
f 5987/5917 1516/5916 5994/5925 5996/5927
f 5996/5927 5994/5925 1511/5907 5979/5906
f 5930/5839 5996/5927 5979/5906 175/5836
f 173/5920 5989/5918 6000/5928 5999/5929
f 5989/5918 1514/5914 5997/5930 6000/5928
f 6000/5928 5997/5930 1519/5931 5998/5932
f 5999/5929 6000/5928 5998/5932 1518/5933
f 1514/5914 5985/5912 6002/5934 5997/5930
f 5985/5912 328/5831 5921/5830 6002/5934
f 6002/5934 5921/5830 1497/5826 6001/5935
f 5997/5930 6002/5934 6001/5935 1519/5931
f 1519/5931 6001/5935 6005/5936 6004/5937
f 6001/5935 1497/5826 5918/5825 6005/5936
f 6005/5936 5918/5825 324/5815 6003/5938
f 6004/5937 6005/5936 6003/5938 1517/5939
f 1518/5933 5998/5932 6008/5940 6007/5941
f 5998/5932 1519/5931 6004/5937 6008/5940
f 6008/5940 6004/5937 1517/5939 6006/5942
f 6007/5941 6008/5940 6006/5942 323/5943
f 325/5799 6009/5944 6012/5945 5906/5809
f 6009/5944 1520/5946 6010/5947 6012/5945
f 6012/5945 6010/5947 1522/5948 6011/5949
f 5906/5809 6012/5945 6011/5949 1494/5810
f 1520/5946 6013/5950 6016/5951 6010/5947
f 6013/5950 322/5952 6014/5953 6016/5951
f 6016/5951 6014/5953 1521/5954 6015/5955
f 6010/5947 6016/5951 6015/5955 1522/5948
f 1522/5948 6015/5955 6019/5956 6018/5957
f 6015/5955 1521/5954 6017/5958 6019/5956
f 6019/5956 6017/5958 323/5943 6006/5942
f 6018/5957 6019/5956 6006/5942 1517/5939
f 1494/5810 6011/5949 6020/5959 5909/5814
f 6011/5949 1522/5948 6018/5957 6020/5959
f 6020/5959 6018/5957 1517/5939 6003/5938
f 5909/5814 6020/5959 6003/5938 324/5815
f 305/5792 3631/5960 6023/5961 5894/5793
f 3631/5960 931/5962 6021/5963 6023/5961
f 6023/5961 6021/5963 1524/5964 6022/5965
f 5894/5793 6023/5961 6022/5965 1491/5794
f 931/5962 3639/5966 6026/5967 6021/5963
f 3639/5966 303/5968 6024/5969 6026/5967
f 6026/5967 6024/5969 1523/5970 6025/5971
f 6021/5963 6026/5967 6025/5971 1524/5964
f 1524/5964 6025/5971 6029/5972 6028/5973
f 6025/5971 1523/5970 6027/5974 6029/5972
f 6029/5972 6027/5974 322/5952 6013/5950
f 6028/5973 6029/5972 6013/5950 1520/5946
f 1491/5794 6022/5965 6030/5975 5897/5798
f 6022/5965 1524/5964 6028/5973 6030/5975
f 6030/5975 6028/5973 1520/5946 6009/5944
f 5897/5798 6030/5975 6009/5944 325/5799
f 172/5976 6031/5977 6035/5978 6034/5979
f 6031/5977 1525/5980 6032/5981 6035/5978
f 6035/5978 6032/5981 1527/5982 6033/5983
f 6034/5979 6035/5978 6033/5983 1526/5984
f 1525/5980 6036/5985 6038/5986 6032/5981
f 6036/5985 173/5920 5999/5929 6038/5986
f 6038/5986 5999/5929 1518/5933 6037/5987
f 6032/5981 6038/5986 6037/5987 1527/5982
f 1527/5982 6037/5987 6040/5988 6039/5989
f 6037/5987 1518/5933 6007/5941 6040/5988
f 6040/5988 6007/5941 323/5943 6017/5958
f 6039/5989 6040/5988 6017/5958 1521/5954
f 1526/5984 6033/5983 6042/5990 6041/5991
f 6033/5983 1527/5982 6039/5989 6042/5990
f 6042/5990 6039/5989 1521/5954 6014/5953
f 6041/5991 6042/5990 6014/5953 322/5952
f 86/2763 6043/5992 6046/5993 3653/5994
f 6043/5992 1528/5995 6044/5996 6046/5993
f 6046/5993 6044/5996 1529/5997 6045/5998
f 3653/5994 6046/5993 6045/5998 936/5999
f 1528/5995 6047/6000 6049/6001 6044/5996
f 6047/6000 172/5976 6034/5979 6049/6001
f 6049/6001 6034/5979 1526/5984 6048/6002
f 6044/5996 6049/6001 6048/6002 1529/5997
f 1529/5997 6048/6002 6051/6003 6050/6004
f 6048/6002 1526/5984 6041/5991 6051/6003
f 6051/6003 6041/5991 322/5952 6027/5974
f 6050/6004 6051/6003 6027/5974 1523/5970
f 936/5999 6045/5998 6052/6005 3658/6006
f 6045/5998 1529/5997 6050/6004 6052/6005
f 6052/6005 6050/6004 1523/5970 6024/5969
f 3658/6006 6052/6005 6024/5969 303/5968
f 169/6007 6053/6008 6057/6009 6056/6010
f 6053/6008 1530/6011 6054/6012 6057/6009
f 6057/6009 6054/6012 1532/6013 6055/6014
f 6056/6010 6057/6009 6055/6014 1531/6015
f 1530/6011 6058/6016 6060/6017 6054/6012
f 6058/6016 170/5911 5993/5926 6060/6017
f 6060/6017 5993/5926 1515/5922 6059/6018
f 6054/6012 6060/6017 6059/6018 1532/6013
f 1532/6013 6059/6018 6062/6019 6061/6020
f 6059/6018 1515/5922 5990/5921 6062/6019
f 6062/6019 5990/5921 173/5920 6036/5985
f 6061/6020 6062/6019 6036/5985 1525/5980
f 1531/6015 6055/6014 6064/6021 6063/6022
f 6055/6014 1532/6013 6061/6020 6064/6021
f 6064/6021 6061/6020 1525/5980 6031/5977
f 6063/6022 6064/6021 6031/5977 172/5976
f 112/6023 6065/6024 6069/6025 6068/6026
f 6065/6024 1533/6027 6066/6028 6069/6025
f 6069/6025 6066/6028 1535/6029 6067/6030
f 6068/6026 6069/6025 6067/6030 1534/6031
f 1533/6027 6070/6032 6072/6033 6066/6028
f 6070/6032 113/5888 5975/5897 6072/6033
f 6072/6033 5975/5897 1512/5901 6071/6034
f 6066/6028 6072/6033 6071/6034 1535/6029
f 1535/6029 6071/6034 6074/6035 6073/6036
f 6071/6034 1512/5901 5983/5909 6074/6035
f 6074/6035 5983/5909 170/5911 6058/6016
f 6073/6036 6074/6035 6058/6016 1530/6011
f 1534/6031 6067/6030 6076/6037 6075/6038
f 6067/6030 1535/6029 6073/6036 6076/6037
f 6076/6037 6073/6036 1530/6011 6053/6008
f 6075/6038 6076/6037 6053/6008 169/6007
f 113/5888 6070/6032 6079/6039 5966/5889
f 6070/6032 1533/6027 6077/6040 6079/6039
f 6079/6039 6077/6040 1537/6041 6078/6042
f 5966/5889 6079/6039 6078/6042 1509/5890
f 1533/6027 6065/6024 6082/6043 6077/6040
f 6065/6024 112/6023 6080/6044 6082/6043
f 6082/6043 6080/6044 1536/6045 6081/6046
f 6077/6040 6082/6043 6081/6046 1537/6041
f 1537/6041 6081/6046 6085/6047 6084/6048
f 6081/6046 1536/6045 6083/6049 6085/6047
f 6085/6047 6083/6049 110/5161 5434/5171
f 6084/6048 6085/6047 5434/5171 1374/5166
f 1509/5890 6078/6042 6086/6050 5969/5894
f 6078/6042 1537/6041 6084/6048 6086/6050
f 6086/6050 6084/6048 1374/5166 5429/5163
f 5969/5894 6086/6050 5429/5163 114/5162
f 110/5161 6083/6049 6089/6051 5427/5159
f 6083/6049 1536/6045 6087/6052 6089/6051
f 6089/6051 6087/6052 1539/6053 6088/6054
f 5427/5159 6089/6051 6088/6054 1372/5151
f 1536/6045 6080/6044 6092/6055 6087/6052
f 6080/6044 112/6023 6090/6056 6092/6055
f 6092/6055 6090/6056 1538/6057 6091/6058
f 6087/6052 6092/6055 6091/6058 1539/6053
f 1539/6053 6091/6058 6095/6059 6094/6060
f 6091/6058 1538/6057 6093/6061 6095/6059
f 6095/6059 6093/6061 9/2834 3705/2833
f 6094/6060 6095/6059 3705/2833 947/2829
f 1372/5151 6088/6054 6096/6062 5419/5147
f 6088/6054 1539/6053 6094/6060 6096/6062
f 6096/6062 6094/6060 947/2829 3702/2828
f 5419/5147 6096/6062 3702/2828 6/1913
f 169/6007 6097/6063 6100/6064 6075/6038
f 6097/6063 1540/6065 6098/6066 6100/6064
f 6100/6064 6098/6066 1541/6067 6099/6068
f 6075/6038 6100/6064 6099/6068 1534/6031
f 1540/6065 6101/6069 6103/6070 6098/6066
f 6101/6069 83/2854 3720/2853 6103/6070
f 6103/6070 3720/2853 950/2850 6102/6071
f 6098/6066 6103/6070 6102/6071 1541/6067
f 1541/6067 6102/6071 6105/6072 6104/6073
f 6102/6071 950/2850 3717/2849 6105/6072
f 6105/6072 3717/2849 9/2834 6093/6061
f 6104/6073 6105/6072 6093/6061 1538/6057
f 1534/6031 6099/6068 6106/6074 6068/6026
f 6099/6068 1541/6067 6104/6073 6106/6074
f 6106/6074 6104/6073 1538/6057 6090/6056
f 6068/6026 6106/6074 6090/6056 112/6023
f 83/2854 6101/6069 6109/6075 3723/2855
f 6101/6069 1540/6065 6107/6076 6109/6075
f 6109/6075 6107/6076 1542/6077 6108/6078
f 3723/2855 6109/6075 6108/6078 953/2857
f 1540/6065 6097/6063 6111/6079 6107/6076
f 6097/6063 169/6007 6056/6010 6111/6079
f 6111/6079 6056/6010 1531/6015 6110/6080
f 6107/6076 6111/6079 6110/6080 1542/6077
f 1542/6077 6110/6080 6113/6081 6112/6082
f 6110/6080 1531/6015 6063/6022 6113/6081
f 6113/6081 6063/6022 172/5976 6047/6000
f 6112/6082 6113/6081 6047/6000 1528/5995
f 953/2857 6108/6078 6114/6083 3727/2861
f 6108/6078 1542/6077 6112/6082 6114/6083
f 6114/6083 6112/6082 1528/5995 6043/5992
f 3727/2861 6114/6083 6043/5992 86/2763
f 180/5616 6115/6084 6118/6085 5777/5631
f 6115/6084 1543/6086 6116/6087 6118/6085
f 6118/6085 6116/6087 1544/6088 6117/6089
f 5777/5631 6118/6085 6117/6089 1461/5632
f 1543/6086 6119/6090 6121/6091 6116/6087
f 6119/6090 192/5654 5807/5675 6121/6091
f 6121/6091 5807/5675 1470/5671 6120/6092
f 6116/6087 6121/6091 6120/6092 1544/6088
f 1544/6088 6120/6092 6123/6093 6122/6094
f 6120/6092 1470/5671 5804/5670 6123/6093
f 6123/6093 5804/5670 191/5669 5831/5703
f 6122/6094 6123/6093 5831/5703 1475/5701
f 1461/5632 6117/6089 6124/6095 5780/5635
f 6117/6089 1544/6088 6122/6094 6124/6095
f 6124/6095 6122/6094 1475/5701 5828/5700
f 5780/5635 6124/6095 5828/5700 190/5636
f 192/5654 6119/6090 6127/6096 5793/5655
f 6119/6090 1543/6086 6125/6097 6127/6096
f 6127/6096 6125/6097 1546/6098 6126/6099
f 5793/5655 6127/6096 6126/6099 1466/5656
f 1543/6086 6115/6084 6129/6100 6125/6097
f 6115/6084 180/5616 5765/5615 6129/6100
f 6129/6100 5765/5615 1458/5611 6128/6101
f 6125/6097 6129/6100 6128/6101 1546/6098
f 1546/6098 6128/6101 6132/6102 6131/6103
f 6128/6101 1458/5611 5762/5610 6132/6102
f 6132/6102 5762/5610 196/5609 6130/6104
f 6131/6103 6132/6102 6130/6104 1545/6105
f 1466/5656 6126/6099 6134/6106 5796/5659
f 6126/6099 1546/6098 6131/6103 6134/6106
f 6134/6106 6131/6103 1545/6105 6133/6107
f 5796/5659 6134/6106 6133/6107 197/5660
f 197/5660 6133/6107 6137/6108 5797/5658
f 6133/6107 1545/6105 6135/6109 6137/6108
f 6137/6108 6135/6109 1548/6110 6136/6111
f 5797/5658 6137/6108 6136/6111 1467/5645
f 1545/6105 6130/6104 6139/6112 6135/6109
f 6130/6104 196/5609 5761/5607 6139/6112
f 6139/6112 5761/5607 1457/5603 6138/6113
f 6135/6109 6139/6112 6138/6113 1548/6110
f 1548/6110 6138/6113 6142/6114 6141/6115
f 6138/6113 1457/5603 5757/5601 6142/6114
f 6142/6114 5757/5601 195/5386 6140/6116
f 6141/6115 6142/6114 6140/6116 1547/6117
f 1467/5645 6136/6111 6144/6118 5786/5640
f 6136/6111 1548/6110 6141/6115 6144/6118
f 6144/6118 6141/6115 1547/6117 6143/6119
f 5786/5640 6144/6118 6143/6119 198/5637
f 144/4819 5214/4876 6147/6120 5185/4835
f 5214/4876 1318/4871 6145/6121 6147/6120
f 6147/6120 6145/6121 1550/6122 6146/6123
f 5185/4835 6147/6120 6146/6123 1312/4837
f 1318/4871 5209/4868 6149/6124 6145/6121
f 5209/4868 140/4867 5250/4921 6149/6124
f 6149/6124 5250/4921 1329/4926 6148/6125
f 6145/6121 6149/6124 6148/6125 1550/6122
f 1550/6122 6148/6125 6152/6126 6151/6127
f 6148/6125 1329/4926 5257/4933 6152/6126
f 6152/6126 5257/4933 143/4918 6150/6128
f 6151/6127 6152/6126 6150/6128 1549/6129
f 1312/4837 6146/6123 6154/6130 5189/4841
f 6146/6123 1550/6122 6151/6127 6154/6130
f 6154/6130 6151/6127 1549/6129 6153/6131
f 5189/4841 6154/6130 6153/6131 142/4843
f 181/4496 4931/4494 6157/6132 5589/5378
f 4931/4494 1246/4490 6155/6133 6157/6132
f 6157/6132 6155/6133 1552/6134 6156/6135
f 5589/5378 6157/6132 6156/6135 1415/5380
f 1246/4490 4927/4488 6160/6136 6155/6133
f 4927/4488 183/4316 6158/6137 6160/6136
f 6160/6136 6158/6137 1551/6138 6159/6139
f 6155/6133 6160/6136 6159/6139 1552/6134
f 1552/6134 6159/6139 6163/6140 6162/6141
f 6159/6139 1551/6138 6161/6142 6163/6140
f 6163/6140 6161/6142 198/5637 6143/6119
f 6162/6141 6163/6140 6143/6119 1547/6117
f 1415/5380 6156/6135 6164/6143 5593/5384
f 6156/6135 1552/6134 6162/6141 6164/6143
f 6164/6143 6162/6141 1547/6117 6140/6116
f 5593/5384 6164/6143 6140/6116 195/5386
f 183/4316 4841/4367 6167/6144 6158/6137
f 4841/4367 1223/4365 6165/6145 6167/6144
f 6167/6144 6165/6145 1553/6146 6166/6147
f 6158/6137 6167/6144 6166/6147 1551/6138
f 1223/4365 4838/4364 6169/6148 6165/6145
f 4838/4364 330/4363 4925/4487 6169/6148
f 6169/6148 4925/4487 1244/4485 6168/6149
f 6165/6145 6169/6148 6168/6149 1553/6146
f 1553/6146 6168/6149 6171/6150 6170/6151
f 6168/6149 1244/4485 4922/4484 6171/6150
f 6171/6150 4922/4484 338/4483 5788/5646
f 6170/6151 6171/6150 5788/5646 1464/5641
f 1551/6138 6166/6147 6172/6152 6161/6142
f 6166/6147 1553/6146 6170/6151 6172/6152
f 6172/6152 6170/6151 1464/5641 5783/5638
f 6161/6142 6172/6152 5783/5638 198/5637
f 51/4895 5227/4893 6175/6153 5241/4913
f 5227/4893 1322/4889 6173/6154 6175/6153
f 6175/6153 6173/6154 1554/6155 6174/6156
f 5241/4913 6175/6153 6174/6156 1325/4914
f 1322/4889 5223/4887 6177/6157 6173/6154
f 5223/4887 149/4811 5193/4849 6177/6157
f 6177/6157 5193/4849 1313/4845 6176/6158
f 6173/6154 6177/6157 6176/6158 1554/6155
f 1554/6155 6176/6158 6179/6159 6178/6160
f 6176/6158 1313/4845 5190/4844 6179/6159
f 6179/6159 5190/4844 142/4843 6153/6131
f 6178/6160 6179/6159 6153/6131 1549/6129
f 1325/4914 6174/6156 6180/6161 5244/4917
f 6174/6156 1554/6155 6178/6160 6180/6161
f 6180/6161 6178/6160 1549/6129 6150/6128
f 5244/4917 6180/6161 6150/6128 143/4918
f 208/2945 3802/2948 6184/6162 6183/6163
f 3802/2948 969/2953 6181/6164 6184/6162
f 6184/6162 6181/6164 1557/6165 6182/6166
f 6183/6163 6184/6162 6182/6166 1556/6167
f 969/2953 3811/2964 6186/6168 6181/6164
f 3811/2964 212/1383 5057/4666 6186/6168
f 6186/6168 5057/4666 1278/4662 6185/6169
f 6181/6164 6186/6168 6185/6169 1557/6165
f 1557/6165 6185/6169 6189/6170 6188/6171
f 6185/6169 1278/4662 5054/4661 6189/6170
f 6189/6170 5054/4661 260/4660 6187/6172
f 6188/6171 6189/6170 6187/6172 1555/6173
f 1556/6167 6182/6166 6192/6174 6191/6175
f 6182/6166 1557/6165 6188/6171 6192/6174
f 6192/6174 6188/6171 1555/6173 6190/6176
f 6191/6175 6192/6174 6190/6176 256/6177
f 256/6177 6193/6178 6196/6179 6191/6175
f 6193/6178 1558/6180 6194/6181 6196/6179
f 6196/6179 6194/6181 1560/6182 6195/6183
f 6191/6175 6196/6179 6195/6183 1556/6167
f 1558/6180 6197/6184 6200/6185 6194/6181
f 6197/6184 257/6186 6198/6187 6200/6185
f 6200/6185 6198/6187 1559/6188 6199/6189
f 6194/6181 6200/6185 6199/6189 1560/6182
f 1560/6182 6199/6189 6203/6190 6202/6191
f 6199/6189 1559/6188 6201/6192 6203/6190
f 6203/6190 6201/6192 209/2978 3820/2977
f 6202/6191 6203/6190 3820/2977 971/2973
f 1556/6167 6195/6183 6204/6193 6183/6163
f 6195/6183 1560/6182 6202/6191 6204/6193
f 6204/6193 6202/6191 971/2973 3817/2972
f 6183/6163 6204/6193 3817/2972 208/2945
f 256/6177 6190/6176 6208/6194 6207/6195
f 6190/6176 1555/6173 6205/6196 6208/6194
f 6208/6194 6205/6196 1563/6197 6206/6198
f 6207/6195 6208/6194 6206/6198 1562/6199
f 1555/6173 6187/6172 6210/6200 6205/6196
f 6187/6172 260/4660 5069/4682 6210/6200
f 6210/6200 5069/4682 1281/4678 6209/6201
f 6205/6196 6210/6200 6209/6201 1563/6197
f 1563/6197 6209/6201 6213/6202 6212/6203
f 6209/6201 1281/4678 5066/4677 6213/6202
f 6213/6202 5066/4677 262/4676 6211/6204
f 6212/6203 6213/6202 6211/6204 1561/6205
f 1562/6199 6206/6198 6216/6206 6215/6207
f 6206/6198 1563/6197 6212/6203 6216/6206
f 6216/6206 6212/6203 1561/6205 6214/6208
f 6215/6207 6216/6206 6214/6208 264/6209
f 257/6186 6197/6184 6220/6210 6219/6211
f 6197/6184 1558/6180 6217/6212 6220/6210
f 6220/6210 6217/6212 1566/6213 6218/6214
f 6219/6211 6220/6210 6218/6214 1565/6215
f 1558/6180 6193/6178 6222/6216 6217/6212
f 6193/6178 256/6177 6207/6195 6222/6216
f 6222/6216 6207/6195 1562/6199 6221/6217
f 6217/6212 6222/6216 6221/6217 1566/6213
f 1566/6213 6221/6217 6225/6218 6224/6219
f 6221/6217 1562/6199 6215/6207 6225/6218
f 6225/6218 6215/6207 264/6209 6223/6220
f 6224/6219 6225/6218 6223/6220 1564/6221
f 1565/6215 6218/6214 6228/6222 6227/6223
f 6218/6214 1566/6213 6224/6219 6228/6222
f 6228/6222 6224/6219 1564/6221 6226/6224
f 6227/6223 6228/6222 6226/6224 261/6225
f 258/6226 6229/6227 6233/6228 6232/6229
f 6229/6227 1567/6230 6230/6231 6233/6228
f 6233/6228 6230/6231 1569/6232 6231/6233
f 6232/6229 6233/6228 6231/6233 1568/6234
f 1567/6230 6234/6235 6236/6236 6230/6231
f 6234/6235 151/4779 5159/4802 6236/6236
f 6236/6236 5159/4802 1304/4800 6235/6237
f 6230/6231 6236/6236 6235/6237 1569/6232
f 1569/6232 6235/6237 6238/6238 6237/6239
f 6235/6237 1304/4800 5156/4799 6238/6238
f 6238/6238 5156/4799 55/1523 3860/3034
f 6237/6239 6238/6238 3860/3034 982/3030
f 1568/6234 6231/6233 6240/6240 6239/6241
f 6231/6233 1569/6232 6237/6239 6240/6240
f 6240/6240 6237/6239 982/3030 3857/3029
f 6239/6241 6240/6240 3857/3029 210/3028
f 210/3028 3867/3038 6243/6242 6239/6241
f 3867/3038 986/3042 6241/6243 6243/6242
f 6243/6242 6241/6243 1571/6244 6242/6245
f 6239/6241 6243/6242 6242/6245 1568/6234
f 986/3042 3875/3051 6245/6246 6241/6243
f 3875/3051 209/2978 6201/6192 6245/6246
f 6245/6246 6201/6192 1559/6188 6244/6247
f 6241/6243 6245/6246 6244/6247 1571/6244
f 1571/6244 6244/6247 6248/6248 6247/6249
f 6244/6247 1559/6188 6198/6187 6248/6248
f 6248/6248 6198/6187 257/6186 6246/6250
f 6247/6249 6248/6248 6246/6250 1570/6251
f 1568/6234 6242/6245 6250/6252 6232/6229
f 6242/6245 1571/6244 6247/6249 6250/6252
f 6250/6252 6247/6249 1570/6251 6249/6253
f 6232/6229 6250/6252 6249/6253 258/6226
f 259/6254 6251/6255 6255/6256 6254/6257
f 6251/6255 1572/6258 6252/6259 6255/6256
f 6255/6256 6252/6259 1574/6260 6253/6261
f 6254/6257 6255/6256 6253/6261 1573/6262
f 1572/6258 6256/6263 6258/6264 6252/6259
f 6256/6263 263/4763 5144/4785 6258/6264
f 6258/6264 5144/4785 1300/4781 6257/6265
f 6252/6259 6258/6264 6257/6265 1574/6260
f 1574/6260 6257/6265 6260/6266 6259/6267
f 6257/6265 1300/4781 5141/4780 6260/6266
f 6260/6266 5141/4780 151/4779 6234/6235
f 6259/6267 6260/6266 6234/6235 1567/6230
f 1573/6262 6253/6261 6262/6268 6261/6269
f 6253/6261 1574/6260 6259/6267 6262/6268
f 6262/6268 6259/6267 1567/6230 6229/6227
f 6261/6269 6262/6268 6229/6227 258/6226
f 258/6226 6249/6253 6265/6270 6261/6269
f 6249/6253 1570/6251 6263/6271 6265/6270
f 6265/6270 6263/6271 1576/6272 6264/6273
f 6261/6269 6265/6270 6264/6273 1573/6262
f 1570/6251 6246/6250 6267/6274 6263/6271
f 6246/6250 257/6186 6219/6211 6267/6274
f 6267/6274 6219/6211 1565/6215 6266/6275
f 6263/6271 6267/6274 6266/6275 1576/6272
f 1576/6272 6266/6275 6270/6276 6269/6277
f 6266/6275 1565/6215 6227/6223 6270/6276
f 6270/6276 6227/6223 261/6225 6268/6278
f 6269/6277 6270/6276 6268/6278 1575/6279
f 1573/6262 6264/6273 6272/6280 6254/6257
f 6264/6273 1576/6272 6269/6277 6272/6280
f 6272/6280 6269/6277 1575/6279 6271/6281
f 6254/6257 6272/6280 6271/6281 259/6254
f 265/6282 6273/6283 6277/6284 6276/6285
f 6273/6283 1577/6286 6274/6287 6277/6284
f 6277/6284 6274/6287 1579/6288 6275/6289
f 6276/6285 6277/6284 6275/6289 1578/6290
f 1577/6286 6278/6291 6280/6292 6274/6287
f 6278/6291 268/4699 5133/4767 6280/6292
f 6280/6292 5133/4767 1297/4765 6279/6293
f 6274/6287 6280/6292 6279/6293 1579/6288
f 1579/6288 6279/6293 6282/6294 6281/6295
f 6279/6293 1297/4765 5130/4764 6282/6294
f 6282/6294 5130/4764 263/4763 6256/6263
f 6281/6295 6282/6294 6256/6263 1572/6258
f 1578/6290 6275/6289 6284/6296 6283/6297
f 6275/6289 1579/6288 6281/6295 6284/6296
f 6284/6296 6281/6295 1572/6258 6251/6255
f 6283/6297 6284/6296 6251/6255 259/6254
f 264/6209 6214/6208 6288/6298 6287/6299
f 6214/6208 1561/6205 6285/6300 6288/6298
f 6288/6298 6285/6300 1581/6301 6286/6302
f 6287/6299 6288/6298 6286/6302 1580/6303
f 1561/6205 6211/6204 6290/6304 6285/6300
f 6211/6204 262/4676 5085/4703 6290/6304
f 6290/6304 5085/4703 1285/4701 6289/6305
f 6285/6300 6290/6304 6289/6305 1581/6301
f 1581/6301 6289/6305 6292/6306 6291/6307
f 6289/6305 1285/4701 5082/4700 6292/6306
f 6292/6306 5082/4700 268/4699 6278/6291
f 6291/6307 6292/6306 6278/6291 1577/6286
f 1580/6303 6286/6302 6294/6308 6293/6309
f 6286/6302 1581/6301 6291/6307 6294/6308
f 6294/6308 6291/6307 1577/6286 6273/6283
f 6293/6309 6294/6308 6273/6283 265/6282
f 259/6254 6271/6281 6297/6310 6283/6297
f 6271/6281 1575/6279 6295/6311 6297/6310
f 6297/6310 6295/6311 1582/6312 6296/6313
f 6283/6297 6297/6310 6296/6313 1578/6290
f 1575/6279 6268/6278 6299/6314 6295/6311
f 6268/6278 261/6225 6226/6224 6299/6314
f 6299/6314 6226/6224 1564/6221 6298/6315
f 6295/6311 6299/6314 6298/6315 1582/6312
f 1582/6312 6298/6315 6301/6316 6300/6317
f 6298/6315 1564/6221 6223/6220 6301/6316
f 6301/6316 6223/6220 264/6209 6287/6299
f 6300/6317 6301/6316 6287/6299 1580/6303
f 1578/6290 6296/6313 6302/6318 6276/6285
f 6296/6313 1582/6312 6300/6317 6302/6318
f 6302/6318 6300/6317 1580/6303 6293/6309
f 6276/6285 6302/6318 6293/6309 265/6282
f 128/6319 6303/6320 6307/6321 6306/6322
f 6303/6320 1583/6323 6304/6324 6307/6321
f 6307/6321 6304/6324 1586/6325 6305/6326
f 6306/6322 6307/6321 6305/6326 1585/6327
f 1583/6323 6308/6328 6310/6329 6304/6324
f 6308/6328 118/5093 5376/5092 6310/6329
f 6310/6329 5376/5092 1358/5089 6309/6330
f 6304/6324 6310/6329 6309/6330 1586/6325
f 1586/6325 6309/6330 6313/6331 6312/6332
f 6309/6330 1358/5089 5373/5088 6313/6331
f 6313/6331 5373/5088 123/5061 6311/6333
f 6312/6332 6313/6331 6311/6333 1584/6334
f 1585/6327 6305/6326 6316/6335 6315/6336
f 6305/6326 1586/6325 6312/6332 6316/6335
f 6316/6335 6312/6332 1584/6334 6314/6337
f 6315/6336 6316/6335 6314/6337 125/6338
f 125/6338 6317/6339 6321/6340 6320/6341
f 6317/6339 1587/6342 6318/6343 6321/6340
f 6321/6340 6318/6343 1590/6344 6319/6345
f 6320/6341 6321/6340 6319/6345 1589/6346
f 1587/6342 6322/6347 6324/6348 6318/6343
f 6322/6347 126/4994 5329/5029 6324/6348
f 6324/6348 5329/5029 1347/5027 6323/6349
f 6318/6343 6324/6348 6323/6349 1590/6344
f 1590/6344 6323/6349 6327/6350 6326/6351
f 6323/6349 1347/5027 5326/5026 6327/6350
f 6327/6350 5326/5026 133/5025 6325/6352
f 6326/6351 6327/6350 6325/6352 1588/6353
f 1589/6346 6319/6345 6330/6354 6329/6355
f 6319/6345 1590/6344 6326/6351 6330/6354
f 6330/6354 6326/6351 1588/6353 6328/6356
f 6329/6355 6330/6354 6328/6356 127/6357
f 127/6357 6328/6356 6334/6358 6333/6359
f 6328/6356 1588/6353 6331/6360 6334/6358
f 6334/6358 6331/6360 1593/6361 6332/6362
f 6333/6359 6334/6358 6332/6362 1592/6363
f 1588/6353 6325/6352 6336/6364 6331/6360
f 6325/6352 133/5025 5491/5249 6336/6364
f 6336/6364 5491/5249 1389/5247 6335/6365
f 6331/6360 6336/6364 6335/6365 1593/6361
f 1593/6361 6335/6365 6339/6366 6338/6367
f 6335/6365 1389/5247 5488/5246 6339/6366
f 6339/6366 5488/5246 134/5245 6337/6368
f 6338/6367 6339/6366 6337/6368 1591/6369
f 1592/6363 6332/6362 6342/6370 6341/6371
f 6332/6362 1593/6361 6338/6367 6342/6370
f 6342/6370 6338/6367 1591/6369 6340/6372
f 6341/6371 6342/6370 6340/6372 135/6373
f 135/6373 6340/6372 6346/6374 6345/6375
f 6340/6372 1591/6369 6343/6376 6346/6374
f 6346/6374 6343/6376 1596/6377 6344/6378
f 6345/6375 6346/6374 6344/6378 1595/6379
f 1591/6369 6337/6368 6348/6380 6343/6376
f 6337/6368 134/5245 5559/5340 6348/6380
f 6348/6380 5559/5340 1406/5336 6347/6381
f 6343/6376 6348/6380 6347/6381 1596/6377
f 1596/6377 6347/6381 6351/6382 6350/6383
f 6347/6381 1406/5336 5556/5335 6351/6382
f 6351/6382 5556/5335 158/5334 6349/6384
f 6350/6383 6351/6382 6349/6384 1594/6385
f 1595/6379 6344/6378 6354/6386 6353/6387
f 6344/6378 1596/6377 6350/6383 6354/6386
f 6354/6386 6350/6383 1594/6385 6352/6388
f 6353/6387 6354/6386 6352/6388 138/6389
f 138/6389 6352/6388 6358/6390 6357/6391
f 6352/6388 1594/6385 6355/6392 6358/6390
f 6358/6390 6355/6392 1599/6393 6356/6394
f 6357/6391 6358/6390 6356/6394 1598/6395
f 1594/6385 6349/6384 6360/6396 6355/6392
f 6349/6384 158/5334 5571/5356 6360/6396
f 6360/6396 5571/5356 1409/5352 6359/6397
f 6355/6392 6360/6396 6359/6397 1599/6393
f 1599/6393 6359/6397 6363/6398 6362/6399
f 6359/6397 1409/5352 5568/5351 6363/6398
f 6363/6398 5568/5351 159/5350 6361/6400
f 6362/6399 6363/6398 6361/6400 1597/6401
f 1598/6395 6356/6394 6366/6402 6365/6403
f 6356/6394 1599/6393 6362/6399 6366/6402
f 6366/6402 6362/6399 1597/6401 6364/6404
f 6365/6403 6366/6402 6364/6404 156/6405
f 139/6406 6367/6407 6371/6408 6370/6409
f 6367/6407 1600/6410 6368/6411 6371/6408
f 6371/6408 6368/6411 1603/6412 6369/6413
f 6370/6409 6371/6408 6369/6413 1602/6414
f 1600/6410 6372/6415 6374/6416 6368/6411
f 6372/6415 136/5229 5476/5228 6374/6416
f 6374/6416 5476/5228 1384/5225 6373/6417
f 6368/6411 6374/6416 6373/6417 1603/6412
f 1603/6412 6373/6417 6377/6418 6376/6419
f 6373/6417 1384/5225 5473/5224 6377/6418
f 6377/6418 5473/5224 119/5141 6375/6420
f 6376/6419 6377/6418 6375/6420 1601/6421
f 1602/6414 6369/6413 6380/6422 6379/6423
f 6369/6413 1603/6412 6376/6419 6380/6422
f 6380/6422 6376/6419 1601/6421 6378/6424
f 6379/6423 6380/6422 6378/6424 130/6425
f 156/6405 6381/6426 6385/6427 6384/6428
f 6381/6426 1604/6429 6382/6430 6385/6427
f 6385/6427 6382/6430 1606/6431 6383/6432
f 6384/6428 6385/6427 6383/6432 1605/6433
f 1604/6429 6386/6434 6388/6435 6382/6430
f 6386/6434 157/5481 5662/5480 6388/6435
f 6388/6435 5662/5480 1432/5477 6387/6436
f 6382/6430 6388/6435 6387/6436 1606/6431
f 1606/6431 6387/6436 6390/6437 6389/6438
f 6387/6436 1432/5477 5659/5476 6390/6437
f 6390/6437 5659/5476 136/5229 6372/6415
f 6389/6438 6390/6437 6372/6415 1600/6410
f 1605/6433 6383/6432 6392/6439 6391/6440
f 6383/6432 1606/6431 6389/6438 6392/6439
f 6392/6439 6389/6438 1600/6410 6367/6407
f 6391/6440 6392/6439 6367/6407 139/6406
f 130/6425 6378/6424 6396/6441 6395/6442
f 6378/6424 1601/6421 6393/6443 6396/6441
f 6396/6441 6393/6443 1608/6444 6394/6445
f 6395/6442 6396/6441 6394/6445 1607/6446
f 1601/6421 6375/6420 6398/6447 6393/6443
f 6375/6420 119/5141 5411/5140 6398/6447
f 6398/6447 5411/5140 1368/5136 6397/6448
f 6393/6443 6398/6447 6397/6448 1608/6444
f 1608/6444 6397/6448 6400/6449 6399/6450
f 6397/6448 1368/5136 5408/5135 6400/6449
f 6400/6449 5408/5135 118/5093 6308/6328
f 6399/6450 6400/6449 6308/6328 1583/6323
f 1607/6446 6394/6445 6402/6451 6401/6452
f 6394/6445 1608/6444 6399/6450 6402/6451
f 6402/6451 6399/6450 1583/6323 6303/6320
f 6401/6452 6402/6451 6303/6320 128/6319
f 124/5005 5310/5003 6405/6453 5349/5056
f 5310/5003 1342/4998 6403/6454 6405/6453
f 6405/6453 6403/6454 1609/6455 6404/6456
f 5349/5056 6405/6453 6404/6456 1352/5057
f 1342/4998 5305/4995 6407/6457 6403/6454
f 5305/4995 126/4994 6322/6347 6407/6457
f 6407/6457 6322/6347 1587/6342 6406/6458
f 6403/6454 6407/6457 6406/6458 1609/6455
f 1609/6455 6406/6458 6409/6459 6408/6460
f 6406/6458 1587/6342 6317/6339 6409/6459
f 6409/6459 6317/6339 125/6338 6314/6337
f 6408/6460 6409/6459 6314/6337 1584/6334
f 1352/5057 6404/6456 6410/6461 5352/5060
f 6404/6456 1609/6455 6408/6460 6410/6461
f 6410/6461 6408/6460 1584/6334 6311/6333
f 5352/5060 6410/6461 6311/6333 123/5061
f 156/6405 6364/6404 6413/6462 6381/6426
f 6364/6404 1597/6401 6411/6463 6413/6462
f 6413/6462 6411/6463 1610/6464 6412/6465
f 6381/6426 6413/6462 6412/6465 1604/6429
f 1597/6401 6361/6400 6415/6466 6411/6463
f 6361/6400 159/5350 5647/5460 6415/6466
f 6415/6466 5647/5460 1429/5456 6414/6467
f 6411/6463 6415/6466 6414/6467 1610/6464
f 1610/6464 6414/6467 6417/6468 6416/6469
f 6414/6467 1429/5456 5644/5455 6417/6468
f 6417/6468 5644/5455 160/5454 5675/5496
f 6416/6469 6417/6468 5675/5496 1436/5494
f 1604/6429 6412/6465 6418/6470 6386/6434
f 6412/6465 1610/6464 6416/6469 6418/6470
f 6418/6470 6416/6469 1436/5494 5672/5493
f 6386/6434 6418/6470 5672/5493 157/5481
g Group25369
f 131/6471 6419/6472 6423/6473 6422/6474
f 6419/6472 1611/6475 6420/6476 6423/6473
f 6423/6473 6420/6476 1614/6477 6421/6478
f 6422/6474 6423/6473 6421/6478 1613/6479
f 1611/6475 6424/6480 6426/6481 6420/6476
f 6424/6480 130/6425 6395/6442 6426/6481
f 6426/6481 6395/6442 1607/6446 6425/6482
f 6420/6476 6426/6481 6425/6482 1614/6477
f 1614/6477 6425/6482 6429/6483 6428/6484
f 6425/6482 1607/6446 6401/6452 6429/6483
f 6429/6483 6401/6452 128/6319 6427/6485
f 6428/6484 6429/6483 6427/6485 1612/6486
f 1613/6479 6421/6478 6432/6487 6431/6488
f 6421/6478 1614/6477 6428/6484 6432/6487
f 6432/6487 6428/6484 1612/6486 6430/6489
f 6431/6488 6432/6487 6430/6489 129/6490
f 132/6491 6433/6492 6437/6493 6436/6494
f 6433/6492 1615/6495 6434/6496 6437/6493
f 6437/6493 6434/6496 1617/6497 6435/6498
f 6436/6494 6437/6493 6435/6498 1616/6499
f 1615/6495 6438/6500 6440/6501 6434/6496
f 6438/6500 139/6406 6370/6409 6440/6501
f 6440/6501 6370/6409 1602/6414 6439/6502
f 6434/6496 6440/6501 6439/6502 1617/6497
f 1617/6497 6439/6502 6442/6503 6441/6504
f 6439/6502 1602/6414 6379/6423 6442/6503
f 6442/6503 6379/6423 130/6425 6424/6480
f 6441/6504 6442/6503 6424/6480 1611/6475
f 1616/6499 6435/6498 6444/6505 6443/6506
f 6435/6498 1617/6497 6441/6504 6444/6505
f 6444/6505 6441/6504 1611/6475 6419/6472
f 6443/6506 6444/6505 6419/6472 131/6471
f 131/6471 6445/6507 6448/6508 6443/6506
f 6445/6507 1618/6509 6446/6510 6448/6508
f 6448/6508 6446/6510 1620/6511 6447/6512
f 6443/6506 6448/6508 6447/6512 1616/6499
f 1618/6509 6449/6513 6451/6514 6446/6510
f 6449/6513 135/6373 6345/6375 6451/6514
f 6451/6514 6345/6375 1595/6379 6450/6515
f 6446/6510 6451/6514 6450/6515 1620/6511
f 1620/6511 6450/6515 6454/6516 6453/6517
f 6450/6515 1595/6379 6353/6387 6454/6516
f 6454/6516 6353/6387 138/6389 6452/6518
f 6453/6517 6454/6516 6452/6518 1619/6519
f 1616/6499 6447/6512 6456/6520 6436/6494
f 6447/6512 1620/6511 6453/6517 6456/6520
f 6456/6520 6453/6517 1619/6519 6455/6521
f 6436/6494 6456/6520 6455/6521 132/6491
f 129/6490 6457/6522 6460/6523 6431/6488
f 6457/6522 1621/6524 6458/6525 6460/6523
f 6460/6523 6458/6525 1622/6526 6459/6527
f 6431/6488 6460/6523 6459/6527 1613/6479
f 1621/6524 6461/6528 6463/6529 6458/6525
f 6461/6528 127/6357 6333/6359 6463/6529
f 6463/6529 6333/6359 1592/6363 6462/6530
f 6458/6525 6463/6529 6462/6530 1622/6526
f 1622/6526 6462/6530 6465/6531 6464/6532
f 6462/6530 1592/6363 6341/6371 6465/6531
f 6465/6531 6341/6371 135/6373 6449/6513
f 6464/6532 6465/6531 6449/6513 1618/6509
f 1613/6479 6459/6527 6466/6533 6422/6474
f 6459/6527 1622/6526 6464/6532 6466/6533
f 6466/6533 6464/6532 1618/6509 6445/6507
f 6422/6474 6466/6533 6445/6507 131/6471
f 139/6406 6438/6500 6469/6534 6391/6440
f 6438/6500 1615/6495 6467/6535 6469/6534
f 6469/6534 6467/6535 1623/6536 6468/6537
f 6391/6440 6469/6534 6468/6537 1605/6433
f 1615/6495 6433/6492 6471/6538 6467/6535
f 6433/6492 132/6491 6455/6521 6471/6538
f 6471/6538 6455/6521 1619/6519 6470/6539
f 6467/6535 6471/6538 6470/6539 1623/6536
f 1623/6536 6470/6539 6473/6540 6472/6541
f 6470/6539 1619/6519 6452/6518 6473/6540
f 6473/6540 6452/6518 138/6389 6357/6391
f 6472/6541 6473/6540 6357/6391 1598/6395
f 1605/6433 6468/6537 6474/6542 6384/6428
f 6468/6537 1623/6536 6472/6541 6474/6542
f 6474/6542 6472/6541 1598/6395 6365/6403
f 6384/6428 6474/6542 6365/6403 156/6405
f 127/6357 6461/6528 6477/6543 6329/6355
f 6461/6528 1621/6524 6475/6544 6477/6543
f 6477/6543 6475/6544 1624/6545 6476/6546
f 6329/6355 6477/6543 6476/6546 1589/6346
f 1621/6524 6457/6522 6479/6547 6475/6544
f 6457/6522 129/6490 6430/6489 6479/6547
f 6479/6547 6430/6489 1612/6486 6478/6548
f 6475/6544 6479/6547 6478/6548 1624/6545
f 1624/6545 6478/6548 6481/6549 6480/6550
f 6478/6548 1612/6486 6427/6485 6481/6549
f 6481/6549 6427/6485 128/6319 6306/6322
f 6480/6550 6481/6549 6306/6322 1585/6327
f 1589/6346 6476/6546 6482/6551 6320/6341
f 6476/6546 1624/6545 6480/6550 6482/6551
f 6482/6551 6480/6550 1585/6327 6315/6336
f 6320/6341 6482/6551 6315/6336 125/6338
f 30/3147 3948/3145 6485/6552 4091/3331
f 3948/3145 1003/3140 6483/6553 6485/6552
f 6485/6552 6483/6553 1625/6554 6484/6555
f 4091/3331 6485/6552 6484/6555 1037/3325
f 1003/3140 3943/3137 6487/6556 6483/6553
f 3943/3137 35/3128 3934/3126 6487/6556
f 6487/6556 3934/3126 999/3121 6486/6557
f 6483/6553 6487/6556 6486/6557 1625/6554
f 1625/6554 6486/6557 6489/6558 6488/6559
f 6486/6557 999/3121 3929/3118 6489/6558
f 6489/6558 3929/3118 31/3117 4054/3286
f 6488/6559 6489/6558 4054/3286 1028/3282
f 1037/3325 6484/6555 6490/6560 4085/3321
f 6484/6555 1625/6554 6488/6559 6490/6560
f 6490/6560 6488/6559 1028/3282 4051/3281
f 4085/3321 6490/6560 4051/3281 32/3280
f 19/3204 4012/3232 6493/6561 4069/3304
f 4012/3232 1020/3227 6491/6562 6493/6561
f 6493/6561 6491/6562 1626/6563 6492/6564
f 4069/3304 6493/6561 6492/6564 1032/3297
f 1020/3227 4007/3224 6495/6565 6491/6562
f 4007/3224 72/3196 3985/3194 6495/6565
f 6495/6565 3985/3194 1013/3190 6494/6566
f 6491/6562 6495/6565 6494/6566 1626/6563
f 1626/6563 6494/6566 6497/6567 6496/6568
f 6494/6566 1013/3190 3981/3188 6497/6567
f 6497/6567 3981/3188 18/3180 4078/3317
f 6496/6568 6497/6567 4078/3317 1034/3313
f 1032/3297 6492/6564 6498/6569 4062/3292
f 6492/6564 1626/6563 6496/6568 6498/6569
f 6498/6569 6496/6568 1034/3313 4075/3312
f 4062/3292 6498/6569 4075/3312 22/3289

 